request_id,request_time,origin_zone,destination_zone
r0000001,17,cz1,cz1
r0000002,51,cz1,cz1
r0000003,86,cz1,cz1
r0000004,121,cz1,cz1
r0000005,155,cz1,cz1
r0000006,190,cz1,cz1
r0000007,225,cz1,cz1
r0000008,259,cz1,cz1
r0000009,294,cz1,cz2
r0000010,328,cz1,cz2
r0000011,363,cz1,cz2
r0000012,398,cz1,cz2
r0000013,432,cz1,cz2
r0000014,467,cz1,cz2
r0000015,501,cz1,cz3
r0000016,536,cz1,cz3
r0000017,571,cz1,cz3
r0000018,605,cz1,cz3
r0000019,640,cz1,cz3
r0000020,675,cz1,cz3
r0000021,709,cz1,cz3
r0000022,744,cz1,cz3
r0000023,778,cz1,cz3
r0000024,813,cz1,cz4
r0000025,848,cz1,cz4
r0000026,882,cz1,cz4
r0000027,917,cz1,cz4
r0000028,951,cz1,cz4
r0000029,986,cz1,cz4
r0000030,1021,cz2,cz1
r0000031,1055,cz2,cz1
r0000032,1090,cz2,cz1
r0000033,1125,cz2,cz1
r0000034,1159,cz2,cz1
r0000035,1194,cz2,cz1
r0000036,1228,cz2,cz1
r0000037,1263,cz2,cz2
r0000038,1298,cz2,cz2
r0000039,1332,cz2,cz2
r0000040,1367,cz2,cz2
r0000041,1401,cz2,cz2
r0000042,1436,cz2,cz2
r0000043,1471,cz2,cz3
r0000044,1505,cz2,cz3
r0000045,1540,cz2,cz3
r0000046,1575,cz2,cz3
r0000047,1609,cz2,cz3
r0000048,1644,cz2,cz3
r0000049,1678,cz2,cz4
r0000050,1713,cz2,cz4
r0000051,1748,cz2,cz4
r0000052,1782,cz2,cz4
r0000053,1817,cz2,cz4
r0000054,1851,cz3,cz1
r0000055,1886,cz3,cz1
r0000056,1921,cz3,cz1
r0000057,1955,cz3,cz1
r0000058,1990,cz3,cz1
r0000059,2025,cz3,cz1
r0000060,2059,cz3,cz1
r0000061,2094,cz3,cz1
r0000062,2128,cz3,cz1
r0000063,2163,cz3,cz2
r0000064,2198,cz3,cz2
r0000065,2232,cz3,cz2
r0000066,2267,cz3,cz2
r0000067,2301,cz3,cz2
r0000068,2336,cz3,cz2
r0000069,2371,cz3,cz3
r0000070,2405,cz3,cz3
r0000071,2440,cz3,cz3
r0000072,2475,cz3,cz3
r0000073,2509,cz3,cz3
r0000074,2544,cz3,cz3
r0000075,2578,cz3,cz3
r0000076,2613,cz3,cz3
r0000077,2648,cz3,cz3
r0000078,2682,cz3,cz4
r0000079,2717,cz3,cz4
r0000080,2751,cz3,cz4
r0000081,2786,cz3,cz4
r0000082,2821,cz3,cz4
r0000083,2855,cz3,cz4
r0000084,2890,cz4,cz1
r0000085,2925,cz4,cz1
r0000086,2959,cz4,cz1
r0000087,2994,cz4,cz1
r0000088,3028,cz4,cz1
r0000089,3063,cz4,cz1
r0000090,3098,cz4,cz2
r0000091,3132,cz4,cz2
r0000092,3167,cz4,cz2
r0000093,3201,cz4,cz2
r0000094,3236,cz4,cz2
r0000095,3271,cz4,cz3
r0000096,3305,cz4,cz3
r0000097,3340,cz4,cz3
r0000098,3375,cz4,cz3
r0000099,3409,cz4,cz3
r0000100,3444,cz4,cz3
r0000101,3478,cz4,cz4
r0000102,3513,cz4,cz4
r0000103,3548,cz4,cz4
r0000104,3582,cz4,cz4
r0000105,3628,cz1,cz1
r0000106,3684,cz1,cz1
r0000107,3740,cz1,cz1
r0000108,3796,cz1,cz1
r0000109,3853,cz1,cz1
r0000110,3909,cz1,cz2
r0000111,3965,cz1,cz2
r0000112,4021,cz1,cz2
r0000113,4078,cz1,cz2
r0000114,4134,cz1,cz3
r0000115,4190,cz1,cz3
r0000116,4246,cz1,cz3
r0000117,4303,cz1,cz3
r0000118,4359,cz1,cz3
r0000119,4415,cz1,cz4
r0000120,4471,cz1,cz4
r0000121,4528,cz1,cz4
r0000122,4584,cz2,cz1
r0000123,4640,cz2,cz1
r0000124,4696,cz2,cz1
r0000125,4753,cz2,cz1
r0000126,4809,cz2,cz2
r0000127,4865,cz2,cz2
r0000128,4921,cz2,cz2
r0000129,4978,cz2,cz2
r0000130,5034,cz2,cz3
r0000131,5090,cz2,cz3
r0000132,5146,cz2,cz3
r0000133,5203,cz2,cz3
r0000134,5259,cz2,cz4
r0000135,5315,cz2,cz4
r0000136,5371,cz2,cz4
r0000137,5428,cz3,cz1
r0000138,5484,cz3,cz1
r0000139,5540,cz3,cz1
r0000140,5596,cz3,cz1
r0000141,5653,cz3,cz1
r0000142,5709,cz3,cz2
r0000143,5765,cz3,cz2
r0000144,5821,cz3,cz2
r0000145,5878,cz3,cz2
r0000146,5934,cz3,cz3
r0000147,5990,cz3,cz3
r0000148,6046,cz3,cz3
r0000149,6103,cz3,cz3
r0000150,6159,cz3,cz3
r0000151,6215,cz3,cz4
r0000152,6271,cz3,cz4
r0000153,6328,cz3,cz4
r0000154,6384,cz3,cz4
r0000155,6440,cz4,cz1
r0000156,6496,cz4,cz1
r0000157,6553,cz4,cz1
r0000158,6609,cz4,cz1
r0000159,6665,cz4,cz2
r0000160,6721,cz4,cz2
r0000161,6778,cz4,cz2
r0000162,6834,cz4,cz3
r0000163,6890,cz4,cz3
r0000164,6946,cz4,cz3
r0000165,7003,cz4,cz3
r0000166,7059,cz4,cz4
r0000167,7115,cz4,cz4
r0000168,7171,cz4,cz4
r0000169,7243,cz1,cz1
r0000170,7331,cz1,cz1
r0000171,7419,cz1,cz1
r0000172,7507,cz1,cz2
r0000173,7595,cz1,cz2
r0000174,7682,cz1,cz2
r0000175,7770,cz1,cz3
r0000176,7858,cz1,cz3
r0000177,7946,cz1,cz3
r0000178,8034,cz1,cz4
r0000179,8121,cz1,cz4
r0000180,8209,cz2,cz1
r0000181,8297,cz2,cz1
r0000182,8385,cz2,cz1
r0000183,8473,cz2,cz2
r0000184,8560,cz2,cz2
r0000185,8648,cz2,cz2
r0000186,8736,cz2,cz3
r0000187,8824,cz2,cz3
r0000188,8912,cz2,cz4
r0000189,9000,cz2,cz4
r0000190,9087,cz3,cz1
r0000191,9175,cz3,cz1
r0000192,9263,cz3,cz1
r0000193,9351,cz3,cz2
r0000194,9439,cz3,cz2
r0000195,9526,cz3,cz3
r0000196,9614,cz3,cz3
r0000197,9702,cz3,cz3
r0000198,9790,cz3,cz3
r0000199,9878,cz3,cz4
r0000200,9965,cz3,cz4
r0000201,10053,cz4,cz1
r0000202,10141,cz4,cz1
r0000203,10229,cz4,cz2
r0000204,10317,cz4,cz2
r0000205,10404,cz4,cz3
r0000206,10492,cz4,cz3
r0000207,10580,cz4,cz3
r0000208,10668,cz4,cz4
r0000209,10756,cz4,cz4
r0000210,10872,cz1,cz1
r0000211,11016,cz1,cz1
r0000212,11160,cz1,cz2
r0000213,11304,cz1,cz2
r0000214,11448,cz1,cz3
r0000215,11592,cz1,cz3
r0000216,11736,cz1,cz4
r0000217,11880,cz2,cz1
r0000218,12024,cz2,cz1
r0000219,12168,cz2,cz2
r0000220,12312,cz2,cz2
r0000221,12456,cz2,cz3
r0000222,12600,cz2,cz3
r0000223,12744,cz2,cz4
r0000224,12888,cz3,cz1
r0000225,13032,cz3,cz1
r0000226,13176,cz3,cz2
r0000227,13320,cz3,cz3
r0000228,13464,cz3,cz3
r0000229,13608,cz3,cz4
r0000230,13752,cz4,cz1
r0000231,13896,cz4,cz2
r0000232,14040,cz4,cz3
r0000233,14184,cz4,cz3
r0000234,14328,cz4,cz4
r0000235,14469,cz1,cz1
r0000236,14607,cz1,cz1
r0000237,14746,cz1,cz2
r0000238,14884,cz1,cz2
r0000239,15023,cz1,cz3
r0000240,15161,cz1,cz3
r0000241,15300,cz1,cz4
r0000242,15438,cz2,cz1
r0000243,15576,cz2,cz1
r0000244,15715,cz2,cz2
r0000245,15853,cz2,cz2
r0000246,15992,cz2,cz3
r0000247,16130,cz2,cz3
r0000248,16269,cz2,cz4
r0000249,16407,cz3,cz1
r0000250,16546,cz3,cz1
r0000251,16684,cz3,cz2
r0000252,16823,cz3,cz3
r0000253,16961,cz3,cz3
r0000254,17100,cz3,cz4
r0000255,17238,cz3,cz4
r0000256,17376,cz4,cz1
r0000257,17515,cz4,cz2
r0000258,17653,cz4,cz3
r0000259,17792,cz4,cz3
r0000260,17930,cz4,cz4
r0000261,18030,cz1,cz1
r0000262,18091,cz1,cz1
r0000263,18152,cz1,cz1
r0000264,18213,cz1,cz1
r0000265,18274,cz1,cz1
r0000266,18335,cz1,cz2
r0000267,18396,cz1,cz2
r0000268,18457,cz1,cz2
r0000269,18518,cz1,cz2
r0000270,18579,cz1,cz3
r0000271,18640,cz1,cz3
r0000272,18701,cz1,cz3
r0000273,18762,cz1,cz3
r0000274,18823,cz1,cz3
r0000275,18884,cz1,cz4
r0000276,18945,cz1,cz4
r0000277,19006,cz1,cz4
r0000278,19067,cz2,cz1
r0000279,19128,cz2,cz1
r0000280,19189,cz2,cz1
r0000281,19250,cz2,cz1
r0000282,19311,cz2,cz2
r0000283,19372,cz2,cz2
r0000284,19433,cz2,cz2
r0000285,19494,cz2,cz2
r0000286,19555,cz2,cz3
r0000287,19616,cz2,cz3
r0000288,19677,cz2,cz3
r0000289,19738,cz2,cz4
r0000290,19800,cz2,cz4
r0000291,19861,cz2,cz4
r0000292,19922,cz3,cz1
r0000293,19983,cz3,cz1
r0000294,20044,cz3,cz1
r0000295,20105,cz3,cz1
r0000296,20166,cz3,cz1
r0000297,20227,cz3,cz2
r0000298,20288,cz3,cz2
r0000299,20349,cz3,cz2
r0000300,20410,cz3,cz3
r0000301,20471,cz3,cz3
r0000302,20532,cz3,cz3
r0000303,20593,cz3,cz3
r0000304,20654,cz3,cz3
r0000305,20715,cz3,cz4
r0000306,20776,cz3,cz4
r0000307,20837,cz3,cz4
r0000308,20898,cz4,cz1
r0000309,20959,cz4,cz1
r0000310,21020,cz4,cz1
r0000311,21081,cz4,cz2
r0000312,21142,cz4,cz2
r0000313,21203,cz4,cz2
r0000314,21264,cz4,cz3
r0000315,21325,cz4,cz3
r0000316,21386,cz4,cz3
r0000317,21447,cz4,cz3
r0000318,21508,cz4,cz4
r0000319,21569,cz4,cz4
r0000320,21608,cz1,cz1
r0000321,21625,cz1,cz1
r0000322,21642,cz1,cz1
r0000323,21658,cz1,cz1
r0000324,21675,cz1,cz1
r0000325,21692,cz1,cz1
r0000326,21709,cz1,cz1
r0000327,21726,cz1,cz1
r0000328,21742,cz1,cz1
r0000329,21759,cz1,cz1
r0000330,21776,cz1,cz1
r0000331,21793,cz1,cz1
r0000332,21810,cz1,cz1
r0000333,21827,cz1,cz1
r0000334,21843,cz1,cz1
r0000335,21860,cz1,cz1
r0000336,21877,cz1,cz1
r0000337,21894,cz1,cz2
r0000338,21911,cz1,cz2
r0000339,21928,cz1,cz2
r0000340,21944,cz1,cz2
r0000341,21961,cz1,cz2
r0000342,21978,cz1,cz2
r0000343,21995,cz1,cz2
r0000344,22012,cz1,cz2
r0000345,22028,cz1,cz2
r0000346,22045,cz1,cz2
r0000347,22062,cz1,cz2
r0000348,22079,cz1,cz2
r0000349,22096,cz1,cz2
r0000350,22113,cz1,cz3
r0000351,22129,cz1,cz3
r0000352,22146,cz1,cz3
r0000353,22163,cz1,cz3
r0000354,22180,cz1,cz3
r0000355,22197,cz1,cz3
r0000356,22214,cz1,cz3
r0000357,22230,cz1,cz3
r0000358,22247,cz1,cz3
r0000359,22264,cz1,cz3
r0000360,22281,cz1,cz3
r0000361,22298,cz1,cz3
r0000362,22314,cz1,cz3
r0000363,22331,cz1,cz3
r0000364,22348,cz1,cz3
r0000365,22365,cz1,cz3
r0000366,22382,cz1,cz3
r0000367,22399,cz1,cz3
r0000368,22415,cz1,cz4
r0000369,22432,cz1,cz4
r0000370,22449,cz1,cz4
r0000371,22466,cz1,cz4
r0000372,22483,cz1,cz4
r0000373,22500,cz1,cz4
r0000374,22516,cz1,cz4
r0000375,22533,cz1,cz4
r0000376,22550,cz1,cz4
r0000377,22567,cz1,cz4
r0000378,22584,cz1,cz4
r0000379,22600,cz1,cz4
r0000380,22617,cz2,cz1
r0000381,22634,cz2,cz1
r0000382,22651,cz2,cz1
r0000383,22668,cz2,cz1
r0000384,22685,cz2,cz1
r0000385,22701,cz2,cz1
r0000386,22718,cz2,cz1
r0000387,22735,cz2,cz1
r0000388,22752,cz2,cz1
r0000389,22769,cz2,cz1
r0000390,22785,cz2,cz1
r0000391,22802,cz2,cz1
r0000392,22819,cz2,cz1
r0000393,22836,cz2,cz2
r0000394,22853,cz2,cz2
r0000395,22870,cz2,cz2
r0000396,22886,cz2,cz2
r0000397,22903,cz2,cz2
r0000398,22920,cz2,cz2
r0000399,22937,cz2,cz2
r0000400,22954,cz2,cz2
r0000401,22971,cz2,cz2
r0000402,22987,cz2,cz2
r0000403,23004,cz2,cz2
r0000404,23021,cz2,cz2
r0000405,23038,cz2,cz2
r0000406,23055,cz2,cz3
r0000407,23071,cz2,cz3
r0000408,23088,cz2,cz3
r0000409,23105,cz2,cz3
r0000410,23122,cz2,cz3
r0000411,23139,cz2,cz3
r0000412,23156,cz2,cz3
r0000413,23172,cz2,cz3
r0000414,23189,cz2,cz3
r0000415,23206,cz2,cz3
r0000416,23223,cz2,cz3
r0000417,23240,cz2,cz3
r0000418,23257,cz2,cz3
r0000419,23273,cz2,cz4
r0000420,23290,cz2,cz4
r0000421,23307,cz2,cz4
r0000422,23324,cz2,cz4
r0000423,23341,cz2,cz4
r0000424,23357,cz2,cz4
r0000425,23374,cz2,cz4
r0000426,23391,cz2,cz4
r0000427,23408,cz2,cz4
r0000428,23425,cz3,cz1
r0000429,23442,cz3,cz1
r0000430,23458,cz3,cz1
r0000431,23475,cz3,cz1
r0000432,23492,cz3,cz1
r0000433,23509,cz3,cz1
r0000434,23526,cz3,cz1
r0000435,23542,cz3,cz1
r0000436,23559,cz3,cz1
r0000437,23576,cz3,cz1
r0000438,23593,cz3,cz1
r0000439,23610,cz3,cz1
r0000440,23627,cz3,cz1
r0000441,23643,cz3,cz1
r0000442,23660,cz3,cz1
r0000443,23677,cz3,cz1
r0000444,23694,cz3,cz1
r0000445,23711,cz3,cz1
r0000446,23728,cz3,cz2
r0000447,23744,cz3,cz2
r0000448,23761,cz3,cz2
r0000449,23778,cz3,cz2
r0000450,23795,cz3,cz2
r0000451,23812,cz3,cz2
r0000452,23828,cz3,cz2
r0000453,23845,cz3,cz2
r0000454,23862,cz3,cz2
r0000455,23879,cz3,cz2
r0000456,23896,cz3,cz2
r0000457,23913,cz3,cz2
r0000458,23929,cz3,cz2
r0000459,23946,cz3,cz3
r0000460,23963,cz3,cz3
r0000461,23980,cz3,cz3
r0000462,23997,cz3,cz3
r0000463,24014,cz3,cz3
r0000464,24030,cz3,cz3
r0000465,24047,cz3,cz3
r0000466,24064,cz3,cz3
r0000467,24081,cz3,cz3
r0000468,24098,cz3,cz3
r0000469,24114,cz3,cz3
r0000470,24131,cz3,cz3
r0000471,24148,cz3,cz3
r0000472,24165,cz3,cz3
r0000473,24182,cz3,cz3
r0000474,24199,cz3,cz3
r0000475,24215,cz3,cz3
r0000476,24232,cz3,cz3
r0000477,24249,cz3,cz3
r0000478,24266,cz3,cz4
r0000479,24283,cz3,cz4
r0000480,24300,cz3,cz4
r0000481,24316,cz3,cz4
r0000482,24333,cz3,cz4
r0000483,24350,cz3,cz4
r0000484,24367,cz3,cz4
r0000485,24384,cz3,cz4
r0000486,24400,cz3,cz4
r0000487,24417,cz3,cz4
r0000488,24434,cz3,cz4
r0000489,24451,cz3,cz4
r0000490,24468,cz3,cz4
r0000491,24485,cz4,cz1
r0000492,24501,cz4,cz1
r0000493,24518,cz4,cz1
r0000494,24535,cz4,cz1
r0000495,24552,cz4,cz1
r0000496,24569,cz4,cz1
r0000497,24585,cz4,cz1
r0000498,24602,cz4,cz1
r0000499,24619,cz4,cz1
r0000500,24636,cz4,cz1
r0000501,24653,cz4,cz1
r0000502,24670,cz4,cz1
r0000503,24686,cz4,cz2
r0000504,24703,cz4,cz2
r0000505,24720,cz4,cz2
r0000506,24737,cz4,cz2
r0000507,24754,cz4,cz2
r0000508,24771,cz4,cz2
r0000509,24787,cz4,cz2
r0000510,24804,cz4,cz2
r0000511,24821,cz4,cz2
r0000512,24838,cz4,cz3
r0000513,24855,cz4,cz3
r0000514,24871,cz4,cz3
r0000515,24888,cz4,cz3
r0000516,24905,cz4,cz3
r0000517,24922,cz4,cz3
r0000518,24939,cz4,cz3
r0000519,24956,cz4,cz3
r0000520,24972,cz4,cz3
r0000521,24989,cz4,cz3
r0000522,25006,cz4,cz3
r0000523,25023,cz4,cz3
r0000524,25040,cz4,cz3
r0000525,25057,cz4,cz4
r0000526,25073,cz4,cz4
r0000527,25090,cz4,cz4
r0000528,25107,cz4,cz4
r0000529,25124,cz4,cz4
r0000530,25141,cz4,cz4
r0000531,25157,cz4,cz4
r0000532,25174,cz4,cz4
r0000533,25191,cz4,cz4
r0000534,25202,cz1,cz1
r0000535,25208,cz1,cz1
r0000536,25214,cz1,cz1
r0000537,25220,cz1,cz1
r0000538,25226,cz1,cz1
r0000539,25232,cz1,cz1
r0000540,25238,cz1,cz1
r0000541,25244,cz1,cz1
r0000542,25250,cz1,cz1
r0000543,25256,cz1,cz1
r0000544,25262,cz1,cz1
r0000545,25268,cz1,cz1
r0000546,25274,cz1,cz1
r0000547,25280,cz1,cz1
r0000548,25286,cz1,cz1
r0000549,25292,cz1,cz1
r0000550,25298,cz1,cz1
r0000551,25303,cz1,cz1
r0000552,25309,cz1,cz1
r0000553,25315,cz1,cz1
r0000554,25321,cz1,cz1
r0000555,25327,cz1,cz1
r0000556,25333,cz1,cz1
r0000557,25339,cz1,cz1
r0000558,25345,cz1,cz1
r0000559,25351,cz1,cz1
r0000560,25357,cz1,cz1
r0000561,25363,cz1,cz1
r0000562,25369,cz1,cz1
r0000563,25375,cz1,cz1
r0000564,25381,cz1,cz1
r0000565,25387,cz1,cz1
r0000566,25393,cz1,cz1
r0000567,25399,cz1,cz1
r0000568,25404,cz1,cz1
r0000569,25410,cz1,cz1
r0000570,25416,cz1,cz1
r0000571,25422,cz1,cz1
r0000572,25428,cz1,cz1
r0000573,25434,cz1,cz1
r0000574,25440,cz1,cz1
r0000575,25446,cz1,cz1
r0000576,25452,cz1,cz1
r0000577,25458,cz1,cz1
r0000578,25464,cz1,cz1
r0000579,25470,cz1,cz1
r0000580,25476,cz1,cz1
r0000581,25482,cz1,cz1
r0000582,25488,cz1,cz1
r0000583,25494,cz1,cz2
r0000584,25500,cz1,cz2
r0000585,25505,cz1,cz2
r0000586,25511,cz1,cz2
r0000587,25517,cz1,cz2
r0000588,25523,cz1,cz2
r0000589,25529,cz1,cz2
r0000590,25535,cz1,cz2
r0000591,25541,cz1,cz2
r0000592,25547,cz1,cz2
r0000593,25553,cz1,cz2
r0000594,25559,cz1,cz2
r0000595,25565,cz1,cz2
r0000596,25571,cz1,cz2
r0000597,25577,cz1,cz2
r0000598,25583,cz1,cz2
r0000599,25589,cz1,cz2
r0000600,25595,cz1,cz2
r0000601,25600,cz1,cz2
r0000602,25606,cz1,cz2
r0000603,25612,cz1,cz2
r0000604,25618,cz1,cz2
r0000605,25624,cz1,cz2
r0000606,25630,cz1,cz2
r0000607,25636,cz1,cz2
r0000608,25642,cz1,cz2
r0000609,25648,cz1,cz2
r0000610,25654,cz1,cz2
r0000611,25660,cz1,cz2
r0000612,25666,cz1,cz2
r0000613,25672,cz1,cz2
r0000614,25678,cz1,cz2
r0000615,25684,cz1,cz2
r0000616,25690,cz1,cz2
r0000617,25696,cz1,cz2
r0000618,25701,cz1,cz2
r0000619,25707,cz1,cz2
r0000620,25713,cz1,cz3
r0000621,25719,cz1,cz3
r0000622,25725,cz1,cz3
r0000623,25731,cz1,cz3
r0000624,25737,cz1,cz3
r0000625,25743,cz1,cz3
r0000626,25749,cz1,cz3
r0000627,25755,cz1,cz3
r0000628,25761,cz1,cz3
r0000629,25767,cz1,cz3
r0000630,25773,cz1,cz3
r0000631,25779,cz1,cz3
r0000632,25785,cz1,cz3
r0000633,25791,cz1,cz3
r0000634,25797,cz1,cz3
r0000635,25802,cz1,cz3
r0000636,25808,cz1,cz3
r0000637,25814,cz1,cz3
r0000638,25820,cz1,cz3
r0000639,25826,cz1,cz3
r0000640,25832,cz1,cz3
r0000641,25838,cz1,cz3
r0000642,25844,cz1,cz3
r0000643,25850,cz1,cz3
r0000644,25856,cz1,cz3
r0000645,25862,cz1,cz3
r0000646,25868,cz1,cz3
r0000647,25874,cz1,cz3
r0000648,25880,cz1,cz3
r0000649,25886,cz1,cz3
r0000650,25892,cz1,cz3
r0000651,25898,cz1,cz3
r0000652,25903,cz1,cz3
r0000653,25909,cz1,cz3
r0000654,25915,cz1,cz3
r0000655,25921,cz1,cz3
r0000656,25927,cz1,cz3
r0000657,25933,cz1,cz3
r0000658,25939,cz1,cz3
r0000659,25945,cz1,cz3
r0000660,25951,cz1,cz3
r0000661,25957,cz1,cz3
r0000662,25963,cz1,cz3
r0000663,25969,cz1,cz3
r0000664,25975,cz1,cz3
r0000665,25981,cz1,cz3
r0000666,25987,cz1,cz3
r0000667,25993,cz1,cz3
r0000668,25999,cz1,cz3
r0000669,26004,cz1,cz3
r0000670,26010,cz1,cz3
r0000671,26016,cz1,cz4
r0000672,26022,cz1,cz4
r0000673,26028,cz1,cz4
r0000674,26034,cz1,cz4
r0000675,26040,cz1,cz4
r0000676,26046,cz1,cz4
r0000677,26052,cz1,cz4
r0000678,26058,cz1,cz4
r0000679,26064,cz1,cz4
r0000680,26070,cz1,cz4
r0000681,26076,cz1,cz4
r0000682,26082,cz1,cz4
r0000683,26088,cz1,cz4
r0000684,26094,cz1,cz4
r0000685,26100,cz1,cz4
r0000686,26105,cz1,cz4
r0000687,26111,cz1,cz4
r0000688,26117,cz1,cz4
r0000689,26123,cz1,cz4
r0000690,26129,cz1,cz4
r0000691,26135,cz1,cz4
r0000692,26141,cz1,cz4
r0000693,26147,cz1,cz4
r0000694,26153,cz1,cz4
r0000695,26159,cz1,cz4
r0000696,26165,cz1,cz4
r0000697,26171,cz1,cz4
r0000698,26177,cz1,cz4
r0000699,26183,cz1,cz4
r0000700,26189,cz1,cz4
r0000701,26195,cz1,cz4
r0000702,26200,cz1,cz4
r0000703,26206,cz1,cz4
r0000704,26212,cz1,cz4
r0000705,26218,cz1,cz4
r0000706,26224,cz2,cz1
r0000707,26230,cz2,cz1
r0000708,26236,cz2,cz1
r0000709,26242,cz2,cz1
r0000710,26248,cz2,cz1
r0000711,26254,cz2,cz1
r0000712,26260,cz2,cz1
r0000713,26266,cz2,cz1
r0000714,26272,cz2,cz1
r0000715,26278,cz2,cz1
r0000716,26284,cz2,cz1
r0000717,26290,cz2,cz1
r0000718,26296,cz2,cz1
r0000719,26301,cz2,cz1
r0000720,26307,cz2,cz1
r0000721,26313,cz2,cz1
r0000722,26319,cz2,cz1
r0000723,26325,cz2,cz1
r0000724,26331,cz2,cz1
r0000725,26337,cz2,cz1
r0000726,26343,cz2,cz1
r0000727,26349,cz2,cz1
r0000728,26355,cz2,cz1
r0000729,26361,cz2,cz1
r0000730,26367,cz2,cz1
r0000731,26373,cz2,cz1
r0000732,26379,cz2,cz1
r0000733,26385,cz2,cz1
r0000734,26391,cz2,cz1
r0000735,26397,cz2,cz1
r0000736,26402,cz2,cz1
r0000737,26408,cz2,cz1
r0000738,26414,cz2,cz1
r0000739,26420,cz2,cz1
r0000740,26426,cz2,cz1
r0000741,26432,cz2,cz1
r0000742,26438,cz2,cz1
r0000743,26444,cz2,cz1
r0000744,26450,cz2,cz2
r0000745,26456,cz2,cz2
r0000746,26462,cz2,cz2
r0000747,26468,cz2,cz2
r0000748,26474,cz2,cz2
r0000749,26480,cz2,cz2
r0000750,26486,cz2,cz2
r0000751,26492,cz2,cz2
r0000752,26498,cz2,cz2
r0000753,26503,cz2,cz2
r0000754,26509,cz2,cz2
r0000755,26515,cz2,cz2
r0000756,26521,cz2,cz2
r0000757,26527,cz2,cz2
r0000758,26533,cz2,cz2
r0000759,26539,cz2,cz2
r0000760,26545,cz2,cz2
r0000761,26551,cz2,cz2
r0000762,26557,cz2,cz2
r0000763,26563,cz2,cz2
r0000764,26569,cz2,cz2
r0000765,26575,cz2,cz2
r0000766,26581,cz2,cz2
r0000767,26587,cz2,cz2
r0000768,26593,cz2,cz2
r0000769,26599,cz2,cz2
r0000770,26604,cz2,cz2
r0000771,26610,cz2,cz2
r0000772,26616,cz2,cz2
r0000773,26622,cz2,cz2
r0000774,26628,cz2,cz2
r0000775,26634,cz2,cz2
r0000776,26640,cz2,cz2
r0000777,26646,cz2,cz2
r0000778,26652,cz2,cz2
r0000779,26658,cz2,cz2
r0000780,26664,cz2,cz2
r0000781,26670,cz2,cz3
r0000782,26676,cz2,cz3
r0000783,26682,cz2,cz3
r0000784,26688,cz2,cz3
r0000785,26694,cz2,cz3
r0000786,26700,cz2,cz3
r0000787,26705,cz2,cz3
r0000788,26711,cz2,cz3
r0000789,26717,cz2,cz3
r0000790,26723,cz2,cz3
r0000791,26729,cz2,cz3
r0000792,26735,cz2,cz3
r0000793,26741,cz2,cz3
r0000794,26747,cz2,cz3
r0000795,26753,cz2,cz3
r0000796,26759,cz2,cz3
r0000797,26765,cz2,cz3
r0000798,26771,cz2,cz3
r0000799,26777,cz2,cz3
r0000800,26783,cz2,cz3
r0000801,26789,cz2,cz3
r0000802,26795,cz2,cz3
r0000803,26800,cz2,cz3
r0000804,26806,cz2,cz3
r0000805,26812,cz2,cz3
r0000806,26818,cz2,cz3
r0000807,26824,cz2,cz3
r0000808,26830,cz2,cz3
r0000809,26836,cz2,cz3
r0000810,26842,cz2,cz3
r0000811,26848,cz2,cz3
r0000812,26854,cz2,cz3
r0000813,26860,cz2,cz3
r0000814,26866,cz2,cz3
r0000815,26872,cz2,cz3
r0000816,26878,cz2,cz3
r0000817,26884,cz2,cz4
r0000818,26890,cz2,cz4
r0000819,26896,cz2,cz4
r0000820,26901,cz2,cz4
r0000821,26907,cz2,cz4
r0000822,26913,cz2,cz4
r0000823,26919,cz2,cz4
r0000824,26925,cz2,cz4
r0000825,26931,cz2,cz4
r0000826,26937,cz2,cz4
r0000827,26943,cz2,cz4
r0000828,26949,cz2,cz4
r0000829,26955,cz2,cz4
r0000830,26961,cz2,cz4
r0000831,26967,cz2,cz4
r0000832,26973,cz2,cz4
r0000833,26979,cz2,cz4
r0000834,26985,cz2,cz4
r0000835,26991,cz2,cz4
r0000836,26997,cz2,cz4
r0000837,27002,cz2,cz4
r0000838,27008,cz2,cz4
r0000839,27014,cz2,cz4
r0000840,27020,cz2,cz4
r0000841,27026,cz2,cz4
r0000842,27032,cz2,cz4
r0000843,27038,cz3,cz1
r0000844,27044,cz3,cz1
r0000845,27050,cz3,cz1
r0000846,27056,cz3,cz1
r0000847,27062,cz3,cz1
r0000848,27068,cz3,cz1
r0000849,27074,cz3,cz1
r0000850,27080,cz3,cz1
r0000851,27086,cz3,cz1
r0000852,27092,cz3,cz1
r0000853,27098,cz3,cz1
r0000854,27103,cz3,cz1
r0000855,27109,cz3,cz1
r0000856,27115,cz3,cz1
r0000857,27121,cz3,cz1
r0000858,27127,cz3,cz1
r0000859,27133,cz3,cz1
r0000860,27139,cz3,cz1
r0000861,27145,cz3,cz1
r0000862,27151,cz3,cz1
r0000863,27157,cz3,cz1
r0000864,27163,cz3,cz1
r0000865,27169,cz3,cz1
r0000866,27175,cz3,cz1
r0000867,27181,cz3,cz1
r0000868,27187,cz3,cz1
r0000869,27193,cz3,cz1
r0000870,27199,cz3,cz1
r0000871,27204,cz3,cz1
r0000872,27210,cz3,cz1
r0000873,27216,cz3,cz1
r0000874,27222,cz3,cz1
r0000875,27228,cz3,cz1
r0000876,27234,cz3,cz1
r0000877,27240,cz3,cz1
r0000878,27246,cz3,cz1
r0000879,27252,cz3,cz1
r0000880,27258,cz3,cz1
r0000881,27264,cz3,cz1
r0000882,27270,cz3,cz1
r0000883,27276,cz3,cz1
r0000884,27282,cz3,cz1
r0000885,27288,cz3,cz1
r0000886,27294,cz3,cz1
r0000887,27300,cz3,cz1
r0000888,27305,cz3,cz1
r0000889,27311,cz3,cz1
r0000890,27317,cz3,cz1
r0000891,27323,cz3,cz1
r0000892,27329,cz3,cz1
r0000893,27335,cz3,cz2
r0000894,27341,cz3,cz2
r0000895,27347,cz3,cz2
r0000896,27353,cz3,cz2
r0000897,27359,cz3,cz2
r0000898,27365,cz3,cz2
r0000899,27371,cz3,cz2
r0000900,27377,cz3,cz2
r0000901,27383,cz3,cz2
r0000902,27389,cz3,cz2
r0000903,27395,cz3,cz2
r0000904,27400,cz3,cz2
r0000905,27406,cz3,cz2
r0000906,27412,cz3,cz2
r0000907,27418,cz3,cz2
r0000908,27424,cz3,cz2
r0000909,27430,cz3,cz2
r0000910,27436,cz3,cz2
r0000911,27442,cz3,cz2
r0000912,27448,cz3,cz2
r0000913,27454,cz3,cz2
r0000914,27460,cz3,cz2
r0000915,27466,cz3,cz2
r0000916,27472,cz3,cz2
r0000917,27478,cz3,cz2
r0000918,27484,cz3,cz2
r0000919,27490,cz3,cz2
r0000920,27496,cz3,cz2
r0000921,27501,cz3,cz2
r0000922,27507,cz3,cz2
r0000923,27513,cz3,cz2
r0000924,27519,cz3,cz2
r0000925,27525,cz3,cz2
r0000926,27531,cz3,cz2
r0000927,27537,cz3,cz2
r0000928,27543,cz3,cz3
r0000929,27549,cz3,cz3
r0000930,27555,cz3,cz3
r0000931,27561,cz3,cz3
r0000932,27567,cz3,cz3
r0000933,27573,cz3,cz3
r0000934,27579,cz3,cz3
r0000935,27585,cz3,cz3
r0000936,27591,cz3,cz3
r0000937,27597,cz3,cz3
r0000938,27602,cz3,cz3
r0000939,27608,cz3,cz3
r0000940,27614,cz3,cz3
r0000941,27620,cz3,cz3
r0000942,27626,cz3,cz3
r0000943,27632,cz3,cz3
r0000944,27638,cz3,cz3
r0000945,27644,cz3,cz3
r0000946,27650,cz3,cz3
r0000947,27656,cz3,cz3
r0000948,27662,cz3,cz3
r0000949,27668,cz3,cz3
r0000950,27674,cz3,cz3
r0000951,27680,cz3,cz3
r0000952,27686,cz3,cz3
r0000953,27692,cz3,cz3
r0000954,27698,cz3,cz3
r0000955,27703,cz3,cz3
r0000956,27709,cz3,cz3
r0000957,27715,cz3,cz3
r0000958,27721,cz3,cz3
r0000959,27727,cz3,cz3
r0000960,27733,cz3,cz3
r0000961,27739,cz3,cz3
r0000962,27745,cz3,cz3
r0000963,27751,cz3,cz3
r0000964,27757,cz3,cz3
r0000965,27763,cz3,cz3
r0000966,27769,cz3,cz3
r0000967,27775,cz3,cz3
r0000968,27781,cz3,cz3
r0000969,27787,cz3,cz3
r0000970,27793,cz3,cz3
r0000971,27799,cz3,cz3
r0000972,27804,cz3,cz3
r0000973,27810,cz3,cz3
r0000974,27816,cz3,cz3
r0000975,27822,cz3,cz3
r0000976,27828,cz3,cz3
r0000977,27834,cz3,cz3
r0000978,27840,cz3,cz3
r0000979,27846,cz3,cz3
r0000980,27852,cz3,cz3
r0000981,27858,cz3,cz4
r0000982,27864,cz3,cz4
r0000983,27870,cz3,cz4
r0000984,27876,cz3,cz4
r0000985,27882,cz3,cz4
r0000986,27888,cz3,cz4
r0000987,27894,cz3,cz4
r0000988,27900,cz3,cz4
r0000989,27905,cz3,cz4
r0000990,27911,cz3,cz4
r0000991,27917,cz3,cz4
r0000992,27923,cz3,cz4
r0000993,27929,cz3,cz4
r0000994,27935,cz3,cz4
r0000995,27941,cz3,cz4
r0000996,27947,cz3,cz4
r0000997,27953,cz3,cz4
r0000998,27959,cz3,cz4
r0000999,27965,cz3,cz4
r0001000,27971,cz3,cz4
r0001001,27977,cz3,cz4
r0001002,27983,cz3,cz4
r0001003,27989,cz3,cz4
r0001004,27995,cz3,cz4
r0001005,28000,cz3,cz4
r0001006,28006,cz3,cz4
r0001007,28012,cz3,cz4
r0001008,28018,cz3,cz4
r0001009,28024,cz3,cz4
r0001010,28030,cz3,cz4
r0001011,28036,cz3,cz4
r0001012,28042,cz3,cz4
r0001013,28048,cz3,cz4
r0001014,28054,cz3,cz4
r0001015,28060,cz3,cz4
r0001016,28066,cz3,cz4
r0001017,28072,cz4,cz1
r0001018,28078,cz4,cz1
r0001019,28084,cz4,cz1
r0001020,28090,cz4,cz1
r0001021,28096,cz4,cz1
r0001022,28101,cz4,cz1
r0001023,28107,cz4,cz1
r0001024,28113,cz4,cz1
r0001025,28119,cz4,cz1
r0001026,28125,cz4,cz1
r0001027,28131,cz4,cz1
r0001028,28137,cz4,cz1
r0001029,28143,cz4,cz1
r0001030,28149,cz4,cz1
r0001031,28155,cz4,cz1
r0001032,28161,cz4,cz1
r0001033,28167,cz4,cz1
r0001034,28173,cz4,cz1
r0001035,28179,cz4,cz1
r0001036,28185,cz4,cz1
r0001037,28191,cz4,cz1
r0001038,28197,cz4,cz1
r0001039,28202,cz4,cz1
r0001040,28208,cz4,cz1
r0001041,28214,cz4,cz1
r0001042,28220,cz4,cz1
r0001043,28226,cz4,cz1
r0001044,28232,cz4,cz1
r0001045,28238,cz4,cz1
r0001046,28244,cz4,cz1
r0001047,28250,cz4,cz1
r0001048,28256,cz4,cz1
r0001049,28262,cz4,cz1
r0001050,28268,cz4,cz1
r0001051,28274,cz4,cz1
r0001052,28280,cz4,cz2
r0001053,28286,cz4,cz2
r0001054,28292,cz4,cz2
r0001055,28298,cz4,cz2
r0001056,28303,cz4,cz2
r0001057,28309,cz4,cz2
r0001058,28315,cz4,cz2
r0001059,28321,cz4,cz2
r0001060,28327,cz4,cz2
r0001061,28333,cz4,cz2
r0001062,28339,cz4,cz2
r0001063,28345,cz4,cz2
r0001064,28351,cz4,cz2
r0001065,28357,cz4,cz2
r0001066,28363,cz4,cz2
r0001067,28369,cz4,cz2
r0001068,28375,cz4,cz2
r0001069,28381,cz4,cz2
r0001070,28387,cz4,cz2
r0001071,28393,cz4,cz2
r0001072,28399,cz4,cz2
r0001073,28404,cz4,cz2
r0001074,28410,cz4,cz2
r0001075,28416,cz4,cz2
r0001076,28422,cz4,cz2
r0001077,28428,cz4,cz2
r0001078,28434,cz4,cz3
r0001079,28440,cz4,cz3
r0001080,28446,cz4,cz3
r0001081,28452,cz4,cz3
r0001082,28458,cz4,cz3
r0001083,28464,cz4,cz3
r0001084,28470,cz4,cz3
r0001085,28476,cz4,cz3
r0001086,28482,cz4,cz3
r0001087,28488,cz4,cz3
r0001088,28494,cz4,cz3
r0001089,28500,cz4,cz3
r0001090,28505,cz4,cz3
r0001091,28511,cz4,cz3
r0001092,28517,cz4,cz3
r0001093,28523,cz4,cz3
r0001094,28529,cz4,cz3
r0001095,28535,cz4,cz3
r0001096,28541,cz4,cz3
r0001097,28547,cz4,cz3
r0001098,28553,cz4,cz3
r0001099,28559,cz4,cz3
r0001100,28565,cz4,cz3
r0001101,28571,cz4,cz3
r0001102,28577,cz4,cz3
r0001103,28583,cz4,cz3
r0001104,28589,cz4,cz3
r0001105,28595,cz4,cz3
r0001106,28600,cz4,cz3
r0001107,28606,cz4,cz3
r0001108,28612,cz4,cz3
r0001109,28618,cz4,cz3
r0001110,28624,cz4,cz3
r0001111,28630,cz4,cz3
r0001112,28636,cz4,cz3
r0001113,28642,cz4,cz3
r0001114,28648,cz4,cz3
r0001115,28654,cz4,cz4
r0001116,28660,cz4,cz4
r0001117,28666,cz4,cz4
r0001118,28672,cz4,cz4
r0001119,28678,cz4,cz4
r0001120,28684,cz4,cz4
r0001121,28690,cz4,cz4
r0001122,28696,cz4,cz4
r0001123,28701,cz4,cz4
r0001124,28707,cz4,cz4
r0001125,28713,cz4,cz4
r0001126,28719,cz4,cz4
r0001127,28725,cz4,cz4
r0001128,28731,cz4,cz4
r0001129,28737,cz4,cz4
r0001130,28743,cz4,cz4
r0001131,28749,cz4,cz4
r0001132,28755,cz4,cz4
r0001133,28761,cz4,cz4
r0001134,28767,cz4,cz4
r0001135,28773,cz4,cz4
r0001136,28779,cz4,cz4
r0001137,28785,cz4,cz4
r0001138,28791,cz4,cz4
r0001139,28797,cz4,cz4
r0001140,28801,cz1,cz1
r0001141,28805,cz1,cz1
r0001142,28809,cz1,cz1
r0001143,28812,cz1,cz1
r0001144,28816,cz1,cz1
r0001145,28820,cz1,cz1
r0001146,28823,cz1,cz1
r0001147,28827,cz1,cz1
r0001148,28831,cz1,cz1
r0001149,28834,cz1,cz1
r0001150,28838,cz1,cz1
r0001151,28842,cz1,cz1
r0001152,28845,cz1,cz1
r0001153,28849,cz1,cz1
r0001154,28853,cz1,cz1
r0001155,28856,cz1,cz1
r0001156,28860,cz1,cz1
r0001157,28864,cz1,cz1
r0001158,28867,cz1,cz1
r0001159,28871,cz1,cz1
r0001160,28875,cz1,cz1
r0001161,28878,cz1,cz1
r0001162,28882,cz1,cz1
r0001163,28886,cz1,cz1
r0001164,28890,cz1,cz1
r0001165,28893,cz1,cz1
r0001166,28897,cz1,cz1
r0001167,28901,cz1,cz1
r0001168,28904,cz1,cz1
r0001169,28908,cz1,cz1
r0001170,28912,cz1,cz1
r0001171,28915,cz1,cz1
r0001172,28919,cz1,cz1
r0001173,28923,cz1,cz1
r0001174,28926,cz1,cz1
r0001175,28930,cz1,cz1
r0001176,28934,cz1,cz1
r0001177,28937,cz1,cz1
r0001178,28941,cz1,cz1
r0001179,28945,cz1,cz1
r0001180,28948,cz1,cz1
r0001181,28952,cz1,cz1
r0001182,28956,cz1,cz1
r0001183,28959,cz1,cz1
r0001184,28963,cz1,cz1
r0001185,28967,cz1,cz1
r0001186,28970,cz1,cz1
r0001187,28974,cz1,cz1
r0001188,28978,cz1,cz1
r0001189,28981,cz1,cz1
r0001190,28985,cz1,cz1
r0001191,28989,cz1,cz1
r0001192,28992,cz1,cz1
r0001193,28996,cz1,cz1
r0001194,29000,cz1,cz1
r0001195,29003,cz1,cz1
r0001196,29007,cz1,cz1
r0001197,29011,cz1,cz1
r0001198,29014,cz1,cz1
r0001199,29018,cz1,cz1
r0001200,29022,cz1,cz1
r0001201,29025,cz1,cz1
r0001202,29029,cz1,cz1
r0001203,29033,cz1,cz1
r0001204,29036,cz1,cz1
r0001205,29040,cz1,cz1
r0001206,29044,cz1,cz1
r0001207,29047,cz1,cz1
r0001208,29051,cz1,cz1
r0001209,29055,cz1,cz1
r0001210,29058,cz1,cz1
r0001211,29062,cz1,cz1
r0001212,29066,cz1,cz1
r0001213,29070,cz1,cz1
r0001214,29073,cz1,cz1
r0001215,29077,cz1,cz1
r0001216,29081,cz1,cz1
r0001217,29084,cz1,cz1
r0001218,29088,cz1,cz2
r0001219,29092,cz1,cz2
r0001220,29095,cz1,cz2
r0001221,29099,cz1,cz2
r0001222,29103,cz1,cz2
r0001223,29106,cz1,cz2
r0001224,29110,cz1,cz2
r0001225,29114,cz1,cz2
r0001226,29117,cz1,cz2
r0001227,29121,cz1,cz2
r0001228,29125,cz1,cz2
r0001229,29128,cz1,cz2
r0001230,29132,cz1,cz2
r0001231,29136,cz1,cz2
r0001232,29139,cz1,cz2
r0001233,29143,cz1,cz2
r0001234,29147,cz1,cz2
r0001235,29150,cz1,cz2
r0001236,29154,cz1,cz2
r0001237,29158,cz1,cz2
r0001238,29161,cz1,cz2
r0001239,29165,cz1,cz2
r0001240,29169,cz1,cz2
r0001241,29172,cz1,cz2
r0001242,29176,cz1,cz2
r0001243,29180,cz1,cz2
r0001244,29183,cz1,cz2
r0001245,29187,cz1,cz2
r0001246,29191,cz1,cz2
r0001247,29194,cz1,cz2
r0001248,29198,cz1,cz2
r0001249,29202,cz1,cz2
r0001250,29205,cz1,cz2
r0001251,29209,cz1,cz2
r0001252,29213,cz1,cz2
r0001253,29216,cz1,cz2
r0001254,29220,cz1,cz2
r0001255,29224,cz1,cz2
r0001256,29227,cz1,cz2
r0001257,29231,cz1,cz2
r0001258,29235,cz1,cz2
r0001259,29238,cz1,cz2
r0001260,29242,cz1,cz2
r0001261,29246,cz1,cz2
r0001262,29250,cz1,cz2
r0001263,29253,cz1,cz2
r0001264,29257,cz1,cz2
r0001265,29261,cz1,cz2
r0001266,29264,cz1,cz2
r0001267,29268,cz1,cz2
r0001268,29272,cz1,cz2
r0001269,29275,cz1,cz2
r0001270,29279,cz1,cz2
r0001271,29283,cz1,cz2
r0001272,29286,cz1,cz2
r0001273,29290,cz1,cz2
r0001274,29294,cz1,cz2
r0001275,29297,cz1,cz2
r0001276,29301,cz1,cz2
r0001277,29305,cz1,cz2
r0001278,29308,cz1,cz3
r0001279,29312,cz1,cz3
r0001280,29316,cz1,cz3
r0001281,29319,cz1,cz3
r0001282,29323,cz1,cz3
r0001283,29327,cz1,cz3
r0001284,29330,cz1,cz3
r0001285,29334,cz1,cz3
r0001286,29338,cz1,cz3
r0001287,29341,cz1,cz3
r0001288,29345,cz1,cz3
r0001289,29349,cz1,cz3
r0001290,29352,cz1,cz3
r0001291,29356,cz1,cz3
r0001292,29360,cz1,cz3
r0001293,29363,cz1,cz3
r0001294,29367,cz1,cz3
r0001295,29371,cz1,cz3
r0001296,29374,cz1,cz3
r0001297,29378,cz1,cz3
r0001298,29382,cz1,cz3
r0001299,29385,cz1,cz3
r0001300,29389,cz1,cz3
r0001301,29393,cz1,cz3
r0001302,29396,cz1,cz3
r0001303,29400,cz1,cz3
r0001304,29404,cz1,cz3
r0001305,29407,cz1,cz3
r0001306,29411,cz1,cz3
r0001307,29415,cz1,cz3
r0001308,29418,cz1,cz3
r0001309,29422,cz1,cz3
r0001310,29426,cz1,cz3
r0001311,29430,cz1,cz3
r0001312,29433,cz1,cz3
r0001313,29437,cz1,cz3
r0001314,29441,cz1,cz3
r0001315,29444,cz1,cz3
r0001316,29448,cz1,cz3
r0001317,29452,cz1,cz3
r0001318,29455,cz1,cz3
r0001319,29459,cz1,cz3
r0001320,29463,cz1,cz3
r0001321,29466,cz1,cz3
r0001322,29470,cz1,cz3
r0001323,29474,cz1,cz3
r0001324,29477,cz1,cz3
r0001325,29481,cz1,cz3
r0001326,29485,cz1,cz3
r0001327,29488,cz1,cz3
r0001328,29492,cz1,cz3
r0001329,29496,cz1,cz3
r0001330,29499,cz1,cz3
r0001331,29503,cz1,cz3
r0001332,29507,cz1,cz3
r0001333,29510,cz1,cz3
r0001334,29514,cz1,cz3
r0001335,29518,cz1,cz3
r0001336,29521,cz1,cz3
r0001337,29525,cz1,cz3
r0001338,29529,cz1,cz3
r0001339,29532,cz1,cz3
r0001340,29536,cz1,cz3
r0001341,29540,cz1,cz3
r0001342,29543,cz1,cz3
r0001343,29547,cz1,cz3
r0001344,29551,cz1,cz3
r0001345,29554,cz1,cz3
r0001346,29558,cz1,cz3
r0001347,29562,cz1,cz3
r0001348,29565,cz1,cz3
r0001349,29569,cz1,cz3
r0001350,29573,cz1,cz3
r0001351,29576,cz1,cz3
r0001352,29580,cz1,cz3
r0001353,29584,cz1,cz3
r0001354,29587,cz1,cz3
r0001355,29591,cz1,cz3
r0001356,29595,cz1,cz3
r0001357,29598,cz1,cz3
r0001358,29602,cz1,cz3
r0001359,29606,cz1,cz3
r0001360,29610,cz1,cz4
r0001361,29613,cz1,cz4
r0001362,29617,cz1,cz4
r0001363,29621,cz1,cz4
r0001364,29624,cz1,cz4
r0001365,29628,cz1,cz4
r0001366,29632,cz1,cz4
r0001367,29635,cz1,cz4
r0001368,29639,cz1,cz4
r0001369,29643,cz1,cz4
r0001370,29646,cz1,cz4
r0001371,29650,cz1,cz4
r0001372,29654,cz1,cz4
r0001373,29657,cz1,cz4
r0001374,29661,cz1,cz4
r0001375,29665,cz1,cz4
r0001376,29668,cz1,cz4
r0001377,29672,cz1,cz4
r0001378,29676,cz1,cz4
r0001379,29679,cz1,cz4
r0001380,29683,cz1,cz4
r0001381,29687,cz1,cz4
r0001382,29690,cz1,cz4
r0001383,29694,cz1,cz4
r0001384,29698,cz1,cz4
r0001385,29701,cz1,cz4
r0001386,29705,cz1,cz4
r0001387,29709,cz1,cz4
r0001388,29712,cz1,cz4
r0001389,29716,cz1,cz4
r0001390,29720,cz1,cz4
r0001391,29723,cz1,cz4
r0001392,29727,cz1,cz4
r0001393,29731,cz1,cz4
r0001394,29734,cz1,cz4
r0001395,29738,cz1,cz4
r0001396,29742,cz1,cz4
r0001397,29745,cz1,cz4
r0001398,29749,cz1,cz4
r0001399,29753,cz1,cz4
r0001400,29756,cz1,cz4
r0001401,29760,cz1,cz4
r0001402,29764,cz1,cz4
r0001403,29767,cz1,cz4
r0001404,29771,cz1,cz4
r0001405,29775,cz1,cz4
r0001406,29778,cz1,cz4
r0001407,29782,cz1,cz4
r0001408,29786,cz1,cz4
r0001409,29790,cz1,cz4
r0001410,29793,cz1,cz4
r0001411,29797,cz1,cz4
r0001412,29801,cz1,cz4
r0001413,29804,cz1,cz4
r0001414,29808,cz1,cz4
r0001415,29812,cz1,cz4
r0001416,29815,cz2,cz1
r0001417,29819,cz2,cz1
r0001418,29823,cz2,cz1
r0001419,29826,cz2,cz1
r0001420,29830,cz2,cz1
r0001421,29834,cz2,cz1
r0001422,29837,cz2,cz1
r0001423,29841,cz2,cz1
r0001424,29845,cz2,cz1
r0001425,29848,cz2,cz1
r0001426,29852,cz2,cz1
r0001427,29856,cz2,cz1
r0001428,29859,cz2,cz1
r0001429,29863,cz2,cz1
r0001430,29867,cz2,cz1
r0001431,29870,cz2,cz1
r0001432,29874,cz2,cz1
r0001433,29878,cz2,cz1
r0001434,29881,cz2,cz1
r0001435,29885,cz2,cz1
r0001436,29889,cz2,cz1
r0001437,29892,cz2,cz1
r0001438,29896,cz2,cz1
r0001439,29900,cz2,cz1
r0001440,29903,cz2,cz1
r0001441,29907,cz2,cz1
r0001442,29911,cz2,cz1
r0001443,29914,cz2,cz1
r0001444,29918,cz2,cz1
r0001445,29922,cz2,cz1
r0001446,29925,cz2,cz1
r0001447,29929,cz2,cz1
r0001448,29933,cz2,cz1
r0001449,29936,cz2,cz1
r0001450,29940,cz2,cz1
r0001451,29944,cz2,cz1
r0001452,29947,cz2,cz1
r0001453,29951,cz2,cz1
r0001454,29955,cz2,cz1
r0001455,29958,cz2,cz1
r0001456,29962,cz2,cz1
r0001457,29966,cz2,cz1
r0001458,29970,cz2,cz1
r0001459,29973,cz2,cz1
r0001460,29977,cz2,cz1
r0001461,29981,cz2,cz1
r0001462,29984,cz2,cz1
r0001463,29988,cz2,cz1
r0001464,29992,cz2,cz1
r0001465,29995,cz2,cz1
r0001466,29999,cz2,cz1
r0001467,30003,cz2,cz1
r0001468,30006,cz2,cz1
r0001469,30010,cz2,cz1
r0001470,30014,cz2,cz1
r0001471,30017,cz2,cz1
r0001472,30021,cz2,cz1
r0001473,30025,cz2,cz1
r0001474,30028,cz2,cz1
r0001475,30032,cz2,cz1
r0001476,30036,cz2,cz1
r0001477,30039,cz2,cz2
r0001478,30043,cz2,cz2
r0001479,30047,cz2,cz2
r0001480,30050,cz2,cz2
r0001481,30054,cz2,cz2
r0001482,30058,cz2,cz2
r0001483,30061,cz2,cz2
r0001484,30065,cz2,cz2
r0001485,30069,cz2,cz2
r0001486,30072,cz2,cz2
r0001487,30076,cz2,cz2
r0001488,30080,cz2,cz2
r0001489,30083,cz2,cz2
r0001490,30087,cz2,cz2
r0001491,30091,cz2,cz2
r0001492,30094,cz2,cz2
r0001493,30098,cz2,cz2
r0001494,30102,cz2,cz2
r0001495,30105,cz2,cz2
r0001496,30109,cz2,cz2
r0001497,30113,cz2,cz2
r0001498,30116,cz2,cz2
r0001499,30120,cz2,cz2
r0001500,30124,cz2,cz2
r0001501,30127,cz2,cz2
r0001502,30131,cz2,cz2
r0001503,30135,cz2,cz2
r0001504,30138,cz2,cz2
r0001505,30142,cz2,cz2
r0001506,30146,cz2,cz2
r0001507,30150,cz2,cz2
r0001508,30153,cz2,cz2
r0001509,30157,cz2,cz2
r0001510,30161,cz2,cz2
r0001511,30164,cz2,cz2
r0001512,30168,cz2,cz2
r0001513,30172,cz2,cz2
r0001514,30175,cz2,cz2
r0001515,30179,cz2,cz2
r0001516,30183,cz2,cz2
r0001517,30186,cz2,cz2
r0001518,30190,cz2,cz2
r0001519,30194,cz2,cz2
r0001520,30197,cz2,cz2
r0001521,30201,cz2,cz2
r0001522,30205,cz2,cz2
r0001523,30208,cz2,cz2
r0001524,30212,cz2,cz2
r0001525,30216,cz2,cz2
r0001526,30219,cz2,cz2
r0001527,30223,cz2,cz2
r0001528,30227,cz2,cz2
r0001529,30230,cz2,cz2
r0001530,30234,cz2,cz2
r0001531,30238,cz2,cz2
r0001532,30241,cz2,cz2
r0001533,30245,cz2,cz2
r0001534,30249,cz2,cz2
r0001535,30252,cz2,cz2
r0001536,30256,cz2,cz3
r0001537,30260,cz2,cz3
r0001538,30263,cz2,cz3
r0001539,30267,cz2,cz3
r0001540,30271,cz2,cz3
r0001541,30274,cz2,cz3
r0001542,30278,cz2,cz3
r0001543,30282,cz2,cz3
r0001544,30285,cz2,cz3
r0001545,30289,cz2,cz3
r0001546,30293,cz2,cz3
r0001547,30296,cz2,cz3
r0001548,30300,cz2,cz3
r0001549,30304,cz2,cz3
r0001550,30307,cz2,cz3
r0001551,30311,cz2,cz3
r0001552,30315,cz2,cz3
r0001553,30318,cz2,cz3
r0001554,30322,cz2,cz3
r0001555,30326,cz2,cz3
r0001556,30330,cz2,cz3
r0001557,30333,cz2,cz3
r0001558,30337,cz2,cz3
r0001559,30341,cz2,cz3
r0001560,30344,cz2,cz3
r0001561,30348,cz2,cz3
r0001562,30352,cz2,cz3
r0001563,30355,cz2,cz3
r0001564,30359,cz2,cz3
r0001565,30363,cz2,cz3
r0001566,30366,cz2,cz3
r0001567,30370,cz2,cz3
r0001568,30374,cz2,cz3
r0001569,30377,cz2,cz3
r0001570,30381,cz2,cz3
r0001571,30385,cz2,cz3
r0001572,30388,cz2,cz3
r0001573,30392,cz2,cz3
r0001574,30396,cz2,cz3
r0001575,30399,cz2,cz3
r0001576,30403,cz2,cz3
r0001577,30407,cz2,cz3
r0001578,30410,cz2,cz3
r0001579,30414,cz2,cz3
r0001580,30418,cz2,cz3
r0001581,30421,cz2,cz3
r0001582,30425,cz2,cz3
r0001583,30429,cz2,cz3
r0001584,30432,cz2,cz3
r0001585,30436,cz2,cz3
r0001586,30440,cz2,cz3
r0001587,30443,cz2,cz3
r0001588,30447,cz2,cz3
r0001589,30451,cz2,cz3
r0001590,30454,cz2,cz3
r0001591,30458,cz2,cz3
r0001592,30462,cz2,cz3
r0001593,30465,cz2,cz3
r0001594,30469,cz2,cz3
r0001595,30473,cz2,cz4
r0001596,30476,cz2,cz4
r0001597,30480,cz2,cz4
r0001598,30484,cz2,cz4
r0001599,30487,cz2,cz4
r0001600,30491,cz2,cz4
r0001601,30495,cz2,cz4
r0001602,30498,cz2,cz4
r0001603,30502,cz2,cz4
r0001604,30506,cz2,cz4
r0001605,30510,cz2,cz4
r0001606,30513,cz2,cz4
r0001607,30517,cz2,cz4
r0001608,30521,cz2,cz4
r0001609,30524,cz2,cz4
r0001610,30528,cz2,cz4
r0001611,30532,cz2,cz4
r0001612,30535,cz2,cz4
r0001613,30539,cz2,cz4
r0001614,30543,cz2,cz4
r0001615,30546,cz2,cz4
r0001616,30550,cz2,cz4
r0001617,30554,cz2,cz4
r0001618,30557,cz2,cz4
r0001619,30561,cz2,cz4
r0001620,30565,cz2,cz4
r0001621,30568,cz2,cz4
r0001622,30572,cz2,cz4
r0001623,30576,cz2,cz4
r0001624,30579,cz2,cz4
r0001625,30583,cz2,cz4
r0001626,30587,cz2,cz4
r0001627,30590,cz2,cz4
r0001628,30594,cz2,cz4
r0001629,30598,cz2,cz4
r0001630,30601,cz2,cz4
r0001631,30605,cz2,cz4
r0001632,30609,cz2,cz4
r0001633,30612,cz2,cz4
r0001634,30616,cz2,cz4
r0001635,30620,cz2,cz4
r0001636,30623,cz2,cz4
r0001637,30627,cz2,cz4
r0001638,30631,cz3,cz1
r0001639,30634,cz3,cz1
r0001640,30638,cz3,cz1
r0001641,30642,cz3,cz1
r0001642,30645,cz3,cz1
r0001643,30649,cz3,cz1
r0001644,30653,cz3,cz1
r0001645,30656,cz3,cz1
r0001646,30660,cz3,cz1
r0001647,30664,cz3,cz1
r0001648,30667,cz3,cz1
r0001649,30671,cz3,cz1
r0001650,30675,cz3,cz1
r0001651,30678,cz3,cz1
r0001652,30682,cz3,cz1
r0001653,30686,cz3,cz1
r0001654,30690,cz3,cz1
r0001655,30693,cz3,cz1
r0001656,30697,cz3,cz1
r0001657,30701,cz3,cz1
r0001658,30704,cz3,cz1
r0001659,30708,cz3,cz1
r0001660,30712,cz3,cz1
r0001661,30715,cz3,cz1
r0001662,30719,cz3,cz1
r0001663,30723,cz3,cz1
r0001664,30726,cz3,cz1
r0001665,30730,cz3,cz1
r0001666,30734,cz3,cz1
r0001667,30737,cz3,cz1
r0001668,30741,cz3,cz1
r0001669,30745,cz3,cz1
r0001670,30748,cz3,cz1
r0001671,30752,cz3,cz1
r0001672,30756,cz3,cz1
r0001673,30759,cz3,cz1
r0001674,30763,cz3,cz1
r0001675,30767,cz3,cz1
r0001676,30770,cz3,cz1
r0001677,30774,cz3,cz1
r0001678,30778,cz3,cz1
r0001679,30781,cz3,cz1
r0001680,30785,cz3,cz1
r0001681,30789,cz3,cz1
r0001682,30792,cz3,cz1
r0001683,30796,cz3,cz1
r0001684,30800,cz3,cz1
r0001685,30803,cz3,cz1
r0001686,30807,cz3,cz1
r0001687,30811,cz3,cz1
r0001688,30814,cz3,cz1
r0001689,30818,cz3,cz1
r0001690,30822,cz3,cz1
r0001691,30825,cz3,cz1
r0001692,30829,cz3,cz1
r0001693,30833,cz3,cz1
r0001694,30836,cz3,cz1
r0001695,30840,cz3,cz1
r0001696,30844,cz3,cz1
r0001697,30847,cz3,cz1
r0001698,30851,cz3,cz1
r0001699,30855,cz3,cz1
r0001700,30858,cz3,cz1
r0001701,30862,cz3,cz1
r0001702,30866,cz3,cz1
r0001703,30870,cz3,cz1
r0001704,30873,cz3,cz1
r0001705,30877,cz3,cz1
r0001706,30881,cz3,cz1
r0001707,30884,cz3,cz1
r0001708,30888,cz3,cz1
r0001709,30892,cz3,cz1
r0001710,30895,cz3,cz1
r0001711,30899,cz3,cz1
r0001712,30903,cz3,cz1
r0001713,30906,cz3,cz1
r0001714,30910,cz3,cz1
r0001715,30914,cz3,cz1
r0001716,30917,cz3,cz1
r0001717,30921,cz3,cz1
r0001718,30925,cz3,cz2
r0001719,30928,cz3,cz2
r0001720,30932,cz3,cz2
r0001721,30936,cz3,cz2
r0001722,30939,cz3,cz2
r0001723,30943,cz3,cz2
r0001724,30947,cz3,cz2
r0001725,30950,cz3,cz2
r0001726,30954,cz3,cz2
r0001727,30958,cz3,cz2
r0001728,30961,cz3,cz2
r0001729,30965,cz3,cz2
r0001730,30969,cz3,cz2
r0001731,30972,cz3,cz2
r0001732,30976,cz3,cz2
r0001733,30980,cz3,cz2
r0001734,30983,cz3,cz2
r0001735,30987,cz3,cz2
r0001736,30991,cz3,cz2
r0001737,30994,cz3,cz2
r0001738,30998,cz3,cz2
r0001739,31002,cz3,cz2
r0001740,31005,cz3,cz2
r0001741,31009,cz3,cz2
r0001742,31013,cz3,cz2
r0001743,31016,cz3,cz2
r0001744,31020,cz3,cz2
r0001745,31024,cz3,cz2
r0001746,31027,cz3,cz2
r0001747,31031,cz3,cz2
r0001748,31035,cz3,cz2
r0001749,31038,cz3,cz2
r0001750,31042,cz3,cz2
r0001751,31046,cz3,cz2
r0001752,31050,cz3,cz2
r0001753,31053,cz3,cz2
r0001754,31057,cz3,cz2
r0001755,31061,cz3,cz2
r0001756,31064,cz3,cz2
r0001757,31068,cz3,cz2
r0001758,31072,cz3,cz2
r0001759,31075,cz3,cz2
r0001760,31079,cz3,cz2
r0001761,31083,cz3,cz2
r0001762,31086,cz3,cz2
r0001763,31090,cz3,cz2
r0001764,31094,cz3,cz2
r0001765,31097,cz3,cz2
r0001766,31101,cz3,cz2
r0001767,31105,cz3,cz2
r0001768,31108,cz3,cz2
r0001769,31112,cz3,cz2
r0001770,31116,cz3,cz2
r0001771,31119,cz3,cz2
r0001772,31123,cz3,cz2
r0001773,31127,cz3,cz2
r0001774,31130,cz3,cz2
r0001775,31134,cz3,cz3
r0001776,31138,cz3,cz3
r0001777,31141,cz3,cz3
r0001778,31145,cz3,cz3
r0001779,31149,cz3,cz3
r0001780,31152,cz3,cz3
r0001781,31156,cz3,cz3
r0001782,31160,cz3,cz3
r0001783,31163,cz3,cz3
r0001784,31167,cz3,cz3
r0001785,31171,cz3,cz3
r0001786,31174,cz3,cz3
r0001787,31178,cz3,cz3
r0001788,31182,cz3,cz3
r0001789,31185,cz3,cz3
r0001790,31189,cz3,cz3
r0001791,31193,cz3,cz3
r0001792,31196,cz3,cz3
r0001793,31200,cz3,cz3
r0001794,31204,cz3,cz3
r0001795,31207,cz3,cz3
r0001796,31211,cz3,cz3
r0001797,31215,cz3,cz3
r0001798,31218,cz3,cz3
r0001799,31222,cz3,cz3
r0001800,31226,cz3,cz3
r0001801,31230,cz3,cz3
r0001802,31233,cz3,cz3
r0001803,31237,cz3,cz3
r0001804,31241,cz3,cz3
r0001805,31244,cz3,cz3
r0001806,31248,cz3,cz3
r0001807,31252,cz3,cz3
r0001808,31255,cz3,cz3
r0001809,31259,cz3,cz3
r0001810,31263,cz3,cz3
r0001811,31266,cz3,cz3
r0001812,31270,cz3,cz3
r0001813,31274,cz3,cz3
r0001814,31277,cz3,cz3
r0001815,31281,cz3,cz3
r0001816,31285,cz3,cz3
r0001817,31288,cz3,cz3
r0001818,31292,cz3,cz3
r0001819,31296,cz3,cz3
r0001820,31299,cz3,cz3
r0001821,31303,cz3,cz3
r0001822,31307,cz3,cz3
r0001823,31310,cz3,cz3
r0001824,31314,cz3,cz3
r0001825,31318,cz3,cz3
r0001826,31321,cz3,cz3
r0001827,31325,cz3,cz3
r0001828,31329,cz3,cz3
r0001829,31332,cz3,cz3
r0001830,31336,cz3,cz3
r0001831,31340,cz3,cz3
r0001832,31343,cz3,cz3
r0001833,31347,cz3,cz3
r0001834,31351,cz3,cz3
r0001835,31354,cz3,cz3
r0001836,31358,cz3,cz3
r0001837,31362,cz3,cz3
r0001838,31365,cz3,cz3
r0001839,31369,cz3,cz3
r0001840,31373,cz3,cz3
r0001841,31376,cz3,cz3
r0001842,31380,cz3,cz3
r0001843,31384,cz3,cz3
r0001844,31387,cz3,cz3
r0001845,31391,cz3,cz3
r0001846,31395,cz3,cz3
r0001847,31398,cz3,cz3
r0001848,31402,cz3,cz3
r0001849,31406,cz3,cz3
r0001850,31410,cz3,cz3
r0001851,31413,cz3,cz3
r0001852,31417,cz3,cz3
r0001853,31421,cz3,cz3
r0001854,31424,cz3,cz3
r0001855,31428,cz3,cz3
r0001856,31432,cz3,cz3
r0001857,31435,cz3,cz3
r0001858,31439,cz3,cz3
r0001859,31443,cz3,cz3
r0001860,31446,cz3,cz3
r0001861,31450,cz3,cz4
r0001862,31454,cz3,cz4
r0001863,31457,cz3,cz4
r0001864,31461,cz3,cz4
r0001865,31465,cz3,cz4
r0001866,31468,cz3,cz4
r0001867,31472,cz3,cz4
r0001868,31476,cz3,cz4
r0001869,31479,cz3,cz4
r0001870,31483,cz3,cz4
r0001871,31487,cz3,cz4
r0001872,31490,cz3,cz4
r0001873,31494,cz3,cz4
r0001874,31498,cz3,cz4
r0001875,31501,cz3,cz4
r0001876,31505,cz3,cz4
r0001877,31509,cz3,cz4
r0001878,31512,cz3,cz4
r0001879,31516,cz3,cz4
r0001880,31520,cz3,cz4
r0001881,31523,cz3,cz4
r0001882,31527,cz3,cz4
r0001883,31531,cz3,cz4
r0001884,31534,cz3,cz4
r0001885,31538,cz3,cz4
r0001886,31542,cz3,cz4
r0001887,31545,cz3,cz4
r0001888,31549,cz3,cz4
r0001889,31553,cz3,cz4
r0001890,31556,cz3,cz4
r0001891,31560,cz3,cz4
r0001892,31564,cz3,cz4
r0001893,31567,cz3,cz4
r0001894,31571,cz3,cz4
r0001895,31575,cz3,cz4
r0001896,31578,cz3,cz4
r0001897,31582,cz3,cz4
r0001898,31586,cz3,cz4
r0001899,31590,cz3,cz4
r0001900,31593,cz3,cz4
r0001901,31597,cz3,cz4
r0001902,31601,cz3,cz4
r0001903,31604,cz3,cz4
r0001904,31608,cz3,cz4
r0001905,31612,cz3,cz4
r0001906,31615,cz3,cz4
r0001907,31619,cz3,cz4
r0001908,31623,cz3,cz4
r0001909,31626,cz3,cz4
r0001910,31630,cz3,cz4
r0001911,31634,cz3,cz4
r0001912,31637,cz3,cz4
r0001913,31641,cz3,cz4
r0001914,31645,cz3,cz4
r0001915,31648,cz3,cz4
r0001916,31652,cz3,cz4
r0001917,31656,cz3,cz4
r0001918,31659,cz3,cz4
r0001919,31663,cz4,cz1
r0001920,31667,cz4,cz1
r0001921,31670,cz4,cz1
r0001922,31674,cz4,cz1
r0001923,31678,cz4,cz1
r0001924,31681,cz4,cz1
r0001925,31685,cz4,cz1
r0001926,31689,cz4,cz1
r0001927,31692,cz4,cz1
r0001928,31696,cz4,cz1
r0001929,31700,cz4,cz1
r0001930,31703,cz4,cz1
r0001931,31707,cz4,cz1
r0001932,31711,cz4,cz1
r0001933,31714,cz4,cz1
r0001934,31718,cz4,cz1
r0001935,31722,cz4,cz1
r0001936,31725,cz4,cz1
r0001937,31729,cz4,cz1
r0001938,31733,cz4,cz1
r0001939,31736,cz4,cz1
r0001940,31740,cz4,cz1
r0001941,31744,cz4,cz1
r0001942,31747,cz4,cz1
r0001943,31751,cz4,cz1
r0001944,31755,cz4,cz1
r0001945,31758,cz4,cz1
r0001946,31762,cz4,cz1
r0001947,31766,cz4,cz1
r0001948,31770,cz4,cz1
r0001949,31773,cz4,cz1
r0001950,31777,cz4,cz1
r0001951,31781,cz4,cz1
r0001952,31784,cz4,cz1
r0001953,31788,cz4,cz1
r0001954,31792,cz4,cz1
r0001955,31795,cz4,cz1
r0001956,31799,cz4,cz1
r0001957,31803,cz4,cz1
r0001958,31806,cz4,cz1
r0001959,31810,cz4,cz1
r0001960,31814,cz4,cz1
r0001961,31817,cz4,cz1
r0001962,31821,cz4,cz1
r0001963,31825,cz4,cz1
r0001964,31828,cz4,cz1
r0001965,31832,cz4,cz1
r0001966,31836,cz4,cz1
r0001967,31839,cz4,cz1
r0001968,31843,cz4,cz1
r0001969,31847,cz4,cz1
r0001970,31850,cz4,cz1
r0001971,31854,cz4,cz1
r0001972,31858,cz4,cz1
r0001973,31861,cz4,cz1
r0001974,31865,cz4,cz1
r0001975,31869,cz4,cz1
r0001976,31872,cz4,cz2
r0001977,31876,cz4,cz2
r0001978,31880,cz4,cz2
r0001979,31883,cz4,cz2
r0001980,31887,cz4,cz2
r0001981,31891,cz4,cz2
r0001982,31894,cz4,cz2
r0001983,31898,cz4,cz2
r0001984,31902,cz4,cz2
r0001985,31905,cz4,cz2
r0001986,31909,cz4,cz2
r0001987,31913,cz4,cz2
r0001988,31916,cz4,cz2
r0001989,31920,cz4,cz2
r0001990,31924,cz4,cz2
r0001991,31927,cz4,cz2
r0001992,31931,cz4,cz2
r0001993,31935,cz4,cz2
r0001994,31938,cz4,cz2
r0001995,31942,cz4,cz2
r0001996,31946,cz4,cz2
r0001997,31950,cz4,cz2
r0001998,31953,cz4,cz2
r0001999,31957,cz4,cz2
r0002000,31961,cz4,cz2
r0002001,31964,cz4,cz2
r0002002,31968,cz4,cz2
r0002003,31972,cz4,cz2
r0002004,31975,cz4,cz2
r0002005,31979,cz4,cz2
r0002006,31983,cz4,cz2
r0002007,31986,cz4,cz2
r0002008,31990,cz4,cz2
r0002009,31994,cz4,cz2
r0002010,31997,cz4,cz2
r0002011,32001,cz4,cz2
r0002012,32005,cz4,cz2
r0002013,32008,cz4,cz2
r0002014,32012,cz4,cz2
r0002015,32016,cz4,cz2
r0002016,32019,cz4,cz2
r0002017,32023,cz4,cz2
r0002018,32027,cz4,cz2
r0002019,32030,cz4,cz3
r0002020,32034,cz4,cz3
r0002021,32038,cz4,cz3
r0002022,32041,cz4,cz3
r0002023,32045,cz4,cz3
r0002024,32049,cz4,cz3
r0002025,32052,cz4,cz3
r0002026,32056,cz4,cz3
r0002027,32060,cz4,cz3
r0002028,32063,cz4,cz3
r0002029,32067,cz4,cz3
r0002030,32071,cz4,cz3
r0002031,32074,cz4,cz3
r0002032,32078,cz4,cz3
r0002033,32082,cz4,cz3
r0002034,32085,cz4,cz3
r0002035,32089,cz4,cz3
r0002036,32093,cz4,cz3
r0002037,32096,cz4,cz3
r0002038,32100,cz4,cz3
r0002039,32104,cz4,cz3
r0002040,32107,cz4,cz3
r0002041,32111,cz4,cz3
r0002042,32115,cz4,cz3
r0002043,32118,cz4,cz3
r0002044,32122,cz4,cz3
r0002045,32126,cz4,cz3
r0002046,32130,cz4,cz3
r0002047,32133,cz4,cz3
r0002048,32137,cz4,cz3
r0002049,32141,cz4,cz3
r0002050,32144,cz4,cz3
r0002051,32148,cz4,cz3
r0002052,32152,cz4,cz3
r0002053,32155,cz4,cz3
r0002054,32159,cz4,cz3
r0002055,32163,cz4,cz3
r0002056,32166,cz4,cz3
r0002057,32170,cz4,cz3
r0002058,32174,cz4,cz3
r0002059,32177,cz4,cz3
r0002060,32181,cz4,cz3
r0002061,32185,cz4,cz3
r0002062,32188,cz4,cz3
r0002063,32192,cz4,cz3
r0002064,32196,cz4,cz3
r0002065,32199,cz4,cz3
r0002066,32203,cz4,cz3
r0002067,32207,cz4,cz3
r0002068,32210,cz4,cz3
r0002069,32214,cz4,cz3
r0002070,32218,cz4,cz3
r0002071,32221,cz4,cz3
r0002072,32225,cz4,cz3
r0002073,32229,cz4,cz3
r0002074,32232,cz4,cz3
r0002075,32236,cz4,cz3
r0002076,32240,cz4,cz3
r0002077,32243,cz4,cz3
r0002078,32247,cz4,cz3
r0002079,32251,cz4,cz4
r0002080,32254,cz4,cz4
r0002081,32258,cz4,cz4
r0002082,32262,cz4,cz4
r0002083,32265,cz4,cz4
r0002084,32269,cz4,cz4
r0002085,32273,cz4,cz4
r0002086,32276,cz4,cz4
r0002087,32280,cz4,cz4
r0002088,32284,cz4,cz4
r0002089,32287,cz4,cz4
r0002090,32291,cz4,cz4
r0002091,32295,cz4,cz4
r0002092,32298,cz4,cz4
r0002093,32302,cz4,cz4
r0002094,32306,cz4,cz4
r0002095,32310,cz4,cz4
r0002096,32313,cz4,cz4
r0002097,32317,cz4,cz4
r0002098,32321,cz4,cz4
r0002099,32324,cz4,cz4
r0002100,32328,cz4,cz4
r0002101,32332,cz4,cz4
r0002102,32335,cz4,cz4
r0002103,32339,cz4,cz4
r0002104,32343,cz4,cz4
r0002105,32346,cz4,cz4
r0002106,32350,cz4,cz4
r0002107,32354,cz4,cz4
r0002108,32357,cz4,cz4
r0002109,32361,cz4,cz4
r0002110,32365,cz4,cz4
r0002111,32368,cz4,cz4
r0002112,32372,cz4,cz4
r0002113,32376,cz4,cz4
r0002114,32379,cz4,cz4
r0002115,32383,cz4,cz4
r0002116,32387,cz4,cz4
r0002117,32390,cz4,cz4
r0002118,32394,cz4,cz4
r0002119,32398,cz4,cz4
r0002120,32401,cz1,cz1
r0002121,32405,cz1,cz1
r0002122,32409,cz1,cz1
r0002123,32413,cz1,cz1
r0002124,32416,cz1,cz1
r0002125,32420,cz1,cz1
r0002126,32424,cz1,cz1
r0002127,32427,cz1,cz1
r0002128,32431,cz1,cz1
r0002129,32435,cz1,cz1
r0002130,32439,cz1,cz1
r0002131,32442,cz1,cz1
r0002132,32446,cz1,cz1
r0002133,32450,cz1,cz1
r0002134,32453,cz1,cz1
r0002135,32457,cz1,cz1
r0002136,32461,cz1,cz1
r0002137,32465,cz1,cz1
r0002138,32468,cz1,cz1
r0002139,32472,cz1,cz1
r0002140,32476,cz1,cz1
r0002141,32479,cz1,cz1
r0002142,32483,cz1,cz1
r0002143,32487,cz1,cz1
r0002144,32491,cz1,cz1
r0002145,32494,cz1,cz1
r0002146,32498,cz1,cz1
r0002147,32502,cz1,cz1
r0002148,32505,cz1,cz1
r0002149,32509,cz1,cz1
r0002150,32513,cz1,cz1
r0002151,32517,cz1,cz1
r0002152,32520,cz1,cz1
r0002153,32524,cz1,cz1
r0002154,32528,cz1,cz1
r0002155,32532,cz1,cz1
r0002156,32535,cz1,cz1
r0002157,32539,cz1,cz1
r0002158,32543,cz1,cz1
r0002159,32546,cz1,cz1
r0002160,32550,cz1,cz1
r0002161,32554,cz1,cz1
r0002162,32558,cz1,cz1
r0002163,32561,cz1,cz1
r0002164,32565,cz1,cz1
r0002165,32569,cz1,cz1
r0002166,32572,cz1,cz1
r0002167,32576,cz1,cz1
r0002168,32580,cz1,cz1
r0002169,32584,cz1,cz1
r0002170,32587,cz1,cz1
r0002171,32591,cz1,cz1
r0002172,32595,cz1,cz1
r0002173,32598,cz1,cz1
r0002174,32602,cz1,cz1
r0002175,32606,cz1,cz1
r0002176,32610,cz1,cz1
r0002177,32613,cz1,cz1
r0002178,32617,cz1,cz1
r0002179,32621,cz1,cz1
r0002180,32625,cz1,cz1
r0002181,32628,cz1,cz1
r0002182,32632,cz1,cz1
r0002183,32636,cz1,cz1
r0002184,32639,cz1,cz1
r0002185,32643,cz1,cz1
r0002186,32647,cz1,cz1
r0002187,32651,cz1,cz1
r0002188,32654,cz1,cz1
r0002189,32658,cz1,cz1
r0002190,32662,cz1,cz1
r0002191,32665,cz1,cz1
r0002192,32669,cz1,cz1
r0002193,32673,cz1,cz1
r0002194,32677,cz1,cz1
r0002195,32680,cz1,cz1
r0002196,32684,cz1,cz1
r0002197,32688,cz1,cz1
r0002198,32691,cz1,cz2
r0002199,32695,cz1,cz2
r0002200,32699,cz1,cz2
r0002201,32703,cz1,cz2
r0002202,32706,cz1,cz2
r0002203,32710,cz1,cz2
r0002204,32714,cz1,cz2
r0002205,32717,cz1,cz2
r0002206,32721,cz1,cz2
r0002207,32725,cz1,cz2
r0002208,32729,cz1,cz2
r0002209,32732,cz1,cz2
r0002210,32736,cz1,cz2
r0002211,32740,cz1,cz2
r0002212,32744,cz1,cz2
r0002213,32747,cz1,cz2
r0002214,32751,cz1,cz2
r0002215,32755,cz1,cz2
r0002216,32758,cz1,cz2
r0002217,32762,cz1,cz2
r0002218,32766,cz1,cz2
r0002219,32770,cz1,cz2
r0002220,32773,cz1,cz2
r0002221,32777,cz1,cz2
r0002222,32781,cz1,cz2
r0002223,32784,cz1,cz2
r0002224,32788,cz1,cz2
r0002225,32792,cz1,cz2
r0002226,32796,cz1,cz2
r0002227,32799,cz1,cz2
r0002228,32803,cz1,cz2
r0002229,32807,cz1,cz2
r0002230,32810,cz1,cz2
r0002231,32814,cz1,cz2
r0002232,32818,cz1,cz2
r0002233,32822,cz1,cz2
r0002234,32825,cz1,cz2
r0002235,32829,cz1,cz2
r0002236,32833,cz1,cz2
r0002237,32836,cz1,cz2
r0002238,32840,cz1,cz2
r0002239,32844,cz1,cz2
r0002240,32848,cz1,cz2
r0002241,32851,cz1,cz2
r0002242,32855,cz1,cz2
r0002243,32859,cz1,cz2
r0002244,32863,cz1,cz2
r0002245,32866,cz1,cz2
r0002246,32870,cz1,cz2
r0002247,32874,cz1,cz2
r0002248,32877,cz1,cz2
r0002249,32881,cz1,cz2
r0002250,32885,cz1,cz2
r0002251,32889,cz1,cz2
r0002252,32892,cz1,cz2
r0002253,32896,cz1,cz2
r0002254,32900,cz1,cz2
r0002255,32903,cz1,cz2
r0002256,32907,cz1,cz2
r0002257,32911,cz1,cz3
r0002258,32915,cz1,cz3
r0002259,32918,cz1,cz3
r0002260,32922,cz1,cz3
r0002261,32926,cz1,cz3
r0002262,32929,cz1,cz3
r0002263,32933,cz1,cz3
r0002264,32937,cz1,cz3
r0002265,32941,cz1,cz3
r0002266,32944,cz1,cz3
r0002267,32948,cz1,cz3
r0002268,32952,cz1,cz3
r0002269,32955,cz1,cz3
r0002270,32959,cz1,cz3
r0002271,32963,cz1,cz3
r0002272,32967,cz1,cz3
r0002273,32970,cz1,cz3
r0002274,32974,cz1,cz3
r0002275,32978,cz1,cz3
r0002276,32982,cz1,cz3
r0002277,32985,cz1,cz3
r0002278,32989,cz1,cz3
r0002279,32993,cz1,cz3
r0002280,32996,cz1,cz3
r0002281,33000,cz1,cz3
r0002282,33004,cz1,cz3
r0002283,33008,cz1,cz3
r0002284,33011,cz1,cz3
r0002285,33015,cz1,cz3
r0002286,33019,cz1,cz3
r0002287,33022,cz1,cz3
r0002288,33026,cz1,cz3
r0002289,33030,cz1,cz3
r0002290,33034,cz1,cz3
r0002291,33037,cz1,cz3
r0002292,33041,cz1,cz3
r0002293,33045,cz1,cz3
r0002294,33048,cz1,cz3
r0002295,33052,cz1,cz3
r0002296,33056,cz1,cz3
r0002297,33060,cz1,cz3
r0002298,33063,cz1,cz3
r0002299,33067,cz1,cz3
r0002300,33071,cz1,cz3
r0002301,33075,cz1,cz3
r0002302,33078,cz1,cz3
r0002303,33082,cz1,cz3
r0002304,33086,cz1,cz3
r0002305,33089,cz1,cz3
r0002306,33093,cz1,cz3
r0002307,33097,cz1,cz3
r0002308,33101,cz1,cz3
r0002309,33104,cz1,cz3
r0002310,33108,cz1,cz3
r0002311,33112,cz1,cz3
r0002312,33115,cz1,cz3
r0002313,33119,cz1,cz3
r0002314,33123,cz1,cz3
r0002315,33127,cz1,cz3
r0002316,33130,cz1,cz3
r0002317,33134,cz1,cz3
r0002318,33138,cz1,cz3
r0002319,33141,cz1,cz3
r0002320,33145,cz1,cz3
r0002321,33149,cz1,cz3
r0002322,33153,cz1,cz3
r0002323,33156,cz1,cz3
r0002324,33160,cz1,cz3
r0002325,33164,cz1,cz3
r0002326,33167,cz1,cz3
r0002327,33171,cz1,cz3
r0002328,33175,cz1,cz3
r0002329,33179,cz1,cz3
r0002330,33182,cz1,cz3
r0002331,33186,cz1,cz3
r0002332,33190,cz1,cz3
r0002333,33194,cz1,cz3
r0002334,33197,cz1,cz3
r0002335,33201,cz1,cz3
r0002336,33205,cz1,cz3
r0002337,33208,cz1,cz3
r0002338,33212,cz1,cz4
r0002339,33216,cz1,cz4
r0002340,33220,cz1,cz4
r0002341,33223,cz1,cz4
r0002342,33227,cz1,cz4
r0002343,33231,cz1,cz4
r0002344,33234,cz1,cz4
r0002345,33238,cz1,cz4
r0002346,33242,cz1,cz4
r0002347,33246,cz1,cz4
r0002348,33249,cz1,cz4
r0002349,33253,cz1,cz4
r0002350,33257,cz1,cz4
r0002351,33260,cz1,cz4
r0002352,33264,cz1,cz4
r0002353,33268,cz1,cz4
r0002354,33272,cz1,cz4
r0002355,33275,cz1,cz4
r0002356,33279,cz1,cz4
r0002357,33283,cz1,cz4
r0002358,33286,cz1,cz4
r0002359,33290,cz1,cz4
r0002360,33294,cz1,cz4
r0002361,33298,cz1,cz4
r0002362,33301,cz1,cz4
r0002363,33305,cz1,cz4
r0002364,33309,cz1,cz4
r0002365,33313,cz1,cz4
r0002366,33316,cz1,cz4
r0002367,33320,cz1,cz4
r0002368,33324,cz1,cz4
r0002369,33327,cz1,cz4
r0002370,33331,cz1,cz4
r0002371,33335,cz1,cz4
r0002372,33339,cz1,cz4
r0002373,33342,cz1,cz4
r0002374,33346,cz1,cz4
r0002375,33350,cz1,cz4
r0002376,33353,cz1,cz4
r0002377,33357,cz1,cz4
r0002378,33361,cz1,cz4
r0002379,33365,cz1,cz4
r0002380,33368,cz1,cz4
r0002381,33372,cz1,cz4
r0002382,33376,cz1,cz4
r0002383,33379,cz1,cz4
r0002384,33383,cz1,cz4
r0002385,33387,cz1,cz4
r0002386,33391,cz1,cz4
r0002387,33394,cz1,cz4
r0002388,33398,cz1,cz4
r0002389,33402,cz1,cz4
r0002390,33405,cz1,cz4
r0002391,33409,cz1,cz4
r0002392,33413,cz1,cz4
r0002393,33417,cz2,cz1
r0002394,33420,cz2,cz1
r0002395,33424,cz2,cz1
r0002396,33428,cz2,cz1
r0002397,33432,cz2,cz1
r0002398,33435,cz2,cz1
r0002399,33439,cz2,cz1
r0002400,33443,cz2,cz1
r0002401,33446,cz2,cz1
r0002402,33450,cz2,cz1
r0002403,33454,cz2,cz1
r0002404,33458,cz2,cz1
r0002405,33461,cz2,cz1
r0002406,33465,cz2,cz1
r0002407,33469,cz2,cz1
r0002408,33472,cz2,cz1
r0002409,33476,cz2,cz1
r0002410,33480,cz2,cz1
r0002411,33484,cz2,cz1
r0002412,33487,cz2,cz1
r0002413,33491,cz2,cz1
r0002414,33495,cz2,cz1
r0002415,33498,cz2,cz1
r0002416,33502,cz2,cz1
r0002417,33506,cz2,cz1
r0002418,33510,cz2,cz1
r0002419,33513,cz2,cz1
r0002420,33517,cz2,cz1
r0002421,33521,cz2,cz1
r0002422,33525,cz2,cz1
r0002423,33528,cz2,cz1
r0002424,33532,cz2,cz1
r0002425,33536,cz2,cz1
r0002426,33539,cz2,cz1
r0002427,33543,cz2,cz1
r0002428,33547,cz2,cz1
r0002429,33551,cz2,cz1
r0002430,33554,cz2,cz1
r0002431,33558,cz2,cz1
r0002432,33562,cz2,cz1
r0002433,33565,cz2,cz1
r0002434,33569,cz2,cz1
r0002435,33573,cz2,cz1
r0002436,33577,cz2,cz1
r0002437,33580,cz2,cz1
r0002438,33584,cz2,cz1
r0002439,33588,cz2,cz1
r0002440,33591,cz2,cz1
r0002441,33595,cz2,cz1
r0002442,33599,cz2,cz1
r0002443,33603,cz2,cz1
r0002444,33606,cz2,cz1
r0002445,33610,cz2,cz1
r0002446,33614,cz2,cz1
r0002447,33617,cz2,cz1
r0002448,33621,cz2,cz1
r0002449,33625,cz2,cz1
r0002450,33629,cz2,cz1
r0002451,33632,cz2,cz1
r0002452,33636,cz2,cz1
r0002453,33640,cz2,cz1
r0002454,33644,cz2,cz2
r0002455,33647,cz2,cz2
r0002456,33651,cz2,cz2
r0002457,33655,cz2,cz2
r0002458,33658,cz2,cz2
r0002459,33662,cz2,cz2
r0002460,33666,cz2,cz2
r0002461,33670,cz2,cz2
r0002462,33673,cz2,cz2
r0002463,33677,cz2,cz2
r0002464,33681,cz2,cz2
r0002465,33684,cz2,cz2
r0002466,33688,cz2,cz2
r0002467,33692,cz2,cz2
r0002468,33696,cz2,cz2
r0002469,33699,cz2,cz2
r0002470,33703,cz2,cz2
r0002471,33707,cz2,cz2
r0002472,33710,cz2,cz2
r0002473,33714,cz2,cz2
r0002474,33718,cz2,cz2
r0002475,33722,cz2,cz2
r0002476,33725,cz2,cz2
r0002477,33729,cz2,cz2
r0002478,33733,cz2,cz2
r0002479,33736,cz2,cz2
r0002480,33740,cz2,cz2
r0002481,33744,cz2,cz2
r0002482,33748,cz2,cz2
r0002483,33751,cz2,cz2
r0002484,33755,cz2,cz2
r0002485,33759,cz2,cz2
r0002486,33763,cz2,cz2
r0002487,33766,cz2,cz2
r0002488,33770,cz2,cz2
r0002489,33774,cz2,cz2
r0002490,33777,cz2,cz2
r0002491,33781,cz2,cz2
r0002492,33785,cz2,cz2
r0002493,33789,cz2,cz2
r0002494,33792,cz2,cz2
r0002495,33796,cz2,cz2
r0002496,33800,cz2,cz2
r0002497,33803,cz2,cz2
r0002498,33807,cz2,cz2
r0002499,33811,cz2,cz2
r0002500,33815,cz2,cz2
r0002501,33818,cz2,cz2
r0002502,33822,cz2,cz2
r0002503,33826,cz2,cz2
r0002504,33829,cz2,cz2
r0002505,33833,cz2,cz2
r0002506,33837,cz2,cz2
r0002507,33841,cz2,cz2
r0002508,33844,cz2,cz2
r0002509,33848,cz2,cz2
r0002510,33852,cz2,cz2
r0002511,33855,cz2,cz2
r0002512,33859,cz2,cz2
r0002513,33863,cz2,cz3
r0002514,33867,cz2,cz3
r0002515,33870,cz2,cz3
r0002516,33874,cz2,cz3
r0002517,33878,cz2,cz3
r0002518,33882,cz2,cz3
r0002519,33885,cz2,cz3
r0002520,33889,cz2,cz3
r0002521,33893,cz2,cz3
r0002522,33896,cz2,cz3
r0002523,33900,cz2,cz3
r0002524,33904,cz2,cz3
r0002525,33908,cz2,cz3
r0002526,33911,cz2,cz3
r0002527,33915,cz2,cz3
r0002528,33919,cz2,cz3
r0002529,33922,cz2,cz3
r0002530,33926,cz2,cz3
r0002531,33930,cz2,cz3
r0002532,33934,cz2,cz3
r0002533,33937,cz2,cz3
r0002534,33941,cz2,cz3
r0002535,33945,cz2,cz3
r0002536,33948,cz2,cz3
r0002537,33952,cz2,cz3
r0002538,33956,cz2,cz3
r0002539,33960,cz2,cz3
r0002540,33963,cz2,cz3
r0002541,33967,cz2,cz3
r0002542,33971,cz2,cz3
r0002543,33975,cz2,cz3
r0002544,33978,cz2,cz3
r0002545,33982,cz2,cz3
r0002546,33986,cz2,cz3
r0002547,33989,cz2,cz3
r0002548,33993,cz2,cz3
r0002549,33997,cz2,cz3
r0002550,34001,cz2,cz3
r0002551,34004,cz2,cz3
r0002552,34008,cz2,cz3
r0002553,34012,cz2,cz3
r0002554,34015,cz2,cz3
r0002555,34019,cz2,cz3
r0002556,34023,cz2,cz3
r0002557,34027,cz2,cz3
r0002558,34030,cz2,cz3
r0002559,34034,cz2,cz3
r0002560,34038,cz2,cz3
r0002561,34041,cz2,cz3
r0002562,34045,cz2,cz3
r0002563,34049,cz2,cz3
r0002564,34053,cz2,cz3
r0002565,34056,cz2,cz3
r0002566,34060,cz2,cz3
r0002567,34064,cz2,cz3
r0002568,34067,cz2,cz3
r0002569,34071,cz2,cz3
r0002570,34075,cz2,cz3
r0002571,34079,cz2,cz4
r0002572,34082,cz2,cz4
r0002573,34086,cz2,cz4
r0002574,34090,cz2,cz4
r0002575,34094,cz2,cz4
r0002576,34097,cz2,cz4
r0002577,34101,cz2,cz4
r0002578,34105,cz2,cz4
r0002579,34108,cz2,cz4
r0002580,34112,cz2,cz4
r0002581,34116,cz2,cz4
r0002582,34120,cz2,cz4
r0002583,34123,cz2,cz4
r0002584,34127,cz2,cz4
r0002585,34131,cz2,cz4
r0002586,34134,cz2,cz4
r0002587,34138,cz2,cz4
r0002588,34142,cz2,cz4
r0002589,34146,cz2,cz4
r0002590,34149,cz2,cz4
r0002591,34153,cz2,cz4
r0002592,34157,cz2,cz4
r0002593,34160,cz2,cz4
r0002594,34164,cz2,cz4
r0002595,34168,cz2,cz4
r0002596,34172,cz2,cz4
r0002597,34175,cz2,cz4
r0002598,34179,cz2,cz4
r0002599,34183,cz2,cz4
r0002600,34186,cz2,cz4
r0002601,34190,cz2,cz4
r0002602,34194,cz2,cz4
r0002603,34198,cz2,cz4
r0002604,34201,cz2,cz4
r0002605,34205,cz2,cz4
r0002606,34209,cz2,cz4
r0002607,34213,cz2,cz4
r0002608,34216,cz2,cz4
r0002609,34220,cz2,cz4
r0002610,34224,cz2,cz4
r0002611,34227,cz2,cz4
r0002612,34231,cz2,cz4
r0002613,34235,cz3,cz1
r0002614,34239,cz3,cz1
r0002615,34242,cz3,cz1
r0002616,34246,cz3,cz1
r0002617,34250,cz3,cz1
r0002618,34253,cz3,cz1
r0002619,34257,cz3,cz1
r0002620,34261,cz3,cz1
r0002621,34265,cz3,cz1
r0002622,34268,cz3,cz1
r0002623,34272,cz3,cz1
r0002624,34276,cz3,cz1
r0002625,34279,cz3,cz1
r0002626,34283,cz3,cz1
r0002627,34287,cz3,cz1
r0002628,34291,cz3,cz1
r0002629,34294,cz3,cz1
r0002630,34298,cz3,cz1
r0002631,34302,cz3,cz1
r0002632,34305,cz3,cz1
r0002633,34309,cz3,cz1
r0002634,34313,cz3,cz1
r0002635,34317,cz3,cz1
r0002636,34320,cz3,cz1
r0002637,34324,cz3,cz1
r0002638,34328,cz3,cz1
r0002639,34332,cz3,cz1
r0002640,34335,cz3,cz1
r0002641,34339,cz3,cz1
r0002642,34343,cz3,cz1
r0002643,34346,cz3,cz1
r0002644,34350,cz3,cz1
r0002645,34354,cz3,cz1
r0002646,34358,cz3,cz1
r0002647,34361,cz3,cz1
r0002648,34365,cz3,cz1
r0002649,34369,cz3,cz1
r0002650,34372,cz3,cz1
r0002651,34376,cz3,cz1
r0002652,34380,cz3,cz1
r0002653,34384,cz3,cz1
r0002654,34387,cz3,cz1
r0002655,34391,cz3,cz1
r0002656,34395,cz3,cz1
r0002657,34398,cz3,cz1
r0002658,34402,cz3,cz1
r0002659,34406,cz3,cz1
r0002660,34410,cz3,cz1
r0002661,34413,cz3,cz1
r0002662,34417,cz3,cz1
r0002663,34421,cz3,cz1
r0002664,34425,cz3,cz1
r0002665,34428,cz3,cz1
r0002666,34432,cz3,cz1
r0002667,34436,cz3,cz1
r0002668,34439,cz3,cz1
r0002669,34443,cz3,cz1
r0002670,34447,cz3,cz1
r0002671,34451,cz3,cz1
r0002672,34454,cz3,cz1
r0002673,34458,cz3,cz1
r0002674,34462,cz3,cz1
r0002675,34465,cz3,cz1
r0002676,34469,cz3,cz1
r0002677,34473,cz3,cz1
r0002678,34477,cz3,cz1
r0002679,34480,cz3,cz1
r0002680,34484,cz3,cz1
r0002681,34488,cz3,cz1
r0002682,34491,cz3,cz1
r0002683,34495,cz3,cz1
r0002684,34499,cz3,cz1
r0002685,34503,cz3,cz1
r0002686,34506,cz3,cz1
r0002687,34510,cz3,cz1
r0002688,34514,cz3,cz1
r0002689,34517,cz3,cz1
r0002690,34521,cz3,cz1
r0002691,34525,cz3,cz1
r0002692,34529,cz3,cz2
r0002693,34532,cz3,cz2
r0002694,34536,cz3,cz2
r0002695,34540,cz3,cz2
r0002696,34544,cz3,cz2
r0002697,34547,cz3,cz2
r0002698,34551,cz3,cz2
r0002699,34555,cz3,cz2
r0002700,34558,cz3,cz2
r0002701,34562,cz3,cz2
r0002702,34566,cz3,cz2
r0002703,34570,cz3,cz2
r0002704,34573,cz3,cz2
r0002705,34577,cz3,cz2
r0002706,34581,cz3,cz2
r0002707,34584,cz3,cz2
r0002708,34588,cz3,cz2
r0002709,34592,cz3,cz2
r0002710,34596,cz3,cz2
r0002711,34599,cz3,cz2
r0002712,34603,cz3,cz2
r0002713,34607,cz3,cz2
r0002714,34610,cz3,cz2
r0002715,34614,cz3,cz2
r0002716,34618,cz3,cz2
r0002717,34622,cz3,cz2
r0002718,34625,cz3,cz2
r0002719,34629,cz3,cz2
r0002720,34633,cz3,cz2
r0002721,34636,cz3,cz2
r0002722,34640,cz3,cz2
r0002723,34644,cz3,cz2
r0002724,34648,cz3,cz2
r0002725,34651,cz3,cz2
r0002726,34655,cz3,cz2
r0002727,34659,cz3,cz2
r0002728,34663,cz3,cz2
r0002729,34666,cz3,cz2
r0002730,34670,cz3,cz2
r0002731,34674,cz3,cz2
r0002732,34677,cz3,cz2
r0002733,34681,cz3,cz2
r0002734,34685,cz3,cz2
r0002735,34689,cz3,cz2
r0002736,34692,cz3,cz2
r0002737,34696,cz3,cz2
r0002738,34700,cz3,cz2
r0002739,34703,cz3,cz2
r0002740,34707,cz3,cz2
r0002741,34711,cz3,cz2
r0002742,34715,cz3,cz2
r0002743,34718,cz3,cz2
r0002744,34722,cz3,cz2
r0002745,34726,cz3,cz2
r0002746,34729,cz3,cz2
r0002747,34733,cz3,cz2
r0002748,34737,cz3,cz2
r0002749,34741,cz3,cz3
r0002750,34744,cz3,cz3
r0002751,34748,cz3,cz3
r0002752,34752,cz3,cz3
r0002753,34755,cz3,cz3
r0002754,34759,cz3,cz3
r0002755,34763,cz3,cz3
r0002756,34767,cz3,cz3
r0002757,34770,cz3,cz3
r0002758,34774,cz3,cz3
r0002759,34778,cz3,cz3
r0002760,34782,cz3,cz3
r0002761,34785,cz3,cz3
r0002762,34789,cz3,cz3
r0002763,34793,cz3,cz3
r0002764,34796,cz3,cz3
r0002765,34800,cz3,cz3
r0002766,34804,cz3,cz3
r0002767,34808,cz3,cz3
r0002768,34811,cz3,cz3
r0002769,34815,cz3,cz3
r0002770,34819,cz3,cz3
r0002771,34822,cz3,cz3
r0002772,34826,cz3,cz3
r0002773,34830,cz3,cz3
r0002774,34834,cz3,cz3
r0002775,34837,cz3,cz3
r0002776,34841,cz3,cz3
r0002777,34845,cz3,cz3
r0002778,34848,cz3,cz3
r0002779,34852,cz3,cz3
r0002780,34856,cz3,cz3
r0002781,34860,cz3,cz3
r0002782,34863,cz3,cz3
r0002783,34867,cz3,cz3
r0002784,34871,cz3,cz3
r0002785,34875,cz3,cz3
r0002786,34878,cz3,cz3
r0002787,34882,cz3,cz3
r0002788,34886,cz3,cz3
r0002789,34889,cz3,cz3
r0002790,34893,cz3,cz3
r0002791,34897,cz3,cz3
r0002792,34901,cz3,cz3
r0002793,34904,cz3,cz3
r0002794,34908,cz3,cz3
r0002795,34912,cz3,cz3
r0002796,34915,cz3,cz3
r0002797,34919,cz3,cz3
r0002798,34923,cz3,cz3
r0002799,34927,cz3,cz3
r0002800,34930,cz3,cz3
r0002801,34934,cz3,cz3
r0002802,34938,cz3,cz3
r0002803,34941,cz3,cz3
r0002804,34945,cz3,cz3
r0002805,34949,cz3,cz3
r0002806,34953,cz3,cz3
r0002807,34956,cz3,cz3
r0002808,34960,cz3,cz3
r0002809,34964,cz3,cz3
r0002810,34967,cz3,cz3
r0002811,34971,cz3,cz3
r0002812,34975,cz3,cz3
r0002813,34979,cz3,cz3
r0002814,34982,cz3,cz3
r0002815,34986,cz3,cz3
r0002816,34990,cz3,cz3
r0002817,34994,cz3,cz3
r0002818,34997,cz3,cz3
r0002819,35001,cz3,cz3
r0002820,35005,cz3,cz3
r0002821,35008,cz3,cz3
r0002822,35012,cz3,cz3
r0002823,35016,cz3,cz3
r0002824,35020,cz3,cz3
r0002825,35023,cz3,cz3
r0002826,35027,cz3,cz3
r0002827,35031,cz3,cz3
r0002828,35034,cz3,cz3
r0002829,35038,cz3,cz3
r0002830,35042,cz3,cz3
r0002831,35046,cz3,cz3
r0002832,35049,cz3,cz3
r0002833,35053,cz3,cz3
r0002834,35057,cz3,cz4
r0002835,35060,cz3,cz4
r0002836,35064,cz3,cz4
r0002837,35068,cz3,cz4
r0002838,35072,cz3,cz4
r0002839,35075,cz3,cz4
r0002840,35079,cz3,cz4
r0002841,35083,cz3,cz4
r0002842,35086,cz3,cz4
r0002843,35090,cz3,cz4
r0002844,35094,cz3,cz4
r0002845,35098,cz3,cz4
r0002846,35101,cz3,cz4
r0002847,35105,cz3,cz4
r0002848,35109,cz3,cz4
r0002849,35113,cz3,cz4
r0002850,35116,cz3,cz4
r0002851,35120,cz3,cz4
r0002852,35124,cz3,cz4
r0002853,35127,cz3,cz4
r0002854,35131,cz3,cz4
r0002855,35135,cz3,cz4
r0002856,35139,cz3,cz4
r0002857,35142,cz3,cz4
r0002858,35146,cz3,cz4
r0002859,35150,cz3,cz4
r0002860,35153,cz3,cz4
r0002861,35157,cz3,cz4
r0002862,35161,cz3,cz4
r0002863,35165,cz3,cz4
r0002864,35168,cz3,cz4
r0002865,35172,cz3,cz4
r0002866,35176,cz3,cz4
r0002867,35179,cz3,cz4
r0002868,35183,cz3,cz4
r0002869,35187,cz3,cz4
r0002870,35191,cz3,cz4
r0002871,35194,cz3,cz4
r0002872,35198,cz3,cz4
r0002873,35202,cz3,cz4
r0002874,35205,cz3,cz4
r0002875,35209,cz3,cz4
r0002876,35213,cz3,cz4
r0002877,35217,cz3,cz4
r0002878,35220,cz3,cz4
r0002879,35224,cz3,cz4
r0002880,35228,cz3,cz4
r0002881,35232,cz3,cz4
r0002882,35235,cz3,cz4
r0002883,35239,cz3,cz4
r0002884,35243,cz3,cz4
r0002885,35246,cz3,cz4
r0002886,35250,cz3,cz4
r0002887,35254,cz3,cz4
r0002888,35258,cz3,cz4
r0002889,35261,cz3,cz4
r0002890,35265,cz3,cz4
r0002891,35269,cz4,cz1
r0002892,35272,cz4,cz1
r0002893,35276,cz4,cz1
r0002894,35280,cz4,cz1
r0002895,35284,cz4,cz1
r0002896,35287,cz4,cz1
r0002897,35291,cz4,cz1
r0002898,35295,cz4,cz1
r0002899,35298,cz4,cz1
r0002900,35302,cz4,cz1
r0002901,35306,cz4,cz1
r0002902,35310,cz4,cz1
r0002903,35313,cz4,cz1
r0002904,35317,cz4,cz1
r0002905,35321,cz4,cz1
r0002906,35325,cz4,cz1
r0002907,35328,cz4,cz1
r0002908,35332,cz4,cz1
r0002909,35336,cz4,cz1
r0002910,35339,cz4,cz1
r0002911,35343,cz4,cz1
r0002912,35347,cz4,cz1
r0002913,35351,cz4,cz1
r0002914,35354,cz4,cz1
r0002915,35358,cz4,cz1
r0002916,35362,cz4,cz1
r0002917,35365,cz4,cz1
r0002918,35369,cz4,cz1
r0002919,35373,cz4,cz1
r0002920,35377,cz4,cz1
r0002921,35380,cz4,cz1
r0002922,35384,cz4,cz1
r0002923,35388,cz4,cz1
r0002924,35391,cz4,cz1
r0002925,35395,cz4,cz1
r0002926,35399,cz4,cz1
r0002927,35403,cz4,cz1
r0002928,35406,cz4,cz1
r0002929,35410,cz4,cz1
r0002930,35414,cz4,cz1
r0002931,35417,cz4,cz1
r0002932,35421,cz4,cz1
r0002933,35425,cz4,cz1
r0002934,35429,cz4,cz1
r0002935,35432,cz4,cz1
r0002936,35436,cz4,cz1
r0002937,35440,cz4,cz1
r0002938,35444,cz4,cz1
r0002939,35447,cz4,cz1
r0002940,35451,cz4,cz1
r0002941,35455,cz4,cz1
r0002942,35458,cz4,cz1
r0002943,35462,cz4,cz1
r0002944,35466,cz4,cz1
r0002945,35470,cz4,cz1
r0002946,35473,cz4,cz1
r0002947,35477,cz4,cz2
r0002948,35481,cz4,cz2
r0002949,35484,cz4,cz2
r0002950,35488,cz4,cz2
r0002951,35492,cz4,cz2
r0002952,35496,cz4,cz2
r0002953,35499,cz4,cz2
r0002954,35503,cz4,cz2
r0002955,35507,cz4,cz2
r0002956,35510,cz4,cz2
r0002957,35514,cz4,cz2
r0002958,35518,cz4,cz2
r0002959,35522,cz4,cz2
r0002960,35525,cz4,cz2
r0002961,35529,cz4,cz2
r0002962,35533,cz4,cz2
r0002963,35536,cz4,cz2
r0002964,35540,cz4,cz2
r0002965,35544,cz4,cz2
r0002966,35548,cz4,cz2
r0002967,35551,cz4,cz2
r0002968,35555,cz4,cz2
r0002969,35559,cz4,cz2
r0002970,35563,cz4,cz2
r0002971,35566,cz4,cz2
r0002972,35570,cz4,cz2
r0002973,35574,cz4,cz2
r0002974,35577,cz4,cz2
r0002975,35581,cz4,cz2
r0002976,35585,cz4,cz2
r0002977,35589,cz4,cz2
r0002978,35592,cz4,cz2
r0002979,35596,cz4,cz2
r0002980,35600,cz4,cz2
r0002981,35603,cz4,cz2
r0002982,35607,cz4,cz2
r0002983,35611,cz4,cz2
r0002984,35615,cz4,cz2
r0002985,35618,cz4,cz2
r0002986,35622,cz4,cz2
r0002987,35626,cz4,cz2
r0002988,35629,cz4,cz2
r0002989,35633,cz4,cz3
r0002990,35637,cz4,cz3
r0002991,35641,cz4,cz3
r0002992,35644,cz4,cz3
r0002993,35648,cz4,cz3
r0002994,35652,cz4,cz3
r0002995,35655,cz4,cz3
r0002996,35659,cz4,cz3
r0002997,35663,cz4,cz3
r0002998,35667,cz4,cz3
r0002999,35670,cz4,cz3
r0003000,35674,cz4,cz3
r0003001,35678,cz4,cz3
r0003002,35682,cz4,cz3
r0003003,35685,cz4,cz3
r0003004,35689,cz4,cz3
r0003005,35693,cz4,cz3
r0003006,35696,cz4,cz3
r0003007,35700,cz4,cz3
r0003008,35704,cz4,cz3
r0003009,35708,cz4,cz3
r0003010,35711,cz4,cz3
r0003011,35715,cz4,cz3
r0003012,35719,cz4,cz3
r0003013,35722,cz4,cz3
r0003014,35726,cz4,cz3
r0003015,35730,cz4,cz3
r0003016,35734,cz4,cz3
r0003017,35737,cz4,cz3
r0003018,35741,cz4,cz3
r0003019,35745,cz4,cz3
r0003020,35748,cz4,cz3
r0003021,35752,cz4,cz3
r0003022,35756,cz4,cz3
r0003023,35760,cz4,cz3
r0003024,35763,cz4,cz3
r0003025,35767,cz4,cz3
r0003026,35771,cz4,cz3
r0003027,35775,cz4,cz3
r0003028,35778,cz4,cz3
r0003029,35782,cz4,cz3
r0003030,35786,cz4,cz3
r0003031,35789,cz4,cz3
r0003032,35793,cz4,cz3
r0003033,35797,cz4,cz3
r0003034,35801,cz4,cz3
r0003035,35804,cz4,cz3
r0003036,35808,cz4,cz3
r0003037,35812,cz4,cz3
r0003038,35815,cz4,cz3
r0003039,35819,cz4,cz3
r0003040,35823,cz4,cz3
r0003041,35827,cz4,cz3
r0003042,35830,cz4,cz3
r0003043,35834,cz4,cz3
r0003044,35838,cz4,cz3
r0003045,35841,cz4,cz3
r0003046,35845,cz4,cz3
r0003047,35849,cz4,cz3
r0003048,35853,cz4,cz4
r0003049,35856,cz4,cz4
r0003050,35860,cz4,cz4
r0003051,35864,cz4,cz4
r0003052,35867,cz4,cz4
r0003053,35871,cz4,cz4
r0003054,35875,cz4,cz4
r0003055,35879,cz4,cz4
r0003056,35882,cz4,cz4
r0003057,35886,cz4,cz4
r0003058,35890,cz4,cz4
r0003059,35894,cz4,cz4
r0003060,35897,cz4,cz4
r0003061,35901,cz4,cz4
r0003062,35905,cz4,cz4
r0003063,35908,cz4,cz4
r0003064,35912,cz4,cz4
r0003065,35916,cz4,cz4
r0003066,35920,cz4,cz4
r0003067,35923,cz4,cz4
r0003068,35927,cz4,cz4
r0003069,35931,cz4,cz4
r0003070,35934,cz4,cz4
r0003071,35938,cz4,cz4
r0003072,35942,cz4,cz4
r0003073,35946,cz4,cz4
r0003074,35949,cz4,cz4
r0003075,35953,cz4,cz4
r0003076,35957,cz4,cz4
r0003077,35960,cz4,cz4
r0003078,35964,cz4,cz4
r0003079,35968,cz4,cz4
r0003080,35972,cz4,cz4
r0003081,35975,cz4,cz4
r0003082,35979,cz4,cz4
r0003083,35983,cz4,cz4
r0003084,35986,cz4,cz4
r0003085,35990,cz4,cz4
r0003086,35994,cz4,cz4
r0003087,35998,cz4,cz4
r0003088,36002,cz1,cz1
r0003089,36006,cz1,cz1
r0003090,36011,cz1,cz1
r0003091,36016,cz1,cz1
r0003092,36020,cz1,cz1
r0003093,36025,cz1,cz1
r0003094,36029,cz1,cz1
r0003095,36034,cz1,cz1
r0003096,36038,cz1,cz1
r0003097,36043,cz1,cz1
r0003098,36048,cz1,cz1
r0003099,36052,cz1,cz1
r0003100,36057,cz1,cz1
r0003101,36061,cz1,cz1
r0003102,36066,cz1,cz1
r0003103,36071,cz1,cz1
r0003104,36075,cz1,cz1
r0003105,36080,cz1,cz1
r0003106,36084,cz1,cz1
r0003107,36089,cz1,cz1
r0003108,36094,cz1,cz1
r0003109,36098,cz1,cz1
r0003110,36103,cz1,cz1
r0003111,36107,cz1,cz1
r0003112,36112,cz1,cz1
r0003113,36116,cz1,cz1
r0003114,36121,cz1,cz1
r0003115,36126,cz1,cz1
r0003116,36130,cz1,cz1
r0003117,36135,cz1,cz1
r0003118,36139,cz1,cz1
r0003119,36144,cz1,cz1
r0003120,36149,cz1,cz1
r0003121,36153,cz1,cz1
r0003122,36158,cz1,cz1
r0003123,36162,cz1,cz1
r0003124,36167,cz1,cz1
r0003125,36171,cz1,cz1
r0003126,36176,cz1,cz1
r0003127,36181,cz1,cz1
r0003128,36185,cz1,cz1
r0003129,36190,cz1,cz1
r0003130,36194,cz1,cz1
r0003131,36199,cz1,cz1
r0003132,36204,cz1,cz1
r0003133,36208,cz1,cz1
r0003134,36213,cz1,cz1
r0003135,36217,cz1,cz1
r0003136,36222,cz1,cz1
r0003137,36227,cz1,cz1
r0003138,36231,cz1,cz1
r0003139,36236,cz1,cz1
r0003140,36240,cz1,cz1
r0003141,36245,cz1,cz1
r0003142,36249,cz1,cz1
r0003143,36254,cz1,cz1
r0003144,36259,cz1,cz1
r0003145,36263,cz1,cz1
r0003146,36268,cz1,cz1
r0003147,36272,cz1,cz1
r0003148,36277,cz1,cz1
r0003149,36282,cz1,cz1
r0003150,36286,cz1,cz1
r0003151,36291,cz1,cz2
r0003152,36295,cz1,cz2
r0003153,36300,cz1,cz2
r0003154,36304,cz1,cz2
r0003155,36309,cz1,cz2
r0003156,36314,cz1,cz2
r0003157,36318,cz1,cz2
r0003158,36323,cz1,cz2
r0003159,36327,cz1,cz2
r0003160,36332,cz1,cz2
r0003161,36337,cz1,cz2
r0003162,36341,cz1,cz2
r0003163,36346,cz1,cz2
r0003164,36350,cz1,cz2
r0003165,36355,cz1,cz2
r0003166,36360,cz1,cz2
r0003167,36364,cz1,cz2
r0003168,36369,cz1,cz2
r0003169,36373,cz1,cz2
r0003170,36378,cz1,cz2
r0003171,36382,cz1,cz2
r0003172,36387,cz1,cz2
r0003173,36392,cz1,cz2
r0003174,36396,cz1,cz2
r0003175,36401,cz1,cz2
r0003176,36405,cz1,cz2
r0003177,36410,cz1,cz2
r0003178,36415,cz1,cz2
r0003179,36419,cz1,cz2
r0003180,36424,cz1,cz2
r0003181,36428,cz1,cz2
r0003182,36433,cz1,cz2
r0003183,36437,cz1,cz2
r0003184,36442,cz1,cz2
r0003185,36447,cz1,cz2
r0003186,36451,cz1,cz2
r0003187,36456,cz1,cz2
r0003188,36460,cz1,cz2
r0003189,36465,cz1,cz2
r0003190,36470,cz1,cz2
r0003191,36474,cz1,cz2
r0003192,36479,cz1,cz2
r0003193,36483,cz1,cz2
r0003194,36488,cz1,cz2
r0003195,36492,cz1,cz2
r0003196,36497,cz1,cz2
r0003197,36502,cz1,cz2
r0003198,36506,cz1,cz2
r0003199,36511,cz1,cz3
r0003200,36515,cz1,cz3
r0003201,36520,cz1,cz3
r0003202,36525,cz1,cz3
r0003203,36529,cz1,cz3
r0003204,36534,cz1,cz3
r0003205,36538,cz1,cz3
r0003206,36543,cz1,cz3
r0003207,36548,cz1,cz3
r0003208,36552,cz1,cz3
r0003209,36557,cz1,cz3
r0003210,36561,cz1,cz3
r0003211,36566,cz1,cz3
r0003212,36570,cz1,cz3
r0003213,36575,cz1,cz3
r0003214,36580,cz1,cz3
r0003215,36584,cz1,cz3
r0003216,36589,cz1,cz3
r0003217,36593,cz1,cz3
r0003218,36598,cz1,cz3
r0003219,36603,cz1,cz3
r0003220,36607,cz1,cz3
r0003221,36612,cz1,cz3
r0003222,36616,cz1,cz3
r0003223,36621,cz1,cz3
r0003224,36625,cz1,cz3
r0003225,36630,cz1,cz3
r0003226,36635,cz1,cz3
r0003227,36639,cz1,cz3
r0003228,36644,cz1,cz3
r0003229,36648,cz1,cz3
r0003230,36653,cz1,cz3
r0003231,36658,cz1,cz3
r0003232,36662,cz1,cz3
r0003233,36667,cz1,cz3
r0003234,36671,cz1,cz3
r0003235,36676,cz1,cz3
r0003236,36681,cz1,cz3
r0003237,36685,cz1,cz3
r0003238,36690,cz1,cz3
r0003239,36694,cz1,cz3
r0003240,36699,cz1,cz3
r0003241,36703,cz1,cz3
r0003242,36708,cz1,cz3
r0003243,36713,cz1,cz3
r0003244,36717,cz1,cz3
r0003245,36722,cz1,cz3
r0003246,36726,cz1,cz3
r0003247,36731,cz1,cz3
r0003248,36736,cz1,cz3
r0003249,36740,cz1,cz3
r0003250,36745,cz1,cz3
r0003251,36749,cz1,cz3
r0003252,36754,cz1,cz3
r0003253,36758,cz1,cz3
r0003254,36763,cz1,cz3
r0003255,36768,cz1,cz3
r0003256,36772,cz1,cz3
r0003257,36777,cz1,cz3
r0003258,36781,cz1,cz3
r0003259,36786,cz1,cz3
r0003260,36791,cz1,cz3
r0003261,36795,cz1,cz3
r0003262,36800,cz1,cz3
r0003263,36804,cz1,cz3
r0003264,36809,cz1,cz4
r0003265,36814,cz1,cz4
r0003266,36818,cz1,cz4
r0003267,36823,cz1,cz4
r0003268,36827,cz1,cz4
r0003269,36832,cz1,cz4
r0003270,36836,cz1,cz4
r0003271,36841,cz1,cz4
r0003272,36846,cz1,cz4
r0003273,36850,cz1,cz4
r0003274,36855,cz1,cz4
r0003275,36859,cz1,cz4
r0003276,36864,cz1,cz4
r0003277,36869,cz1,cz4
r0003278,36873,cz1,cz4
r0003279,36878,cz1,cz4
r0003280,36882,cz1,cz4
r0003281,36887,cz1,cz4
r0003282,36891,cz1,cz4
r0003283,36896,cz1,cz4
r0003284,36901,cz1,cz4
r0003285,36905,cz1,cz4
r0003286,36910,cz1,cz4
r0003287,36914,cz1,cz4
r0003288,36919,cz1,cz4
r0003289,36924,cz1,cz4
r0003290,36928,cz1,cz4
r0003291,36933,cz1,cz4
r0003292,36937,cz1,cz4
r0003293,36942,cz1,cz4
r0003294,36947,cz1,cz4
r0003295,36951,cz1,cz4
r0003296,36956,cz1,cz4
r0003297,36960,cz1,cz4
r0003298,36965,cz1,cz4
r0003299,36969,cz1,cz4
r0003300,36974,cz1,cz4
r0003301,36979,cz1,cz4
r0003302,36983,cz1,cz4
r0003303,36988,cz1,cz4
r0003304,36992,cz1,cz4
r0003305,36997,cz1,cz4
r0003306,37002,cz1,cz4
r0003307,37006,cz1,cz4
r0003308,37011,cz1,cz4
r0003309,37015,cz2,cz1
r0003310,37020,cz2,cz1
r0003311,37024,cz2,cz1
r0003312,37029,cz2,cz1
r0003313,37034,cz2,cz1
r0003314,37038,cz2,cz1
r0003315,37043,cz2,cz1
r0003316,37047,cz2,cz1
r0003317,37052,cz2,cz1
r0003318,37057,cz2,cz1
r0003319,37061,cz2,cz1
r0003320,37066,cz2,cz1
r0003321,37070,cz2,cz1
r0003322,37075,cz2,cz1
r0003323,37080,cz2,cz1
r0003324,37084,cz2,cz1
r0003325,37089,cz2,cz1
r0003326,37093,cz2,cz1
r0003327,37098,cz2,cz1
r0003328,37102,cz2,cz1
r0003329,37107,cz2,cz1
r0003330,37112,cz2,cz1
r0003331,37116,cz2,cz1
r0003332,37121,cz2,cz1
r0003333,37125,cz2,cz1
r0003334,37130,cz2,cz1
r0003335,37135,cz2,cz1
r0003336,37139,cz2,cz1
r0003337,37144,cz2,cz1
r0003338,37148,cz2,cz1
r0003339,37153,cz2,cz1
r0003340,37157,cz2,cz1
r0003341,37162,cz2,cz1
r0003342,37167,cz2,cz1
r0003343,37171,cz2,cz1
r0003344,37176,cz2,cz1
r0003345,37180,cz2,cz1
r0003346,37185,cz2,cz1
r0003347,37190,cz2,cz1
r0003348,37194,cz2,cz1
r0003349,37199,cz2,cz1
r0003350,37203,cz2,cz1
r0003351,37208,cz2,cz1
r0003352,37212,cz2,cz1
r0003353,37217,cz2,cz1
r0003354,37222,cz2,cz1
r0003355,37226,cz2,cz1
r0003356,37231,cz2,cz1
r0003357,37235,cz2,cz1
r0003358,37240,cz2,cz2
r0003359,37245,cz2,cz2
r0003360,37249,cz2,cz2
r0003361,37254,cz2,cz2
r0003362,37258,cz2,cz2
r0003363,37263,cz2,cz2
r0003364,37268,cz2,cz2
r0003365,37272,cz2,cz2
r0003366,37277,cz2,cz2
r0003367,37281,cz2,cz2
r0003368,37286,cz2,cz2
r0003369,37290,cz2,cz2
r0003370,37295,cz2,cz2
r0003371,37300,cz2,cz2
r0003372,37304,cz2,cz2
r0003373,37309,cz2,cz2
r0003374,37313,cz2,cz2
r0003375,37318,cz2,cz2
r0003376,37323,cz2,cz2
r0003377,37327,cz2,cz2
r0003378,37332,cz2,cz2
r0003379,37336,cz2,cz2
r0003380,37341,cz2,cz2
r0003381,37345,cz2,cz2
r0003382,37350,cz2,cz2
r0003383,37355,cz2,cz2
r0003384,37359,cz2,cz2
r0003385,37364,cz2,cz2
r0003386,37368,cz2,cz2
r0003387,37373,cz2,cz2
r0003388,37378,cz2,cz2
r0003389,37382,cz2,cz2
r0003390,37387,cz2,cz2
r0003391,37391,cz2,cz2
r0003392,37396,cz2,cz2
r0003393,37401,cz2,cz2
r0003394,37405,cz2,cz2
r0003395,37410,cz2,cz2
r0003396,37414,cz2,cz2
r0003397,37419,cz2,cz2
r0003398,37423,cz2,cz2
r0003399,37428,cz2,cz2
r0003400,37433,cz2,cz2
r0003401,37437,cz2,cz2
r0003402,37442,cz2,cz2
r0003403,37446,cz2,cz2
r0003404,37451,cz2,cz2
r0003405,37456,cz2,cz2
r0003406,37460,cz2,cz3
r0003407,37465,cz2,cz3
r0003408,37469,cz2,cz3
r0003409,37474,cz2,cz3
r0003410,37478,cz2,cz3
r0003411,37483,cz2,cz3
r0003412,37488,cz2,cz3
r0003413,37492,cz2,cz3
r0003414,37497,cz2,cz3
r0003415,37501,cz2,cz3
r0003416,37506,cz2,cz3
r0003417,37511,cz2,cz3
r0003418,37515,cz2,cz3
r0003419,37520,cz2,cz3
r0003420,37524,cz2,cz3
r0003421,37529,cz2,cz3
r0003422,37534,cz2,cz3
r0003423,37538,cz2,cz3
r0003424,37543,cz2,cz3
r0003425,37547,cz2,cz3
r0003426,37552,cz2,cz3
r0003427,37556,cz2,cz3
r0003428,37561,cz2,cz3
r0003429,37566,cz2,cz3
r0003430,37570,cz2,cz3
r0003431,37575,cz2,cz3
r0003432,37579,cz2,cz3
r0003433,37584,cz2,cz3
r0003434,37589,cz2,cz3
r0003435,37593,cz2,cz3
r0003436,37598,cz2,cz3
r0003437,37602,cz2,cz3
r0003438,37607,cz2,cz3
r0003439,37611,cz2,cz3
r0003440,37616,cz2,cz3
r0003441,37621,cz2,cz3
r0003442,37625,cz2,cz3
r0003443,37630,cz2,cz3
r0003444,37634,cz2,cz3
r0003445,37639,cz2,cz3
r0003446,37644,cz2,cz3
r0003447,37648,cz2,cz3
r0003448,37653,cz2,cz3
r0003449,37657,cz2,cz3
r0003450,37662,cz2,cz3
r0003451,37667,cz2,cz3
r0003452,37671,cz2,cz3
r0003453,37676,cz2,cz4
r0003454,37680,cz2,cz4
r0003455,37685,cz2,cz4
r0003456,37689,cz2,cz4
r0003457,37694,cz2,cz4
r0003458,37699,cz2,cz4
r0003459,37703,cz2,cz4
r0003460,37708,cz2,cz4
r0003461,37712,cz2,cz4
r0003462,37717,cz2,cz4
r0003463,37722,cz2,cz4
r0003464,37726,cz2,cz4
r0003465,37731,cz2,cz4
r0003466,37735,cz2,cz4
r0003467,37740,cz2,cz4
r0003468,37744,cz2,cz4
r0003469,37749,cz2,cz4
r0003470,37754,cz2,cz4
r0003471,37758,cz2,cz4
r0003472,37763,cz2,cz4
r0003473,37767,cz2,cz4
r0003474,37772,cz2,cz4
r0003475,37777,cz2,cz4
r0003476,37781,cz2,cz4
r0003477,37786,cz2,cz4
r0003478,37790,cz2,cz4
r0003479,37795,cz2,cz4
r0003480,37800,cz2,cz4
r0003481,37804,cz2,cz4
r0003482,37809,cz2,cz4
r0003483,37813,cz2,cz4
r0003484,37818,cz2,cz4
r0003485,37822,cz2,cz4
r0003486,37827,cz2,cz4
r0003487,37832,cz3,cz1
r0003488,37836,cz3,cz1
r0003489,37841,cz3,cz1
r0003490,37845,cz3,cz1
r0003491,37850,cz3,cz1
r0003492,37855,cz3,cz1
r0003493,37859,cz3,cz1
r0003494,37864,cz3,cz1
r0003495,37868,cz3,cz1
r0003496,37873,cz3,cz1
r0003497,37877,cz3,cz1
r0003498,37882,cz3,cz1
r0003499,37887,cz3,cz1
r0003500,37891,cz3,cz1
r0003501,37896,cz3,cz1
r0003502,37900,cz3,cz1
r0003503,37905,cz3,cz1
r0003504,37910,cz3,cz1
r0003505,37914,cz3,cz1
r0003506,37919,cz3,cz1
r0003507,37923,cz3,cz1
r0003508,37928,cz3,cz1
r0003509,37932,cz3,cz1
r0003510,37937,cz3,cz1
r0003511,37942,cz3,cz1
r0003512,37946,cz3,cz1
r0003513,37951,cz3,cz1
r0003514,37955,cz3,cz1
r0003515,37960,cz3,cz1
r0003516,37965,cz3,cz1
r0003517,37969,cz3,cz1
r0003518,37974,cz3,cz1
r0003519,37978,cz3,cz1
r0003520,37983,cz3,cz1
r0003521,37988,cz3,cz1
r0003522,37992,cz3,cz1
r0003523,37997,cz3,cz1
r0003524,38001,cz3,cz1
r0003525,38006,cz3,cz1
r0003526,38010,cz3,cz1
r0003527,38015,cz3,cz1
r0003528,38020,cz3,cz1
r0003529,38024,cz3,cz1
r0003530,38029,cz3,cz1
r0003531,38033,cz3,cz1
r0003532,38038,cz3,cz1
r0003533,38043,cz3,cz1
r0003534,38047,cz3,cz1
r0003535,38052,cz3,cz1
r0003536,38056,cz3,cz1
r0003537,38061,cz3,cz1
r0003538,38065,cz3,cz1
r0003539,38070,cz3,cz1
r0003540,38075,cz3,cz1
r0003541,38079,cz3,cz1
r0003542,38084,cz3,cz1
r0003543,38088,cz3,cz1
r0003544,38093,cz3,cz1
r0003545,38098,cz3,cz1
r0003546,38102,cz3,cz1
r0003547,38107,cz3,cz1
r0003548,38111,cz3,cz1
r0003549,38116,cz3,cz1
r0003550,38121,cz3,cz1
r0003551,38125,cz3,cz2
r0003552,38130,cz3,cz2
r0003553,38134,cz3,cz2
r0003554,38139,cz3,cz2
r0003555,38143,cz3,cz2
r0003556,38148,cz3,cz2
r0003557,38153,cz3,cz2
r0003558,38157,cz3,cz2
r0003559,38162,cz3,cz2
r0003560,38166,cz3,cz2
r0003561,38171,cz3,cz2
r0003562,38176,cz3,cz2
r0003563,38180,cz3,cz2
r0003564,38185,cz3,cz2
r0003565,38189,cz3,cz2
r0003566,38194,cz3,cz2
r0003567,38198,cz3,cz2
r0003568,38203,cz3,cz2
r0003569,38208,cz3,cz2
r0003570,38212,cz3,cz2
r0003571,38217,cz3,cz2
r0003572,38221,cz3,cz2
r0003573,38226,cz3,cz2
r0003574,38231,cz3,cz2
r0003575,38235,cz3,cz2
r0003576,38240,cz3,cz2
r0003577,38244,cz3,cz2
r0003578,38249,cz3,cz2
r0003579,38254,cz3,cz2
r0003580,38258,cz3,cz2
r0003581,38263,cz3,cz2
r0003582,38267,cz3,cz2
r0003583,38272,cz3,cz2
r0003584,38276,cz3,cz2
r0003585,38281,cz3,cz2
r0003586,38286,cz3,cz2
r0003587,38290,cz3,cz2
r0003588,38295,cz3,cz2
r0003589,38299,cz3,cz2
r0003590,38304,cz3,cz2
r0003591,38309,cz3,cz2
r0003592,38313,cz3,cz2
r0003593,38318,cz3,cz2
r0003594,38322,cz3,cz2
r0003595,38327,cz3,cz2
r0003596,38331,cz3,cz2
r0003597,38336,cz3,cz3
r0003598,38341,cz3,cz3
r0003599,38345,cz3,cz3
r0003600,38350,cz3,cz3
r0003601,38354,cz3,cz3
r0003602,38359,cz3,cz3
r0003603,38364,cz3,cz3
r0003604,38368,cz3,cz3
r0003605,38373,cz3,cz3
r0003606,38377,cz3,cz3
r0003607,38382,cz3,cz3
r0003608,38387,cz3,cz3
r0003609,38391,cz3,cz3
r0003610,38396,cz3,cz3
r0003611,38400,cz3,cz3
r0003612,38405,cz3,cz3
r0003613,38409,cz3,cz3
r0003614,38414,cz3,cz3
r0003615,38419,cz3,cz3
r0003616,38423,cz3,cz3
r0003617,38428,cz3,cz3
r0003618,38432,cz3,cz3
r0003619,38437,cz3,cz3
r0003620,38442,cz3,cz3
r0003621,38446,cz3,cz3
r0003622,38451,cz3,cz3
r0003623,38455,cz3,cz3
r0003624,38460,cz3,cz3
r0003625,38464,cz3,cz3
r0003626,38469,cz3,cz3
r0003627,38474,cz3,cz3
r0003628,38478,cz3,cz3
r0003629,38483,cz3,cz3
r0003630,38487,cz3,cz3
r0003631,38492,cz3,cz3
r0003632,38497,cz3,cz3
r0003633,38501,cz3,cz3
r0003634,38506,cz3,cz3
r0003635,38510,cz3,cz3
r0003636,38515,cz3,cz3
r0003637,38520,cz3,cz3
r0003638,38524,cz3,cz3
r0003639,38529,cz3,cz3
r0003640,38533,cz3,cz3
r0003641,38538,cz3,cz3
r0003642,38542,cz3,cz3
r0003643,38547,cz3,cz3
r0003644,38552,cz3,cz3
r0003645,38556,cz3,cz3
r0003646,38561,cz3,cz3
r0003647,38565,cz3,cz3
r0003648,38570,cz3,cz3
r0003649,38575,cz3,cz3
r0003650,38579,cz3,cz3
r0003651,38584,cz3,cz3
r0003652,38588,cz3,cz3
r0003653,38593,cz3,cz3
r0003654,38597,cz3,cz3
r0003655,38602,cz3,cz3
r0003656,38607,cz3,cz3
r0003657,38611,cz3,cz3
r0003658,38616,cz3,cz3
r0003659,38620,cz3,cz3
r0003660,38625,cz3,cz3
r0003661,38630,cz3,cz3
r0003662,38634,cz3,cz3
r0003663,38639,cz3,cz3
r0003664,38643,cz3,cz3
r0003665,38648,cz3,cz3
r0003666,38652,cz3,cz4
r0003667,38657,cz3,cz4
r0003668,38662,cz3,cz4
r0003669,38666,cz3,cz4
r0003670,38671,cz3,cz4
r0003671,38675,cz3,cz4
r0003672,38680,cz3,cz4
r0003673,38685,cz3,cz4
r0003674,38689,cz3,cz4
r0003675,38694,cz3,cz4
r0003676,38698,cz3,cz4
r0003677,38703,cz3,cz4
r0003678,38708,cz3,cz4
r0003679,38712,cz3,cz4
r0003680,38717,cz3,cz4
r0003681,38721,cz3,cz4
r0003682,38726,cz3,cz4
r0003683,38730,cz3,cz4
r0003684,38735,cz3,cz4
r0003685,38740,cz3,cz4
r0003686,38744,cz3,cz4
r0003687,38749,cz3,cz4
r0003688,38753,cz3,cz4
r0003689,38758,cz3,cz4
r0003690,38763,cz3,cz4
r0003691,38767,cz3,cz4
r0003692,38772,cz3,cz4
r0003693,38776,cz3,cz4
r0003694,38781,cz3,cz4
r0003695,38785,cz3,cz4
r0003696,38790,cz3,cz4
r0003697,38795,cz3,cz4
r0003698,38799,cz3,cz4
r0003699,38804,cz3,cz4
r0003700,38808,cz3,cz4
r0003701,38813,cz3,cz4
r0003702,38818,cz3,cz4
r0003703,38822,cz3,cz4
r0003704,38827,cz3,cz4
r0003705,38831,cz3,cz4
r0003706,38836,cz3,cz4
r0003707,38841,cz3,cz4
r0003708,38845,cz3,cz4
r0003709,38850,cz3,cz4
r0003710,38854,cz3,cz4
r0003711,38859,cz3,cz4
r0003712,38863,cz4,cz1
r0003713,38868,cz4,cz1
r0003714,38873,cz4,cz1
r0003715,38877,cz4,cz1
r0003716,38882,cz4,cz1
r0003717,38886,cz4,cz1
r0003718,38891,cz4,cz1
r0003719,38896,cz4,cz1
r0003720,38900,cz4,cz1
r0003721,38905,cz4,cz1
r0003722,38909,cz4,cz1
r0003723,38914,cz4,cz1
r0003724,38918,cz4,cz1
r0003725,38923,cz4,cz1
r0003726,38928,cz4,cz1
r0003727,38932,cz4,cz1
r0003728,38937,cz4,cz1
r0003729,38941,cz4,cz1
r0003730,38946,cz4,cz1
r0003731,38951,cz4,cz1
r0003732,38955,cz4,cz1
r0003733,38960,cz4,cz1
r0003734,38964,cz4,cz1
r0003735,38969,cz4,cz1
r0003736,38974,cz4,cz1
r0003737,38978,cz4,cz1
r0003738,38983,cz4,cz1
r0003739,38987,cz4,cz1
r0003740,38992,cz4,cz1
r0003741,38996,cz4,cz1
r0003742,39001,cz4,cz1
r0003743,39006,cz4,cz1
r0003744,39010,cz4,cz1
r0003745,39015,cz4,cz1
r0003746,39019,cz4,cz1
r0003747,39024,cz4,cz1
r0003748,39029,cz4,cz1
r0003749,39033,cz4,cz1
r0003750,39038,cz4,cz1
r0003751,39042,cz4,cz1
r0003752,39047,cz4,cz1
r0003753,39051,cz4,cz1
r0003754,39056,cz4,cz1
r0003755,39061,cz4,cz1
r0003756,39065,cz4,cz1
r0003757,39070,cz4,cz1
r0003758,39074,cz4,cz2
r0003759,39079,cz4,cz2
r0003760,39084,cz4,cz2
r0003761,39088,cz4,cz2
r0003762,39093,cz4,cz2
r0003763,39097,cz4,cz2
r0003764,39102,cz4,cz2
r0003765,39107,cz4,cz2
r0003766,39111,cz4,cz2
r0003767,39116,cz4,cz2
r0003768,39120,cz4,cz2
r0003769,39125,cz4,cz2
r0003770,39129,cz4,cz2
r0003771,39134,cz4,cz2
r0003772,39139,cz4,cz2
r0003773,39143,cz4,cz2
r0003774,39148,cz4,cz2
r0003775,39152,cz4,cz2
r0003776,39157,cz4,cz2
r0003777,39162,cz4,cz2
r0003778,39166,cz4,cz2
r0003779,39171,cz4,cz2
r0003780,39175,cz4,cz2
r0003781,39180,cz4,cz2
r0003782,39184,cz4,cz2
r0003783,39189,cz4,cz2
r0003784,39194,cz4,cz2
r0003785,39198,cz4,cz2
r0003786,39203,cz4,cz2
r0003787,39207,cz4,cz2
r0003788,39212,cz4,cz2
r0003789,39217,cz4,cz2
r0003790,39221,cz4,cz2
r0003791,39226,cz4,cz2
r0003792,39230,cz4,cz3
r0003793,39235,cz4,cz3
r0003794,39240,cz4,cz3
r0003795,39244,cz4,cz3
r0003796,39249,cz4,cz3
r0003797,39253,cz4,cz3
r0003798,39258,cz4,cz3
r0003799,39262,cz4,cz3
r0003800,39267,cz4,cz3
r0003801,39272,cz4,cz3
r0003802,39276,cz4,cz3
r0003803,39281,cz4,cz3
r0003804,39285,cz4,cz3
r0003805,39290,cz4,cz3
r0003806,39295,cz4,cz3
r0003807,39299,cz4,cz3
r0003808,39304,cz4,cz3
r0003809,39308,cz4,cz3
r0003810,39313,cz4,cz3
r0003811,39317,cz4,cz3
r0003812,39322,cz4,cz3
r0003813,39327,cz4,cz3
r0003814,39331,cz4,cz3
r0003815,39336,cz4,cz3
r0003816,39340,cz4,cz3
r0003817,39345,cz4,cz3
r0003818,39350,cz4,cz3
r0003819,39354,cz4,cz3
r0003820,39359,cz4,cz3
r0003821,39363,cz4,cz3
r0003822,39368,cz4,cz3
r0003823,39372,cz4,cz3
r0003824,39377,cz4,cz3
r0003825,39382,cz4,cz3
r0003826,39386,cz4,cz3
r0003827,39391,cz4,cz3
r0003828,39395,cz4,cz3
r0003829,39400,cz4,cz3
r0003830,39405,cz4,cz3
r0003831,39409,cz4,cz3
r0003832,39414,cz4,cz3
r0003833,39418,cz4,cz3
r0003834,39423,cz4,cz3
r0003835,39428,cz4,cz3
r0003836,39432,cz4,cz3
r0003837,39437,cz4,cz3
r0003838,39441,cz4,cz3
r0003839,39446,cz4,cz3
r0003840,39450,cz4,cz4
r0003841,39455,cz4,cz4
r0003842,39460,cz4,cz4
r0003843,39464,cz4,cz4
r0003844,39469,cz4,cz4
r0003845,39473,cz4,cz4
r0003846,39478,cz4,cz4
r0003847,39483,cz4,cz4
r0003848,39487,cz4,cz4
r0003849,39492,cz4,cz4
r0003850,39496,cz4,cz4
r0003851,39501,cz4,cz4
r0003852,39505,cz4,cz4
r0003853,39510,cz4,cz4
r0003854,39515,cz4,cz4
r0003855,39519,cz4,cz4
r0003856,39524,cz4,cz4
r0003857,39528,cz4,cz4
r0003858,39533,cz4,cz4
r0003859,39538,cz4,cz4
r0003860,39542,cz4,cz4
r0003861,39547,cz4,cz4
r0003862,39551,cz4,cz4
r0003863,39556,cz4,cz4
r0003864,39561,cz4,cz4
r0003865,39565,cz4,cz4
r0003866,39570,cz4,cz4
r0003867,39574,cz4,cz4
r0003868,39579,cz4,cz4
r0003869,39583,cz4,cz4
r0003870,39588,cz4,cz4
r0003871,39593,cz4,cz4
r0003872,39597,cz4,cz4
r0003873,39602,cz1,cz1
r0003874,39606,cz1,cz1
r0003875,39610,cz1,cz1
r0003876,39615,cz1,cz1
r0003877,39619,cz1,cz1
r0003878,39623,cz1,cz1
r0003879,39628,cz1,cz1
r0003880,39632,cz1,cz1
r0003881,39637,cz1,cz1
r0003882,39641,cz1,cz1
r0003883,39645,cz1,cz1
r0003884,39650,cz1,cz1
r0003885,39654,cz1,cz1
r0003886,39658,cz1,cz1
r0003887,39663,cz1,cz1
r0003888,39667,cz1,cz1
r0003889,39671,cz1,cz1
r0003890,39676,cz1,cz1
r0003891,39680,cz1,cz1
r0003892,39684,cz1,cz1
r0003893,39689,cz1,cz1
r0003894,39693,cz1,cz1
r0003895,39698,cz1,cz1
r0003896,39702,cz1,cz1
r0003897,39706,cz1,cz1
r0003898,39711,cz1,cz1
r0003899,39715,cz1,cz1
r0003900,39719,cz1,cz1
r0003901,39724,cz1,cz1
r0003902,39728,cz1,cz1
r0003903,39732,cz1,cz1
r0003904,39737,cz1,cz1
r0003905,39741,cz1,cz1
r0003906,39746,cz1,cz1
r0003907,39750,cz1,cz1
r0003908,39754,cz1,cz1
r0003909,39759,cz1,cz1
r0003910,39763,cz1,cz1
r0003911,39767,cz1,cz1
r0003912,39772,cz1,cz1
r0003913,39776,cz1,cz1
r0003914,39780,cz1,cz1
r0003915,39785,cz1,cz1
r0003916,39789,cz1,cz1
r0003917,39793,cz1,cz1
r0003918,39798,cz1,cz1
r0003919,39802,cz1,cz1
r0003920,39807,cz1,cz1
r0003921,39811,cz1,cz1
r0003922,39815,cz1,cz1
r0003923,39820,cz1,cz1
r0003924,39824,cz1,cz1
r0003925,39828,cz1,cz1
r0003926,39833,cz1,cz1
r0003927,39837,cz1,cz1
r0003928,39841,cz1,cz1
r0003929,39846,cz1,cz1
r0003930,39850,cz1,cz1
r0003931,39854,cz1,cz1
r0003932,39859,cz1,cz1
r0003933,39863,cz1,cz1
r0003934,39868,cz1,cz1
r0003935,39872,cz1,cz1
r0003936,39876,cz1,cz1
r0003937,39881,cz1,cz1
r0003938,39885,cz1,cz1
r0003939,39889,cz1,cz2
r0003940,39894,cz1,cz2
r0003941,39898,cz1,cz2
r0003942,39902,cz1,cz2
r0003943,39907,cz1,cz2
r0003944,39911,cz1,cz2
r0003945,39915,cz1,cz2
r0003946,39920,cz1,cz2
r0003947,39924,cz1,cz2
r0003948,39929,cz1,cz2
r0003949,39933,cz1,cz2
r0003950,39937,cz1,cz2
r0003951,39942,cz1,cz2
r0003952,39946,cz1,cz2
r0003953,39950,cz1,cz2
r0003954,39955,cz1,cz2
r0003955,39959,cz1,cz2
r0003956,39963,cz1,cz2
r0003957,39968,cz1,cz2
r0003958,39972,cz1,cz2
r0003959,39976,cz1,cz2
r0003960,39981,cz1,cz2
r0003961,39985,cz1,cz2
r0003962,39990,cz1,cz2
r0003963,39994,cz1,cz2
r0003964,39998,cz1,cz2
r0003965,40003,cz1,cz2
r0003966,40007,cz1,cz2
r0003967,40011,cz1,cz2
r0003968,40016,cz1,cz2
r0003969,40020,cz1,cz2
r0003970,40024,cz1,cz2
r0003971,40029,cz1,cz2
r0003972,40033,cz1,cz2
r0003973,40038,cz1,cz2
r0003974,40042,cz1,cz2
r0003975,40046,cz1,cz2
r0003976,40051,cz1,cz2
r0003977,40055,cz1,cz2
r0003978,40059,cz1,cz2
r0003979,40064,cz1,cz2
r0003980,40068,cz1,cz2
r0003981,40072,cz1,cz2
r0003982,40077,cz1,cz2
r0003983,40081,cz1,cz2
r0003984,40085,cz1,cz2
r0003985,40090,cz1,cz2
r0003986,40094,cz1,cz2
r0003987,40099,cz1,cz2
r0003988,40103,cz1,cz2
r0003989,40107,cz1,cz2
r0003990,40112,cz1,cz3
r0003991,40116,cz1,cz3
r0003992,40120,cz1,cz3
r0003993,40125,cz1,cz3
r0003994,40129,cz1,cz3
r0003995,40133,cz1,cz3
r0003996,40138,cz1,cz3
r0003997,40142,cz1,cz3
r0003998,40146,cz1,cz3
r0003999,40151,cz1,cz3
r0004000,40155,cz1,cz3
r0004001,40160,cz1,cz3
r0004002,40164,cz1,cz3
r0004003,40168,cz1,cz3
r0004004,40173,cz1,cz3
r0004005,40177,cz1,cz3
r0004006,40181,cz1,cz3
r0004007,40186,cz1,cz3
r0004008,40190,cz1,cz3
r0004009,40194,cz1,cz3
r0004010,40199,cz1,cz3
r0004011,40203,cz1,cz3
r0004012,40207,cz1,cz3
r0004013,40212,cz1,cz3
r0004014,40216,cz1,cz3
r0004015,40221,cz1,cz3
r0004016,40225,cz1,cz3
r0004017,40229,cz1,cz3
r0004018,40234,cz1,cz3
r0004019,40238,cz1,cz3
r0004020,40242,cz1,cz3
r0004021,40247,cz1,cz3
r0004022,40251,cz1,cz3
r0004023,40255,cz1,cz3
r0004024,40260,cz1,cz3
r0004025,40264,cz1,cz3
r0004026,40269,cz1,cz3
r0004027,40273,cz1,cz3
r0004028,40277,cz1,cz3
r0004029,40282,cz1,cz3
r0004030,40286,cz1,cz3
r0004031,40290,cz1,cz3
r0004032,40295,cz1,cz3
r0004033,40299,cz1,cz3
r0004034,40303,cz1,cz3
r0004035,40308,cz1,cz3
r0004036,40312,cz1,cz3
r0004037,40316,cz1,cz3
r0004038,40321,cz1,cz3
r0004039,40325,cz1,cz3
r0004040,40330,cz1,cz3
r0004041,40334,cz1,cz3
r0004042,40338,cz1,cz3
r0004043,40343,cz1,cz3
r0004044,40347,cz1,cz3
r0004045,40351,cz1,cz3
r0004046,40356,cz1,cz3
r0004047,40360,cz1,cz3
r0004048,40364,cz1,cz3
r0004049,40369,cz1,cz3
r0004050,40373,cz1,cz3
r0004051,40377,cz1,cz3
r0004052,40382,cz1,cz3
r0004053,40386,cz1,cz3
r0004054,40391,cz1,cz3
r0004055,40395,cz1,cz3
r0004056,40399,cz1,cz3
r0004057,40404,cz1,cz3
r0004058,40408,cz1,cz3
r0004059,40412,cz1,cz4
r0004060,40417,cz1,cz4
r0004061,40421,cz1,cz4
r0004062,40425,cz1,cz4
r0004063,40430,cz1,cz4
r0004064,40434,cz1,cz4
r0004065,40438,cz1,cz4
r0004066,40443,cz1,cz4
r0004067,40447,cz1,cz4
r0004068,40452,cz1,cz4
r0004069,40456,cz1,cz4
r0004070,40460,cz1,cz4
r0004071,40465,cz1,cz4
r0004072,40469,cz1,cz4
r0004073,40473,cz1,cz4
r0004074,40478,cz1,cz4
r0004075,40482,cz1,cz4
r0004076,40486,cz1,cz4
r0004077,40491,cz1,cz4
r0004078,40495,cz1,cz4
r0004079,40500,cz1,cz4
r0004080,40504,cz1,cz4
r0004081,40508,cz1,cz4
r0004082,40513,cz1,cz4
r0004083,40517,cz1,cz4
r0004084,40521,cz1,cz4
r0004085,40526,cz1,cz4
r0004086,40530,cz1,cz4
r0004087,40534,cz1,cz4
r0004088,40539,cz1,cz4
r0004089,40543,cz1,cz4
r0004090,40547,cz1,cz4
r0004091,40552,cz1,cz4
r0004092,40556,cz1,cz4
r0004093,40561,cz1,cz4
r0004094,40565,cz1,cz4
r0004095,40569,cz1,cz4
r0004096,40574,cz1,cz4
r0004097,40578,cz1,cz4
r0004098,40582,cz1,cz4
r0004099,40587,cz1,cz4
r0004100,40591,cz1,cz4
r0004101,40595,cz1,cz4
r0004102,40600,cz1,cz4
r0004103,40604,cz1,cz4
r0004104,40608,cz1,cz4
r0004105,40613,cz1,cz4
r0004106,40617,cz2,cz1
r0004107,40622,cz2,cz1
r0004108,40626,cz2,cz1
r0004109,40630,cz2,cz1
r0004110,40635,cz2,cz1
r0004111,40639,cz2,cz1
r0004112,40643,cz2,cz1
r0004113,40648,cz2,cz1
r0004114,40652,cz2,cz1
r0004115,40656,cz2,cz1
r0004116,40661,cz2,cz1
r0004117,40665,cz2,cz1
r0004118,40669,cz2,cz1
r0004119,40674,cz2,cz1
r0004120,40678,cz2,cz1
r0004121,40683,cz2,cz1
r0004122,40687,cz2,cz1
r0004123,40691,cz2,cz1
r0004124,40696,cz2,cz1
r0004125,40700,cz2,cz1
r0004126,40704,cz2,cz1
r0004127,40709,cz2,cz1
r0004128,40713,cz2,cz1
r0004129,40717,cz2,cz1
r0004130,40722,cz2,cz1
r0004131,40726,cz2,cz1
r0004132,40730,cz2,cz1
r0004133,40735,cz2,cz1
r0004134,40739,cz2,cz1
r0004135,40744,cz2,cz1
r0004136,40748,cz2,cz1
r0004137,40752,cz2,cz1
r0004138,40757,cz2,cz1
r0004139,40761,cz2,cz1
r0004140,40765,cz2,cz1
r0004141,40770,cz2,cz1
r0004142,40774,cz2,cz1
r0004143,40778,cz2,cz1
r0004144,40783,cz2,cz1
r0004145,40787,cz2,cz1
r0004146,40792,cz2,cz1
r0004147,40796,cz2,cz1
r0004148,40800,cz2,cz1
r0004149,40805,cz2,cz1
r0004150,40809,cz2,cz1
r0004151,40813,cz2,cz1
r0004152,40818,cz2,cz1
r0004153,40822,cz2,cz1
r0004154,40826,cz2,cz1
r0004155,40831,cz2,cz1
r0004156,40835,cz2,cz1
r0004157,40839,cz2,cz1
r0004158,40844,cz2,cz2
r0004159,40848,cz2,cz2
r0004160,40853,cz2,cz2
r0004161,40857,cz2,cz2
r0004162,40861,cz2,cz2
r0004163,40866,cz2,cz2
r0004164,40870,cz2,cz2
r0004165,40874,cz2,cz2
r0004166,40879,cz2,cz2
r0004167,40883,cz2,cz2
r0004168,40887,cz2,cz2
r0004169,40892,cz2,cz2
r0004170,40896,cz2,cz2
r0004171,40900,cz2,cz2
r0004172,40905,cz2,cz2
r0004173,40909,cz2,cz2
r0004174,40914,cz2,cz2
r0004175,40918,cz2,cz2
r0004176,40922,cz2,cz2
r0004177,40927,cz2,cz2
r0004178,40931,cz2,cz2
r0004179,40935,cz2,cz2
r0004180,40940,cz2,cz2
r0004181,40944,cz2,cz2
r0004182,40948,cz2,cz2
r0004183,40953,cz2,cz2
r0004184,40957,cz2,cz2
r0004185,40961,cz2,cz2
r0004186,40966,cz2,cz2
r0004187,40970,cz2,cz2
r0004188,40975,cz2,cz2
r0004189,40979,cz2,cz2
r0004190,40983,cz2,cz2
r0004191,40988,cz2,cz2
r0004192,40992,cz2,cz2
r0004193,40996,cz2,cz2
r0004194,41001,cz2,cz2
r0004195,41005,cz2,cz2
r0004196,41009,cz2,cz2
r0004197,41014,cz2,cz2
r0004198,41018,cz2,cz2
r0004199,41023,cz2,cz2
r0004200,41027,cz2,cz2
r0004201,41031,cz2,cz2
r0004202,41036,cz2,cz2
r0004203,41040,cz2,cz2
r0004204,41044,cz2,cz2
r0004205,41049,cz2,cz2
r0004206,41053,cz2,cz2
r0004207,41057,cz2,cz2
r0004208,41062,cz2,cz3
r0004209,41066,cz2,cz3
r0004210,41070,cz2,cz3
r0004211,41075,cz2,cz3
r0004212,41079,cz2,cz3
r0004213,41084,cz2,cz3
r0004214,41088,cz2,cz3
r0004215,41092,cz2,cz3
r0004216,41097,cz2,cz3
r0004217,41101,cz2,cz3
r0004218,41105,cz2,cz3
r0004219,41110,cz2,cz3
r0004220,41114,cz2,cz3
r0004221,41118,cz2,cz3
r0004222,41123,cz2,cz3
r0004223,41127,cz2,cz3
r0004224,41131,cz2,cz3
r0004225,41136,cz2,cz3
r0004226,41140,cz2,cz3
r0004227,41145,cz2,cz3
r0004228,41149,cz2,cz3
r0004229,41153,cz2,cz3
r0004230,41158,cz2,cz3
r0004231,41162,cz2,cz3
r0004232,41166,cz2,cz3
r0004233,41171,cz2,cz3
r0004234,41175,cz2,cz3
r0004235,41179,cz2,cz3
r0004236,41184,cz2,cz3
r0004237,41188,cz2,cz3
r0004238,41192,cz2,cz3
r0004239,41197,cz2,cz3
r0004240,41201,cz2,cz3
r0004241,41206,cz2,cz3
r0004242,41210,cz2,cz3
r0004243,41214,cz2,cz3
r0004244,41219,cz2,cz3
r0004245,41223,cz2,cz3
r0004246,41227,cz2,cz3
r0004247,41232,cz2,cz3
r0004248,41236,cz2,cz3
r0004249,41240,cz2,cz3
r0004250,41245,cz2,cz3
r0004251,41249,cz2,cz3
r0004252,41253,cz2,cz3
r0004253,41258,cz2,cz3
r0004254,41262,cz2,cz3
r0004255,41267,cz2,cz3
r0004256,41271,cz2,cz3
r0004257,41275,cz2,cz3
r0004258,41280,cz2,cz4
r0004259,41284,cz2,cz4
r0004260,41288,cz2,cz4
r0004261,41293,cz2,cz4
r0004262,41297,cz2,cz4
r0004263,41301,cz2,cz4
r0004264,41306,cz2,cz4
r0004265,41310,cz2,cz4
r0004266,41315,cz2,cz4
r0004267,41319,cz2,cz4
r0004268,41323,cz2,cz4
r0004269,41328,cz2,cz4
r0004270,41332,cz2,cz4
r0004271,41336,cz2,cz4
r0004272,41341,cz2,cz4
r0004273,41345,cz2,cz4
r0004274,41349,cz2,cz4
r0004275,41354,cz2,cz4
r0004276,41358,cz2,cz4
r0004277,41362,cz2,cz4
r0004278,41367,cz2,cz4
r0004279,41371,cz2,cz4
r0004280,41376,cz2,cz4
r0004281,41380,cz2,cz4
r0004282,41384,cz2,cz4
r0004283,41389,cz2,cz4
r0004284,41393,cz2,cz4
r0004285,41397,cz2,cz4
r0004286,41402,cz2,cz4
r0004287,41406,cz2,cz4
r0004288,41410,cz2,cz4
r0004289,41415,cz2,cz4
r0004290,41419,cz2,cz4
r0004291,41423,cz2,cz4
r0004292,41428,cz2,cz4
r0004293,41432,cz2,cz4
r0004294,41437,cz3,cz1
r0004295,41441,cz3,cz1
r0004296,41445,cz3,cz1
r0004297,41450,cz3,cz1
r0004298,41454,cz3,cz1
r0004299,41458,cz3,cz1
r0004300,41463,cz3,cz1
r0004301,41467,cz3,cz1
r0004302,41471,cz3,cz1
r0004303,41476,cz3,cz1
r0004304,41480,cz3,cz1
r0004305,41484,cz3,cz1
r0004306,41489,cz3,cz1
r0004307,41493,cz3,cz1
r0004308,41498,cz3,cz1
r0004309,41502,cz3,cz1
r0004310,41506,cz3,cz1
r0004311,41511,cz3,cz1
r0004312,41515,cz3,cz1
r0004313,41519,cz3,cz1
r0004314,41524,cz3,cz1
r0004315,41528,cz3,cz1
r0004316,41532,cz3,cz1
r0004317,41537,cz3,cz1
r0004318,41541,cz3,cz1
r0004319,41546,cz3,cz1
r0004320,41550,cz3,cz1
r0004321,41554,cz3,cz1
r0004322,41559,cz3,cz1
r0004323,41563,cz3,cz1
r0004324,41567,cz3,cz1
r0004325,41572,cz3,cz1
r0004326,41576,cz3,cz1
r0004327,41580,cz3,cz1
r0004328,41585,cz3,cz1
r0004329,41589,cz3,cz1
r0004330,41593,cz3,cz1
r0004331,41598,cz3,cz1
r0004332,41602,cz3,cz1
r0004333,41607,cz3,cz1
r0004334,41611,cz3,cz1
r0004335,41615,cz3,cz1
r0004336,41620,cz3,cz1
r0004337,41624,cz3,cz1
r0004338,41628,cz3,cz1
r0004339,41633,cz3,cz1
r0004340,41637,cz3,cz1
r0004341,41641,cz3,cz1
r0004342,41646,cz3,cz1
r0004343,41650,cz3,cz1
r0004344,41654,cz3,cz1
r0004345,41659,cz3,cz1
r0004346,41663,cz3,cz1
r0004347,41668,cz3,cz1
r0004348,41672,cz3,cz1
r0004349,41676,cz3,cz1
r0004350,41681,cz3,cz1
r0004351,41685,cz3,cz1
r0004352,41689,cz3,cz1
r0004353,41694,cz3,cz1
r0004354,41698,cz3,cz1
r0004355,41702,cz3,cz1
r0004356,41707,cz3,cz1
r0004357,41711,cz3,cz1
r0004358,41715,cz3,cz1
r0004359,41720,cz3,cz1
r0004360,41724,cz3,cz1
r0004361,41729,cz3,cz1
r0004362,41733,cz3,cz2
r0004363,41737,cz3,cz2
r0004364,41742,cz3,cz2
r0004365,41746,cz3,cz2
r0004366,41750,cz3,cz2
r0004367,41755,cz3,cz2
r0004368,41759,cz3,cz2
r0004369,41763,cz3,cz2
r0004370,41768,cz3,cz2
r0004371,41772,cz3,cz2
r0004372,41776,cz3,cz2
r0004373,41781,cz3,cz2
r0004374,41785,cz3,cz2
r0004375,41790,cz3,cz2
r0004376,41794,cz3,cz2
r0004377,41798,cz3,cz2
r0004378,41803,cz3,cz2
r0004379,41807,cz3,cz2
r0004380,41811,cz3,cz2
r0004381,41816,cz3,cz2
r0004382,41820,cz3,cz2
r0004383,41824,cz3,cz2
r0004384,41829,cz3,cz2
r0004385,41833,cz3,cz2
r0004386,41838,cz3,cz2
r0004387,41842,cz3,cz2
r0004388,41846,cz3,cz2
r0004389,41851,cz3,cz2
r0004390,41855,cz3,cz2
r0004391,41859,cz3,cz2
r0004392,41864,cz3,cz2
r0004393,41868,cz3,cz2
r0004394,41872,cz3,cz2
r0004395,41877,cz3,cz2
r0004396,41881,cz3,cz2
r0004397,41885,cz3,cz2
r0004398,41890,cz3,cz2
r0004399,41894,cz3,cz2
r0004400,41899,cz3,cz2
r0004401,41903,cz3,cz2
r0004402,41907,cz3,cz2
r0004403,41912,cz3,cz2
r0004404,41916,cz3,cz2
r0004405,41920,cz3,cz2
r0004406,41925,cz3,cz2
r0004407,41929,cz3,cz2
r0004408,41933,cz3,cz2
r0004409,41938,cz3,cz2
r0004410,41942,cz3,cz3
r0004411,41946,cz3,cz3
r0004412,41951,cz3,cz3
r0004413,41955,cz3,cz3
r0004414,41960,cz3,cz3
r0004415,41964,cz3,cz3
r0004416,41968,cz3,cz3
r0004417,41973,cz3,cz3
r0004418,41977,cz3,cz3
r0004419,41981,cz3,cz3
r0004420,41986,cz3,cz3
r0004421,41990,cz3,cz3
r0004422,41994,cz3,cz3
r0004423,41999,cz3,cz3
r0004424,42003,cz3,cz3
r0004425,42007,cz3,cz3
r0004426,42012,cz3,cz3
r0004427,42016,cz3,cz3
r0004428,42021,cz3,cz3
r0004429,42025,cz3,cz3
r0004430,42029,cz3,cz3
r0004431,42034,cz3,cz3
r0004432,42038,cz3,cz3
r0004433,42042,cz3,cz3
r0004434,42047,cz3,cz3
r0004435,42051,cz3,cz3
r0004436,42055,cz3,cz3
r0004437,42060,cz3,cz3
r0004438,42064,cz3,cz3
r0004439,42069,cz3,cz3
r0004440,42073,cz3,cz3
r0004441,42077,cz3,cz3
r0004442,42082,cz3,cz3
r0004443,42086,cz3,cz3
r0004444,42090,cz3,cz3
r0004445,42095,cz3,cz3
r0004446,42099,cz3,cz3
r0004447,42103,cz3,cz3
r0004448,42108,cz3,cz3
r0004449,42112,cz3,cz3
r0004450,42116,cz3,cz3
r0004451,42121,cz3,cz3
r0004452,42125,cz3,cz3
r0004453,42130,cz3,cz3
r0004454,42134,cz3,cz3
r0004455,42138,cz3,cz3
r0004456,42143,cz3,cz3
r0004457,42147,cz3,cz3
r0004458,42151,cz3,cz3
r0004459,42156,cz3,cz3
r0004460,42160,cz3,cz3
r0004461,42164,cz3,cz3
r0004462,42169,cz3,cz3
r0004463,42173,cz3,cz3
r0004464,42177,cz3,cz3
r0004465,42182,cz3,cz3
r0004466,42186,cz3,cz3
r0004467,42191,cz3,cz3
r0004468,42195,cz3,cz3
r0004469,42199,cz3,cz3
r0004470,42204,cz3,cz3
r0004471,42208,cz3,cz3
r0004472,42212,cz3,cz3
r0004473,42217,cz3,cz3
r0004474,42221,cz3,cz3
r0004475,42225,cz3,cz3
r0004476,42230,cz3,cz3
r0004477,42234,cz3,cz3
r0004478,42238,cz3,cz3
r0004479,42243,cz3,cz3
r0004480,42247,cz3,cz3
r0004481,42252,cz3,cz3
r0004482,42256,cz3,cz4
r0004483,42260,cz3,cz4
r0004484,42265,cz3,cz4
r0004485,42269,cz3,cz4
r0004486,42273,cz3,cz4
r0004487,42278,cz3,cz4
r0004488,42282,cz3,cz4
r0004489,42286,cz3,cz4
r0004490,42291,cz3,cz4
r0004491,42295,cz3,cz4
r0004492,42300,cz3,cz4
r0004493,42304,cz3,cz4
r0004494,42308,cz3,cz4
r0004495,42313,cz3,cz4
r0004496,42317,cz3,cz4
r0004497,42321,cz3,cz4
r0004498,42326,cz3,cz4
r0004499,42330,cz3,cz4
r0004500,42334,cz3,cz4
r0004501,42339,cz3,cz4
r0004502,42343,cz3,cz4
r0004503,42347,cz3,cz4
r0004504,42352,cz3,cz4
r0004505,42356,cz3,cz4
r0004506,42361,cz3,cz4
r0004507,42365,cz3,cz4
r0004508,42369,cz3,cz4
r0004509,42374,cz3,cz4
r0004510,42378,cz3,cz4
r0004511,42382,cz3,cz4
r0004512,42387,cz3,cz4
r0004513,42391,cz3,cz4
r0004514,42395,cz3,cz4
r0004515,42400,cz3,cz4
r0004516,42404,cz3,cz4
r0004517,42408,cz3,cz4
r0004518,42413,cz3,cz4
r0004519,42417,cz3,cz4
r0004520,42422,cz3,cz4
r0004521,42426,cz3,cz4
r0004522,42430,cz3,cz4
r0004523,42435,cz3,cz4
r0004524,42439,cz3,cz4
r0004525,42443,cz3,cz4
r0004526,42448,cz3,cz4
r0004527,42452,cz3,cz4
r0004528,42456,cz3,cz4
r0004529,42461,cz3,cz4
r0004530,42465,cz3,cz4
r0004531,42469,cz4,cz1
r0004532,42474,cz4,cz1
r0004533,42478,cz4,cz1
r0004534,42483,cz4,cz1
r0004535,42487,cz4,cz1
r0004536,42491,cz4,cz1
r0004537,42496,cz4,cz1
r0004538,42500,cz4,cz1
r0004539,42504,cz4,cz1
r0004540,42509,cz4,cz1
r0004541,42513,cz4,cz1
r0004542,42517,cz4,cz1
r0004543,42522,cz4,cz1
r0004544,42526,cz4,cz1
r0004545,42530,cz4,cz1
r0004546,42535,cz4,cz1
r0004547,42539,cz4,cz1
r0004548,42544,cz4,cz1
r0004549,42548,cz4,cz1
r0004550,42552,cz4,cz1
r0004551,42557,cz4,cz1
r0004552,42561,cz4,cz1
r0004553,42565,cz4,cz1
r0004554,42570,cz4,cz1
r0004555,42574,cz4,cz1
r0004556,42578,cz4,cz1
r0004557,42583,cz4,cz1
r0004558,42587,cz4,cz1
r0004559,42592,cz4,cz1
r0004560,42596,cz4,cz1
r0004561,42600,cz4,cz1
r0004562,42605,cz4,cz1
r0004563,42609,cz4,cz1
r0004564,42613,cz4,cz1
r0004565,42618,cz4,cz1
r0004566,42622,cz4,cz1
r0004567,42626,cz4,cz1
r0004568,42631,cz4,cz1
r0004569,42635,cz4,cz1
r0004570,42639,cz4,cz1
r0004571,42644,cz4,cz1
r0004572,42648,cz4,cz1
r0004573,42653,cz4,cz1
r0004574,42657,cz4,cz1
r0004575,42661,cz4,cz1
r0004576,42666,cz4,cz1
r0004577,42670,cz4,cz1
r0004578,42674,cz4,cz1
r0004579,42679,cz4,cz2
r0004580,42683,cz4,cz2
r0004581,42687,cz4,cz2
r0004582,42692,cz4,cz2
r0004583,42696,cz4,cz2
r0004584,42700,cz4,cz2
r0004585,42705,cz4,cz2
r0004586,42709,cz4,cz2
r0004587,42714,cz4,cz2
r0004588,42718,cz4,cz2
r0004589,42722,cz4,cz2
r0004590,42727,cz4,cz2
r0004591,42731,cz4,cz2
r0004592,42735,cz4,cz2
r0004593,42740,cz4,cz2
r0004594,42744,cz4,cz2
r0004595,42748,cz4,cz2
r0004596,42753,cz4,cz2
r0004597,42757,cz4,cz2
r0004598,42761,cz4,cz2
r0004599,42766,cz4,cz2
r0004600,42770,cz4,cz2
r0004601,42775,cz4,cz2
r0004602,42779,cz4,cz2
r0004603,42783,cz4,cz2
r0004604,42788,cz4,cz2
r0004605,42792,cz4,cz2
r0004606,42796,cz4,cz2
r0004607,42801,cz4,cz2
r0004608,42805,cz4,cz2
r0004609,42809,cz4,cz2
r0004610,42814,cz4,cz2
r0004611,42818,cz4,cz2
r0004612,42823,cz4,cz2
r0004613,42827,cz4,cz2
r0004614,42831,cz4,cz2
r0004615,42836,cz4,cz3
r0004616,42840,cz4,cz3
r0004617,42844,cz4,cz3
r0004618,42849,cz4,cz3
r0004619,42853,cz4,cz3
r0004620,42857,cz4,cz3
r0004621,42862,cz4,cz3
r0004622,42866,cz4,cz3
r0004623,42870,cz4,cz3
r0004624,42875,cz4,cz3
r0004625,42879,cz4,cz3
r0004626,42884,cz4,cz3
r0004627,42888,cz4,cz3
r0004628,42892,cz4,cz3
r0004629,42897,cz4,cz3
r0004630,42901,cz4,cz3
r0004631,42905,cz4,cz3
r0004632,42910,cz4,cz3
r0004633,42914,cz4,cz3
r0004634,42918,cz4,cz3
r0004635,42923,cz4,cz3
r0004636,42927,cz4,cz3
r0004637,42931,cz4,cz3
r0004638,42936,cz4,cz3
r0004639,42940,cz4,cz3
r0004640,42945,cz4,cz3
r0004641,42949,cz4,cz3
r0004642,42953,cz4,cz3
r0004643,42958,cz4,cz3
r0004644,42962,cz4,cz3
r0004645,42966,cz4,cz3
r0004646,42971,cz4,cz3
r0004647,42975,cz4,cz3
r0004648,42979,cz4,cz3
r0004649,42984,cz4,cz3
r0004650,42988,cz4,cz3
r0004651,42992,cz4,cz3
r0004652,42997,cz4,cz3
r0004653,43001,cz4,cz3
r0004654,43006,cz4,cz3
r0004655,43010,cz4,cz3
r0004656,43014,cz4,cz3
r0004657,43019,cz4,cz3
r0004658,43023,cz4,cz3
r0004659,43027,cz4,cz3
r0004660,43032,cz4,cz3
r0004661,43036,cz4,cz3
r0004662,43040,cz4,cz3
r0004663,43045,cz4,cz3
r0004664,43049,cz4,cz3
r0004665,43053,cz4,cz4
r0004666,43058,cz4,cz4
r0004667,43062,cz4,cz4
r0004668,43067,cz4,cz4
r0004669,43071,cz4,cz4
r0004670,43075,cz4,cz4
r0004671,43080,cz4,cz4
r0004672,43084,cz4,cz4
r0004673,43088,cz4,cz4
r0004674,43093,cz4,cz4
r0004675,43097,cz4,cz4
r0004676,43101,cz4,cz4
r0004677,43106,cz4,cz4
r0004678,43110,cz4,cz4
r0004679,43115,cz4,cz4
r0004680,43119,cz4,cz4
r0004681,43123,cz4,cz4
r0004682,43128,cz4,cz4
r0004683,43132,cz4,cz4
r0004684,43136,cz4,cz4
r0004685,43141,cz4,cz4
r0004686,43145,cz4,cz4
r0004687,43149,cz4,cz4
r0004688,43154,cz4,cz4
r0004689,43158,cz4,cz4
r0004690,43162,cz4,cz4
r0004691,43167,cz4,cz4
r0004692,43171,cz4,cz4
r0004693,43176,cz4,cz4
r0004694,43180,cz4,cz4
r0004695,43184,cz4,cz4
r0004696,43189,cz4,cz4
r0004697,43193,cz4,cz4
r0004698,43197,cz4,cz4
r0004699,43202,cz1,cz1
r0004700,43206,cz1,cz1
r0004701,43210,cz1,cz1
r0004702,43214,cz1,cz1
r0004703,43218,cz1,cz1
r0004704,43223,cz1,cz1
r0004705,43227,cz1,cz1
r0004706,43231,cz1,cz1
r0004707,43235,cz1,cz1
r0004708,43240,cz1,cz1
r0004709,43244,cz1,cz1
r0004710,43248,cz1,cz1
r0004711,43252,cz1,cz1
r0004712,43256,cz1,cz1
r0004713,43261,cz1,cz1
r0004714,43265,cz1,cz1
r0004715,43269,cz1,cz1
r0004716,43273,cz1,cz1
r0004717,43277,cz1,cz1
r0004718,43282,cz1,cz1
r0004719,43286,cz1,cz1
r0004720,43290,cz1,cz1
r0004721,43294,cz1,cz1
r0004722,43298,cz1,cz1
r0004723,43303,cz1,cz1
r0004724,43307,cz1,cz1
r0004725,43311,cz1,cz1
r0004726,43315,cz1,cz1
r0004727,43320,cz1,cz1
r0004728,43324,cz1,cz1
r0004729,43328,cz1,cz1
r0004730,43332,cz1,cz1
r0004731,43336,cz1,cz1
r0004732,43341,cz1,cz1
r0004733,43345,cz1,cz1
r0004734,43349,cz1,cz1
r0004735,43353,cz1,cz1
r0004736,43357,cz1,cz1
r0004737,43362,cz1,cz1
r0004738,43366,cz1,cz1
r0004739,43370,cz1,cz1
r0004740,43374,cz1,cz1
r0004741,43378,cz1,cz1
r0004742,43383,cz1,cz1
r0004743,43387,cz1,cz1
r0004744,43391,cz1,cz1
r0004745,43395,cz1,cz1
r0004746,43400,cz1,cz1
r0004747,43404,cz1,cz1
r0004748,43408,cz1,cz1
r0004749,43412,cz1,cz1
r0004750,43416,cz1,cz1
r0004751,43421,cz1,cz1
r0004752,43425,cz1,cz1
r0004753,43429,cz1,cz1
r0004754,43433,cz1,cz1
r0004755,43437,cz1,cz1
r0004756,43442,cz1,cz1
r0004757,43446,cz1,cz1
r0004758,43450,cz1,cz1
r0004759,43454,cz1,cz1
r0004760,43458,cz1,cz1
r0004761,43463,cz1,cz1
r0004762,43467,cz1,cz1
r0004763,43471,cz1,cz1
r0004764,43475,cz1,cz1
r0004765,43480,cz1,cz1
r0004766,43484,cz1,cz1
r0004767,43488,cz1,cz1
r0004768,43492,cz1,cz2
r0004769,43496,cz1,cz2
r0004770,43501,cz1,cz2
r0004771,43505,cz1,cz2
r0004772,43509,cz1,cz2
r0004773,43513,cz1,cz2
r0004774,43517,cz1,cz2
r0004775,43522,cz1,cz2
r0004776,43526,cz1,cz2
r0004777,43530,cz1,cz2
r0004778,43534,cz1,cz2
r0004779,43538,cz1,cz2
r0004780,43543,cz1,cz2
r0004781,43547,cz1,cz2
r0004782,43551,cz1,cz2
r0004783,43555,cz1,cz2
r0004784,43560,cz1,cz2
r0004785,43564,cz1,cz2
r0004786,43568,cz1,cz2
r0004787,43572,cz1,cz2
r0004788,43576,cz1,cz2
r0004789,43581,cz1,cz2
r0004790,43585,cz1,cz2
r0004791,43589,cz1,cz2
r0004792,43593,cz1,cz2
r0004793,43597,cz1,cz2
r0004794,43602,cz1,cz2
r0004795,43606,cz1,cz2
r0004796,43610,cz1,cz2
r0004797,43614,cz1,cz2
r0004798,43618,cz1,cz2
r0004799,43623,cz1,cz2
r0004800,43627,cz1,cz2
r0004801,43631,cz1,cz2
r0004802,43635,cz1,cz2
r0004803,43640,cz1,cz2
r0004804,43644,cz1,cz2
r0004805,43648,cz1,cz2
r0004806,43652,cz1,cz2
r0004807,43656,cz1,cz2
r0004808,43661,cz1,cz2
r0004809,43665,cz1,cz2
r0004810,43669,cz1,cz2
r0004811,43673,cz1,cz2
r0004812,43677,cz1,cz2
r0004813,43682,cz1,cz2
r0004814,43686,cz1,cz2
r0004815,43690,cz1,cz2
r0004816,43694,cz1,cz2
r0004817,43698,cz1,cz2
r0004818,43703,cz1,cz2
r0004819,43707,cz1,cz2
r0004820,43711,cz1,cz3
r0004821,43715,cz1,cz3
r0004822,43720,cz1,cz3
r0004823,43724,cz1,cz3
r0004824,43728,cz1,cz3
r0004825,43732,cz1,cz3
r0004826,43736,cz1,cz3
r0004827,43741,cz1,cz3
r0004828,43745,cz1,cz3
r0004829,43749,cz1,cz3
r0004830,43753,cz1,cz3
r0004831,43757,cz1,cz3
r0004832,43762,cz1,cz3
r0004833,43766,cz1,cz3
r0004834,43770,cz1,cz3
r0004835,43774,cz1,cz3
r0004836,43778,cz1,cz3
r0004837,43783,cz1,cz3
r0004838,43787,cz1,cz3
r0004839,43791,cz1,cz3
r0004840,43795,cz1,cz3
r0004841,43800,cz1,cz3
r0004842,43804,cz1,cz3
r0004843,43808,cz1,cz3
r0004844,43812,cz1,cz3
r0004845,43816,cz1,cz3
r0004846,43821,cz1,cz3
r0004847,43825,cz1,cz3
r0004848,43829,cz1,cz3
r0004849,43833,cz1,cz3
r0004850,43837,cz1,cz3
r0004851,43842,cz1,cz3
r0004852,43846,cz1,cz3
r0004853,43850,cz1,cz3
r0004854,43854,cz1,cz3
r0004855,43858,cz1,cz3
r0004856,43863,cz1,cz3
r0004857,43867,cz1,cz3
r0004858,43871,cz1,cz3
r0004859,43875,cz1,cz3
r0004860,43880,cz1,cz3
r0004861,43884,cz1,cz3
r0004862,43888,cz1,cz3
r0004863,43892,cz1,cz3
r0004864,43896,cz1,cz3
r0004865,43901,cz1,cz3
r0004866,43905,cz1,cz3
r0004867,43909,cz1,cz3
r0004868,43913,cz1,cz3
r0004869,43917,cz1,cz3
r0004870,43922,cz1,cz3
r0004871,43926,cz1,cz3
r0004872,43930,cz1,cz3
r0004873,43934,cz1,cz3
r0004874,43938,cz1,cz3
r0004875,43943,cz1,cz3
r0004876,43947,cz1,cz3
r0004877,43951,cz1,cz3
r0004878,43955,cz1,cz3
r0004879,43960,cz1,cz3
r0004880,43964,cz1,cz3
r0004881,43968,cz1,cz3
r0004882,43972,cz1,cz3
r0004883,43976,cz1,cz3
r0004884,43981,cz1,cz3
r0004885,43985,cz1,cz3
r0004886,43989,cz1,cz3
r0004887,43993,cz1,cz3
r0004888,43997,cz1,cz3
r0004889,44002,cz1,cz3
r0004890,44006,cz1,cz3
r0004891,44010,cz1,cz4
r0004892,44014,cz1,cz4
r0004893,44018,cz1,cz4
r0004894,44023,cz1,cz4
r0004895,44027,cz1,cz4
r0004896,44031,cz1,cz4
r0004897,44035,cz1,cz4
r0004898,44040,cz1,cz4
r0004899,44044,cz1,cz4
r0004900,44048,cz1,cz4
r0004901,44052,cz1,cz4
r0004902,44056,cz1,cz4
r0004903,44061,cz1,cz4
r0004904,44065,cz1,cz4
r0004905,44069,cz1,cz4
r0004906,44073,cz1,cz4
r0004907,44077,cz1,cz4
r0004908,44082,cz1,cz4
r0004909,44086,cz1,cz4
r0004910,44090,cz1,cz4
r0004911,44094,cz1,cz4
r0004912,44098,cz1,cz4
r0004913,44103,cz1,cz4
r0004914,44107,cz1,cz4
r0004915,44111,cz1,cz4
r0004916,44115,cz1,cz4
r0004917,44119,cz1,cz4
r0004918,44124,cz1,cz4
r0004919,44128,cz1,cz4
r0004920,44132,cz1,cz4
r0004921,44136,cz1,cz4
r0004922,44141,cz1,cz4
r0004923,44145,cz1,cz4
r0004924,44149,cz1,cz4
r0004925,44153,cz1,cz4
r0004926,44157,cz1,cz4
r0004927,44162,cz1,cz4
r0004928,44166,cz1,cz4
r0004929,44170,cz1,cz4
r0004930,44174,cz1,cz4
r0004931,44178,cz1,cz4
r0004932,44183,cz1,cz4
r0004933,44187,cz1,cz4
r0004934,44191,cz1,cz4
r0004935,44195,cz1,cz4
r0004936,44200,cz1,cz4
r0004937,44204,cz1,cz4
r0004938,44208,cz1,cz4
r0004939,44212,cz1,cz4
r0004940,44216,cz2,cz1
r0004941,44221,cz2,cz1
r0004942,44225,cz2,cz1
r0004943,44229,cz2,cz1
r0004944,44233,cz2,cz1
r0004945,44237,cz2,cz1
r0004946,44242,cz2,cz1
r0004947,44246,cz2,cz1
r0004948,44250,cz2,cz1
r0004949,44254,cz2,cz1
r0004950,44258,cz2,cz1
r0004951,44263,cz2,cz1
r0004952,44267,cz2,cz1
r0004953,44271,cz2,cz1
r0004954,44275,cz2,cz1
r0004955,44280,cz2,cz1
r0004956,44284,cz2,cz1
r0004957,44288,cz2,cz1
r0004958,44292,cz2,cz1
r0004959,44296,cz2,cz1
r0004960,44301,cz2,cz1
r0004961,44305,cz2,cz1
r0004962,44309,cz2,cz1
r0004963,44313,cz2,cz1
r0004964,44317,cz2,cz1
r0004965,44322,cz2,cz1
r0004966,44326,cz2,cz1
r0004967,44330,cz2,cz1
r0004968,44334,cz2,cz1
r0004969,44338,cz2,cz1
r0004970,44343,cz2,cz1
r0004971,44347,cz2,cz1
r0004972,44351,cz2,cz1
r0004973,44355,cz2,cz1
r0004974,44360,cz2,cz1
r0004975,44364,cz2,cz1
r0004976,44368,cz2,cz1
r0004977,44372,cz2,cz1
r0004978,44376,cz2,cz1
r0004979,44381,cz2,cz1
r0004980,44385,cz2,cz1
r0004981,44389,cz2,cz1
r0004982,44393,cz2,cz1
r0004983,44397,cz2,cz1
r0004984,44402,cz2,cz1
r0004985,44406,cz2,cz1
r0004986,44410,cz2,cz1
r0004987,44414,cz2,cz1
r0004988,44418,cz2,cz1
r0004989,44423,cz2,cz1
r0004990,44427,cz2,cz1
r0004991,44431,cz2,cz1
r0004992,44435,cz2,cz1
r0004993,44440,cz2,cz2
r0004994,44444,cz2,cz2
r0004995,44448,cz2,cz2
r0004996,44452,cz2,cz2
r0004997,44456,cz2,cz2
r0004998,44461,cz2,cz2
r0004999,44465,cz2,cz2
r0005000,44469,cz2,cz2
r0005001,44473,cz2,cz2
r0005002,44477,cz2,cz2
r0005003,44482,cz2,cz2
r0005004,44486,cz2,cz2
r0005005,44490,cz2,cz2
r0005006,44494,cz2,cz2
r0005007,44498,cz2,cz2
r0005008,44503,cz2,cz2
r0005009,44507,cz2,cz2
r0005010,44511,cz2,cz2
r0005011,44515,cz2,cz2
r0005012,44520,cz2,cz2
r0005013,44524,cz2,cz2
r0005014,44528,cz2,cz2
r0005015,44532,cz2,cz2
r0005016,44536,cz2,cz2
r0005017,44541,cz2,cz2
r0005018,44545,cz2,cz2
r0005019,44549,cz2,cz2
r0005020,44553,cz2,cz2
r0005021,44557,cz2,cz2
r0005022,44562,cz2,cz2
r0005023,44566,cz2,cz2
r0005024,44570,cz2,cz2
r0005025,44574,cz2,cz2
r0005026,44578,cz2,cz2
r0005027,44583,cz2,cz2
r0005028,44587,cz2,cz2
r0005029,44591,cz2,cz2
r0005030,44595,cz2,cz2
r0005031,44600,cz2,cz2
r0005032,44604,cz2,cz2
r0005033,44608,cz2,cz2
r0005034,44612,cz2,cz2
r0005035,44616,cz2,cz2
r0005036,44621,cz2,cz2
r0005037,44625,cz2,cz2
r0005038,44629,cz2,cz2
r0005039,44633,cz2,cz2
r0005040,44637,cz2,cz2
r0005041,44642,cz2,cz2
r0005042,44646,cz2,cz2
r0005043,44650,cz2,cz2
r0005044,44654,cz2,cz2
r0005045,44658,cz2,cz3
r0005046,44663,cz2,cz3
r0005047,44667,cz2,cz3
r0005048,44671,cz2,cz3
r0005049,44675,cz2,cz3
r0005050,44680,cz2,cz3
r0005051,44684,cz2,cz3
r0005052,44688,cz2,cz3
r0005053,44692,cz2,cz3
r0005054,44696,cz2,cz3
r0005055,44701,cz2,cz3
r0005056,44705,cz2,cz3
r0005057,44709,cz2,cz3
r0005058,44713,cz2,cz3
r0005059,44717,cz2,cz3
r0005060,44722,cz2,cz3
r0005061,44726,cz2,cz3
r0005062,44730,cz2,cz3
r0005063,44734,cz2,cz3
r0005064,44738,cz2,cz3
r0005065,44743,cz2,cz3
r0005066,44747,cz2,cz3
r0005067,44751,cz2,cz3
r0005068,44755,cz2,cz3
r0005069,44760,cz2,cz3
r0005070,44764,cz2,cz3
r0005071,44768,cz2,cz3
r0005072,44772,cz2,cz3
r0005073,44776,cz2,cz3
r0005074,44781,cz2,cz3
r0005075,44785,cz2,cz3
r0005076,44789,cz2,cz3
r0005077,44793,cz2,cz3
r0005078,44797,cz2,cz3
r0005079,44802,cz2,cz3
r0005080,44806,cz2,cz3
r0005081,44810,cz2,cz3
r0005082,44814,cz2,cz3
r0005083,44818,cz2,cz3
r0005084,44823,cz2,cz3
r0005085,44827,cz2,cz3
r0005086,44831,cz2,cz3
r0005087,44835,cz2,cz3
r0005088,44840,cz2,cz3
r0005089,44844,cz2,cz3
r0005090,44848,cz2,cz3
r0005091,44852,cz2,cz3
r0005092,44856,cz2,cz3
r0005093,44861,cz2,cz3
r0005094,44865,cz2,cz3
r0005095,44869,cz2,cz3
r0005096,44873,cz2,cz3
r0005097,44877,cz2,cz4
r0005098,44882,cz2,cz4
r0005099,44886,cz2,cz4
r0005100,44890,cz2,cz4
r0005101,44894,cz2,cz4
r0005102,44898,cz2,cz4
r0005103,44903,cz2,cz4
r0005104,44907,cz2,cz4
r0005105,44911,cz2,cz4
r0005106,44915,cz2,cz4
r0005107,44920,cz2,cz4
r0005108,44924,cz2,cz4
r0005109,44928,cz2,cz4
r0005110,44932,cz2,cz4
r0005111,44936,cz2,cz4
r0005112,44941,cz2,cz4
r0005113,44945,cz2,cz4
r0005114,44949,cz2,cz4
r0005115,44953,cz2,cz4
r0005116,44957,cz2,cz4
r0005117,44962,cz2,cz4
r0005118,44966,cz2,cz4
r0005119,44970,cz2,cz4
r0005120,44974,cz2,cz4
r0005121,44978,cz2,cz4
r0005122,44983,cz2,cz4
r0005123,44987,cz2,cz4
r0005124,44991,cz2,cz4
r0005125,44995,cz2,cz4
r0005126,45000,cz2,cz4
r0005127,45004,cz2,cz4
r0005128,45008,cz2,cz4
r0005129,45012,cz2,cz4
r0005130,45016,cz2,cz4
r0005131,45021,cz2,cz4
r0005132,45025,cz2,cz4
r0005133,45029,cz2,cz4
r0005134,45033,cz3,cz1
r0005135,45037,cz3,cz1
r0005136,45042,cz3,cz1
r0005137,45046,cz3,cz1
r0005138,45050,cz3,cz1
r0005139,45054,cz3,cz1
r0005140,45058,cz3,cz1
r0005141,45063,cz3,cz1
r0005142,45067,cz3,cz1
r0005143,45071,cz3,cz1
r0005144,45075,cz3,cz1
r0005145,45080,cz3,cz1
r0005146,45084,cz3,cz1
r0005147,45088,cz3,cz1
r0005148,45092,cz3,cz1
r0005149,45096,cz3,cz1
r0005150,45101,cz3,cz1
r0005151,45105,cz3,cz1
r0005152,45109,cz3,cz1
r0005153,45113,cz3,cz1
r0005154,45117,cz3,cz1
r0005155,45122,cz3,cz1
r0005156,45126,cz3,cz1
r0005157,45130,cz3,cz1
r0005158,45134,cz3,cz1
r0005159,45138,cz3,cz1
r0005160,45143,cz3,cz1
r0005161,45147,cz3,cz1
r0005162,45151,cz3,cz1
r0005163,45155,cz3,cz1
r0005164,45159,cz3,cz1
r0005165,45164,cz3,cz1
r0005166,45168,cz3,cz1
r0005167,45172,cz3,cz1
r0005168,45176,cz3,cz1
r0005169,45181,cz3,cz1
r0005170,45185,cz3,cz1
r0005171,45189,cz3,cz1
r0005172,45193,cz3,cz1
r0005173,45197,cz3,cz1
r0005174,45202,cz3,cz1
r0005175,45206,cz3,cz1
r0005176,45210,cz3,cz1
r0005177,45214,cz3,cz1
r0005178,45218,cz3,cz1
r0005179,45223,cz3,cz1
r0005180,45227,cz3,cz1
r0005181,45231,cz3,cz1
r0005182,45235,cz3,cz1
r0005183,45240,cz3,cz1
r0005184,45244,cz3,cz1
r0005185,45248,cz3,cz1
r0005186,45252,cz3,cz1
r0005187,45256,cz3,cz1
r0005188,45261,cz3,cz1
r0005189,45265,cz3,cz1
r0005190,45269,cz3,cz1
r0005191,45273,cz3,cz1
r0005192,45277,cz3,cz1
r0005193,45282,cz3,cz1
r0005194,45286,cz3,cz1
r0005195,45290,cz3,cz1
r0005196,45294,cz3,cz1
r0005197,45298,cz3,cz1
r0005198,45303,cz3,cz1
r0005199,45307,cz3,cz1
r0005200,45311,cz3,cz1
r0005201,45315,cz3,cz1
r0005202,45320,cz3,cz1
r0005203,45324,cz3,cz1
r0005204,45328,cz3,cz2
r0005205,45332,cz3,cz2
r0005206,45336,cz3,cz2
r0005207,45341,cz3,cz2
r0005208,45345,cz3,cz2
r0005209,45349,cz3,cz2
r0005210,45353,cz3,cz2
r0005211,45357,cz3,cz2
r0005212,45362,cz3,cz2
r0005213,45366,cz3,cz2
r0005214,45370,cz3,cz2
r0005215,45374,cz3,cz2
r0005216,45378,cz3,cz2
r0005217,45383,cz3,cz2
r0005218,45387,cz3,cz2
r0005219,45391,cz3,cz2
r0005220,45395,cz3,cz2
r0005221,45400,cz3,cz2
r0005222,45404,cz3,cz2
r0005223,45408,cz3,cz2
r0005224,45412,cz3,cz2
r0005225,45416,cz3,cz2
r0005226,45421,cz3,cz2
r0005227,45425,cz3,cz2
r0005228,45429,cz3,cz2
r0005229,45433,cz3,cz2
r0005230,45437,cz3,cz2
r0005231,45442,cz3,cz2
r0005232,45446,cz3,cz2
r0005233,45450,cz3,cz2
r0005234,45454,cz3,cz2
r0005235,45458,cz3,cz2
r0005236,45463,cz3,cz2
r0005237,45467,cz3,cz2
r0005238,45471,cz3,cz2
r0005239,45475,cz3,cz2
r0005240,45480,cz3,cz2
r0005241,45484,cz3,cz2
r0005242,45488,cz3,cz2
r0005243,45492,cz3,cz2
r0005244,45496,cz3,cz2
r0005245,45501,cz3,cz2
r0005246,45505,cz3,cz2
r0005247,45509,cz3,cz2
r0005248,45513,cz3,cz2
r0005249,45517,cz3,cz2
r0005250,45522,cz3,cz2
r0005251,45526,cz3,cz2
r0005252,45530,cz3,cz2
r0005253,45534,cz3,cz2
r0005254,45538,cz3,cz3
r0005255,45543,cz3,cz3
r0005256,45547,cz3,cz3
r0005257,45551,cz3,cz3
r0005258,45555,cz3,cz3
r0005259,45560,cz3,cz3
r0005260,45564,cz3,cz3
r0005261,45568,cz3,cz3
r0005262,45572,cz3,cz3
r0005263,45576,cz3,cz3
r0005264,45581,cz3,cz3
r0005265,45585,cz3,cz3
r0005266,45589,cz3,cz3
r0005267,45593,cz3,cz3
r0005268,45597,cz3,cz3
r0005269,45602,cz3,cz3
r0005270,45606,cz3,cz3
r0005271,45610,cz3,cz3
r0005272,45614,cz3,cz3
r0005273,45618,cz3,cz3
r0005274,45623,cz3,cz3
r0005275,45627,cz3,cz3
r0005276,45631,cz3,cz3
r0005277,45635,cz3,cz3
r0005278,45640,cz3,cz3
r0005279,45644,cz3,cz3
r0005280,45648,cz3,cz3
r0005281,45652,cz3,cz3
r0005282,45656,cz3,cz3
r0005283,45661,cz3,cz3
r0005284,45665,cz3,cz3
r0005285,45669,cz3,cz3
r0005286,45673,cz3,cz3
r0005287,45677,cz3,cz3
r0005288,45682,cz3,cz3
r0005289,45686,cz3,cz3
r0005290,45690,cz3,cz3
r0005291,45694,cz3,cz3
r0005292,45698,cz3,cz3
r0005293,45703,cz3,cz3
r0005294,45707,cz3,cz3
r0005295,45711,cz3,cz3
r0005296,45715,cz3,cz3
r0005297,45720,cz3,cz3
r0005298,45724,cz3,cz3
r0005299,45728,cz3,cz3
r0005300,45732,cz3,cz3
r0005301,45736,cz3,cz3
r0005302,45741,cz3,cz3
r0005303,45745,cz3,cz3
r0005304,45749,cz3,cz3
r0005305,45753,cz3,cz3
r0005306,45757,cz3,cz3
r0005307,45762,cz3,cz3
r0005308,45766,cz3,cz3
r0005309,45770,cz3,cz3
r0005310,45774,cz3,cz3
r0005311,45778,cz3,cz3
r0005312,45783,cz3,cz3
r0005313,45787,cz3,cz3
r0005314,45791,cz3,cz3
r0005315,45795,cz3,cz3
r0005316,45800,cz3,cz3
r0005317,45804,cz3,cz3
r0005318,45808,cz3,cz3
r0005319,45812,cz3,cz3
r0005320,45816,cz3,cz3
r0005321,45821,cz3,cz3
r0005322,45825,cz3,cz3
r0005323,45829,cz3,cz3
r0005324,45833,cz3,cz3
r0005325,45837,cz3,cz3
r0005326,45842,cz3,cz3
r0005327,45846,cz3,cz3
r0005328,45850,cz3,cz3
r0005329,45854,cz3,cz4
r0005330,45858,cz3,cz4
r0005331,45863,cz3,cz4
r0005332,45867,cz3,cz4
r0005333,45871,cz3,cz4
r0005334,45875,cz3,cz4
r0005335,45880,cz3,cz4
r0005336,45884,cz3,cz4
r0005337,45888,cz3,cz4
r0005338,45892,cz3,cz4
r0005339,45896,cz3,cz4
r0005340,45901,cz3,cz4
r0005341,45905,cz3,cz4
r0005342,45909,cz3,cz4
r0005343,45913,cz3,cz4
r0005344,45917,cz3,cz4
r0005345,45922,cz3,cz4
r0005346,45926,cz3,cz4
r0005347,45930,cz3,cz4
r0005348,45934,cz3,cz4
r0005349,45938,cz3,cz4
r0005350,45943,cz3,cz4
r0005351,45947,cz3,cz4
r0005352,45951,cz3,cz4
r0005353,45955,cz3,cz4
r0005354,45960,cz3,cz4
r0005355,45964,cz3,cz4
r0005356,45968,cz3,cz4
r0005357,45972,cz3,cz4
r0005358,45976,cz3,cz4
r0005359,45981,cz3,cz4
r0005360,45985,cz3,cz4
r0005361,45989,cz3,cz4
r0005362,45993,cz3,cz4
r0005363,45997,cz3,cz4
r0005364,46002,cz3,cz4
r0005365,46006,cz3,cz4
r0005366,46010,cz3,cz4
r0005367,46014,cz3,cz4
r0005368,46018,cz3,cz4
r0005369,46023,cz3,cz4
r0005370,46027,cz3,cz4
r0005371,46031,cz3,cz4
r0005372,46035,cz3,cz4
r0005373,46040,cz3,cz4
r0005374,46044,cz3,cz4
r0005375,46048,cz3,cz4
r0005376,46052,cz3,cz4
r0005377,46056,cz3,cz4
r0005378,46061,cz3,cz4
r0005379,46065,cz4,cz1
r0005380,46069,cz4,cz1
r0005381,46073,cz4,cz1
r0005382,46077,cz4,cz1
r0005383,46082,cz4,cz1
r0005384,46086,cz4,cz1
r0005385,46090,cz4,cz1
r0005386,46094,cz4,cz1
r0005387,46098,cz4,cz1
r0005388,46103,cz4,cz1
r0005389,46107,cz4,cz1
r0005390,46111,cz4,cz1
r0005391,46115,cz4,cz1
r0005392,46120,cz4,cz1
r0005393,46124,cz4,cz1
r0005394,46128,cz4,cz1
r0005395,46132,cz4,cz1
r0005396,46136,cz4,cz1
r0005397,46141,cz4,cz1
r0005398,46145,cz4,cz1
r0005399,46149,cz4,cz1
r0005400,46153,cz4,cz1
r0005401,46157,cz4,cz1
r0005402,46162,cz4,cz1
r0005403,46166,cz4,cz1
r0005404,46170,cz4,cz1
r0005405,46174,cz4,cz1
r0005406,46178,cz4,cz1
r0005407,46183,cz4,cz1
r0005408,46187,cz4,cz1
r0005409,46191,cz4,cz1
r0005410,46195,cz4,cz1
r0005411,46200,cz4,cz1
r0005412,46204,cz4,cz1
r0005413,46208,cz4,cz1
r0005414,46212,cz4,cz1
r0005415,46216,cz4,cz1
r0005416,46221,cz4,cz1
r0005417,46225,cz4,cz1
r0005418,46229,cz4,cz1
r0005419,46233,cz4,cz1
r0005420,46237,cz4,cz1
r0005421,46242,cz4,cz1
r0005422,46246,cz4,cz1
r0005423,46250,cz4,cz1
r0005424,46254,cz4,cz1
r0005425,46258,cz4,cz1
r0005426,46263,cz4,cz1
r0005427,46267,cz4,cz1
r0005428,46271,cz4,cz1
r0005429,46275,cz4,cz2
r0005430,46280,cz4,cz2
r0005431,46284,cz4,cz2
r0005432,46288,cz4,cz2
r0005433,46292,cz4,cz2
r0005434,46296,cz4,cz2
r0005435,46301,cz4,cz2
r0005436,46305,cz4,cz2
r0005437,46309,cz4,cz2
r0005438,46313,cz4,cz2
r0005439,46317,cz4,cz2
r0005440,46322,cz4,cz2
r0005441,46326,cz4,cz2
r0005442,46330,cz4,cz2
r0005443,46334,cz4,cz2
r0005444,46338,cz4,cz2
r0005445,46343,cz4,cz2
r0005446,46347,cz4,cz2
r0005447,46351,cz4,cz2
r0005448,46355,cz4,cz2
r0005449,46360,cz4,cz2
r0005450,46364,cz4,cz2
r0005451,46368,cz4,cz2
r0005452,46372,cz4,cz2
r0005453,46376,cz4,cz2
r0005454,46381,cz4,cz2
r0005455,46385,cz4,cz2
r0005456,46389,cz4,cz2
r0005457,46393,cz4,cz2
r0005458,46397,cz4,cz2
r0005459,46402,cz4,cz2
r0005460,46406,cz4,cz2
r0005461,46410,cz4,cz2
r0005462,46414,cz4,cz2
r0005463,46418,cz4,cz2
r0005464,46423,cz4,cz2
r0005465,46427,cz4,cz2
r0005466,46431,cz4,cz3
r0005467,46435,cz4,cz3
r0005468,46440,cz4,cz3
r0005469,46444,cz4,cz3
r0005470,46448,cz4,cz3
r0005471,46452,cz4,cz3
r0005472,46456,cz4,cz3
r0005473,46461,cz4,cz3
r0005474,46465,cz4,cz3
r0005475,46469,cz4,cz3
r0005476,46473,cz4,cz3
r0005477,46477,cz4,cz3
r0005478,46482,cz4,cz3
r0005479,46486,cz4,cz3
r0005480,46490,cz4,cz3
r0005481,46494,cz4,cz3
r0005482,46498,cz4,cz3
r0005483,46503,cz4,cz3
r0005484,46507,cz4,cz3
r0005485,46511,cz4,cz3
r0005486,46515,cz4,cz3
r0005487,46520,cz4,cz3
r0005488,46524,cz4,cz3
r0005489,46528,cz4,cz3
r0005490,46532,cz4,cz3
r0005491,46536,cz4,cz3
r0005492,46541,cz4,cz3
r0005493,46545,cz4,cz3
r0005494,46549,cz4,cz3
r0005495,46553,cz4,cz3
r0005496,46557,cz4,cz3
r0005497,46562,cz4,cz3
r0005498,46566,cz4,cz3
r0005499,46570,cz4,cz3
r0005500,46574,cz4,cz3
r0005501,46578,cz4,cz3
r0005502,46583,cz4,cz3
r0005503,46587,cz4,cz3
r0005504,46591,cz4,cz3
r0005505,46595,cz4,cz3
r0005506,46600,cz4,cz3
r0005507,46604,cz4,cz3
r0005508,46608,cz4,cz3
r0005509,46612,cz4,cz3
r0005510,46616,cz4,cz3
r0005511,46621,cz4,cz3
r0005512,46625,cz4,cz3
r0005513,46629,cz4,cz3
r0005514,46633,cz4,cz3
r0005515,46637,cz4,cz3
r0005516,46642,cz4,cz3
r0005517,46646,cz4,cz3
r0005518,46650,cz4,cz4
r0005519,46654,cz4,cz4
r0005520,46658,cz4,cz4
r0005521,46663,cz4,cz4
r0005522,46667,cz4,cz4
r0005523,46671,cz4,cz4
r0005524,46675,cz4,cz4
r0005525,46680,cz4,cz4
r0005526,46684,cz4,cz4
r0005527,46688,cz4,cz4
r0005528,46692,cz4,cz4
r0005529,46696,cz4,cz4
r0005530,46701,cz4,cz4
r0005531,46705,cz4,cz4
r0005532,46709,cz4,cz4
r0005533,46713,cz4,cz4
r0005534,46717,cz4,cz4
r0005535,46722,cz4,cz4
r0005536,46726,cz4,cz4
r0005537,46730,cz4,cz4
r0005538,46734,cz4,cz4
r0005539,46738,cz4,cz4
r0005540,46743,cz4,cz4
r0005541,46747,cz4,cz4
r0005542,46751,cz4,cz4
r0005543,46755,cz4,cz4
r0005544,46760,cz4,cz4
r0005545,46764,cz4,cz4
r0005546,46768,cz4,cz4
r0005547,46772,cz4,cz4
r0005548,46776,cz4,cz4
r0005549,46781,cz4,cz4
r0005550,46785,cz4,cz4
r0005551,46789,cz4,cz4
r0005552,46793,cz4,cz4
r0005553,46797,cz4,cz4
r0005554,46802,cz1,cz1
r0005555,46806,cz1,cz1
r0005556,46810,cz1,cz1
r0005557,46814,cz1,cz1
r0005558,46818,cz1,cz1
r0005559,46822,cz1,cz1
r0005560,46827,cz1,cz1
r0005561,46831,cz1,cz1
r0005562,46835,cz1,cz1
r0005563,46839,cz1,cz1
r0005564,46843,cz1,cz1
r0005565,46848,cz1,cz1
r0005566,46852,cz1,cz1
r0005567,46856,cz1,cz1
r0005568,46860,cz1,cz1
r0005569,46864,cz1,cz1
r0005570,46868,cz1,cz1
r0005571,46873,cz1,cz1
r0005572,46877,cz1,cz1
r0005573,46881,cz1,cz1
r0005574,46885,cz1,cz1
r0005575,46889,cz1,cz1
r0005576,46894,cz1,cz1
r0005577,46898,cz1,cz1
r0005578,46902,cz1,cz1
r0005579,46906,cz1,cz1
r0005580,46910,cz1,cz1
r0005581,46914,cz1,cz1
r0005582,46919,cz1,cz1
r0005583,46923,cz1,cz1
r0005584,46927,cz1,cz1
r0005585,46931,cz1,cz1
r0005586,46935,cz1,cz1
r0005587,46940,cz1,cz1
r0005588,46944,cz1,cz1
r0005589,46948,cz1,cz1
r0005590,46952,cz1,cz1
r0005591,46956,cz1,cz1
r0005592,46960,cz1,cz1
r0005593,46965,cz1,cz1
r0005594,46969,cz1,cz1
r0005595,46973,cz1,cz1
r0005596,46977,cz1,cz1
r0005597,46981,cz1,cz1
r0005598,46986,cz1,cz1
r0005599,46990,cz1,cz1
r0005600,46994,cz1,cz1
r0005601,46998,cz1,cz1
r0005602,47002,cz1,cz1
r0005603,47006,cz1,cz1
r0005604,47011,cz1,cz1
r0005605,47015,cz1,cz1
r0005606,47019,cz1,cz1
r0005607,47023,cz1,cz1
r0005608,47027,cz1,cz1
r0005609,47032,cz1,cz1
r0005610,47036,cz1,cz1
r0005611,47040,cz1,cz1
r0005612,47044,cz1,cz1
r0005613,47048,cz1,cz1
r0005614,47052,cz1,cz1
r0005615,47057,cz1,cz1
r0005616,47061,cz1,cz1
r0005617,47065,cz1,cz1
r0005618,47069,cz1,cz1
r0005619,47073,cz1,cz1
r0005620,47078,cz1,cz1
r0005621,47082,cz1,cz1
r0005622,47086,cz1,cz1
r0005623,47090,cz1,cz2
r0005624,47094,cz1,cz2
r0005625,47098,cz1,cz2
r0005626,47103,cz1,cz2
r0005627,47107,cz1,cz2
r0005628,47111,cz1,cz2
r0005629,47115,cz1,cz2
r0005630,47119,cz1,cz2
r0005631,47124,cz1,cz2
r0005632,47128,cz1,cz2
r0005633,47132,cz1,cz2
r0005634,47136,cz1,cz2
r0005635,47140,cz1,cz2
r0005636,47144,cz1,cz2
r0005637,47149,cz1,cz2
r0005638,47153,cz1,cz2
r0005639,47157,cz1,cz2
r0005640,47161,cz1,cz2
r0005641,47165,cz1,cz2
r0005642,47170,cz1,cz2
r0005643,47174,cz1,cz2
r0005644,47178,cz1,cz2
r0005645,47182,cz1,cz2
r0005646,47186,cz1,cz2
r0005647,47190,cz1,cz2
r0005648,47195,cz1,cz2
r0005649,47199,cz1,cz2
r0005650,47203,cz1,cz2
r0005651,47207,cz1,cz2
r0005652,47211,cz1,cz2
r0005653,47216,cz1,cz2
r0005654,47220,cz1,cz2
r0005655,47224,cz1,cz2
r0005656,47228,cz1,cz2
r0005657,47232,cz1,cz2
r0005658,47236,cz1,cz2
r0005659,47241,cz1,cz2
r0005660,47245,cz1,cz2
r0005661,47249,cz1,cz2
r0005662,47253,cz1,cz2
r0005663,47257,cz1,cz2
r0005664,47262,cz1,cz2
r0005665,47266,cz1,cz2
r0005666,47270,cz1,cz2
r0005667,47274,cz1,cz2
r0005668,47278,cz1,cz2
r0005669,47282,cz1,cz2
r0005670,47287,cz1,cz2
r0005671,47291,cz1,cz2
r0005672,47295,cz1,cz2
r0005673,47299,cz1,cz2
r0005674,47303,cz1,cz2
r0005675,47308,cz1,cz2
r0005676,47312,cz1,cz3
r0005677,47316,cz1,cz3
r0005678,47320,cz1,cz3
r0005679,47324,cz1,cz3
r0005680,47328,cz1,cz3
r0005681,47333,cz1,cz3
r0005682,47337,cz1,cz3
r0005683,47341,cz1,cz3
r0005684,47345,cz1,cz3
r0005685,47349,cz1,cz3
r0005686,47354,cz1,cz3
r0005687,47358,cz1,cz3
r0005688,47362,cz1,cz3
r0005689,47366,cz1,cz3
r0005690,47370,cz1,cz3
r0005691,47374,cz1,cz3
r0005692,47379,cz1,cz3
r0005693,47383,cz1,cz3
r0005694,47387,cz1,cz3
r0005695,47391,cz1,cz3
r0005696,47395,cz1,cz3
r0005697,47400,cz1,cz3
r0005698,47404,cz1,cz3
r0005699,47408,cz1,cz3
r0005700,47412,cz1,cz3
r0005701,47416,cz1,cz3
r0005702,47420,cz1,cz3
r0005703,47425,cz1,cz3
r0005704,47429,cz1,cz3
r0005705,47433,cz1,cz3
r0005706,47437,cz1,cz3
r0005707,47441,cz1,cz3
r0005708,47445,cz1,cz3
r0005709,47450,cz1,cz3
r0005710,47454,cz1,cz3
r0005711,47458,cz1,cz3
r0005712,47462,cz1,cz3
r0005713,47466,cz1,cz3
r0005714,47471,cz1,cz3
r0005715,47475,cz1,cz3
r0005716,47479,cz1,cz3
r0005717,47483,cz1,cz3
r0005718,47487,cz1,cz3
r0005719,47491,cz1,cz3
r0005720,47496,cz1,cz3
r0005721,47500,cz1,cz3
r0005722,47504,cz1,cz3
r0005723,47508,cz1,cz3
r0005724,47512,cz1,cz3
r0005725,47517,cz1,cz3
r0005726,47521,cz1,cz3
r0005727,47525,cz1,cz3
r0005728,47529,cz1,cz3
r0005729,47533,cz1,cz3
r0005730,47537,cz1,cz3
r0005731,47542,cz1,cz3
r0005732,47546,cz1,cz3
r0005733,47550,cz1,cz3
r0005734,47554,cz1,cz3
r0005735,47558,cz1,cz3
r0005736,47563,cz1,cz3
r0005737,47567,cz1,cz3
r0005738,47571,cz1,cz3
r0005739,47575,cz1,cz3
r0005740,47579,cz1,cz3
r0005741,47583,cz1,cz3
r0005742,47588,cz1,cz3
r0005743,47592,cz1,cz3
r0005744,47596,cz1,cz3
r0005745,47600,cz1,cz3
r0005746,47604,cz1,cz3
r0005747,47609,cz1,cz3
r0005748,47613,cz1,cz4
r0005749,47617,cz1,cz4
r0005750,47621,cz1,cz4
r0005751,47625,cz1,cz4
r0005752,47629,cz1,cz4
r0005753,47634,cz1,cz4
r0005754,47638,cz1,cz4
r0005755,47642,cz1,cz4
r0005756,47646,cz1,cz4
r0005757,47650,cz1,cz4
r0005758,47655,cz1,cz4
r0005759,47659,cz1,cz4
r0005760,47663,cz1,cz4
r0005761,47667,cz1,cz4
r0005762,47671,cz1,cz4
r0005763,47675,cz1,cz4
r0005764,47680,cz1,cz4
r0005765,47684,cz1,cz4
r0005766,47688,cz1,cz4
r0005767,47692,cz1,cz4
r0005768,47696,cz1,cz4
r0005769,47701,cz1,cz4
r0005770,47705,cz1,cz4
r0005771,47709,cz1,cz4
r0005772,47713,cz1,cz4
r0005773,47717,cz1,cz4
r0005774,47721,cz1,cz4
r0005775,47726,cz1,cz4
r0005776,47730,cz1,cz4
r0005777,47734,cz1,cz4
r0005778,47738,cz1,cz4
r0005779,47742,cz1,cz4
r0005780,47747,cz1,cz4
r0005781,47751,cz1,cz4
r0005782,47755,cz1,cz4
r0005783,47759,cz1,cz4
r0005784,47763,cz1,cz4
r0005785,47767,cz1,cz4
r0005786,47772,cz1,cz4
r0005787,47776,cz1,cz4
r0005788,47780,cz1,cz4
r0005789,47784,cz1,cz4
r0005790,47788,cz1,cz4
r0005791,47793,cz1,cz4
r0005792,47797,cz1,cz4
r0005793,47801,cz1,cz4
r0005794,47805,cz1,cz4
r0005795,47809,cz1,cz4
r0005796,47813,cz1,cz4
r0005797,47818,cz2,cz1
r0005798,47822,cz2,cz1
r0005799,47826,cz2,cz1
r0005800,47830,cz2,cz1
r0005801,47834,cz2,cz1
r0005802,47839,cz2,cz1
r0005803,47843,cz2,cz1
r0005804,47847,cz2,cz1
r0005805,47851,cz2,cz1
r0005806,47855,cz2,cz1
r0005807,47859,cz2,cz1
r0005808,47864,cz2,cz1
r0005809,47868,cz2,cz1
r0005810,47872,cz2,cz1
r0005811,47876,cz2,cz1
r0005812,47880,cz2,cz1
r0005813,47885,cz2,cz1
r0005814,47889,cz2,cz1
r0005815,47893,cz2,cz1
r0005816,47897,cz2,cz1
r0005817,47901,cz2,cz1
r0005818,47905,cz2,cz1
r0005819,47910,cz2,cz1
r0005820,47914,cz2,cz1
r0005821,47918,cz2,cz1
r0005822,47922,cz2,cz1
r0005823,47926,cz2,cz1
r0005824,47931,cz2,cz1
r0005825,47935,cz2,cz1
r0005826,47939,cz2,cz1
r0005827,47943,cz2,cz1
r0005828,47947,cz2,cz1
r0005829,47951,cz2,cz1
r0005830,47956,cz2,cz1
r0005831,47960,cz2,cz1
r0005832,47964,cz2,cz1
r0005833,47968,cz2,cz1
r0005834,47972,cz2,cz1
r0005835,47977,cz2,cz1
r0005836,47981,cz2,cz1
r0005837,47985,cz2,cz1
r0005838,47989,cz2,cz1
r0005839,47993,cz2,cz1
r0005840,47997,cz2,cz1
r0005841,48002,cz2,cz1
r0005842,48006,cz2,cz1
r0005843,48010,cz2,cz1
r0005844,48014,cz2,cz1
r0005845,48018,cz2,cz1
r0005846,48022,cz2,cz1
r0005847,48027,cz2,cz1
r0005848,48031,cz2,cz1
r0005849,48035,cz2,cz1
r0005850,48039,cz2,cz1
r0005851,48043,cz2,cz2
r0005852,48048,cz2,cz2
r0005853,48052,cz2,cz2
r0005854,48056,cz2,cz2
r0005855,48060,cz2,cz2
r0005856,48064,cz2,cz2
r0005857,48068,cz2,cz2
r0005858,48073,cz2,cz2
r0005859,48077,cz2,cz2
r0005860,48081,cz2,cz2
r0005861,48085,cz2,cz2
r0005862,48089,cz2,cz2
r0005863,48094,cz2,cz2
r0005864,48098,cz2,cz2
r0005865,48102,cz2,cz2
r0005866,48106,cz2,cz2
r0005867,48110,cz2,cz2
r0005868,48114,cz2,cz2
r0005869,48119,cz2,cz2
r0005870,48123,cz2,cz2
r0005871,48127,cz2,cz2
r0005872,48131,cz2,cz2
r0005873,48135,cz2,cz2
r0005874,48140,cz2,cz2
r0005875,48144,cz2,cz2
r0005876,48148,cz2,cz2
r0005877,48152,cz2,cz2
r0005878,48156,cz2,cz2
r0005879,48160,cz2,cz2
r0005880,48165,cz2,cz2
r0005881,48169,cz2,cz2
r0005882,48173,cz2,cz2
r0005883,48177,cz2,cz2
r0005884,48181,cz2,cz2
r0005885,48186,cz2,cz2
r0005886,48190,cz2,cz2
r0005887,48194,cz2,cz2
r0005888,48198,cz2,cz2
r0005889,48202,cz2,cz2
r0005890,48206,cz2,cz2
r0005891,48211,cz2,cz2
r0005892,48215,cz2,cz2
r0005893,48219,cz2,cz2
r0005894,48223,cz2,cz2
r0005895,48227,cz2,cz2
r0005896,48232,cz2,cz2
r0005897,48236,cz2,cz2
r0005898,48240,cz2,cz2
r0005899,48244,cz2,cz2
r0005900,48248,cz2,cz2
r0005901,48252,cz2,cz2
r0005902,48257,cz2,cz2
r0005903,48261,cz2,cz3
r0005904,48265,cz2,cz3
r0005905,48269,cz2,cz3
r0005906,48273,cz2,cz3
r0005907,48278,cz2,cz3
r0005908,48282,cz2,cz3
r0005909,48286,cz2,cz3
r0005910,48290,cz2,cz3
r0005911,48294,cz2,cz3
r0005912,48298,cz2,cz3
r0005913,48303,cz2,cz3
r0005914,48307,cz2,cz3
r0005915,48311,cz2,cz3
r0005916,48315,cz2,cz3
r0005917,48319,cz2,cz3
r0005918,48324,cz2,cz3
r0005919,48328,cz2,cz3
r0005920,48332,cz2,cz3
r0005921,48336,cz2,cz3
r0005922,48340,cz2,cz3
r0005923,48344,cz2,cz3
r0005924,48349,cz2,cz3
r0005925,48353,cz2,cz3
r0005926,48357,cz2,cz3
r0005927,48361,cz2,cz3
r0005928,48365,cz2,cz3
r0005929,48370,cz2,cz3
r0005930,48374,cz2,cz3
r0005931,48378,cz2,cz3
r0005932,48382,cz2,cz3
r0005933,48386,cz2,cz3
r0005934,48390,cz2,cz3
r0005935,48395,cz2,cz3
r0005936,48399,cz2,cz3
r0005937,48403,cz2,cz3
r0005938,48407,cz2,cz3
r0005939,48411,cz2,cz3
r0005940,48416,cz2,cz3
r0005941,48420,cz2,cz3
r0005942,48424,cz2,cz3
r0005943,48428,cz2,cz3
r0005944,48432,cz2,cz3
r0005945,48436,cz2,cz3
r0005946,48441,cz2,cz3
r0005947,48445,cz2,cz3
r0005948,48449,cz2,cz3
r0005949,48453,cz2,cz3
r0005950,48457,cz2,cz3
r0005951,48462,cz2,cz3
r0005952,48466,cz2,cz3
r0005953,48470,cz2,cz3
r0005954,48474,cz2,cz3
r0005955,48478,cz2,cz4
r0005956,48482,cz2,cz4
r0005957,48487,cz2,cz4
r0005958,48491,cz2,cz4
r0005959,48495,cz2,cz4
r0005960,48499,cz2,cz4
r0005961,48503,cz2,cz4
r0005962,48508,cz2,cz4
r0005963,48512,cz2,cz4
r0005964,48516,cz2,cz4
r0005965,48520,cz2,cz4
r0005966,48524,cz2,cz4
r0005967,48528,cz2,cz4
r0005968,48533,cz2,cz4
r0005969,48537,cz2,cz4
r0005970,48541,cz2,cz4
r0005971,48545,cz2,cz4
r0005972,48549,cz2,cz4
r0005973,48554,cz2,cz4
r0005974,48558,cz2,cz4
r0005975,48562,cz2,cz4
r0005976,48566,cz2,cz4
r0005977,48570,cz2,cz4
r0005978,48574,cz2,cz4
r0005979,48579,cz2,cz4
r0005980,48583,cz2,cz4
r0005981,48587,cz2,cz4
r0005982,48591,cz2,cz4
r0005983,48595,cz2,cz4
r0005984,48600,cz2,cz4
r0005985,48604,cz2,cz4
r0005986,48608,cz2,cz4
r0005987,48612,cz2,cz4
r0005988,48616,cz2,cz4
r0005989,48620,cz2,cz4
r0005990,48625,cz2,cz4
r0005991,48629,cz2,cz4
r0005992,48633,cz2,cz4
r0005993,48637,cz3,cz1
r0005994,48641,cz3,cz1
r0005995,48645,cz3,cz1
r0005996,48650,cz3,cz1
r0005997,48654,cz3,cz1
r0005998,48658,cz3,cz1
r0005999,48662,cz3,cz1
r0006000,48666,cz3,cz1
r0006001,48671,cz3,cz1
r0006002,48675,cz3,cz1
r0006003,48679,cz3,cz1
r0006004,48683,cz3,cz1
r0006005,48687,cz3,cz1
r0006006,48691,cz3,cz1
r0006007,48696,cz3,cz1
r0006008,48700,cz3,cz1
r0006009,48704,cz3,cz1
r0006010,48708,cz3,cz1
r0006011,48712,cz3,cz1
r0006012,48717,cz3,cz1
r0006013,48721,cz3,cz1
r0006014,48725,cz3,cz1
r0006015,48729,cz3,cz1
r0006016,48733,cz3,cz1
r0006017,48737,cz3,cz1
r0006018,48742,cz3,cz1
r0006019,48746,cz3,cz1
r0006020,48750,cz3,cz1
r0006021,48754,cz3,cz1
r0006022,48758,cz3,cz1
r0006023,48763,cz3,cz1
r0006024,48767,cz3,cz1
r0006025,48771,cz3,cz1
r0006026,48775,cz3,cz1
r0006027,48779,cz3,cz1
r0006028,48783,cz3,cz1
r0006029,48788,cz3,cz1
r0006030,48792,cz3,cz1
r0006031,48796,cz3,cz1
r0006032,48800,cz3,cz1
r0006033,48804,cz3,cz1
r0006034,48809,cz3,cz1
r0006035,48813,cz3,cz1
r0006036,48817,cz3,cz1
r0006037,48821,cz3,cz1
r0006038,48825,cz3,cz1
r0006039,48829,cz3,cz1
r0006040,48834,cz3,cz1
r0006041,48838,cz3,cz1
r0006042,48842,cz3,cz1
r0006043,48846,cz3,cz1
r0006044,48850,cz3,cz1
r0006045,48855,cz3,cz1
r0006046,48859,cz3,cz1
r0006047,48863,cz3,cz1
r0006048,48867,cz3,cz1
r0006049,48871,cz3,cz1
r0006050,48875,cz3,cz1
r0006051,48880,cz3,cz1
r0006052,48884,cz3,cz1
r0006053,48888,cz3,cz1
r0006054,48892,cz3,cz1
r0006055,48896,cz3,cz1
r0006056,48901,cz3,cz1
r0006057,48905,cz3,cz1
r0006058,48909,cz3,cz1
r0006059,48913,cz3,cz1
r0006060,48917,cz3,cz1
r0006061,48921,cz3,cz1
r0006062,48926,cz3,cz1
r0006063,48930,cz3,cz1
r0006064,48934,cz3,cz2
r0006065,48938,cz3,cz2
r0006066,48942,cz3,cz2
r0006067,48947,cz3,cz2
r0006068,48951,cz3,cz2
r0006069,48955,cz3,cz2
r0006070,48959,cz3,cz2
r0006071,48963,cz3,cz2
r0006072,48967,cz3,cz2
r0006073,48972,cz3,cz2
r0006074,48976,cz3,cz2
r0006075,48980,cz3,cz2
r0006076,48984,cz3,cz2
r0006077,48988,cz3,cz2
r0006078,48993,cz3,cz2
r0006079,48997,cz3,cz2
r0006080,49001,cz3,cz2
r0006081,49005,cz3,cz2
r0006082,49009,cz3,cz2
r0006083,49013,cz3,cz2
r0006084,49018,cz3,cz2
r0006085,49022,cz3,cz2
r0006086,49026,cz3,cz2
r0006087,49030,cz3,cz2
r0006088,49034,cz3,cz2
r0006089,49039,cz3,cz2
r0006090,49043,cz3,cz2
r0006091,49047,cz3,cz2
r0006092,49051,cz3,cz2
r0006093,49055,cz3,cz2
r0006094,49059,cz3,cz2
r0006095,49064,cz3,cz2
r0006096,49068,cz3,cz2
r0006097,49072,cz3,cz2
r0006098,49076,cz3,cz2
r0006099,49080,cz3,cz2
r0006100,49085,cz3,cz2
r0006101,49089,cz3,cz2
r0006102,49093,cz3,cz2
r0006103,49097,cz3,cz2
r0006104,49101,cz3,cz2
r0006105,49105,cz3,cz2
r0006106,49110,cz3,cz2
r0006107,49114,cz3,cz2
r0006108,49118,cz3,cz2
r0006109,49122,cz3,cz2
r0006110,49126,cz3,cz2
r0006111,49131,cz3,cz2
r0006112,49135,cz3,cz2
r0006113,49139,cz3,cz2
r0006114,49143,cz3,cz3
r0006115,49147,cz3,cz3
r0006116,49151,cz3,cz3
r0006117,49156,cz3,cz3
r0006118,49160,cz3,cz3
r0006119,49164,cz3,cz3
r0006120,49168,cz3,cz3
r0006121,49172,cz3,cz3
r0006122,49177,cz3,cz3
r0006123,49181,cz3,cz3
r0006124,49185,cz3,cz3
r0006125,49189,cz3,cz3
r0006126,49193,cz3,cz3
r0006127,49197,cz3,cz3
r0006128,49202,cz3,cz3
r0006129,49206,cz3,cz3
r0006130,49210,cz3,cz3
r0006131,49214,cz3,cz3
r0006132,49218,cz3,cz3
r0006133,49222,cz3,cz3
r0006134,49227,cz3,cz3
r0006135,49231,cz3,cz3
r0006136,49235,cz3,cz3
r0006137,49239,cz3,cz3
r0006138,49243,cz3,cz3
r0006139,49248,cz3,cz3
r0006140,49252,cz3,cz3
r0006141,49256,cz3,cz3
r0006142,49260,cz3,cz3
r0006143,49264,cz3,cz3
r0006144,49268,cz3,cz3
r0006145,49273,cz3,cz3
r0006146,49277,cz3,cz3
r0006147,49281,cz3,cz3
r0006148,49285,cz3,cz3
r0006149,49289,cz3,cz3
r0006150,49294,cz3,cz3
r0006151,49298,cz3,cz3
r0006152,49302,cz3,cz3
r0006153,49306,cz3,cz3
r0006154,49310,cz3,cz3
r0006155,49314,cz3,cz3
r0006156,49319,cz3,cz3
r0006157,49323,cz3,cz3
r0006158,49327,cz3,cz3
r0006159,49331,cz3,cz3
r0006160,49335,cz3,cz3
r0006161,49340,cz3,cz3
r0006162,49344,cz3,cz3
r0006163,49348,cz3,cz3
r0006164,49352,cz3,cz3
r0006165,49356,cz3,cz3
r0006166,49360,cz3,cz3
r0006167,49365,cz3,cz3
r0006168,49369,cz3,cz3
r0006169,49373,cz3,cz3
r0006170,49377,cz3,cz3
r0006171,49381,cz3,cz3
r0006172,49386,cz3,cz3
r0006173,49390,cz3,cz3
r0006174,49394,cz3,cz3
r0006175,49398,cz3,cz3
r0006176,49402,cz3,cz3
r0006177,49406,cz3,cz3
r0006178,49411,cz3,cz3
r0006179,49415,cz3,cz3
r0006180,49419,cz3,cz3
r0006181,49423,cz3,cz3
r0006182,49427,cz3,cz3
r0006183,49432,cz3,cz3
r0006184,49436,cz3,cz3
r0006185,49440,cz3,cz3
r0006186,49444,cz3,cz3
r0006187,49448,cz3,cz3
r0006188,49452,cz3,cz3
r0006189,49457,cz3,cz4
r0006190,49461,cz3,cz4
r0006191,49465,cz3,cz4
r0006192,49469,cz3,cz4
r0006193,49473,cz3,cz4
r0006194,49478,cz3,cz4
r0006195,49482,cz3,cz4
r0006196,49486,cz3,cz4
r0006197,49490,cz3,cz4
r0006198,49494,cz3,cz4
r0006199,49498,cz3,cz4
r0006200,49503,cz3,cz4
r0006201,49507,cz3,cz4
r0006202,49511,cz3,cz4
r0006203,49515,cz3,cz4
r0006204,49519,cz3,cz4
r0006205,49524,cz3,cz4
r0006206,49528,cz3,cz4
r0006207,49532,cz3,cz4
r0006208,49536,cz3,cz4
r0006209,49540,cz3,cz4
r0006210,49544,cz3,cz4
r0006211,49549,cz3,cz4
r0006212,49553,cz3,cz4
r0006213,49557,cz3,cz4
r0006214,49561,cz3,cz4
r0006215,49565,cz3,cz4
r0006216,49570,cz3,cz4
r0006217,49574,cz3,cz4
r0006218,49578,cz3,cz4
r0006219,49582,cz3,cz4
r0006220,49586,cz3,cz4
r0006221,49590,cz3,cz4
r0006222,49595,cz3,cz4
r0006223,49599,cz3,cz4
r0006224,49603,cz3,cz4
r0006225,49607,cz3,cz4
r0006226,49611,cz3,cz4
r0006227,49616,cz3,cz4
r0006228,49620,cz3,cz4
r0006229,49624,cz3,cz4
r0006230,49628,cz3,cz4
r0006231,49632,cz3,cz4
r0006232,49636,cz3,cz4
r0006233,49641,cz3,cz4
r0006234,49645,cz3,cz4
r0006235,49649,cz3,cz4
r0006236,49653,cz3,cz4
r0006237,49657,cz3,cz4
r0006238,49662,cz3,cz4
r0006239,49666,cz3,cz4
r0006240,49670,cz4,cz1
r0006241,49674,cz4,cz1
r0006242,49678,cz4,cz1
r0006243,49682,cz4,cz1
r0006244,49687,cz4,cz1
r0006245,49691,cz4,cz1
r0006246,49695,cz4,cz1
r0006247,49699,cz4,cz1
r0006248,49703,cz4,cz1
r0006249,49708,cz4,cz1
r0006250,49712,cz4,cz1
r0006251,49716,cz4,cz1
r0006252,49720,cz4,cz1
r0006253,49724,cz4,cz1
r0006254,49728,cz4,cz1
r0006255,49733,cz4,cz1
r0006256,49737,cz4,cz1
r0006257,49741,cz4,cz1
r0006258,49745,cz4,cz1
r0006259,49749,cz4,cz1
r0006260,49754,cz4,cz1
r0006261,49758,cz4,cz1
r0006262,49762,cz4,cz1
r0006263,49766,cz4,cz1
r0006264,49770,cz4,cz1
r0006265,49774,cz4,cz1
r0006266,49779,cz4,cz1
r0006267,49783,cz4,cz1
r0006268,49787,cz4,cz1
r0006269,49791,cz4,cz1
r0006270,49795,cz4,cz1
r0006271,49800,cz4,cz1
r0006272,49804,cz4,cz1
r0006273,49808,cz4,cz1
r0006274,49812,cz4,cz1
r0006275,49816,cz4,cz1
r0006276,49820,cz4,cz1
r0006277,49825,cz4,cz1
r0006278,49829,cz4,cz1
r0006279,49833,cz4,cz1
r0006280,49837,cz4,cz1
r0006281,49841,cz4,cz1
r0006282,49845,cz4,cz1
r0006283,49850,cz4,cz1
r0006284,49854,cz4,cz1
r0006285,49858,cz4,cz1
r0006286,49862,cz4,cz1
r0006287,49866,cz4,cz1
r0006288,49871,cz4,cz1
r0006289,49875,cz4,cz1
r0006290,49879,cz4,cz2
r0006291,49883,cz4,cz2
r0006292,49887,cz4,cz2
r0006293,49891,cz4,cz2
r0006294,49896,cz4,cz2
r0006295,49900,cz4,cz2
r0006296,49904,cz4,cz2
r0006297,49908,cz4,cz2
r0006298,49912,cz4,cz2
r0006299,49917,cz4,cz2
r0006300,49921,cz4,cz2
r0006301,49925,cz4,cz2
r0006302,49929,cz4,cz2
r0006303,49933,cz4,cz2
r0006304,49937,cz4,cz2
r0006305,49942,cz4,cz2
r0006306,49946,cz4,cz2
r0006307,49950,cz4,cz2
r0006308,49954,cz4,cz2
r0006309,49958,cz4,cz2
r0006310,49963,cz4,cz2
r0006311,49967,cz4,cz2
r0006312,49971,cz4,cz2
r0006313,49975,cz4,cz2
r0006314,49979,cz4,cz2
r0006315,49983,cz4,cz2
r0006316,49988,cz4,cz2
r0006317,49992,cz4,cz2
r0006318,49996,cz4,cz2
r0006319,50000,cz4,cz2
r0006320,50004,cz4,cz2
r0006321,50009,cz4,cz2
r0006322,50013,cz4,cz2
r0006323,50017,cz4,cz2
r0006324,50021,cz4,cz2
r0006325,50025,cz4,cz2
r0006326,50029,cz4,cz2
r0006327,50034,cz4,cz3
r0006328,50038,cz4,cz3
r0006329,50042,cz4,cz3
r0006330,50046,cz4,cz3
r0006331,50050,cz4,cz3
r0006332,50055,cz4,cz3
r0006333,50059,cz4,cz3
r0006334,50063,cz4,cz3
r0006335,50067,cz4,cz3
r0006336,50071,cz4,cz3
r0006337,50075,cz4,cz3
r0006338,50080,cz4,cz3
r0006339,50084,cz4,cz3
r0006340,50088,cz4,cz3
r0006341,50092,cz4,cz3
r0006342,50096,cz4,cz3
r0006343,50101,cz4,cz3
r0006344,50105,cz4,cz3
r0006345,50109,cz4,cz3
r0006346,50113,cz4,cz3
r0006347,50117,cz4,cz3
r0006348,50121,cz4,cz3
r0006349,50126,cz4,cz3
r0006350,50130,cz4,cz3
r0006351,50134,cz4,cz3
r0006352,50138,cz4,cz3
r0006353,50142,cz4,cz3
r0006354,50147,cz4,cz3
r0006355,50151,cz4,cz3
r0006356,50155,cz4,cz3
r0006357,50159,cz4,cz3
r0006358,50163,cz4,cz3
r0006359,50167,cz4,cz3
r0006360,50172,cz4,cz3
r0006361,50176,cz4,cz3
r0006362,50180,cz4,cz3
r0006363,50184,cz4,cz3
r0006364,50188,cz4,cz3
r0006365,50193,cz4,cz3
r0006366,50197,cz4,cz3
r0006367,50201,cz4,cz3
r0006368,50205,cz4,cz3
r0006369,50209,cz4,cz3
r0006370,50213,cz4,cz3
r0006371,50218,cz4,cz3
r0006372,50222,cz4,cz3
r0006373,50226,cz4,cz3
r0006374,50230,cz4,cz3
r0006375,50234,cz4,cz3
r0006376,50239,cz4,cz3
r0006377,50243,cz4,cz3
r0006378,50247,cz4,cz3
r0006379,50251,cz4,cz4
r0006380,50255,cz4,cz4
r0006381,50259,cz4,cz4
r0006382,50264,cz4,cz4
r0006383,50268,cz4,cz4
r0006384,50272,cz4,cz4
r0006385,50276,cz4,cz4
r0006386,50280,cz4,cz4
r0006387,50285,cz4,cz4
r0006388,50289,cz4,cz4
r0006389,50293,cz4,cz4
r0006390,50297,cz4,cz4
r0006391,50301,cz4,cz4
r0006392,50305,cz4,cz4
r0006393,50310,cz4,cz4
r0006394,50314,cz4,cz4
r0006395,50318,cz4,cz4
r0006396,50322,cz4,cz4
r0006397,50326,cz4,cz4
r0006398,50331,cz4,cz4
r0006399,50335,cz4,cz4
r0006400,50339,cz4,cz4
r0006401,50343,cz4,cz4
r0006402,50347,cz4,cz4
r0006403,50351,cz4,cz4
r0006404,50356,cz4,cz4
r0006405,50360,cz4,cz4
r0006406,50364,cz4,cz4
r0006407,50368,cz4,cz4
r0006408,50372,cz4,cz4
r0006409,50377,cz4,cz4
r0006410,50381,cz4,cz4
r0006411,50385,cz4,cz4
r0006412,50389,cz4,cz4
r0006413,50393,cz4,cz4
r0006414,50397,cz4,cz4
r0006415,50402,cz1,cz1
r0006416,50406,cz1,cz1
r0006417,50410,cz1,cz1
r0006418,50414,cz1,cz1
r0006419,50418,cz1,cz1
r0006420,50422,cz1,cz1
r0006421,50426,cz1,cz1
r0006422,50430,cz1,cz1
r0006423,50434,cz1,cz1
r0006424,50438,cz1,cz1
r0006425,50442,cz1,cz1
r0006426,50446,cz1,cz1
r0006427,50451,cz1,cz1
r0006428,50455,cz1,cz1
r0006429,50459,cz1,cz1
r0006430,50463,cz1,cz1
r0006431,50467,cz1,cz1
r0006432,50471,cz1,cz1
r0006433,50475,cz1,cz1
r0006434,50479,cz1,cz1
r0006435,50483,cz1,cz1
r0006436,50487,cz1,cz1
r0006437,50491,cz1,cz1
r0006438,50495,cz1,cz1
r0006439,50500,cz1,cz1
r0006440,50504,cz1,cz1
r0006441,50508,cz1,cz1
r0006442,50512,cz1,cz1
r0006443,50516,cz1,cz1
r0006444,50520,cz1,cz1
r0006445,50524,cz1,cz1
r0006446,50528,cz1,cz1
r0006447,50532,cz1,cz1
r0006448,50536,cz1,cz1
r0006449,50540,cz1,cz1
r0006450,50544,cz1,cz1
r0006451,50548,cz1,cz1
r0006452,50553,cz1,cz1
r0006453,50557,cz1,cz1
r0006454,50561,cz1,cz1
r0006455,50565,cz1,cz1
r0006456,50569,cz1,cz1
r0006457,50573,cz1,cz1
r0006458,50577,cz1,cz1
r0006459,50581,cz1,cz1
r0006460,50585,cz1,cz1
r0006461,50589,cz1,cz1
r0006462,50593,cz1,cz1
r0006463,50597,cz1,cz1
r0006464,50602,cz1,cz1
r0006465,50606,cz1,cz1
r0006466,50610,cz1,cz1
r0006467,50614,cz1,cz1
r0006468,50618,cz1,cz1
r0006469,50622,cz1,cz1
r0006470,50626,cz1,cz1
r0006471,50630,cz1,cz1
r0006472,50634,cz1,cz1
r0006473,50638,cz1,cz1
r0006474,50642,cz1,cz1
r0006475,50646,cz1,cz1
r0006476,50651,cz1,cz1
r0006477,50655,cz1,cz1
r0006478,50659,cz1,cz1
r0006479,50663,cz1,cz1
r0006480,50667,cz1,cz1
r0006481,50671,cz1,cz1
r0006482,50675,cz1,cz1
r0006483,50679,cz1,cz1
r0006484,50683,cz1,cz1
r0006485,50687,cz1,cz1
r0006486,50691,cz1,cz2
r0006487,50695,cz1,cz2
r0006488,50700,cz1,cz2
r0006489,50704,cz1,cz2
r0006490,50708,cz1,cz2
r0006491,50712,cz1,cz2
r0006492,50716,cz1,cz2
r0006493,50720,cz1,cz2
r0006494,50724,cz1,cz2
r0006495,50728,cz1,cz2
r0006496,50732,cz1,cz2
r0006497,50736,cz1,cz2
r0006498,50740,cz1,cz2
r0006499,50744,cz1,cz2
r0006500,50748,cz1,cz2
r0006501,50753,cz1,cz2
r0006502,50757,cz1,cz2
r0006503,50761,cz1,cz2
r0006504,50765,cz1,cz2
r0006505,50769,cz1,cz2
r0006506,50773,cz1,cz2
r0006507,50777,cz1,cz2
r0006508,50781,cz1,cz2
r0006509,50785,cz1,cz2
r0006510,50789,cz1,cz2
r0006511,50793,cz1,cz2
r0006512,50797,cz1,cz2
r0006513,50802,cz1,cz2
r0006514,50806,cz1,cz2
r0006515,50810,cz1,cz2
r0006516,50814,cz1,cz2
r0006517,50818,cz1,cz2
r0006518,50822,cz1,cz2
r0006519,50826,cz1,cz2
r0006520,50830,cz1,cz2
r0006521,50834,cz1,cz2
r0006522,50838,cz1,cz2
r0006523,50842,cz1,cz2
r0006524,50846,cz1,cz2
r0006525,50851,cz1,cz2
r0006526,50855,cz1,cz2
r0006527,50859,cz1,cz2
r0006528,50863,cz1,cz2
r0006529,50867,cz1,cz2
r0006530,50871,cz1,cz2
r0006531,50875,cz1,cz2
r0006532,50879,cz1,cz2
r0006533,50883,cz1,cz2
r0006534,50887,cz1,cz2
r0006535,50891,cz1,cz2
r0006536,50895,cz1,cz2
r0006537,50900,cz1,cz2
r0006538,50904,cz1,cz2
r0006539,50908,cz1,cz2
r0006540,50912,cz1,cz3
r0006541,50916,cz1,cz3
r0006542,50920,cz1,cz3
r0006543,50924,cz1,cz3
r0006544,50928,cz1,cz3
r0006545,50932,cz1,cz3
r0006546,50936,cz1,cz3
r0006547,50940,cz1,cz3
r0006548,50944,cz1,cz3
r0006549,50948,cz1,cz3
r0006550,50953,cz1,cz3
r0006551,50957,cz1,cz3
r0006552,50961,cz1,cz3
r0006553,50965,cz1,cz3
r0006554,50969,cz1,cz3
r0006555,50973,cz1,cz3
r0006556,50977,cz1,cz3
r0006557,50981,cz1,cz3
r0006558,50985,cz1,cz3
r0006559,50989,cz1,cz3
r0006560,50993,cz1,cz3
r0006561,50997,cz1,cz3
r0006562,51002,cz1,cz3
r0006563,51006,cz1,cz3
r0006564,51010,cz1,cz3
r0006565,51014,cz1,cz3
r0006566,51018,cz1,cz3
r0006567,51022,cz1,cz3
r0006568,51026,cz1,cz3
r0006569,51030,cz1,cz3
r0006570,51034,cz1,cz3
r0006571,51038,cz1,cz3
r0006572,51042,cz1,cz3
r0006573,51046,cz1,cz3
r0006574,51051,cz1,cz3
r0006575,51055,cz1,cz3
r0006576,51059,cz1,cz3
r0006577,51063,cz1,cz3
r0006578,51067,cz1,cz3
r0006579,51071,cz1,cz3
r0006580,51075,cz1,cz3
r0006581,51079,cz1,cz3
r0006582,51083,cz1,cz3
r0006583,51087,cz1,cz3
r0006584,51091,cz1,cz3
r0006585,51095,cz1,cz3
r0006586,51100,cz1,cz3
r0006587,51104,cz1,cz3
r0006588,51108,cz1,cz3
r0006589,51112,cz1,cz3
r0006590,51116,cz1,cz3
r0006591,51120,cz1,cz3
r0006592,51124,cz1,cz3
r0006593,51128,cz1,cz3
r0006594,51132,cz1,cz3
r0006595,51136,cz1,cz3
r0006596,51140,cz1,cz3
r0006597,51144,cz1,cz3
r0006598,51148,cz1,cz3
r0006599,51153,cz1,cz3
r0006600,51157,cz1,cz3
r0006601,51161,cz1,cz3
r0006602,51165,cz1,cz3
r0006603,51169,cz1,cz3
r0006604,51173,cz1,cz3
r0006605,51177,cz1,cz3
r0006606,51181,cz1,cz3
r0006607,51185,cz1,cz3
r0006608,51189,cz1,cz3
r0006609,51193,cz1,cz3
r0006610,51197,cz1,cz3
r0006611,51202,cz1,cz3
r0006612,51206,cz1,cz3
r0006613,51210,cz1,cz3
r0006614,51214,cz1,cz4
r0006615,51218,cz1,cz4
r0006616,51222,cz1,cz4
r0006617,51226,cz1,cz4
r0006618,51230,cz1,cz4
r0006619,51234,cz1,cz4
r0006620,51238,cz1,cz4
r0006621,51242,cz1,cz4
r0006622,51246,cz1,cz4
r0006623,51251,cz1,cz4
r0006624,51255,cz1,cz4
r0006625,51259,cz1,cz4
r0006626,51263,cz1,cz4
r0006627,51267,cz1,cz4
r0006628,51271,cz1,cz4
r0006629,51275,cz1,cz4
r0006630,51279,cz1,cz4
r0006631,51283,cz1,cz4
r0006632,51287,cz1,cz4
r0006633,51291,cz1,cz4
r0006634,51295,cz1,cz4
r0006635,51300,cz1,cz4
r0006636,51304,cz1,cz4
r0006637,51308,cz1,cz4
r0006638,51312,cz1,cz4
r0006639,51316,cz1,cz4
r0006640,51320,cz1,cz4
r0006641,51324,cz1,cz4
r0006642,51328,cz1,cz4
r0006643,51332,cz1,cz4
r0006644,51336,cz1,cz4
r0006645,51340,cz1,cz4
r0006646,51344,cz1,cz4
r0006647,51348,cz1,cz4
r0006648,51353,cz1,cz4
r0006649,51357,cz1,cz4
r0006650,51361,cz1,cz4
r0006651,51365,cz1,cz4
r0006652,51369,cz1,cz4
r0006653,51373,cz1,cz4
r0006654,51377,cz1,cz4
r0006655,51381,cz1,cz4
r0006656,51385,cz1,cz4
r0006657,51389,cz1,cz4
r0006658,51393,cz1,cz4
r0006659,51397,cz1,cz4
r0006660,51402,cz1,cz4
r0006661,51406,cz1,cz4
r0006662,51410,cz1,cz4
r0006663,51414,cz1,cz4
r0006664,51418,cz2,cz1
r0006665,51422,cz2,cz1
r0006666,51426,cz2,cz1
r0006667,51430,cz2,cz1
r0006668,51434,cz2,cz1
r0006669,51438,cz2,cz1
r0006670,51442,cz2,cz1
r0006671,51446,cz2,cz1
r0006672,51451,cz2,cz1
r0006673,51455,cz2,cz1
r0006674,51459,cz2,cz1
r0006675,51463,cz2,cz1
r0006676,51467,cz2,cz1
r0006677,51471,cz2,cz1
r0006678,51475,cz2,cz1
r0006679,51479,cz2,cz1
r0006680,51483,cz2,cz1
r0006681,51487,cz2,cz1
r0006682,51491,cz2,cz1
r0006683,51495,cz2,cz1
r0006684,51500,cz2,cz1
r0006685,51504,cz2,cz1
r0006686,51508,cz2,cz1
r0006687,51512,cz2,cz1
r0006688,51516,cz2,cz1
r0006689,51520,cz2,cz1
r0006690,51524,cz2,cz1
r0006691,51528,cz2,cz1
r0006692,51532,cz2,cz1
r0006693,51536,cz2,cz1
r0006694,51540,cz2,cz1
r0006695,51544,cz2,cz1
r0006696,51548,cz2,cz1
r0006697,51553,cz2,cz1
r0006698,51557,cz2,cz1
r0006699,51561,cz2,cz1
r0006700,51565,cz2,cz1
r0006701,51569,cz2,cz1
r0006702,51573,cz2,cz1
r0006703,51577,cz2,cz1
r0006704,51581,cz2,cz1
r0006705,51585,cz2,cz1
r0006706,51589,cz2,cz1
r0006707,51593,cz2,cz1
r0006708,51597,cz2,cz1
r0006709,51602,cz2,cz1
r0006710,51606,cz2,cz1
r0006711,51610,cz2,cz1
r0006712,51614,cz2,cz1
r0006713,51618,cz2,cz1
r0006714,51622,cz2,cz1
r0006715,51626,cz2,cz1
r0006716,51630,cz2,cz1
r0006717,51634,cz2,cz1
r0006718,51638,cz2,cz1
r0006719,51642,cz2,cz2
r0006720,51646,cz2,cz2
r0006721,51651,cz2,cz2
r0006722,51655,cz2,cz2
r0006723,51659,cz2,cz2
r0006724,51663,cz2,cz2
r0006725,51667,cz2,cz2
r0006726,51671,cz2,cz2
r0006727,51675,cz2,cz2
r0006728,51679,cz2,cz2
r0006729,51683,cz2,cz2
r0006730,51687,cz2,cz2
r0006731,51691,cz2,cz2
r0006732,51695,cz2,cz2
r0006733,51700,cz2,cz2
r0006734,51704,cz2,cz2
r0006735,51708,cz2,cz2
r0006736,51712,cz2,cz2
r0006737,51716,cz2,cz2
r0006738,51720,cz2,cz2
r0006739,51724,cz2,cz2
r0006740,51728,cz2,cz2
r0006741,51732,cz2,cz2
r0006742,51736,cz2,cz2
r0006743,51740,cz2,cz2
r0006744,51744,cz2,cz2
r0006745,51748,cz2,cz2
r0006746,51753,cz2,cz2
r0006747,51757,cz2,cz2
r0006748,51761,cz2,cz2
r0006749,51765,cz2,cz2
r0006750,51769,cz2,cz2
r0006751,51773,cz2,cz2
r0006752,51777,cz2,cz2
r0006753,51781,cz2,cz2
r0006754,51785,cz2,cz2
r0006755,51789,cz2,cz2
r0006756,51793,cz2,cz2
r0006757,51797,cz2,cz2
r0006758,51802,cz2,cz2
r0006759,51806,cz2,cz2
r0006760,51810,cz2,cz2
r0006761,51814,cz2,cz2
r0006762,51818,cz2,cz2
r0006763,51822,cz2,cz2
r0006764,51826,cz2,cz2
r0006765,51830,cz2,cz2
r0006766,51834,cz2,cz2
r0006767,51838,cz2,cz2
r0006768,51842,cz2,cz2
r0006769,51846,cz2,cz2
r0006770,51851,cz2,cz2
r0006771,51855,cz2,cz2
r0006772,51859,cz2,cz3
r0006773,51863,cz2,cz3
r0006774,51867,cz2,cz3
r0006775,51871,cz2,cz3
r0006776,51875,cz2,cz3
r0006777,51879,cz2,cz3
r0006778,51883,cz2,cz3
r0006779,51887,cz2,cz3
r0006780,51891,cz2,cz3
r0006781,51895,cz2,cz3
r0006782,51900,cz2,cz3
r0006783,51904,cz2,cz3
r0006784,51908,cz2,cz3
r0006785,51912,cz2,cz3
r0006786,51916,cz2,cz3
r0006787,51920,cz2,cz3
r0006788,51924,cz2,cz3
r0006789,51928,cz2,cz3
r0006790,51932,cz2,cz3
r0006791,51936,cz2,cz3
r0006792,51940,cz2,cz3
r0006793,51944,cz2,cz3
r0006794,51948,cz2,cz3
r0006795,51953,cz2,cz3
r0006796,51957,cz2,cz3
r0006797,51961,cz2,cz3
r0006798,51965,cz2,cz3
r0006799,51969,cz2,cz3
r0006800,51973,cz2,cz3
r0006801,51977,cz2,cz3
r0006802,51981,cz2,cz3
r0006803,51985,cz2,cz3
r0006804,51989,cz2,cz3
r0006805,51993,cz2,cz3
r0006806,51997,cz2,cz3
r0006807,52002,cz2,cz3
r0006808,52006,cz2,cz3
r0006809,52010,cz2,cz3
r0006810,52014,cz2,cz3
r0006811,52018,cz2,cz3
r0006812,52022,cz2,cz3
r0006813,52026,cz2,cz3
r0006814,52030,cz2,cz3
r0006815,52034,cz2,cz3
r0006816,52038,cz2,cz3
r0006817,52042,cz2,cz3
r0006818,52046,cz2,cz3
r0006819,52051,cz2,cz3
r0006820,52055,cz2,cz3
r0006821,52059,cz2,cz3
r0006822,52063,cz2,cz3
r0006823,52067,cz2,cz3
r0006824,52071,cz2,cz3
r0006825,52075,cz2,cz4
r0006826,52079,cz2,cz4
r0006827,52083,cz2,cz4
r0006828,52087,cz2,cz4
r0006829,52091,cz2,cz4
r0006830,52095,cz2,cz4
r0006831,52100,cz2,cz4
r0006832,52104,cz2,cz4
r0006833,52108,cz2,cz4
r0006834,52112,cz2,cz4
r0006835,52116,cz2,cz4
r0006836,52120,cz2,cz4
r0006837,52124,cz2,cz4
r0006838,52128,cz2,cz4
r0006839,52132,cz2,cz4
r0006840,52136,cz2,cz4
r0006841,52140,cz2,cz4
r0006842,52144,cz2,cz4
r0006843,52148,cz2,cz4
r0006844,52153,cz2,cz4
r0006845,52157,cz2,cz4
r0006846,52161,cz2,cz4
r0006847,52165,cz2,cz4
r0006848,52169,cz2,cz4
r0006849,52173,cz2,cz4
r0006850,52177,cz2,cz4
r0006851,52181,cz2,cz4
r0006852,52185,cz2,cz4
r0006853,52189,cz2,cz4
r0006854,52193,cz2,cz4
r0006855,52197,cz2,cz4
r0006856,52202,cz2,cz4
r0006857,52206,cz2,cz4
r0006858,52210,cz2,cz4
r0006859,52214,cz2,cz4
r0006860,52218,cz2,cz4
r0006861,52222,cz2,cz4
r0006862,52226,cz2,cz4
r0006863,52230,cz2,cz4
r0006864,52234,cz3,cz1
r0006865,52238,cz3,cz1
r0006866,52242,cz3,cz1
r0006867,52246,cz3,cz1
r0006868,52251,cz3,cz1
r0006869,52255,cz3,cz1
r0006870,52259,cz3,cz1
r0006871,52263,cz3,cz1
r0006872,52267,cz3,cz1
r0006873,52271,cz3,cz1
r0006874,52275,cz3,cz1
r0006875,52279,cz3,cz1
r0006876,52283,cz3,cz1
r0006877,52287,cz3,cz1
r0006878,52291,cz3,cz1
r0006879,52295,cz3,cz1
r0006880,52300,cz3,cz1
r0006881,52304,cz3,cz1
r0006882,52308,cz3,cz1
r0006883,52312,cz3,cz1
r0006884,52316,cz3,cz1
r0006885,52320,cz3,cz1
r0006886,52324,cz3,cz1
r0006887,52328,cz3,cz1
r0006888,52332,cz3,cz1
r0006889,52336,cz3,cz1
r0006890,52340,cz3,cz1
r0006891,52344,cz3,cz1
r0006892,52348,cz3,cz1
r0006893,52353,cz3,cz1
r0006894,52357,cz3,cz1
r0006895,52361,cz3,cz1
r0006896,52365,cz3,cz1
r0006897,52369,cz3,cz1
r0006898,52373,cz3,cz1
r0006899,52377,cz3,cz1
r0006900,52381,cz3,cz1
r0006901,52385,cz3,cz1
r0006902,52389,cz3,cz1
r0006903,52393,cz3,cz1
r0006904,52397,cz3,cz1
r0006905,52402,cz3,cz1
r0006906,52406,cz3,cz1
r0006907,52410,cz3,cz1
r0006908,52414,cz3,cz1
r0006909,52418,cz3,cz1
r0006910,52422,cz3,cz1
r0006911,52426,cz3,cz1
r0006912,52430,cz3,cz1
r0006913,52434,cz3,cz1
r0006914,52438,cz3,cz1
r0006915,52442,cz3,cz1
r0006916,52446,cz3,cz1
r0006917,52451,cz3,cz1
r0006918,52455,cz3,cz1
r0006919,52459,cz3,cz1
r0006920,52463,cz3,cz1
r0006921,52467,cz3,cz1
r0006922,52471,cz3,cz1
r0006923,52475,cz3,cz1
r0006924,52479,cz3,cz1
r0006925,52483,cz3,cz1
r0006926,52487,cz3,cz1
r0006927,52491,cz3,cz1
r0006928,52495,cz3,cz1
r0006929,52500,cz3,cz1
r0006930,52504,cz3,cz1
r0006931,52508,cz3,cz1
r0006932,52512,cz3,cz1
r0006933,52516,cz3,cz1
r0006934,52520,cz3,cz1
r0006935,52524,cz3,cz1
r0006936,52528,cz3,cz2
r0006937,52532,cz3,cz2
r0006938,52536,cz3,cz2
r0006939,52540,cz3,cz2
r0006940,52544,cz3,cz2
r0006941,52548,cz3,cz2
r0006942,52553,cz3,cz2
r0006943,52557,cz3,cz2
r0006944,52561,cz3,cz2
r0006945,52565,cz3,cz2
r0006946,52569,cz3,cz2
r0006947,52573,cz3,cz2
r0006948,52577,cz3,cz2
r0006949,52581,cz3,cz2
r0006950,52585,cz3,cz2
r0006951,52589,cz3,cz2
r0006952,52593,cz3,cz2
r0006953,52597,cz3,cz2
r0006954,52602,cz3,cz2
r0006955,52606,cz3,cz2
r0006956,52610,cz3,cz2
r0006957,52614,cz3,cz2
r0006958,52618,cz3,cz2
r0006959,52622,cz3,cz2
r0006960,52626,cz3,cz2
r0006961,52630,cz3,cz2
r0006962,52634,cz3,cz2
r0006963,52638,cz3,cz2
r0006964,52642,cz3,cz2
r0006965,52646,cz3,cz2
r0006966,52651,cz3,cz2
r0006967,52655,cz3,cz2
r0006968,52659,cz3,cz2
r0006969,52663,cz3,cz2
r0006970,52667,cz3,cz2
r0006971,52671,cz3,cz2
r0006972,52675,cz3,cz2
r0006973,52679,cz3,cz2
r0006974,52683,cz3,cz2
r0006975,52687,cz3,cz2
r0006976,52691,cz3,cz2
r0006977,52695,cz3,cz2
r0006978,52700,cz3,cz2
r0006979,52704,cz3,cz2
r0006980,52708,cz3,cz2
r0006981,52712,cz3,cz2
r0006982,52716,cz3,cz2
r0006983,52720,cz3,cz2
r0006984,52724,cz3,cz2
r0006985,52728,cz3,cz2
r0006986,52732,cz3,cz2
r0006987,52736,cz3,cz3
r0006988,52740,cz3,cz3
r0006989,52744,cz3,cz3
r0006990,52748,cz3,cz3
r0006991,52753,cz3,cz3
r0006992,52757,cz3,cz3
r0006993,52761,cz3,cz3
r0006994,52765,cz3,cz3
r0006995,52769,cz3,cz3
r0006996,52773,cz3,cz3
r0006997,52777,cz3,cz3
r0006998,52781,cz3,cz3
r0006999,52785,cz3,cz3
r0007000,52789,cz3,cz3
r0007001,52793,cz3,cz3
r0007002,52797,cz3,cz3
r0007003,52802,cz3,cz3
r0007004,52806,cz3,cz3
r0007005,52810,cz3,cz3
r0007006,52814,cz3,cz3
r0007007,52818,cz3,cz3
r0007008,52822,cz3,cz3
r0007009,52826,cz3,cz3
r0007010,52830,cz3,cz3
r0007011,52834,cz3,cz3
r0007012,52838,cz3,cz3
r0007013,52842,cz3,cz3
r0007014,52846,cz3,cz3
r0007015,52851,cz3,cz3
r0007016,52855,cz3,cz3
r0007017,52859,cz3,cz3
r0007018,52863,cz3,cz3
r0007019,52867,cz3,cz3
r0007020,52871,cz3,cz3
r0007021,52875,cz3,cz3
r0007022,52879,cz3,cz3
r0007023,52883,cz3,cz3
r0007024,52887,cz3,cz3
r0007025,52891,cz3,cz3
r0007026,52895,cz3,cz3
r0007027,52900,cz3,cz3
r0007028,52904,cz3,cz3
r0007029,52908,cz3,cz3
r0007030,52912,cz3,cz3
r0007031,52916,cz3,cz3
r0007032,52920,cz3,cz3
r0007033,52924,cz3,cz3
r0007034,52928,cz3,cz3
r0007035,52932,cz3,cz3
r0007036,52936,cz3,cz3
r0007037,52940,cz3,cz3
r0007038,52944,cz3,cz3
r0007039,52948,cz3,cz3
r0007040,52953,cz3,cz3
r0007041,52957,cz3,cz3
r0007042,52961,cz3,cz3
r0007043,52965,cz3,cz3
r0007044,52969,cz3,cz3
r0007045,52973,cz3,cz3
r0007046,52977,cz3,cz3
r0007047,52981,cz3,cz3
r0007048,52985,cz3,cz3
r0007049,52989,cz3,cz3
r0007050,52993,cz3,cz3
r0007051,52997,cz3,cz3
r0007052,53002,cz3,cz3
r0007053,53006,cz3,cz3
r0007054,53010,cz3,cz3
r0007055,53014,cz3,cz3
r0007056,53018,cz3,cz3
r0007057,53022,cz3,cz3
r0007058,53026,cz3,cz3
r0007059,53030,cz3,cz3
r0007060,53034,cz3,cz3
r0007061,53038,cz3,cz3
r0007062,53042,cz3,cz3
r0007063,53046,cz3,cz3
r0007064,53051,cz3,cz4
r0007065,53055,cz3,cz4
r0007066,53059,cz3,cz4
r0007067,53063,cz3,cz4
r0007068,53067,cz3,cz4
r0007069,53071,cz3,cz4
r0007070,53075,cz3,cz4
r0007071,53079,cz3,cz4
r0007072,53083,cz3,cz4
r0007073,53087,cz3,cz4
r0007074,53091,cz3,cz4
r0007075,53095,cz3,cz4
r0007076,53100,cz3,cz4
r0007077,53104,cz3,cz4
r0007078,53108,cz3,cz4
r0007079,53112,cz3,cz4
r0007080,53116,cz3,cz4
r0007081,53120,cz3,cz4
r0007082,53124,cz3,cz4
r0007083,53128,cz3,cz4
r0007084,53132,cz3,cz4
r0007085,53136,cz3,cz4
r0007086,53140,cz3,cz4
r0007087,53144,cz3,cz4
r0007088,53148,cz3,cz4
r0007089,53153,cz3,cz4
r0007090,53157,cz3,cz4
r0007091,53161,cz3,cz4
r0007092,53165,cz3,cz4
r0007093,53169,cz3,cz4
r0007094,53173,cz3,cz4
r0007095,53177,cz3,cz4
r0007096,53181,cz3,cz4
r0007097,53185,cz3,cz4
r0007098,53189,cz3,cz4
r0007099,53193,cz3,cz4
r0007100,53197,cz3,cz4
r0007101,53202,cz3,cz4
r0007102,53206,cz3,cz4
r0007103,53210,cz3,cz4
r0007104,53214,cz3,cz4
r0007105,53218,cz3,cz4
r0007106,53222,cz3,cz4
r0007107,53226,cz3,cz4
r0007108,53230,cz3,cz4
r0007109,53234,cz3,cz4
r0007110,53238,cz3,cz4
r0007111,53242,cz3,cz4
r0007112,53246,cz3,cz4
r0007113,53251,cz3,cz4
r0007114,53255,cz3,cz4
r0007115,53259,cz3,cz4
r0007116,53263,cz4,cz1
r0007117,53267,cz4,cz1
r0007118,53271,cz4,cz1
r0007119,53275,cz4,cz1
r0007120,53279,cz4,cz1
r0007121,53283,cz4,cz1
r0007122,53287,cz4,cz1
r0007123,53291,cz4,cz1
r0007124,53295,cz4,cz1
r0007125,53300,cz4,cz1
r0007126,53304,cz4,cz1
r0007127,53308,cz4,cz1
r0007128,53312,cz4,cz1
r0007129,53316,cz4,cz1
r0007130,53320,cz4,cz1
r0007131,53324,cz4,cz1
r0007132,53328,cz4,cz1
r0007133,53332,cz4,cz1
r0007134,53336,cz4,cz1
r0007135,53340,cz4,cz1
r0007136,53344,cz4,cz1
r0007137,53348,cz4,cz1
r0007138,53353,cz4,cz1
r0007139,53357,cz4,cz1
r0007140,53361,cz4,cz1
r0007141,53365,cz4,cz1
r0007142,53369,cz4,cz1
r0007143,53373,cz4,cz1
r0007144,53377,cz4,cz1
r0007145,53381,cz4,cz1
r0007146,53385,cz4,cz1
r0007147,53389,cz4,cz1
r0007148,53393,cz4,cz1
r0007149,53397,cz4,cz1
r0007150,53402,cz4,cz1
r0007151,53406,cz4,cz1
r0007152,53410,cz4,cz1
r0007153,53414,cz4,cz1
r0007154,53418,cz4,cz1
r0007155,53422,cz4,cz1
r0007156,53426,cz4,cz1
r0007157,53430,cz4,cz1
r0007158,53434,cz4,cz1
r0007159,53438,cz4,cz1
r0007160,53442,cz4,cz1
r0007161,53446,cz4,cz1
r0007162,53451,cz4,cz1
r0007163,53455,cz4,cz1
r0007164,53459,cz4,cz1
r0007165,53463,cz4,cz1
r0007166,53467,cz4,cz1
r0007167,53471,cz4,cz2
r0007168,53475,cz4,cz2
r0007169,53479,cz4,cz2
r0007170,53483,cz4,cz2
r0007171,53487,cz4,cz2
r0007172,53491,cz4,cz2
r0007173,53495,cz4,cz2
r0007174,53500,cz4,cz2
r0007175,53504,cz4,cz2
r0007176,53508,cz4,cz2
r0007177,53512,cz4,cz2
r0007178,53516,cz4,cz2
r0007179,53520,cz4,cz2
r0007180,53524,cz4,cz2
r0007181,53528,cz4,cz2
r0007182,53532,cz4,cz2
r0007183,53536,cz4,cz2
r0007184,53540,cz4,cz2
r0007185,53544,cz4,cz2
r0007186,53548,cz4,cz2
r0007187,53553,cz4,cz2
r0007188,53557,cz4,cz2
r0007189,53561,cz4,cz2
r0007190,53565,cz4,cz2
r0007191,53569,cz4,cz2
r0007192,53573,cz4,cz2
r0007193,53577,cz4,cz2
r0007194,53581,cz4,cz2
r0007195,53585,cz4,cz2
r0007196,53589,cz4,cz2
r0007197,53593,cz4,cz2
r0007198,53597,cz4,cz2
r0007199,53602,cz4,cz2
r0007200,53606,cz4,cz2
r0007201,53610,cz4,cz2
r0007202,53614,cz4,cz2
r0007203,53618,cz4,cz2
r0007204,53622,cz4,cz2
r0007205,53626,cz4,cz2
r0007206,53630,cz4,cz3
r0007207,53634,cz4,cz3
r0007208,53638,cz4,cz3
r0007209,53642,cz4,cz3
r0007210,53646,cz4,cz3
r0007211,53651,cz4,cz3
r0007212,53655,cz4,cz3
r0007213,53659,cz4,cz3
r0007214,53663,cz4,cz3
r0007215,53667,cz4,cz3
r0007216,53671,cz4,cz3
r0007217,53675,cz4,cz3
r0007218,53679,cz4,cz3
r0007219,53683,cz4,cz3
r0007220,53687,cz4,cz3
r0007221,53691,cz4,cz3
r0007222,53695,cz4,cz3
r0007223,53700,cz4,cz3
r0007224,53704,cz4,cz3
r0007225,53708,cz4,cz3
r0007226,53712,cz4,cz3
r0007227,53716,cz4,cz3
r0007228,53720,cz4,cz3
r0007229,53724,cz4,cz3
r0007230,53728,cz4,cz3
r0007231,53732,cz4,cz3
r0007232,53736,cz4,cz3
r0007233,53740,cz4,cz3
r0007234,53744,cz4,cz3
r0007235,53748,cz4,cz3
r0007236,53753,cz4,cz3
r0007237,53757,cz4,cz3
r0007238,53761,cz4,cz3
r0007239,53765,cz4,cz3
r0007240,53769,cz4,cz3
r0007241,53773,cz4,cz3
r0007242,53777,cz4,cz3
r0007243,53781,cz4,cz3
r0007244,53785,cz4,cz3
r0007245,53789,cz4,cz3
r0007246,53793,cz4,cz3
r0007247,53797,cz4,cz3
r0007248,53802,cz4,cz3
r0007249,53806,cz4,cz3
r0007250,53810,cz4,cz3
r0007251,53814,cz4,cz3
r0007252,53818,cz4,cz3
r0007253,53822,cz4,cz3
r0007254,53826,cz4,cz3
r0007255,53830,cz4,cz3
r0007256,53834,cz4,cz3
r0007257,53838,cz4,cz3
r0007258,53842,cz4,cz3
r0007259,53846,cz4,cz3
r0007260,53851,cz4,cz4
r0007261,53855,cz4,cz4
r0007262,53859,cz4,cz4
r0007263,53863,cz4,cz4
r0007264,53867,cz4,cz4
r0007265,53871,cz4,cz4
r0007266,53875,cz4,cz4
r0007267,53879,cz4,cz4
r0007268,53883,cz4,cz4
r0007269,53887,cz4,cz4
r0007270,53891,cz4,cz4
r0007271,53895,cz4,cz4
r0007272,53900,cz4,cz4
r0007273,53904,cz4,cz4
r0007274,53908,cz4,cz4
r0007275,53912,cz4,cz4
r0007276,53916,cz4,cz4
r0007277,53920,cz4,cz4
r0007278,53924,cz4,cz4
r0007279,53928,cz4,cz4
r0007280,53932,cz4,cz4
r0007281,53936,cz4,cz4
r0007282,53940,cz4,cz4
r0007283,53944,cz4,cz4
r0007284,53948,cz4,cz4
r0007285,53953,cz4,cz4
r0007286,53957,cz4,cz4
r0007287,53961,cz4,cz4
r0007288,53965,cz4,cz4
r0007289,53969,cz4,cz4
r0007290,53973,cz4,cz4
r0007291,53977,cz4,cz4
r0007292,53981,cz4,cz4
r0007293,53985,cz4,cz4
r0007294,53989,cz4,cz4
r0007295,53993,cz4,cz4
r0007296,53997,cz4,cz4
r0007297,54001,cz1,cz1
r0007298,54005,cz1,cz1
r0007299,54009,cz1,cz1
r0007300,54012,cz1,cz1
r0007301,54016,cz1,cz1
r0007302,54020,cz1,cz1
r0007303,54023,cz1,cz1
r0007304,54027,cz1,cz1
r0007305,54031,cz1,cz1
r0007306,54034,cz1,cz1
r0007307,54038,cz1,cz1
r0007308,54041,cz1,cz1
r0007309,54045,cz1,cz1
r0007310,54049,cz1,cz1
r0007311,54052,cz1,cz1
r0007312,54056,cz1,cz1
r0007313,54060,cz1,cz1
r0007314,54063,cz1,cz1
r0007315,54067,cz1,cz1
r0007316,54071,cz1,cz1
r0007317,54074,cz1,cz1
r0007318,54078,cz1,cz1
r0007319,54082,cz1,cz1
r0007320,54085,cz1,cz1
r0007321,54089,cz1,cz1
r0007322,54093,cz1,cz1
r0007323,54096,cz1,cz1
r0007324,54100,cz1,cz1
r0007325,54103,cz1,cz1
r0007326,54107,cz1,cz1
r0007327,54111,cz1,cz1
r0007328,54114,cz1,cz1
r0007329,54118,cz1,cz1
r0007330,54122,cz1,cz1
r0007331,54125,cz1,cz1
r0007332,54129,cz1,cz1
r0007333,54133,cz1,cz1
r0007334,54136,cz1,cz1
r0007335,54140,cz1,cz1
r0007336,54144,cz1,cz1
r0007337,54147,cz1,cz1
r0007338,54151,cz1,cz1
r0007339,54155,cz1,cz1
r0007340,54158,cz1,cz1
r0007341,54162,cz1,cz1
r0007342,54165,cz1,cz1
r0007343,54169,cz1,cz1
r0007344,54173,cz1,cz1
r0007345,54176,cz1,cz1
r0007346,54180,cz1,cz1
r0007347,54184,cz1,cz1
r0007348,54187,cz1,cz1
r0007349,54191,cz1,cz1
r0007350,54195,cz1,cz1
r0007351,54198,cz1,cz1
r0007352,54202,cz1,cz1
r0007353,54206,cz1,cz1
r0007354,54209,cz1,cz1
r0007355,54213,cz1,cz1
r0007356,54217,cz1,cz1
r0007357,54220,cz1,cz1
r0007358,54224,cz1,cz1
r0007359,54227,cz1,cz1
r0007360,54231,cz1,cz1
r0007361,54235,cz1,cz1
r0007362,54238,cz1,cz1
r0007363,54242,cz1,cz1
r0007364,54246,cz1,cz1
r0007365,54249,cz1,cz1
r0007366,54253,cz1,cz1
r0007367,54257,cz1,cz1
r0007368,54260,cz1,cz1
r0007369,54264,cz1,cz1
r0007370,54268,cz1,cz1
r0007371,54271,cz1,cz1
r0007372,54275,cz1,cz1
r0007373,54279,cz1,cz1
r0007374,54282,cz1,cz1
r0007375,54286,cz1,cz1
r0007376,54289,cz1,cz2
r0007377,54293,cz1,cz2
r0007378,54297,cz1,cz2
r0007379,54300,cz1,cz2
r0007380,54304,cz1,cz2
r0007381,54308,cz1,cz2
r0007382,54311,cz1,cz2
r0007383,54315,cz1,cz2
r0007384,54319,cz1,cz2
r0007385,54322,cz1,cz2
r0007386,54326,cz1,cz2
r0007387,54330,cz1,cz2
r0007388,54333,cz1,cz2
r0007389,54337,cz1,cz2
r0007390,54341,cz1,cz2
r0007391,54344,cz1,cz2
r0007392,54348,cz1,cz2
r0007393,54351,cz1,cz2
r0007394,54355,cz1,cz2
r0007395,54359,cz1,cz2
r0007396,54362,cz1,cz2
r0007397,54366,cz1,cz2
r0007398,54370,cz1,cz2
r0007399,54373,cz1,cz2
r0007400,54377,cz1,cz2
r0007401,54381,cz1,cz2
r0007402,54384,cz1,cz2
r0007403,54388,cz1,cz2
r0007404,54392,cz1,cz2
r0007405,54395,cz1,cz2
r0007406,54399,cz1,cz2
r0007407,54403,cz1,cz2
r0007408,54406,cz1,cz2
r0007409,54410,cz1,cz2
r0007410,54413,cz1,cz2
r0007411,54417,cz1,cz2
r0007412,54421,cz1,cz2
r0007413,54424,cz1,cz2
r0007414,54428,cz1,cz2
r0007415,54432,cz1,cz2
r0007416,54435,cz1,cz2
r0007417,54439,cz1,cz2
r0007418,54443,cz1,cz2
r0007419,54446,cz1,cz2
r0007420,54450,cz1,cz2
r0007421,54454,cz1,cz2
r0007422,54457,cz1,cz2
r0007423,54461,cz1,cz2
r0007424,54465,cz1,cz2
r0007425,54468,cz1,cz2
r0007426,54472,cz1,cz2
r0007427,54475,cz1,cz2
r0007428,54479,cz1,cz2
r0007429,54483,cz1,cz2
r0007430,54486,cz1,cz2
r0007431,54490,cz1,cz2
r0007432,54494,cz1,cz2
r0007433,54497,cz1,cz2
r0007434,54501,cz1,cz2
r0007435,54505,cz1,cz2
r0007436,54508,cz1,cz3
r0007437,54512,cz1,cz3
r0007438,54516,cz1,cz3
r0007439,54519,cz1,cz3
r0007440,54523,cz1,cz3
r0007441,54527,cz1,cz3
r0007442,54530,cz1,cz3
r0007443,54534,cz1,cz3
r0007444,54537,cz1,cz3
r0007445,54541,cz1,cz3
r0007446,54545,cz1,cz3
r0007447,54548,cz1,cz3
r0007448,54552,cz1,cz3
r0007449,54556,cz1,cz3
r0007450,54559,cz1,cz3
r0007451,54563,cz1,cz3
r0007452,54567,cz1,cz3
r0007453,54570,cz1,cz3
r0007454,54574,cz1,cz3
r0007455,54578,cz1,cz3
r0007456,54581,cz1,cz3
r0007457,54585,cz1,cz3
r0007458,54589,cz1,cz3
r0007459,54592,cz1,cz3
r0007460,54596,cz1,cz3
r0007461,54600,cz1,cz3
r0007462,54603,cz1,cz3
r0007463,54607,cz1,cz3
r0007464,54610,cz1,cz3
r0007465,54614,cz1,cz3
r0007466,54618,cz1,cz3
r0007467,54621,cz1,cz3
r0007468,54625,cz1,cz3
r0007469,54629,cz1,cz3
r0007470,54632,cz1,cz3
r0007471,54636,cz1,cz3
r0007472,54640,cz1,cz3
r0007473,54643,cz1,cz3
r0007474,54647,cz1,cz3
r0007475,54651,cz1,cz3
r0007476,54654,cz1,cz3
r0007477,54658,cz1,cz3
r0007478,54662,cz1,cz3
r0007479,54665,cz1,cz3
r0007480,54669,cz1,cz3
r0007481,54672,cz1,cz3
r0007482,54676,cz1,cz3
r0007483,54680,cz1,cz3
r0007484,54683,cz1,cz3
r0007485,54687,cz1,cz3
r0007486,54691,cz1,cz3
r0007487,54694,cz1,cz3
r0007488,54698,cz1,cz3
r0007489,54702,cz1,cz3
r0007490,54705,cz1,cz3
r0007491,54709,cz1,cz3
r0007492,54713,cz1,cz3
r0007493,54716,cz1,cz3
r0007494,54720,cz1,cz3
r0007495,54724,cz1,cz3
r0007496,54727,cz1,cz3
r0007497,54731,cz1,cz3
r0007498,54734,cz1,cz3
r0007499,54738,cz1,cz3
r0007500,54742,cz1,cz3
r0007501,54745,cz1,cz3
r0007502,54749,cz1,cz3
r0007503,54753,cz1,cz3
r0007504,54756,cz1,cz3
r0007505,54760,cz1,cz3
r0007506,54764,cz1,cz3
r0007507,54767,cz1,cz3
r0007508,54771,cz1,cz3
r0007509,54775,cz1,cz3
r0007510,54778,cz1,cz3
r0007511,54782,cz1,cz3
r0007512,54786,cz1,cz3
r0007513,54789,cz1,cz3
r0007514,54793,cz1,cz3
r0007515,54796,cz1,cz3
r0007516,54800,cz1,cz3
r0007517,54804,cz1,cz3
r0007518,54807,cz1,cz4
r0007519,54811,cz1,cz4
r0007520,54815,cz1,cz4
r0007521,54818,cz1,cz4
r0007522,54822,cz1,cz4
r0007523,54826,cz1,cz4
r0007524,54829,cz1,cz4
r0007525,54833,cz1,cz4
r0007526,54837,cz1,cz4
r0007527,54840,cz1,cz4
r0007528,54844,cz1,cz4
r0007529,54848,cz1,cz4
r0007530,54851,cz1,cz4
r0007531,54855,cz1,cz4
r0007532,54858,cz1,cz4
r0007533,54862,cz1,cz4
r0007534,54866,cz1,cz4
r0007535,54869,cz1,cz4
r0007536,54873,cz1,cz4
r0007537,54877,cz1,cz4
r0007538,54880,cz1,cz4
r0007539,54884,cz1,cz4
r0007540,54888,cz1,cz4
r0007541,54891,cz1,cz4
r0007542,54895,cz1,cz4
r0007543,54899,cz1,cz4
r0007544,54902,cz1,cz4
r0007545,54906,cz1,cz4
r0007546,54910,cz1,cz4
r0007547,54913,cz1,cz4
r0007548,54917,cz1,cz4
r0007549,54920,cz1,cz4
r0007550,54924,cz1,cz4
r0007551,54928,cz1,cz4
r0007552,54931,cz1,cz4
r0007553,54935,cz1,cz4
r0007554,54939,cz1,cz4
r0007555,54942,cz1,cz4
r0007556,54946,cz1,cz4
r0007557,54950,cz1,cz4
r0007558,54953,cz1,cz4
r0007559,54957,cz1,cz4
r0007560,54961,cz1,cz4
r0007561,54964,cz1,cz4
r0007562,54968,cz1,cz4
r0007563,54972,cz1,cz4
r0007564,54975,cz1,cz4
r0007565,54979,cz1,cz4
r0007566,54982,cz1,cz4
r0007567,54986,cz1,cz4
r0007568,54990,cz1,cz4
r0007569,54993,cz1,cz4
r0007570,54997,cz1,cz4
r0007571,55001,cz1,cz4
r0007572,55004,cz1,cz4
r0007573,55008,cz1,cz4
r0007574,55012,cz2,cz1
r0007575,55015,cz2,cz1
r0007576,55019,cz2,cz1
r0007577,55023,cz2,cz1
r0007578,55026,cz2,cz1
r0007579,55030,cz2,cz1
r0007580,55034,cz2,cz1
r0007581,55037,cz2,cz1
r0007582,55041,cz2,cz1
r0007583,55044,cz2,cz1
r0007584,55048,cz2,cz1
r0007585,55052,cz2,cz1
r0007586,55055,cz2,cz1
r0007587,55059,cz2,cz1
r0007588,55063,cz2,cz1
r0007589,55066,cz2,cz1
r0007590,55070,cz2,cz1
r0007591,55074,cz2,cz1
r0007592,55077,cz2,cz1
r0007593,55081,cz2,cz1
r0007594,55085,cz2,cz1
r0007595,55088,cz2,cz1
r0007596,55092,cz2,cz1
r0007597,55096,cz2,cz1
r0007598,55099,cz2,cz1
r0007599,55103,cz2,cz1
r0007600,55106,cz2,cz1
r0007601,55110,cz2,cz1
r0007602,55114,cz2,cz1
r0007603,55117,cz2,cz1
r0007604,55121,cz2,cz1
r0007605,55125,cz2,cz1
r0007606,55128,cz2,cz1
r0007607,55132,cz2,cz1
r0007608,55136,cz2,cz1
r0007609,55139,cz2,cz1
r0007610,55143,cz2,cz1
r0007611,55147,cz2,cz1
r0007612,55150,cz2,cz1
r0007613,55154,cz2,cz1
r0007614,55158,cz2,cz1
r0007615,55161,cz2,cz1
r0007616,55165,cz2,cz1
r0007617,55168,cz2,cz1
r0007618,55172,cz2,cz1
r0007619,55176,cz2,cz1
r0007620,55179,cz2,cz1
r0007621,55183,cz2,cz1
r0007622,55187,cz2,cz1
r0007623,55190,cz2,cz1
r0007624,55194,cz2,cz1
r0007625,55198,cz2,cz1
r0007626,55201,cz2,cz1
r0007627,55205,cz2,cz1
r0007628,55209,cz2,cz1
r0007629,55212,cz2,cz1
r0007630,55216,cz2,cz1
r0007631,55220,cz2,cz1
r0007632,55223,cz2,cz1
r0007633,55227,cz2,cz1
r0007634,55231,cz2,cz1
r0007635,55234,cz2,cz1
r0007636,55238,cz2,cz2
r0007637,55241,cz2,cz2
r0007638,55245,cz2,cz2
r0007639,55249,cz2,cz2
r0007640,55252,cz2,cz2
r0007641,55256,cz2,cz2
r0007642,55260,cz2,cz2
r0007643,55263,cz2,cz2
r0007644,55267,cz2,cz2
r0007645,55271,cz2,cz2
r0007646,55274,cz2,cz2
r0007647,55278,cz2,cz2
r0007648,55282,cz2,cz2
r0007649,55285,cz2,cz2
r0007650,55289,cz2,cz2
r0007651,55293,cz2,cz2
r0007652,55296,cz2,cz2
r0007653,55300,cz2,cz2
r0007654,55303,cz2,cz2
r0007655,55307,cz2,cz2
r0007656,55311,cz2,cz2
r0007657,55314,cz2,cz2
r0007658,55318,cz2,cz2
r0007659,55322,cz2,cz2
r0007660,55325,cz2,cz2
r0007661,55329,cz2,cz2
r0007662,55333,cz2,cz2
r0007663,55336,cz2,cz2
r0007664,55340,cz2,cz2
r0007665,55344,cz2,cz2
r0007666,55347,cz2,cz2
r0007667,55351,cz2,cz2
r0007668,55355,cz2,cz2
r0007669,55358,cz2,cz2
r0007670,55362,cz2,cz2
r0007671,55365,cz2,cz2
r0007672,55369,cz2,cz2
r0007673,55373,cz2,cz2
r0007674,55376,cz2,cz2
r0007675,55380,cz2,cz2
r0007676,55384,cz2,cz2
r0007677,55387,cz2,cz2
r0007678,55391,cz2,cz2
r0007679,55395,cz2,cz2
r0007680,55398,cz2,cz2
r0007681,55402,cz2,cz2
r0007682,55406,cz2,cz2
r0007683,55409,cz2,cz2
r0007684,55413,cz2,cz2
r0007685,55417,cz2,cz2
r0007686,55420,cz2,cz2
r0007687,55424,cz2,cz2
r0007688,55427,cz2,cz2
r0007689,55431,cz2,cz2
r0007690,55435,cz2,cz2
r0007691,55438,cz2,cz2
r0007692,55442,cz2,cz2
r0007693,55446,cz2,cz2
r0007694,55449,cz2,cz2
r0007695,55453,cz2,cz2
r0007696,55457,cz2,cz3
r0007697,55460,cz2,cz3
r0007698,55464,cz2,cz3
r0007699,55468,cz2,cz3
r0007700,55471,cz2,cz3
r0007701,55475,cz2,cz3
r0007702,55479,cz2,cz3
r0007703,55482,cz2,cz3
r0007704,55486,cz2,cz3
r0007705,55489,cz2,cz3
r0007706,55493,cz2,cz3
r0007707,55497,cz2,cz3
r0007708,55500,cz2,cz3
r0007709,55504,cz2,cz3
r0007710,55508,cz2,cz3
r0007711,55511,cz2,cz3
r0007712,55515,cz2,cz3
r0007713,55519,cz2,cz3
r0007714,55522,cz2,cz3
r0007715,55526,cz2,cz3
r0007716,55530,cz2,cz3
r0007717,55533,cz2,cz3
r0007718,55537,cz2,cz3
r0007719,55541,cz2,cz3
r0007720,55544,cz2,cz3
r0007721,55548,cz2,cz3
r0007722,55551,cz2,cz3
r0007723,55555,cz2,cz3
r0007724,55559,cz2,cz3
r0007725,55562,cz2,cz3
r0007726,55566,cz2,cz3
r0007727,55570,cz2,cz3
r0007728,55573,cz2,cz3
r0007729,55577,cz2,cz3
r0007730,55581,cz2,cz3
r0007731,55584,cz2,cz3
r0007732,55588,cz2,cz3
r0007733,55592,cz2,cz3
r0007734,55595,cz2,cz3
r0007735,55599,cz2,cz3
r0007736,55603,cz2,cz3
r0007737,55606,cz2,cz3
r0007738,55610,cz2,cz3
r0007739,55613,cz2,cz3
r0007740,55617,cz2,cz3
r0007741,55621,cz2,cz3
r0007742,55624,cz2,cz3
r0007743,55628,cz2,cz3
r0007744,55632,cz2,cz3
r0007745,55635,cz2,cz3
r0007746,55639,cz2,cz3
r0007747,55643,cz2,cz3
r0007748,55646,cz2,cz3
r0007749,55650,cz2,cz3
r0007750,55654,cz2,cz3
r0007751,55657,cz2,cz3
r0007752,55661,cz2,cz3
r0007753,55665,cz2,cz3
r0007754,55668,cz2,cz3
r0007755,55672,cz2,cz3
r0007756,55675,cz2,cz4
r0007757,55679,cz2,cz4
r0007758,55683,cz2,cz4
r0007759,55686,cz2,cz4
r0007760,55690,cz2,cz4
r0007761,55694,cz2,cz4
r0007762,55697,cz2,cz4
r0007763,55701,cz2,cz4
r0007764,55705,cz2,cz4
r0007765,55708,cz2,cz4
r0007766,55712,cz2,cz4
r0007767,55716,cz2,cz4
r0007768,55719,cz2,cz4
r0007769,55723,cz2,cz4
r0007770,55727,cz2,cz4
r0007771,55730,cz2,cz4
r0007772,55734,cz2,cz4
r0007773,55737,cz2,cz4
r0007774,55741,cz2,cz4
r0007775,55745,cz2,cz4
r0007776,55748,cz2,cz4
r0007777,55752,cz2,cz4
r0007778,55756,cz2,cz4
r0007779,55759,cz2,cz4
r0007780,55763,cz2,cz4
r0007781,55767,cz2,cz4
r0007782,55770,cz2,cz4
r0007783,55774,cz2,cz4
r0007784,55778,cz2,cz4
r0007785,55781,cz2,cz4
r0007786,55785,cz2,cz4
r0007787,55789,cz2,cz4
r0007788,55792,cz2,cz4
r0007789,55796,cz2,cz4
r0007790,55800,cz2,cz4
r0007791,55803,cz2,cz4
r0007792,55807,cz2,cz4
r0007793,55810,cz2,cz4
r0007794,55814,cz2,cz4
r0007795,55818,cz2,cz4
r0007796,55821,cz2,cz4
r0007797,55825,cz2,cz4
r0007798,55829,cz2,cz4
r0007799,55832,cz3,cz1
r0007800,55836,cz3,cz1
r0007801,55840,cz3,cz1
r0007802,55843,cz3,cz1
r0007803,55847,cz3,cz1
r0007804,55851,cz3,cz1
r0007805,55854,cz3,cz1
r0007806,55858,cz3,cz1
r0007807,55862,cz3,cz1
r0007808,55865,cz3,cz1
r0007809,55869,cz3,cz1
r0007810,55872,cz3,cz1
r0007811,55876,cz3,cz1
r0007812,55880,cz3,cz1
r0007813,55883,cz3,cz1
r0007814,55887,cz3,cz1
r0007815,55891,cz3,cz1
r0007816,55894,cz3,cz1
r0007817,55898,cz3,cz1
r0007818,55902,cz3,cz1
r0007819,55905,cz3,cz1
r0007820,55909,cz3,cz1
r0007821,55913,cz3,cz1
r0007822,55916,cz3,cz1
r0007823,55920,cz3,cz1
r0007824,55924,cz3,cz1
r0007825,55927,cz3,cz1
r0007826,55931,cz3,cz1
r0007827,55934,cz3,cz1
r0007828,55938,cz3,cz1
r0007829,55942,cz3,cz1
r0007830,55945,cz3,cz1
r0007831,55949,cz3,cz1
r0007832,55953,cz3,cz1
r0007833,55956,cz3,cz1
r0007834,55960,cz3,cz1
r0007835,55964,cz3,cz1
r0007836,55967,cz3,cz1
r0007837,55971,cz3,cz1
r0007838,55975,cz3,cz1
r0007839,55978,cz3,cz1
r0007840,55982,cz3,cz1
r0007841,55986,cz3,cz1
r0007842,55989,cz3,cz1
r0007843,55993,cz3,cz1
r0007844,55996,cz3,cz1
r0007845,56000,cz3,cz1
r0007846,56004,cz3,cz1
r0007847,56007,cz3,cz1
r0007848,56011,cz3,cz1
r0007849,56015,cz3,cz1
r0007850,56018,cz3,cz1
r0007851,56022,cz3,cz1
r0007852,56026,cz3,cz1
r0007853,56029,cz3,cz1
r0007854,56033,cz3,cz1
r0007855,56037,cz3,cz1
r0007856,56040,cz3,cz1
r0007857,56044,cz3,cz1
r0007858,56048,cz3,cz1
r0007859,56051,cz3,cz1
r0007860,56055,cz3,cz1
r0007861,56058,cz3,cz1
r0007862,56062,cz3,cz1
r0007863,56066,cz3,cz1
r0007864,56069,cz3,cz1
r0007865,56073,cz3,cz1
r0007866,56077,cz3,cz1
r0007867,56080,cz3,cz1
r0007868,56084,cz3,cz1
r0007869,56088,cz3,cz1
r0007870,56091,cz3,cz1
r0007871,56095,cz3,cz1
r0007872,56099,cz3,cz1
r0007873,56102,cz3,cz1
r0007874,56106,cz3,cz1
r0007875,56110,cz3,cz1
r0007876,56113,cz3,cz1
r0007877,56117,cz3,cz1
r0007878,56120,cz3,cz1
r0007879,56124,cz3,cz1
r0007880,56128,cz3,cz2
r0007881,56131,cz3,cz2
r0007882,56135,cz3,cz2
r0007883,56139,cz3,cz2
r0007884,56142,cz3,cz2
r0007885,56146,cz3,cz2
r0007886,56150,cz3,cz2
r0007887,56153,cz3,cz2
r0007888,56157,cz3,cz2
r0007889,56161,cz3,cz2
r0007890,56164,cz3,cz2
r0007891,56168,cz3,cz2
r0007892,56172,cz3,cz2
r0007893,56175,cz3,cz2
r0007894,56179,cz3,cz2
r0007895,56182,cz3,cz2
r0007896,56186,cz3,cz2
r0007897,56190,cz3,cz2
r0007898,56193,cz3,cz2
r0007899,56197,cz3,cz2
r0007900,56201,cz3,cz2
r0007901,56204,cz3,cz2
r0007902,56208,cz3,cz2
r0007903,56212,cz3,cz2
r0007904,56215,cz3,cz2
r0007905,56219,cz3,cz2
r0007906,56223,cz3,cz2
r0007907,56226,cz3,cz2
r0007908,56230,cz3,cz2
r0007909,56234,cz3,cz2
r0007910,56237,cz3,cz2
r0007911,56241,cz3,cz2
r0007912,56244,cz3,cz2
r0007913,56248,cz3,cz2
r0007914,56252,cz3,cz2
r0007915,56255,cz3,cz2
r0007916,56259,cz3,cz2
r0007917,56263,cz3,cz2
r0007918,56266,cz3,cz2
r0007919,56270,cz3,cz2
r0007920,56274,cz3,cz2
r0007921,56277,cz3,cz2
r0007922,56281,cz3,cz2
r0007923,56285,cz3,cz2
r0007924,56288,cz3,cz2
r0007925,56292,cz3,cz2
r0007926,56296,cz3,cz2
r0007927,56299,cz3,cz2
r0007928,56303,cz3,cz2
r0007929,56306,cz3,cz2
r0007930,56310,cz3,cz2
r0007931,56314,cz3,cz2
r0007932,56317,cz3,cz2
r0007933,56321,cz3,cz2
r0007934,56325,cz3,cz2
r0007935,56328,cz3,cz2
r0007936,56332,cz3,cz2
r0007937,56336,cz3,cz2
r0007938,56339,cz3,cz3
r0007939,56343,cz3,cz3
r0007940,56347,cz3,cz3
r0007941,56350,cz3,cz3
r0007942,56354,cz3,cz3
r0007943,56358,cz3,cz3
r0007944,56361,cz3,cz3
r0007945,56365,cz3,cz3
r0007946,56368,cz3,cz3
r0007947,56372,cz3,cz3
r0007948,56376,cz3,cz3
r0007949,56379,cz3,cz3
r0007950,56383,cz3,cz3
r0007951,56387,cz3,cz3
r0007952,56390,cz3,cz3
r0007953,56394,cz3,cz3
r0007954,56398,cz3,cz3
r0007955,56401,cz3,cz3
r0007956,56405,cz3,cz3
r0007957,56409,cz3,cz3
r0007958,56412,cz3,cz3
r0007959,56416,cz3,cz3
r0007960,56420,cz3,cz3
r0007961,56423,cz3,cz3
r0007962,56427,cz3,cz3
r0007963,56431,cz3,cz3
r0007964,56434,cz3,cz3
r0007965,56438,cz3,cz3
r0007966,56441,cz3,cz3
r0007967,56445,cz3,cz3
r0007968,56449,cz3,cz3
r0007969,56452,cz3,cz3
r0007970,56456,cz3,cz3
r0007971,56460,cz3,cz3
r0007972,56463,cz3,cz3
r0007973,56467,cz3,cz3
r0007974,56471,cz3,cz3
r0007975,56474,cz3,cz3
r0007976,56478,cz3,cz3
r0007977,56482,cz3,cz3
r0007978,56485,cz3,cz3
r0007979,56489,cz3,cz3
r0007980,56493,cz3,cz3
r0007981,56496,cz3,cz3
r0007982,56500,cz3,cz3
r0007983,56503,cz3,cz3
r0007984,56507,cz3,cz3
r0007985,56511,cz3,cz3
r0007986,56514,cz3,cz3
r0007987,56518,cz3,cz3
r0007988,56522,cz3,cz3
r0007989,56525,cz3,cz3
r0007990,56529,cz3,cz3
r0007991,56533,cz3,cz3
r0007992,56536,cz3,cz3
r0007993,56540,cz3,cz3
r0007994,56544,cz3,cz3
r0007995,56547,cz3,cz3
r0007996,56551,cz3,cz3
r0007997,56555,cz3,cz3
r0007998,56558,cz3,cz3
r0007999,56562,cz3,cz3
r0008000,56565,cz3,cz3
r0008001,56569,cz3,cz3
r0008002,56573,cz3,cz3
r0008003,56576,cz3,cz3
r0008004,56580,cz3,cz3
r0008005,56584,cz3,cz3
r0008006,56587,cz3,cz3
r0008007,56591,cz3,cz3
r0008008,56595,cz3,cz3
r0008009,56598,cz3,cz3
r0008010,56602,cz3,cz3
r0008011,56606,cz3,cz3
r0008012,56609,cz3,cz3
r0008013,56613,cz3,cz3
r0008014,56617,cz3,cz3
r0008015,56620,cz3,cz3
r0008016,56624,cz3,cz3
r0008017,56627,cz3,cz3
r0008018,56631,cz3,cz3
r0008019,56635,cz3,cz3
r0008020,56638,cz3,cz3
r0008021,56642,cz3,cz3
r0008022,56646,cz3,cz3
r0008023,56649,cz3,cz3
r0008024,56653,cz3,cz3
r0008025,56657,cz3,cz4
r0008026,56660,cz3,cz4
r0008027,56664,cz3,cz4
r0008028,56668,cz3,cz4
r0008029,56671,cz3,cz4
r0008030,56675,cz3,cz4
r0008031,56679,cz3,cz4
r0008032,56682,cz3,cz4
r0008033,56686,cz3,cz4
r0008034,56689,cz3,cz4
r0008035,56693,cz3,cz4
r0008036,56697,cz3,cz4
r0008037,56700,cz3,cz4
r0008038,56704,cz3,cz4
r0008039,56708,cz3,cz4
r0008040,56711,cz3,cz4
r0008041,56715,cz3,cz4
r0008042,56719,cz3,cz4
r0008043,56722,cz3,cz4
r0008044,56726,cz3,cz4
r0008045,56730,cz3,cz4
r0008046,56733,cz3,cz4
r0008047,56737,cz3,cz4
r0008048,56741,cz3,cz4
r0008049,56744,cz3,cz4
r0008050,56748,cz3,cz4
r0008051,56751,cz3,cz4
r0008052,56755,cz3,cz4
r0008053,56759,cz3,cz4
r0008054,56762,cz3,cz4
r0008055,56766,cz3,cz4
r0008056,56770,cz3,cz4
r0008057,56773,cz3,cz4
r0008058,56777,cz3,cz4
r0008059,56781,cz3,cz4
r0008060,56784,cz3,cz4
r0008061,56788,cz3,cz4
r0008062,56792,cz3,cz4
r0008063,56795,cz3,cz4
r0008064,56799,cz3,cz4
r0008065,56803,cz3,cz4
r0008066,56806,cz3,cz4
r0008067,56810,cz3,cz4
r0008068,56813,cz3,cz4
r0008069,56817,cz3,cz4
r0008070,56821,cz3,cz4
r0008071,56824,cz3,cz4
r0008072,56828,cz3,cz4
r0008073,56832,cz3,cz4
r0008074,56835,cz3,cz4
r0008075,56839,cz3,cz4
r0008076,56843,cz3,cz4
r0008077,56846,cz3,cz4
r0008078,56850,cz3,cz4
r0008079,56854,cz3,cz4
r0008080,56857,cz3,cz4
r0008081,56861,cz3,cz4
r0008082,56865,cz3,cz4
r0008083,56868,cz4,cz1
r0008084,56872,cz4,cz1
r0008085,56875,cz4,cz1
r0008086,56879,cz4,cz1
r0008087,56883,cz4,cz1
r0008088,56886,cz4,cz1
r0008089,56890,cz4,cz1
r0008090,56894,cz4,cz1
r0008091,56897,cz4,cz1
r0008092,56901,cz4,cz1
r0008093,56905,cz4,cz1
r0008094,56908,cz4,cz1
r0008095,56912,cz4,cz1
r0008096,56916,cz4,cz1
r0008097,56919,cz4,cz1
r0008098,56923,cz4,cz1
r0008099,56927,cz4,cz1
r0008100,56930,cz4,cz1
r0008101,56934,cz4,cz1
r0008102,56937,cz4,cz1
r0008103,56941,cz4,cz1
r0008104,56945,cz4,cz1
r0008105,56948,cz4,cz1
r0008106,56952,cz4,cz1
r0008107,56956,cz4,cz1
r0008108,56959,cz4,cz1
r0008109,56963,cz4,cz1
r0008110,56967,cz4,cz1
r0008111,56970,cz4,cz1
r0008112,56974,cz4,cz1
r0008113,56978,cz4,cz1
r0008114,56981,cz4,cz1
r0008115,56985,cz4,cz1
r0008116,56989,cz4,cz1
r0008117,56992,cz4,cz1
r0008118,56996,cz4,cz1
r0008119,57000,cz4,cz1
r0008120,57003,cz4,cz1
r0008121,57007,cz4,cz1
r0008122,57010,cz4,cz1
r0008123,57014,cz4,cz1
r0008124,57018,cz4,cz1
r0008125,57021,cz4,cz1
r0008126,57025,cz4,cz1
r0008127,57029,cz4,cz1
r0008128,57032,cz4,cz1
r0008129,57036,cz4,cz1
r0008130,57040,cz4,cz1
r0008131,57043,cz4,cz1
r0008132,57047,cz4,cz1
r0008133,57051,cz4,cz1
r0008134,57054,cz4,cz1
r0008135,57058,cz4,cz1
r0008136,57062,cz4,cz1
r0008137,57065,cz4,cz1
r0008138,57069,cz4,cz1
r0008139,57072,cz4,cz1
r0008140,57076,cz4,cz2
r0008141,57080,cz4,cz2
r0008142,57083,cz4,cz2
r0008143,57087,cz4,cz2
r0008144,57091,cz4,cz2
r0008145,57094,cz4,cz2
r0008146,57098,cz4,cz2
r0008147,57102,cz4,cz2
r0008148,57105,cz4,cz2
r0008149,57109,cz4,cz2
r0008150,57113,cz4,cz2
r0008151,57116,cz4,cz2
r0008152,57120,cz4,cz2
r0008153,57124,cz4,cz2
r0008154,57127,cz4,cz2
r0008155,57131,cz4,cz2
r0008156,57134,cz4,cz2
r0008157,57138,cz4,cz2
r0008158,57142,cz4,cz2
r0008159,57145,cz4,cz2
r0008160,57149,cz4,cz2
r0008161,57153,cz4,cz2
r0008162,57156,cz4,cz2
r0008163,57160,cz4,cz2
r0008164,57164,cz4,cz2
r0008165,57167,cz4,cz2
r0008166,57171,cz4,cz2
r0008167,57175,cz4,cz2
r0008168,57178,cz4,cz2
r0008169,57182,cz4,cz2
r0008170,57186,cz4,cz2
r0008171,57189,cz4,cz2
r0008172,57193,cz4,cz2
r0008173,57196,cz4,cz2
r0008174,57200,cz4,cz2
r0008175,57204,cz4,cz2
r0008176,57207,cz4,cz2
r0008177,57211,cz4,cz2
r0008178,57215,cz4,cz2
r0008179,57218,cz4,cz2
r0008180,57222,cz4,cz2
r0008181,57226,cz4,cz2
r0008182,57229,cz4,cz2
r0008183,57233,cz4,cz3
r0008184,57237,cz4,cz3
r0008185,57240,cz4,cz3
r0008186,57244,cz4,cz3
r0008187,57248,cz4,cz3
r0008188,57251,cz4,cz3
r0008189,57255,cz4,cz3
r0008190,57258,cz4,cz3
r0008191,57262,cz4,cz3
r0008192,57266,cz4,cz3
r0008193,57269,cz4,cz3
r0008194,57273,cz4,cz3
r0008195,57277,cz4,cz3
r0008196,57280,cz4,cz3
r0008197,57284,cz4,cz3
r0008198,57288,cz4,cz3
r0008199,57291,cz4,cz3
r0008200,57295,cz4,cz3
r0008201,57299,cz4,cz3
r0008202,57302,cz4,cz3
r0008203,57306,cz4,cz3
r0008204,57310,cz4,cz3
r0008205,57313,cz4,cz3
r0008206,57317,cz4,cz3
r0008207,57320,cz4,cz3
r0008208,57324,cz4,cz3
r0008209,57328,cz4,cz3
r0008210,57331,cz4,cz3
r0008211,57335,cz4,cz3
r0008212,57339,cz4,cz3
r0008213,57342,cz4,cz3
r0008214,57346,cz4,cz3
r0008215,57350,cz4,cz3
r0008216,57353,cz4,cz3
r0008217,57357,cz4,cz3
r0008218,57361,cz4,cz3
r0008219,57364,cz4,cz3
r0008220,57368,cz4,cz3
r0008221,57372,cz4,cz3
r0008222,57375,cz4,cz3
r0008223,57379,cz4,cz3
r0008224,57382,cz4,cz3
r0008225,57386,cz4,cz3
r0008226,57390,cz4,cz3
r0008227,57393,cz4,cz3
r0008228,57397,cz4,cz3
r0008229,57401,cz4,cz3
r0008230,57404,cz4,cz3
r0008231,57408,cz4,cz3
r0008232,57412,cz4,cz3
r0008233,57415,cz4,cz3
r0008234,57419,cz4,cz3
r0008235,57423,cz4,cz3
r0008236,57426,cz4,cz3
r0008237,57430,cz4,cz3
r0008238,57434,cz4,cz3
r0008239,57437,cz4,cz3
r0008240,57441,cz4,cz3
r0008241,57444,cz4,cz3
r0008242,57448,cz4,cz3
r0008243,57452,cz4,cz4
r0008244,57455,cz4,cz4
r0008245,57459,cz4,cz4
r0008246,57463,cz4,cz4
r0008247,57466,cz4,cz4
r0008248,57470,cz4,cz4
r0008249,57474,cz4,cz4
r0008250,57477,cz4,cz4
r0008251,57481,cz4,cz4
r0008252,57485,cz4,cz4
r0008253,57488,cz4,cz4
r0008254,57492,cz4,cz4
r0008255,57496,cz4,cz4
r0008256,57499,cz4,cz4
r0008257,57503,cz4,cz4
r0008258,57506,cz4,cz4
r0008259,57510,cz4,cz4
r0008260,57514,cz4,cz4
r0008261,57517,cz4,cz4
r0008262,57521,cz4,cz4
r0008263,57525,cz4,cz4
r0008264,57528,cz4,cz4
r0008265,57532,cz4,cz4
r0008266,57536,cz4,cz4
r0008267,57539,cz4,cz4
r0008268,57543,cz4,cz4
r0008269,57547,cz4,cz4
r0008270,57550,cz4,cz4
r0008271,57554,cz4,cz4
r0008272,57558,cz4,cz4
r0008273,57561,cz4,cz4
r0008274,57565,cz4,cz4
r0008275,57568,cz4,cz4
r0008276,57572,cz4,cz4
r0008277,57576,cz4,cz4
r0008278,57579,cz4,cz4
r0008279,57583,cz4,cz4
r0008280,57587,cz4,cz4
r0008281,57590,cz4,cz4
r0008282,57594,cz4,cz4
r0008283,57598,cz4,cz4
r0008284,57601,cz1,cz1
r0008285,57605,cz1,cz1
r0008286,57608,cz1,cz1
r0008287,57611,cz1,cz1
r0008288,57615,cz1,cz1
r0008289,57618,cz1,cz1
r0008290,57622,cz1,cz1
r0008291,57625,cz1,cz1
r0008292,57628,cz1,cz1
r0008293,57632,cz1,cz1
r0008294,57635,cz1,cz1
r0008295,57638,cz1,cz1
r0008296,57642,cz1,cz1
r0008297,57645,cz1,cz1
r0008298,57649,cz1,cz1
r0008299,57652,cz1,cz1
r0008300,57655,cz1,cz1
r0008301,57659,cz1,cz1
r0008302,57662,cz1,cz1
r0008303,57666,cz1,cz1
r0008304,57669,cz1,cz1
r0008305,57672,cz1,cz1
r0008306,57676,cz1,cz1
r0008307,57679,cz1,cz1
r0008308,57682,cz1,cz1
r0008309,57686,cz1,cz1
r0008310,57689,cz1,cz1
r0008311,57693,cz1,cz1
r0008312,57696,cz1,cz1
r0008313,57699,cz1,cz1
r0008314,57703,cz1,cz1
r0008315,57706,cz1,cz1
r0008316,57710,cz1,cz1
r0008317,57713,cz1,cz1
r0008318,57716,cz1,cz1
r0008319,57720,cz1,cz1
r0008320,57723,cz1,cz1
r0008321,57726,cz1,cz1
r0008322,57730,cz1,cz1
r0008323,57733,cz1,cz1
r0008324,57737,cz1,cz1
r0008325,57740,cz1,cz1
r0008326,57743,cz1,cz1
r0008327,57747,cz1,cz1
r0008328,57750,cz1,cz1
r0008329,57754,cz1,cz1
r0008330,57757,cz1,cz1
r0008331,57760,cz1,cz1
r0008332,57764,cz1,cz1
r0008333,57767,cz1,cz1
r0008334,57771,cz1,cz1
r0008335,57774,cz1,cz1
r0008336,57777,cz1,cz1
r0008337,57781,cz1,cz1
r0008338,57784,cz1,cz1
r0008339,57787,cz1,cz1
r0008340,57791,cz1,cz1
r0008341,57794,cz1,cz1
r0008342,57798,cz1,cz1
r0008343,57801,cz1,cz1
r0008344,57804,cz1,cz1
r0008345,57808,cz1,cz1
r0008346,57811,cz1,cz1
r0008347,57815,cz1,cz1
r0008348,57818,cz1,cz1
r0008349,57821,cz1,cz1
r0008350,57825,cz1,cz1
r0008351,57828,cz1,cz1
r0008352,57831,cz1,cz1
r0008353,57835,cz1,cz1
r0008354,57838,cz1,cz1
r0008355,57842,cz1,cz1
r0008356,57845,cz1,cz1
r0008357,57848,cz1,cz1
r0008358,57852,cz1,cz1
r0008359,57855,cz1,cz1
r0008360,57859,cz1,cz1
r0008361,57862,cz1,cz1
r0008362,57865,cz1,cz1
r0008363,57869,cz1,cz1
r0008364,57872,cz1,cz1
r0008365,57876,cz1,cz1
r0008366,57879,cz1,cz1
r0008367,57882,cz1,cz1
r0008368,57886,cz1,cz1
r0008369,57889,cz1,cz2
r0008370,57892,cz1,cz2
r0008371,57896,cz1,cz2
r0008372,57899,cz1,cz2
r0008373,57903,cz1,cz2
r0008374,57906,cz1,cz2
r0008375,57909,cz1,cz2
r0008376,57913,cz1,cz2
r0008377,57916,cz1,cz2
r0008378,57920,cz1,cz2
r0008379,57923,cz1,cz2
r0008380,57926,cz1,cz2
r0008381,57930,cz1,cz2
r0008382,57933,cz1,cz2
r0008383,57936,cz1,cz2
r0008384,57940,cz1,cz2
r0008385,57943,cz1,cz2
r0008386,57947,cz1,cz2
r0008387,57950,cz1,cz2
r0008388,57953,cz1,cz2
r0008389,57957,cz1,cz2
r0008390,57960,cz1,cz2
r0008391,57964,cz1,cz2
r0008392,57967,cz1,cz2
r0008393,57970,cz1,cz2
r0008394,57974,cz1,cz2
r0008395,57977,cz1,cz2
r0008396,57980,cz1,cz2
r0008397,57984,cz1,cz2
r0008398,57987,cz1,cz2
r0008399,57991,cz1,cz2
r0008400,57994,cz1,cz2
r0008401,57997,cz1,cz2
r0008402,58001,cz1,cz2
r0008403,58004,cz1,cz2
r0008404,58008,cz1,cz2
r0008405,58011,cz1,cz2
r0008406,58014,cz1,cz2
r0008407,58018,cz1,cz2
r0008408,58021,cz1,cz2
r0008409,58025,cz1,cz2
r0008410,58028,cz1,cz2
r0008411,58031,cz1,cz2
r0008412,58035,cz1,cz2
r0008413,58038,cz1,cz2
r0008414,58041,cz1,cz2
r0008415,58045,cz1,cz2
r0008416,58048,cz1,cz2
r0008417,58052,cz1,cz2
r0008418,58055,cz1,cz2
r0008419,58058,cz1,cz2
r0008420,58062,cz1,cz2
r0008421,58065,cz1,cz2
r0008422,58069,cz1,cz2
r0008423,58072,cz1,cz2
r0008424,58075,cz1,cz2
r0008425,58079,cz1,cz2
r0008426,58082,cz1,cz2
r0008427,58085,cz1,cz2
r0008428,58089,cz1,cz2
r0008429,58092,cz1,cz2
r0008430,58096,cz1,cz2
r0008431,58099,cz1,cz2
r0008432,58102,cz1,cz2
r0008433,58106,cz1,cz2
r0008434,58109,cz1,cz3
r0008435,58113,cz1,cz3
r0008436,58116,cz1,cz3
r0008437,58119,cz1,cz3
r0008438,58123,cz1,cz3
r0008439,58126,cz1,cz3
r0008440,58130,cz1,cz3
r0008441,58133,cz1,cz3
r0008442,58136,cz1,cz3
r0008443,58140,cz1,cz3
r0008444,58143,cz1,cz3
r0008445,58146,cz1,cz3
r0008446,58150,cz1,cz3
r0008447,58153,cz1,cz3
r0008448,58157,cz1,cz3
r0008449,58160,cz1,cz3
r0008450,58163,cz1,cz3
r0008451,58167,cz1,cz3
r0008452,58170,cz1,cz3
r0008453,58174,cz1,cz3
r0008454,58177,cz1,cz3
r0008455,58180,cz1,cz3
r0008456,58184,cz1,cz3
r0008457,58187,cz1,cz3
r0008458,58190,cz1,cz3
r0008459,58194,cz1,cz3
r0008460,58197,cz1,cz3
r0008461,58201,cz1,cz3
r0008462,58204,cz1,cz3
r0008463,58207,cz1,cz3
r0008464,58211,cz1,cz3
r0008465,58214,cz1,cz3
r0008466,58218,cz1,cz3
r0008467,58221,cz1,cz3
r0008468,58224,cz1,cz3
r0008469,58228,cz1,cz3
r0008470,58231,cz1,cz3
r0008471,58234,cz1,cz3
r0008472,58238,cz1,cz3
r0008473,58241,cz1,cz3
r0008474,58245,cz1,cz3
r0008475,58248,cz1,cz3
r0008476,58251,cz1,cz3
r0008477,58255,cz1,cz3
r0008478,58258,cz1,cz3
r0008479,58262,cz1,cz3
r0008480,58265,cz1,cz3
r0008481,58268,cz1,cz3
r0008482,58272,cz1,cz3
r0008483,58275,cz1,cz3
r0008484,58279,cz1,cz3
r0008485,58282,cz1,cz3
r0008486,58285,cz1,cz3
r0008487,58289,cz1,cz3
r0008488,58292,cz1,cz3
r0008489,58295,cz1,cz3
r0008490,58299,cz1,cz3
r0008491,58302,cz1,cz3
r0008492,58306,cz1,cz3
r0008493,58309,cz1,cz3
r0008494,58312,cz1,cz3
r0008495,58316,cz1,cz3
r0008496,58319,cz1,cz3
r0008497,58323,cz1,cz3
r0008498,58326,cz1,cz3
r0008499,58329,cz1,cz3
r0008500,58333,cz1,cz3
r0008501,58336,cz1,cz3
r0008502,58339,cz1,cz3
r0008503,58343,cz1,cz3
r0008504,58346,cz1,cz3
r0008505,58350,cz1,cz3
r0008506,58353,cz1,cz3
r0008507,58356,cz1,cz3
r0008508,58360,cz1,cz3
r0008509,58363,cz1,cz3
r0008510,58367,cz1,cz3
r0008511,58370,cz1,cz3
r0008512,58373,cz1,cz3
r0008513,58377,cz1,cz3
r0008514,58380,cz1,cz3
r0008515,58384,cz1,cz3
r0008516,58387,cz1,cz3
r0008517,58390,cz1,cz3
r0008518,58394,cz1,cz3
r0008519,58397,cz1,cz3
r0008520,58400,cz1,cz3
r0008521,58404,cz1,cz3
r0008522,58407,cz1,cz3
r0008523,58411,cz1,cz4
r0008524,58414,cz1,cz4
r0008525,58417,cz1,cz4
r0008526,58421,cz1,cz4
r0008527,58424,cz1,cz4
r0008528,58428,cz1,cz4
r0008529,58431,cz1,cz4
r0008530,58434,cz1,cz4
r0008531,58438,cz1,cz4
r0008532,58441,cz1,cz4
r0008533,58444,cz1,cz4
r0008534,58448,cz1,cz4
r0008535,58451,cz1,cz4
r0008536,58455,cz1,cz4
r0008537,58458,cz1,cz4
r0008538,58461,cz1,cz4
r0008539,58465,cz1,cz4
r0008540,58468,cz1,cz4
r0008541,58472,cz1,cz4
r0008542,58475,cz1,cz4
r0008543,58478,cz1,cz4
r0008544,58482,cz1,cz4
r0008545,58485,cz1,cz4
r0008546,58488,cz1,cz4
r0008547,58492,cz1,cz4
r0008548,58495,cz1,cz4
r0008549,58499,cz1,cz4
r0008550,58502,cz1,cz4
r0008551,58505,cz1,cz4
r0008552,58509,cz1,cz4
r0008553,58512,cz1,cz4
r0008554,58516,cz1,cz4
r0008555,58519,cz1,cz4
r0008556,58522,cz1,cz4
r0008557,58526,cz1,cz4
r0008558,58529,cz1,cz4
r0008559,58533,cz1,cz4
r0008560,58536,cz1,cz4
r0008561,58539,cz1,cz4
r0008562,58543,cz1,cz4
r0008563,58546,cz1,cz4
r0008564,58549,cz1,cz4
r0008565,58553,cz1,cz4
r0008566,58556,cz1,cz4
r0008567,58560,cz1,cz4
r0008568,58563,cz1,cz4
r0008569,58566,cz1,cz4
r0008570,58570,cz1,cz4
r0008571,58573,cz1,cz4
r0008572,58577,cz1,cz4
r0008573,58580,cz1,cz4
r0008574,58583,cz1,cz4
r0008575,58587,cz1,cz4
r0008576,58590,cz1,cz4
r0008577,58593,cz1,cz4
r0008578,58597,cz1,cz4
r0008579,58600,cz1,cz4
r0008580,58604,cz1,cz4
r0008581,58607,cz1,cz4
r0008582,58610,cz1,cz4
r0008583,58614,cz1,cz4
r0008584,58617,cz2,cz1
r0008585,58621,cz2,cz1
r0008586,58624,cz2,cz1
r0008587,58627,cz2,cz1
r0008588,58631,cz2,cz1
r0008589,58634,cz2,cz1
r0008590,58638,cz2,cz1
r0008591,58641,cz2,cz1
r0008592,58644,cz2,cz1
r0008593,58648,cz2,cz1
r0008594,58651,cz2,cz1
r0008595,58654,cz2,cz1
r0008596,58658,cz2,cz1
r0008597,58661,cz2,cz1
r0008598,58665,cz2,cz1
r0008599,58668,cz2,cz1
r0008600,58671,cz2,cz1
r0008601,58675,cz2,cz1
r0008602,58678,cz2,cz1
r0008603,58682,cz2,cz1
r0008604,58685,cz2,cz1
r0008605,58688,cz2,cz1
r0008606,58692,cz2,cz1
r0008607,58695,cz2,cz1
r0008608,58698,cz2,cz1
r0008609,58702,cz2,cz1
r0008610,58705,cz2,cz1
r0008611,58709,cz2,cz1
r0008612,58712,cz2,cz1
r0008613,58715,cz2,cz1
r0008614,58719,cz2,cz1
r0008615,58722,cz2,cz1
r0008616,58726,cz2,cz1
r0008617,58729,cz2,cz1
r0008618,58732,cz2,cz1
r0008619,58736,cz2,cz1
r0008620,58739,cz2,cz1
r0008621,58742,cz2,cz1
r0008622,58746,cz2,cz1
r0008623,58749,cz2,cz1
r0008624,58753,cz2,cz1
r0008625,58756,cz2,cz1
r0008626,58759,cz2,cz1
r0008627,58763,cz2,cz1
r0008628,58766,cz2,cz1
r0008629,58770,cz2,cz1
r0008630,58773,cz2,cz1
r0008631,58776,cz2,cz1
r0008632,58780,cz2,cz1
r0008633,58783,cz2,cz1
r0008634,58787,cz2,cz1
r0008635,58790,cz2,cz1
r0008636,58793,cz2,cz1
r0008637,58797,cz2,cz1
r0008638,58800,cz2,cz1
r0008639,58803,cz2,cz1
r0008640,58807,cz2,cz1
r0008641,58810,cz2,cz1
r0008642,58814,cz2,cz1
r0008643,58817,cz2,cz1
r0008644,58820,cz2,cz1
r0008645,58824,cz2,cz1
r0008646,58827,cz2,cz1
r0008647,58831,cz2,cz1
r0008648,58834,cz2,cz1
r0008649,58837,cz2,cz1
r0008650,58841,cz2,cz1
r0008651,58844,cz2,cz2
r0008652,58847,cz2,cz2
r0008653,58851,cz2,cz2
r0008654,58854,cz2,cz2
r0008655,58858,cz2,cz2
r0008656,58861,cz2,cz2
r0008657,58864,cz2,cz2
r0008658,58868,cz2,cz2
r0008659,58871,cz2,cz2
r0008660,58875,cz2,cz2
r0008661,58878,cz2,cz2
r0008662,58881,cz2,cz2
r0008663,58885,cz2,cz2
r0008664,58888,cz2,cz2
r0008665,58892,cz2,cz2
r0008666,58895,cz2,cz2
r0008667,58898,cz2,cz2
r0008668,58902,cz2,cz2
r0008669,58905,cz2,cz2
r0008670,58908,cz2,cz2
r0008671,58912,cz2,cz2
r0008672,58915,cz2,cz2
r0008673,58919,cz2,cz2
r0008674,58922,cz2,cz2
r0008675,58925,cz2,cz2
r0008676,58929,cz2,cz2
r0008677,58932,cz2,cz2
r0008678,58936,cz2,cz2
r0008679,58939,cz2,cz2
r0008680,58942,cz2,cz2
r0008681,58946,cz2,cz2
r0008682,58949,cz2,cz2
r0008683,58952,cz2,cz2
r0008684,58956,cz2,cz2
r0008685,58959,cz2,cz2
r0008686,58963,cz2,cz2
r0008687,58966,cz2,cz2
r0008688,58969,cz2,cz2
r0008689,58973,cz2,cz2
r0008690,58976,cz2,cz2
r0008691,58980,cz2,cz2
r0008692,58983,cz2,cz2
r0008693,58986,cz2,cz2
r0008694,58990,cz2,cz2
r0008695,58993,cz2,cz2
r0008696,58996,cz2,cz2
r0008697,59000,cz2,cz2
r0008698,59003,cz2,cz2
r0008699,59007,cz2,cz2
r0008700,59010,cz2,cz2
r0008701,59013,cz2,cz2
r0008702,59017,cz2,cz2
r0008703,59020,cz2,cz2
r0008704,59024,cz2,cz2
r0008705,59027,cz2,cz2
r0008706,59030,cz2,cz2
r0008707,59034,cz2,cz2
r0008708,59037,cz2,cz2
r0008709,59041,cz2,cz2
r0008710,59044,cz2,cz2
r0008711,59047,cz2,cz2
r0008712,59051,cz2,cz2
r0008713,59054,cz2,cz2
r0008714,59057,cz2,cz2
r0008715,59061,cz2,cz3
r0008716,59064,cz2,cz3
r0008717,59068,cz2,cz3
r0008718,59071,cz2,cz3
r0008719,59074,cz2,cz3
r0008720,59078,cz2,cz3
r0008721,59081,cz2,cz3
r0008722,59085,cz2,cz3
r0008723,59088,cz2,cz3
r0008724,59091,cz2,cz3
r0008725,59095,cz2,cz3
r0008726,59098,cz2,cz3
r0008727,59101,cz2,cz3
r0008728,59105,cz2,cz3
r0008729,59108,cz2,cz3
r0008730,59112,cz2,cz3
r0008731,59115,cz2,cz3
r0008732,59118,cz2,cz3
r0008733,59122,cz2,cz3
r0008734,59125,cz2,cz3
r0008735,59129,cz2,cz3
r0008736,59132,cz2,cz3
r0008737,59135,cz2,cz3
r0008738,59139,cz2,cz3
r0008739,59142,cz2,cz3
r0008740,59146,cz2,cz3
r0008741,59149,cz2,cz3
r0008742,59152,cz2,cz3
r0008743,59156,cz2,cz3
r0008744,59159,cz2,cz3
r0008745,59162,cz2,cz3
r0008746,59166,cz2,cz3
r0008747,59169,cz2,cz3
r0008748,59173,cz2,cz3
r0008749,59176,cz2,cz3
r0008750,59179,cz2,cz3
r0008751,59183,cz2,cz3
r0008752,59186,cz2,cz3
r0008753,59190,cz2,cz3
r0008754,59193,cz2,cz3
r0008755,59196,cz2,cz3
r0008756,59200,cz2,cz3
r0008757,59203,cz2,cz3
r0008758,59206,cz2,cz3
r0008759,59210,cz2,cz3
r0008760,59213,cz2,cz3
r0008761,59217,cz2,cz3
r0008762,59220,cz2,cz3
r0008763,59223,cz2,cz3
r0008764,59227,cz2,cz3
r0008765,59230,cz2,cz3
r0008766,59234,cz2,cz3
r0008767,59237,cz2,cz3
r0008768,59240,cz2,cz3
r0008769,59244,cz2,cz3
r0008770,59247,cz2,cz3
r0008771,59250,cz2,cz3
r0008772,59254,cz2,cz3
r0008773,59257,cz2,cz3
r0008774,59261,cz2,cz3
r0008775,59264,cz2,cz3
r0008776,59267,cz2,cz3
r0008777,59271,cz2,cz3
r0008778,59274,cz2,cz3
r0008779,59278,cz2,cz4
r0008780,59281,cz2,cz4
r0008781,59284,cz2,cz4
r0008782,59288,cz2,cz4
r0008783,59291,cz2,cz4
r0008784,59295,cz2,cz4
r0008785,59298,cz2,cz4
r0008786,59301,cz2,cz4
r0008787,59305,cz2,cz4
r0008788,59308,cz2,cz4
r0008789,59311,cz2,cz4
r0008790,59315,cz2,cz4
r0008791,59318,cz2,cz4
r0008792,59322,cz2,cz4
r0008793,59325,cz2,cz4
r0008794,59328,cz2,cz4
r0008795,59332,cz2,cz4
r0008796,59335,cz2,cz4
r0008797,59339,cz2,cz4
r0008798,59342,cz2,cz4
r0008799,59345,cz2,cz4
r0008800,59349,cz2,cz4
r0008801,59352,cz2,cz4
r0008802,59355,cz2,cz4
r0008803,59359,cz2,cz4
r0008804,59362,cz2,cz4
r0008805,59366,cz2,cz4
r0008806,59369,cz2,cz4
r0008807,59372,cz2,cz4
r0008808,59376,cz2,cz4
r0008809,59379,cz2,cz4
r0008810,59383,cz2,cz4
r0008811,59386,cz2,cz4
r0008812,59389,cz2,cz4
r0008813,59393,cz2,cz4
r0008814,59396,cz2,cz4
r0008815,59400,cz2,cz4
r0008816,59403,cz2,cz4
r0008817,59406,cz2,cz4
r0008818,59410,cz2,cz4
r0008819,59413,cz2,cz4
r0008820,59416,cz2,cz4
r0008821,59420,cz2,cz4
r0008822,59423,cz2,cz4
r0008823,59427,cz2,cz4
r0008824,59430,cz2,cz4
r0008825,59433,cz3,cz1
r0008826,59437,cz3,cz1
r0008827,59440,cz3,cz1
r0008828,59444,cz3,cz1
r0008829,59447,cz3,cz1
r0008830,59450,cz3,cz1
r0008831,59454,cz3,cz1
r0008832,59457,cz3,cz1
r0008833,59460,cz3,cz1
r0008834,59464,cz3,cz1
r0008835,59467,cz3,cz1
r0008836,59471,cz3,cz1
r0008837,59474,cz3,cz1
r0008838,59477,cz3,cz1
r0008839,59481,cz3,cz1
r0008840,59484,cz3,cz1
r0008841,59488,cz3,cz1
r0008842,59491,cz3,cz1
r0008843,59494,cz3,cz1
r0008844,59498,cz3,cz1
r0008845,59501,cz3,cz1
r0008846,59504,cz3,cz1
r0008847,59508,cz3,cz1
r0008848,59511,cz3,cz1
r0008849,59515,cz3,cz1
r0008850,59518,cz3,cz1
r0008851,59521,cz3,cz1
r0008852,59525,cz3,cz1
r0008853,59528,cz3,cz1
r0008854,59532,cz3,cz1
r0008855,59535,cz3,cz1
r0008856,59538,cz3,cz1
r0008857,59542,cz3,cz1
r0008858,59545,cz3,cz1
r0008859,59549,cz3,cz1
r0008860,59552,cz3,cz1
r0008861,59555,cz3,cz1
r0008862,59559,cz3,cz1
r0008863,59562,cz3,cz1
r0008864,59565,cz3,cz1
r0008865,59569,cz3,cz1
r0008866,59572,cz3,cz1
r0008867,59576,cz3,cz1
r0008868,59579,cz3,cz1
r0008869,59582,cz3,cz1
r0008870,59586,cz3,cz1
r0008871,59589,cz3,cz1
r0008872,59593,cz3,cz1
r0008873,59596,cz3,cz1
r0008874,59599,cz3,cz1
r0008875,59603,cz3,cz1
r0008876,59606,cz3,cz1
r0008877,59609,cz3,cz1
r0008878,59613,cz3,cz1
r0008879,59616,cz3,cz1
r0008880,59620,cz3,cz1
r0008881,59623,cz3,cz1
r0008882,59626,cz3,cz1
r0008883,59630,cz3,cz1
r0008884,59633,cz3,cz1
r0008885,59637,cz3,cz1
r0008886,59640,cz3,cz1
r0008887,59643,cz3,cz1
r0008888,59647,cz3,cz1
r0008889,59650,cz3,cz1
r0008890,59653,cz3,cz1
r0008891,59657,cz3,cz1
r0008892,59660,cz3,cz1
r0008893,59664,cz3,cz1
r0008894,59667,cz3,cz1
r0008895,59670,cz3,cz1
r0008896,59674,cz3,cz1
r0008897,59677,cz3,cz1
r0008898,59681,cz3,cz1
r0008899,59684,cz3,cz1
r0008900,59687,cz3,cz1
r0008901,59691,cz3,cz1
r0008902,59694,cz3,cz1
r0008903,59698,cz3,cz1
r0008904,59701,cz3,cz1
r0008905,59704,cz3,cz1
r0008906,59708,cz3,cz1
r0008907,59711,cz3,cz1
r0008908,59714,cz3,cz1
r0008909,59718,cz3,cz1
r0008910,59721,cz3,cz1
r0008911,59725,cz3,cz1
r0008912,59728,cz3,cz2
r0008913,59731,cz3,cz2
r0008914,59735,cz3,cz2
r0008915,59738,cz3,cz2
r0008916,59742,cz3,cz2
r0008917,59745,cz3,cz2
r0008918,59748,cz3,cz2
r0008919,59752,cz3,cz2
r0008920,59755,cz3,cz2
r0008921,59758,cz3,cz2
r0008922,59762,cz3,cz2
r0008923,59765,cz3,cz2
r0008924,59769,cz3,cz2
r0008925,59772,cz3,cz2
r0008926,59775,cz3,cz2
r0008927,59779,cz3,cz2
r0008928,59782,cz3,cz2
r0008929,59786,cz3,cz2
r0008930,59789,cz3,cz2
r0008931,59792,cz3,cz2
r0008932,59796,cz3,cz2
r0008933,59799,cz3,cz2
r0008934,59803,cz3,cz2
r0008935,59806,cz3,cz2
r0008936,59809,cz3,cz2
r0008937,59813,cz3,cz2
r0008938,59816,cz3,cz2
r0008939,59819,cz3,cz2
r0008940,59823,cz3,cz2
r0008941,59826,cz3,cz2
r0008942,59830,cz3,cz2
r0008943,59833,cz3,cz2
r0008944,59836,cz3,cz2
r0008945,59840,cz3,cz2
r0008946,59843,cz3,cz2
r0008947,59847,cz3,cz2
r0008948,59850,cz3,cz2
r0008949,59853,cz3,cz2
r0008950,59857,cz3,cz2
r0008951,59860,cz3,cz2
r0008952,59863,cz3,cz2
r0008953,59867,cz3,cz2
r0008954,59870,cz3,cz2
r0008955,59874,cz3,cz2
r0008956,59877,cz3,cz2
r0008957,59880,cz3,cz2
r0008958,59884,cz3,cz2
r0008959,59887,cz3,cz2
r0008960,59891,cz3,cz2
r0008961,59894,cz3,cz2
r0008962,59897,cz3,cz2
r0008963,59901,cz3,cz2
r0008964,59904,cz3,cz2
r0008965,59907,cz3,cz2
r0008966,59911,cz3,cz2
r0008967,59914,cz3,cz2
r0008968,59918,cz3,cz2
r0008969,59921,cz3,cz2
r0008970,59924,cz3,cz2
r0008971,59928,cz3,cz2
r0008972,59931,cz3,cz2
r0008973,59935,cz3,cz2
r0008974,59938,cz3,cz3
r0008975,59941,cz3,cz3
r0008976,59945,cz3,cz3
r0008977,59948,cz3,cz3
r0008978,59952,cz3,cz3
r0008979,59955,cz3,cz3
r0008980,59958,cz3,cz3
r0008981,59962,cz3,cz3
r0008982,59965,cz3,cz3
r0008983,59968,cz3,cz3
r0008984,59972,cz3,cz3
r0008985,59975,cz3,cz3
r0008986,59979,cz3,cz3
r0008987,59982,cz3,cz3
r0008988,59985,cz3,cz3
r0008989,59989,cz3,cz3
r0008990,59992,cz3,cz3
r0008991,59996,cz3,cz3
r0008992,59999,cz3,cz3
r0008993,60002,cz3,cz3
r0008994,60006,cz3,cz3
r0008995,60009,cz3,cz3
r0008996,60012,cz3,cz3
r0008997,60016,cz3,cz3
r0008998,60019,cz3,cz3
r0008999,60023,cz3,cz3
r0009000,60026,cz3,cz3
r0009001,60029,cz3,cz3
r0009002,60033,cz3,cz3
r0009003,60036,cz3,cz3
r0009004,60040,cz3,cz3
r0009005,60043,cz3,cz3
r0009006,60046,cz3,cz3
r0009007,60050,cz3,cz3
r0009008,60053,cz3,cz3
r0009009,60057,cz3,cz3
r0009010,60060,cz3,cz3
r0009011,60063,cz3,cz3
r0009012,60067,cz3,cz3
r0009013,60070,cz3,cz3
r0009014,60073,cz3,cz3
r0009015,60077,cz3,cz3
r0009016,60080,cz3,cz3
r0009017,60084,cz3,cz3
r0009018,60087,cz3,cz3
r0009019,60090,cz3,cz3
r0009020,60094,cz3,cz3
r0009021,60097,cz3,cz3
r0009022,60101,cz3,cz3
r0009023,60104,cz3,cz3
r0009024,60107,cz3,cz3
r0009025,60111,cz3,cz3
r0009026,60114,cz3,cz3
r0009027,60117,cz3,cz3
r0009028,60121,cz3,cz3
r0009029,60124,cz3,cz3
r0009030,60128,cz3,cz3
r0009031,60131,cz3,cz3
r0009032,60134,cz3,cz3
r0009033,60138,cz3,cz3
r0009034,60141,cz3,cz3
r0009035,60145,cz3,cz3
r0009036,60148,cz3,cz3
r0009037,60151,cz3,cz3
r0009038,60155,cz3,cz3
r0009039,60158,cz3,cz3
r0009040,60161,cz3,cz3
r0009041,60165,cz3,cz3
r0009042,60168,cz3,cz3
r0009043,60172,cz3,cz3
r0009044,60175,cz3,cz3
r0009045,60178,cz3,cz3
r0009046,60182,cz3,cz3
r0009047,60185,cz3,cz3
r0009048,60189,cz3,cz3
r0009049,60192,cz3,cz3
r0009050,60195,cz3,cz3
r0009051,60199,cz3,cz3
r0009052,60202,cz3,cz3
r0009053,60206,cz3,cz3
r0009054,60209,cz3,cz3
r0009055,60212,cz3,cz3
r0009056,60216,cz3,cz3
r0009057,60219,cz3,cz3
r0009058,60222,cz3,cz3
r0009059,60226,cz3,cz3
r0009060,60229,cz3,cz3
r0009061,60233,cz3,cz3
r0009062,60236,cz3,cz3
r0009063,60239,cz3,cz3
r0009064,60243,cz3,cz3
r0009065,60246,cz3,cz3
r0009066,60250,cz3,cz3
r0009067,60253,cz3,cz4
r0009068,60256,cz3,cz4
r0009069,60260,cz3,cz4
r0009070,60263,cz3,cz4
r0009071,60266,cz3,cz4
r0009072,60270,cz3,cz4
r0009073,60273,cz3,cz4
r0009074,60277,cz3,cz4
r0009075,60280,cz3,cz4
r0009076,60283,cz3,cz4
r0009077,60287,cz3,cz4
r0009078,60290,cz3,cz4
r0009079,60294,cz3,cz4
r0009080,60297,cz3,cz4
r0009081,60300,cz3,cz4
r0009082,60304,cz3,cz4
r0009083,60307,cz3,cz4
r0009084,60311,cz3,cz4
r0009085,60314,cz3,cz4
r0009086,60317,cz3,cz4
r0009087,60321,cz3,cz4
r0009088,60324,cz3,cz4
r0009089,60327,cz3,cz4
r0009090,60331,cz3,cz4
r0009091,60334,cz3,cz4
r0009092,60338,cz3,cz4
r0009093,60341,cz3,cz4
r0009094,60344,cz3,cz4
r0009095,60348,cz3,cz4
r0009096,60351,cz3,cz4
r0009097,60355,cz3,cz4
r0009098,60358,cz3,cz4
r0009099,60361,cz3,cz4
r0009100,60365,cz3,cz4
r0009101,60368,cz3,cz4
r0009102,60371,cz3,cz4
r0009103,60375,cz3,cz4
r0009104,60378,cz3,cz4
r0009105,60382,cz3,cz4
r0009106,60385,cz3,cz4
r0009107,60388,cz3,cz4
r0009108,60392,cz3,cz4
r0009109,60395,cz3,cz4
r0009110,60399,cz3,cz4
r0009111,60402,cz3,cz4
r0009112,60405,cz3,cz4
r0009113,60409,cz3,cz4
r0009114,60412,cz3,cz4
r0009115,60415,cz3,cz4
r0009116,60419,cz3,cz4
r0009117,60422,cz3,cz4
r0009118,60426,cz3,cz4
r0009119,60429,cz3,cz4
r0009120,60432,cz3,cz4
r0009121,60436,cz3,cz4
r0009122,60439,cz3,cz4
r0009123,60443,cz3,cz4
r0009124,60446,cz3,cz4
r0009125,60449,cz3,cz4
r0009126,60453,cz3,cz4
r0009127,60456,cz3,cz4
r0009128,60460,cz3,cz4
r0009129,60463,cz3,cz4
r0009130,60466,cz4,cz1
r0009131,60470,cz4,cz1
r0009132,60473,cz4,cz1
r0009133,60476,cz4,cz1
r0009134,60480,cz4,cz1
r0009135,60483,cz4,cz1
r0009136,60487,cz4,cz1
r0009137,60490,cz4,cz1
r0009138,60493,cz4,cz1
r0009139,60497,cz4,cz1
r0009140,60500,cz4,cz1
r0009141,60504,cz4,cz1
r0009142,60507,cz4,cz1
r0009143,60510,cz4,cz1
r0009144,60514,cz4,cz1
r0009145,60517,cz4,cz1
r0009146,60520,cz4,cz1
r0009147,60524,cz4,cz1
r0009148,60527,cz4,cz1
r0009149,60531,cz4,cz1
r0009150,60534,cz4,cz1
r0009151,60537,cz4,cz1
r0009152,60541,cz4,cz1
r0009153,60544,cz4,cz1
r0009154,60548,cz4,cz1
r0009155,60551,cz4,cz1
r0009156,60554,cz4,cz1
r0009157,60558,cz4,cz1
r0009158,60561,cz4,cz1
r0009159,60565,cz4,cz1
r0009160,60568,cz4,cz1
r0009161,60571,cz4,cz1
r0009162,60575,cz4,cz1
r0009163,60578,cz4,cz1
r0009164,60581,cz4,cz1
r0009165,60585,cz4,cz1
r0009166,60588,cz4,cz1
r0009167,60592,cz4,cz1
r0009168,60595,cz4,cz1
r0009169,60598,cz4,cz1
r0009170,60602,cz4,cz1
r0009171,60605,cz4,cz1
r0009172,60609,cz4,cz1
r0009173,60612,cz4,cz1
r0009174,60615,cz4,cz1
r0009175,60619,cz4,cz1
r0009176,60622,cz4,cz1
r0009177,60625,cz4,cz1
r0009178,60629,cz4,cz1
r0009179,60632,cz4,cz1
r0009180,60636,cz4,cz1
r0009181,60639,cz4,cz1
r0009182,60642,cz4,cz1
r0009183,60646,cz4,cz1
r0009184,60649,cz4,cz1
r0009185,60653,cz4,cz1
r0009186,60656,cz4,cz1
r0009187,60659,cz4,cz1
r0009188,60663,cz4,cz1
r0009189,60666,cz4,cz1
r0009190,60669,cz4,cz1
r0009191,60673,cz4,cz1
r0009192,60676,cz4,cz2
r0009193,60680,cz4,cz2
r0009194,60683,cz4,cz2
r0009195,60686,cz4,cz2
r0009196,60690,cz4,cz2
r0009197,60693,cz4,cz2
r0009198,60697,cz4,cz2
r0009199,60700,cz4,cz2
r0009200,60703,cz4,cz2
r0009201,60707,cz4,cz2
r0009202,60710,cz4,cz2
r0009203,60714,cz4,cz2
r0009204,60717,cz4,cz2
r0009205,60720,cz4,cz2
r0009206,60724,cz4,cz2
r0009207,60727,cz4,cz2
r0009208,60730,cz4,cz2
r0009209,60734,cz4,cz2
r0009210,60737,cz4,cz2
r0009211,60741,cz4,cz2
r0009212,60744,cz4,cz2
r0009213,60747,cz4,cz2
r0009214,60751,cz4,cz2
r0009215,60754,cz4,cz2
r0009216,60758,cz4,cz2
r0009217,60761,cz4,cz2
r0009218,60764,cz4,cz2
r0009219,60768,cz4,cz2
r0009220,60771,cz4,cz2
r0009221,60774,cz4,cz2
r0009222,60778,cz4,cz2
r0009223,60781,cz4,cz2
r0009224,60785,cz4,cz2
r0009225,60788,cz4,cz2
r0009226,60791,cz4,cz2
r0009227,60795,cz4,cz2
r0009228,60798,cz4,cz2
r0009229,60802,cz4,cz2
r0009230,60805,cz4,cz2
r0009231,60808,cz4,cz2
r0009232,60812,cz4,cz2
r0009233,60815,cz4,cz2
r0009234,60819,cz4,cz2
r0009235,60822,cz4,cz2
r0009236,60825,cz4,cz2
r0009237,60829,cz4,cz2
r0009238,60832,cz4,cz3
r0009239,60835,cz4,cz3
r0009240,60839,cz4,cz3
r0009241,60842,cz4,cz3
r0009242,60846,cz4,cz3
r0009243,60849,cz4,cz3
r0009244,60852,cz4,cz3
r0009245,60856,cz4,cz3
r0009246,60859,cz4,cz3
r0009247,60863,cz4,cz3
r0009248,60866,cz4,cz3
r0009249,60869,cz4,cz3
r0009250,60873,cz4,cz3
r0009251,60876,cz4,cz3
r0009252,60879,cz4,cz3
r0009253,60883,cz4,cz3
r0009254,60886,cz4,cz3
r0009255,60890,cz4,cz3
r0009256,60893,cz4,cz3
r0009257,60896,cz4,cz3
r0009258,60900,cz4,cz3
r0009259,60903,cz4,cz3
r0009260,60907,cz4,cz3
r0009261,60910,cz4,cz3
r0009262,60913,cz4,cz3
r0009263,60917,cz4,cz3
r0009264,60920,cz4,cz3
r0009265,60923,cz4,cz3
r0009266,60927,cz4,cz3
r0009267,60930,cz4,cz3
r0009268,60934,cz4,cz3
r0009269,60937,cz4,cz3
r0009270,60940,cz4,cz3
r0009271,60944,cz4,cz3
r0009272,60947,cz4,cz3
r0009273,60951,cz4,cz3
r0009274,60954,cz4,cz3
r0009275,60957,cz4,cz3
r0009276,60961,cz4,cz3
r0009277,60964,cz4,cz3
r0009278,60968,cz4,cz3
r0009279,60971,cz4,cz3
r0009280,60974,cz4,cz3
r0009281,60978,cz4,cz3
r0009282,60981,cz4,cz3
r0009283,60984,cz4,cz3
r0009284,60988,cz4,cz3
r0009285,60991,cz4,cz3
r0009286,60995,cz4,cz3
r0009287,60998,cz4,cz3
r0009288,61001,cz4,cz3
r0009289,61005,cz4,cz3
r0009290,61008,cz4,cz3
r0009291,61012,cz4,cz3
r0009292,61015,cz4,cz3
r0009293,61018,cz4,cz3
r0009294,61022,cz4,cz3
r0009295,61025,cz4,cz3
r0009296,61028,cz4,cz3
r0009297,61032,cz4,cz3
r0009298,61035,cz4,cz3
r0009299,61039,cz4,cz3
r0009300,61042,cz4,cz3
r0009301,61045,cz4,cz3
r0009302,61049,cz4,cz3
r0009303,61052,cz4,cz4
r0009304,61056,cz4,cz4
r0009305,61059,cz4,cz4
r0009306,61062,cz4,cz4
r0009307,61066,cz4,cz4
r0009308,61069,cz4,cz4
r0009309,61073,cz4,cz4
r0009310,61076,cz4,cz4
r0009311,61079,cz4,cz4
r0009312,61083,cz4,cz4
r0009313,61086,cz4,cz4
r0009314,61089,cz4,cz4
r0009315,61093,cz4,cz4
r0009316,61096,cz4,cz4
r0009317,61100,cz4,cz4
r0009318,61103,cz4,cz4
r0009319,61106,cz4,cz4
r0009320,61110,cz4,cz4
r0009321,61113,cz4,cz4
r0009322,61117,cz4,cz4
r0009323,61120,cz4,cz4
r0009324,61123,cz4,cz4
r0009325,61127,cz4,cz4
r0009326,61130,cz4,cz4
r0009327,61133,cz4,cz4
r0009328,61137,cz4,cz4
r0009329,61140,cz4,cz4
r0009330,61144,cz4,cz4
r0009331,61147,cz4,cz4
r0009332,61150,cz4,cz4
r0009333,61154,cz4,cz4
r0009334,61157,cz4,cz4
r0009335,61161,cz4,cz4
r0009336,61164,cz4,cz4
r0009337,61167,cz4,cz4
r0009338,61171,cz4,cz4
r0009339,61174,cz4,cz4
r0009340,61177,cz4,cz4
r0009341,61181,cz4,cz4
r0009342,61184,cz4,cz4
r0009343,61188,cz4,cz4
r0009344,61191,cz4,cz4
r0009345,61194,cz4,cz4
r0009346,61198,cz4,cz4
r0009347,61201,cz1,cz1
r0009348,61204,cz1,cz1
r0009349,61208,cz1,cz1
r0009350,61211,cz1,cz1
r0009351,61214,cz1,cz1
r0009352,61217,cz1,cz1
r0009353,61220,cz1,cz1
r0009354,61224,cz1,cz1
r0009355,61227,cz1,cz1
r0009356,61230,cz1,cz1
r0009357,61233,cz1,cz1
r0009358,61236,cz1,cz1
r0009359,61240,cz1,cz1
r0009360,61243,cz1,cz1
r0009361,61246,cz1,cz1
r0009362,61249,cz1,cz1
r0009363,61252,cz1,cz1
r0009364,61256,cz1,cz1
r0009365,61259,cz1,cz1
r0009366,61262,cz1,cz1
r0009367,61265,cz1,cz1
r0009368,61268,cz1,cz1
r0009369,61272,cz1,cz1
r0009370,61275,cz1,cz1
r0009371,61278,cz1,cz1
r0009372,61281,cz1,cz1
r0009373,61284,cz1,cz1
r0009374,61288,cz1,cz1
r0009375,61291,cz1,cz1
r0009376,61294,cz1,cz1
r0009377,61297,cz1,cz1
r0009378,61300,cz1,cz1
r0009379,61304,cz1,cz1
r0009380,61307,cz1,cz1
r0009381,61310,cz1,cz1
r0009382,61313,cz1,cz1
r0009383,61316,cz1,cz1
r0009384,61320,cz1,cz1
r0009385,61323,cz1,cz1
r0009386,61326,cz1,cz1
r0009387,61329,cz1,cz1
r0009388,61332,cz1,cz1
r0009389,61336,cz1,cz1
r0009390,61339,cz1,cz1
r0009391,61342,cz1,cz1
r0009392,61345,cz1,cz1
r0009393,61348,cz1,cz1
r0009394,61352,cz1,cz1
r0009395,61355,cz1,cz1
r0009396,61358,cz1,cz1
r0009397,61361,cz1,cz1
r0009398,61364,cz1,cz1
r0009399,61368,cz1,cz1
r0009400,61371,cz1,cz1
r0009401,61374,cz1,cz1
r0009402,61377,cz1,cz1
r0009403,61380,cz1,cz1
r0009404,61384,cz1,cz1
r0009405,61387,cz1,cz1
r0009406,61390,cz1,cz1
r0009407,61393,cz1,cz1
r0009408,61396,cz1,cz1
r0009409,61400,cz1,cz1
r0009410,61403,cz1,cz1
r0009411,61406,cz1,cz1
r0009412,61409,cz1,cz1
r0009413,61412,cz1,cz1
r0009414,61416,cz1,cz1
r0009415,61419,cz1,cz1
r0009416,61422,cz1,cz1
r0009417,61425,cz1,cz1
r0009418,61429,cz1,cz1
r0009419,61432,cz1,cz1
r0009420,61435,cz1,cz1
r0009421,61438,cz1,cz1
r0009422,61441,cz1,cz1
r0009423,61445,cz1,cz1
r0009424,61448,cz1,cz1
r0009425,61451,cz1,cz1
r0009426,61454,cz1,cz1
r0009427,61457,cz1,cz1
r0009428,61461,cz1,cz1
r0009429,61464,cz1,cz1
r0009430,61467,cz1,cz1
r0009431,61470,cz1,cz1
r0009432,61473,cz1,cz1
r0009433,61477,cz1,cz1
r0009434,61480,cz1,cz1
r0009435,61483,cz1,cz1
r0009436,61486,cz1,cz1
r0009437,61489,cz1,cz2
r0009438,61493,cz1,cz2
r0009439,61496,cz1,cz2
r0009440,61499,cz1,cz2
r0009441,61502,cz1,cz2
r0009442,61505,cz1,cz2
r0009443,61509,cz1,cz2
r0009444,61512,cz1,cz2
r0009445,61515,cz1,cz2
r0009446,61518,cz1,cz2
r0009447,61521,cz1,cz2
r0009448,61525,cz1,cz2
r0009449,61528,cz1,cz2
r0009450,61531,cz1,cz2
r0009451,61534,cz1,cz2
r0009452,61537,cz1,cz2
r0009453,61541,cz1,cz2
r0009454,61544,cz1,cz2
r0009455,61547,cz1,cz2
r0009456,61550,cz1,cz2
r0009457,61553,cz1,cz2
r0009458,61557,cz1,cz2
r0009459,61560,cz1,cz2
r0009460,61563,cz1,cz2
r0009461,61566,cz1,cz2
r0009462,61569,cz1,cz2
r0009463,61573,cz1,cz2
r0009464,61576,cz1,cz2
r0009465,61579,cz1,cz2
r0009466,61582,cz1,cz2
r0009467,61585,cz1,cz2
r0009468,61589,cz1,cz2
r0009469,61592,cz1,cz2
r0009470,61595,cz1,cz2
r0009471,61598,cz1,cz2
r0009472,61601,cz1,cz2
r0009473,61605,cz1,cz2
r0009474,61608,cz1,cz2
r0009475,61611,cz1,cz2
r0009476,61614,cz1,cz2
r0009477,61617,cz1,cz2
r0009478,61621,cz1,cz2
r0009479,61624,cz1,cz2
r0009480,61627,cz1,cz2
r0009481,61630,cz1,cz2
r0009482,61633,cz1,cz2
r0009483,61637,cz1,cz2
r0009484,61640,cz1,cz2
r0009485,61643,cz1,cz2
r0009486,61646,cz1,cz2
r0009487,61650,cz1,cz2
r0009488,61653,cz1,cz2
r0009489,61656,cz1,cz2
r0009490,61659,cz1,cz2
r0009491,61662,cz1,cz2
r0009492,61666,cz1,cz2
r0009493,61669,cz1,cz2
r0009494,61672,cz1,cz2
r0009495,61675,cz1,cz2
r0009496,61678,cz1,cz2
r0009497,61682,cz1,cz2
r0009498,61685,cz1,cz2
r0009499,61688,cz1,cz2
r0009500,61691,cz1,cz2
r0009501,61694,cz1,cz2
r0009502,61698,cz1,cz2
r0009503,61701,cz1,cz2
r0009504,61704,cz1,cz2
r0009505,61707,cz1,cz2
r0009506,61710,cz1,cz3
r0009507,61714,cz1,cz3
r0009508,61717,cz1,cz3
r0009509,61720,cz1,cz3
r0009510,61723,cz1,cz3
r0009511,61726,cz1,cz3
r0009512,61730,cz1,cz3
r0009513,61733,cz1,cz3
r0009514,61736,cz1,cz3
r0009515,61739,cz1,cz3
r0009516,61742,cz1,cz3
r0009517,61746,cz1,cz3
r0009518,61749,cz1,cz3
r0009519,61752,cz1,cz3
r0009520,61755,cz1,cz3
r0009521,61758,cz1,cz3
r0009522,61762,cz1,cz3
r0009523,61765,cz1,cz3
r0009524,61768,cz1,cz3
r0009525,61771,cz1,cz3
r0009526,61774,cz1,cz3
r0009527,61778,cz1,cz3
r0009528,61781,cz1,cz3
r0009529,61784,cz1,cz3
r0009530,61787,cz1,cz3
r0009531,61790,cz1,cz3
r0009532,61794,cz1,cz3
r0009533,61797,cz1,cz3
r0009534,61800,cz1,cz3
r0009535,61803,cz1,cz3
r0009536,61806,cz1,cz3
r0009537,61810,cz1,cz3
r0009538,61813,cz1,cz3
r0009539,61816,cz1,cz3
r0009540,61819,cz1,cz3
r0009541,61822,cz1,cz3
r0009542,61826,cz1,cz3
r0009543,61829,cz1,cz3
r0009544,61832,cz1,cz3
r0009545,61835,cz1,cz3
r0009546,61838,cz1,cz3
r0009547,61842,cz1,cz3
r0009548,61845,cz1,cz3
r0009549,61848,cz1,cz3
r0009550,61851,cz1,cz3
r0009551,61854,cz1,cz3
r0009552,61858,cz1,cz3
r0009553,61861,cz1,cz3
r0009554,61864,cz1,cz3
r0009555,61867,cz1,cz3
r0009556,61870,cz1,cz3
r0009557,61874,cz1,cz3
r0009558,61877,cz1,cz3
r0009559,61880,cz1,cz3
r0009560,61883,cz1,cz3
r0009561,61887,cz1,cz3
r0009562,61890,cz1,cz3
r0009563,61893,cz1,cz3
r0009564,61896,cz1,cz3
r0009565,61899,cz1,cz3
r0009566,61903,cz1,cz3
r0009567,61906,cz1,cz3
r0009568,61909,cz1,cz3
r0009569,61912,cz1,cz3
r0009570,61915,cz1,cz3
r0009571,61919,cz1,cz3
r0009572,61922,cz1,cz3
r0009573,61925,cz1,cz3
r0009574,61928,cz1,cz3
r0009575,61931,cz1,cz3
r0009576,61935,cz1,cz3
r0009577,61938,cz1,cz3
r0009578,61941,cz1,cz3
r0009579,61944,cz1,cz3
r0009580,61947,cz1,cz3
r0009581,61951,cz1,cz3
r0009582,61954,cz1,cz3
r0009583,61957,cz1,cz3
r0009584,61960,cz1,cz3
r0009585,61963,cz1,cz3
r0009586,61967,cz1,cz3
r0009587,61970,cz1,cz3
r0009588,61973,cz1,cz3
r0009589,61976,cz1,cz3
r0009590,61979,cz1,cz3
r0009591,61983,cz1,cz3
r0009592,61986,cz1,cz3
r0009593,61989,cz1,cz3
r0009594,61992,cz1,cz3
r0009595,61995,cz1,cz3
r0009596,61999,cz1,cz3
r0009597,62002,cz1,cz3
r0009598,62005,cz1,cz3
r0009599,62008,cz1,cz3
r0009600,62011,cz1,cz4
r0009601,62015,cz1,cz4
r0009602,62018,cz1,cz4
r0009603,62021,cz1,cz4
r0009604,62024,cz1,cz4
r0009605,62027,cz1,cz4
r0009606,62031,cz1,cz4
r0009607,62034,cz1,cz4
r0009608,62037,cz1,cz4
r0009609,62040,cz1,cz4
r0009610,62043,cz1,cz4
r0009611,62047,cz1,cz4
r0009612,62050,cz1,cz4
r0009613,62053,cz1,cz4
r0009614,62056,cz1,cz4
r0009615,62059,cz1,cz4
r0009616,62063,cz1,cz4
r0009617,62066,cz1,cz4
r0009618,62069,cz1,cz4
r0009619,62072,cz1,cz4
r0009620,62075,cz1,cz4
r0009621,62079,cz1,cz4
r0009622,62082,cz1,cz4
r0009623,62085,cz1,cz4
r0009624,62088,cz1,cz4
r0009625,62091,cz1,cz4
r0009626,62095,cz1,cz4
r0009627,62098,cz1,cz4
r0009628,62101,cz1,cz4
r0009629,62104,cz1,cz4
r0009630,62108,cz1,cz4
r0009631,62111,cz1,cz4
r0009632,62114,cz1,cz4
r0009633,62117,cz1,cz4
r0009634,62120,cz1,cz4
r0009635,62124,cz1,cz4
r0009636,62127,cz1,cz4
r0009637,62130,cz1,cz4
r0009638,62133,cz1,cz4
r0009639,62136,cz1,cz4
r0009640,62140,cz1,cz4
r0009641,62143,cz1,cz4
r0009642,62146,cz1,cz4
r0009643,62149,cz1,cz4
r0009644,62152,cz1,cz4
r0009645,62156,cz1,cz4
r0009646,62159,cz1,cz4
r0009647,62162,cz1,cz4
r0009648,62165,cz1,cz4
r0009649,62168,cz1,cz4
r0009650,62172,cz1,cz4
r0009651,62175,cz1,cz4
r0009652,62178,cz1,cz4
r0009653,62181,cz1,cz4
r0009654,62184,cz1,cz4
r0009655,62188,cz1,cz4
r0009656,62191,cz1,cz4
r0009657,62194,cz1,cz4
r0009658,62197,cz1,cz4
r0009659,62200,cz1,cz4
r0009660,62204,cz1,cz4
r0009661,62207,cz1,cz4
r0009662,62210,cz1,cz4
r0009663,62213,cz1,cz4
r0009664,62216,cz2,cz1
r0009665,62220,cz2,cz1
r0009666,62223,cz2,cz1
r0009667,62226,cz2,cz1
r0009668,62229,cz2,cz1
r0009669,62232,cz2,cz1
r0009670,62236,cz2,cz1
r0009671,62239,cz2,cz1
r0009672,62242,cz2,cz1
r0009673,62245,cz2,cz1
r0009674,62248,cz2,cz1
r0009675,62252,cz2,cz1
r0009676,62255,cz2,cz1
r0009677,62258,cz2,cz1
r0009678,62261,cz2,cz1
r0009679,62264,cz2,cz1
r0009680,62268,cz2,cz1
r0009681,62271,cz2,cz1
r0009682,62274,cz2,cz1
r0009683,62277,cz2,cz1
r0009684,62280,cz2,cz1
r0009685,62284,cz2,cz1
r0009686,62287,cz2,cz1
r0009687,62290,cz2,cz1
r0009688,62293,cz2,cz1
r0009689,62296,cz2,cz1
r0009690,62300,cz2,cz1
r0009691,62303,cz2,cz1
r0009692,62306,cz2,cz1
r0009693,62309,cz2,cz1
r0009694,62312,cz2,cz1
r0009695,62316,cz2,cz1
r0009696,62319,cz2,cz1
r0009697,62322,cz2,cz1
r0009698,62325,cz2,cz1
r0009699,62329,cz2,cz1
r0009700,62332,cz2,cz1
r0009701,62335,cz2,cz1
r0009702,62338,cz2,cz1
r0009703,62341,cz2,cz1
r0009704,62345,cz2,cz1
r0009705,62348,cz2,cz1
r0009706,62351,cz2,cz1
r0009707,62354,cz2,cz1
r0009708,62357,cz2,cz1
r0009709,62361,cz2,cz1
r0009710,62364,cz2,cz1
r0009711,62367,cz2,cz1
r0009712,62370,cz2,cz1
r0009713,62373,cz2,cz1
r0009714,62377,cz2,cz1
r0009715,62380,cz2,cz1
r0009716,62383,cz2,cz1
r0009717,62386,cz2,cz1
r0009718,62389,cz2,cz1
r0009719,62393,cz2,cz1
r0009720,62396,cz2,cz1
r0009721,62399,cz2,cz1
r0009722,62402,cz2,cz1
r0009723,62405,cz2,cz1
r0009724,62409,cz2,cz1
r0009725,62412,cz2,cz1
r0009726,62415,cz2,cz1
r0009727,62418,cz2,cz1
r0009728,62421,cz2,cz1
r0009729,62425,cz2,cz1
r0009730,62428,cz2,cz1
r0009731,62431,cz2,cz1
r0009732,62434,cz2,cz1
r0009733,62437,cz2,cz1
r0009734,62441,cz2,cz2
r0009735,62444,cz2,cz2
r0009736,62447,cz2,cz2
r0009737,62450,cz2,cz2
r0009738,62453,cz2,cz2
r0009739,62457,cz2,cz2
r0009740,62460,cz2,cz2
r0009741,62463,cz2,cz2
r0009742,62466,cz2,cz2
r0009743,62469,cz2,cz2
r0009744,62473,cz2,cz2
r0009745,62476,cz2,cz2
r0009746,62479,cz2,cz2
r0009747,62482,cz2,cz2
r0009748,62485,cz2,cz2
r0009749,62489,cz2,cz2
r0009750,62492,cz2,cz2
r0009751,62495,cz2,cz2
r0009752,62498,cz2,cz2
r0009753,62501,cz2,cz2
r0009754,62505,cz2,cz2
r0009755,62508,cz2,cz2
r0009756,62511,cz2,cz2
r0009757,62514,cz2,cz2
r0009758,62517,cz2,cz2
r0009759,62521,cz2,cz2
r0009760,62524,cz2,cz2
r0009761,62527,cz2,cz2
r0009762,62530,cz2,cz2
r0009763,62533,cz2,cz2
r0009764,62537,cz2,cz2
r0009765,62540,cz2,cz2
r0009766,62543,cz2,cz2
r0009767,62546,cz2,cz2
r0009768,62550,cz2,cz2
r0009769,62553,cz2,cz2
r0009770,62556,cz2,cz2
r0009771,62559,cz2,cz2
r0009772,62562,cz2,cz2
r0009773,62566,cz2,cz2
r0009774,62569,cz2,cz2
r0009775,62572,cz2,cz2
r0009776,62575,cz2,cz2
r0009777,62578,cz2,cz2
r0009778,62582,cz2,cz2
r0009779,62585,cz2,cz2
r0009780,62588,cz2,cz2
r0009781,62591,cz2,cz2
r0009782,62594,cz2,cz2
r0009783,62598,cz2,cz2
r0009784,62601,cz2,cz2
r0009785,62604,cz2,cz2
r0009786,62607,cz2,cz2
r0009787,62610,cz2,cz2
r0009788,62614,cz2,cz2
r0009789,62617,cz2,cz2
r0009790,62620,cz2,cz2
r0009791,62623,cz2,cz2
r0009792,62626,cz2,cz2
r0009793,62630,cz2,cz2
r0009794,62633,cz2,cz2
r0009795,62636,cz2,cz2
r0009796,62639,cz2,cz2
r0009797,62642,cz2,cz2
r0009798,62646,cz2,cz2
r0009799,62649,cz2,cz2
r0009800,62652,cz2,cz2
r0009801,62655,cz2,cz2
r0009802,62658,cz2,cz3
r0009803,62662,cz2,cz3
r0009804,62665,cz2,cz3
r0009805,62668,cz2,cz3
r0009806,62671,cz2,cz3
r0009807,62674,cz2,cz3
r0009808,62678,cz2,cz3
r0009809,62681,cz2,cz3
r0009810,62684,cz2,cz3
r0009811,62687,cz2,cz3
r0009812,62690,cz2,cz3
r0009813,62694,cz2,cz3
r0009814,62697,cz2,cz3
r0009815,62700,cz2,cz3
r0009816,62703,cz2,cz3
r0009817,62706,cz2,cz3
r0009818,62710,cz2,cz3
r0009819,62713,cz2,cz3
r0009820,62716,cz2,cz3
r0009821,62719,cz2,cz3
r0009822,62722,cz2,cz3
r0009823,62726,cz2,cz3
r0009824,62729,cz2,cz3
r0009825,62732,cz2,cz3
r0009826,62735,cz2,cz3
r0009827,62738,cz2,cz3
r0009828,62742,cz2,cz3
r0009829,62745,cz2,cz3
r0009830,62748,cz2,cz3
r0009831,62751,cz2,cz3
r0009832,62754,cz2,cz3
r0009833,62758,cz2,cz3
r0009834,62761,cz2,cz3
r0009835,62764,cz2,cz3
r0009836,62767,cz2,cz3
r0009837,62770,cz2,cz3
r0009838,62774,cz2,cz3
r0009839,62777,cz2,cz3
r0009840,62780,cz2,cz3
r0009841,62783,cz2,cz3
r0009842,62787,cz2,cz3
r0009843,62790,cz2,cz3
r0009844,62793,cz2,cz3
r0009845,62796,cz2,cz3
r0009846,62799,cz2,cz3
r0009847,62803,cz2,cz3
r0009848,62806,cz2,cz3
r0009849,62809,cz2,cz3
r0009850,62812,cz2,cz3
r0009851,62815,cz2,cz3
r0009852,62819,cz2,cz3
r0009853,62822,cz2,cz3
r0009854,62825,cz2,cz3
r0009855,62828,cz2,cz3
r0009856,62831,cz2,cz3
r0009857,62835,cz2,cz3
r0009858,62838,cz2,cz3
r0009859,62841,cz2,cz3
r0009860,62844,cz2,cz3
r0009861,62847,cz2,cz3
r0009862,62851,cz2,cz3
r0009863,62854,cz2,cz3
r0009864,62857,cz2,cz3
r0009865,62860,cz2,cz3
r0009866,62863,cz2,cz3
r0009867,62867,cz2,cz3
r0009868,62870,cz2,cz3
r0009869,62873,cz2,cz3
r0009870,62876,cz2,cz4
r0009871,62879,cz2,cz4
r0009872,62883,cz2,cz4
r0009873,62886,cz2,cz4
r0009874,62889,cz2,cz4
r0009875,62892,cz2,cz4
r0009876,62895,cz2,cz4
r0009877,62899,cz2,cz4
r0009878,62902,cz2,cz4
r0009879,62905,cz2,cz4
r0009880,62908,cz2,cz4
r0009881,62911,cz2,cz4
r0009882,62915,cz2,cz4
r0009883,62918,cz2,cz4
r0009884,62921,cz2,cz4
r0009885,62924,cz2,cz4
r0009886,62927,cz2,cz4
r0009887,62931,cz2,cz4
r0009888,62934,cz2,cz4
r0009889,62937,cz2,cz4
r0009890,62940,cz2,cz4
r0009891,62943,cz2,cz4
r0009892,62947,cz2,cz4
r0009893,62950,cz2,cz4
r0009894,62953,cz2,cz4
r0009895,62956,cz2,cz4
r0009896,62959,cz2,cz4
r0009897,62963,cz2,cz4
r0009898,62966,cz2,cz4
r0009899,62969,cz2,cz4
r0009900,62972,cz2,cz4
r0009901,62975,cz2,cz4
r0009902,62979,cz2,cz4
r0009903,62982,cz2,cz4
r0009904,62985,cz2,cz4
r0009905,62988,cz2,cz4
r0009906,62991,cz2,cz4
r0009907,62995,cz2,cz4
r0009908,62998,cz2,cz4
r0009909,63001,cz2,cz4
r0009910,63004,cz2,cz4
r0009911,63008,cz2,cz4
r0009912,63011,cz2,cz4
r0009913,63014,cz2,cz4
r0009914,63017,cz2,cz4
r0009915,63020,cz2,cz4
r0009916,63024,cz2,cz4
r0009917,63027,cz2,cz4
r0009918,63030,cz2,cz4
r0009919,63033,cz3,cz1
r0009920,63036,cz3,cz1
r0009921,63040,cz3,cz1
r0009922,63043,cz3,cz1
r0009923,63046,cz3,cz1
r0009924,63049,cz3,cz1
r0009925,63052,cz3,cz1
r0009926,63056,cz3,cz1
r0009927,63059,cz3,cz1
r0009928,63062,cz3,cz1
r0009929,63065,cz3,cz1
r0009930,63068,cz3,cz1
r0009931,63072,cz3,cz1
r0009932,63075,cz3,cz1
r0009933,63078,cz3,cz1
r0009934,63081,cz3,cz1
r0009935,63084,cz3,cz1
r0009936,63088,cz3,cz1
r0009937,63091,cz3,cz1
r0009938,63094,cz3,cz1
r0009939,63097,cz3,cz1
r0009940,63100,cz3,cz1
r0009941,63104,cz3,cz1
r0009942,63107,cz3,cz1
r0009943,63110,cz3,cz1
r0009944,63113,cz3,cz1
r0009945,63116,cz3,cz1
r0009946,63120,cz3,cz1
r0009947,63123,cz3,cz1
r0009948,63126,cz3,cz1
r0009949,63129,cz3,cz1
r0009950,63132,cz3,cz1
r0009951,63136,cz3,cz1
r0009952,63139,cz3,cz1
r0009953,63142,cz3,cz1
r0009954,63145,cz3,cz1
r0009955,63148,cz3,cz1
r0009956,63152,cz3,cz1
r0009957,63155,cz3,cz1
r0009958,63158,cz3,cz1
r0009959,63161,cz3,cz1
r0009960,63164,cz3,cz1
r0009961,63168,cz3,cz1
r0009962,63171,cz3,cz1
r0009963,63174,cz3,cz1
r0009964,63177,cz3,cz1
r0009965,63180,cz3,cz1
r0009966,63184,cz3,cz1
r0009967,63187,cz3,cz1
r0009968,63190,cz3,cz1
r0009969,63193,cz3,cz1
r0009970,63196,cz3,cz1
r0009971,63200,cz3,cz1
r0009972,63203,cz3,cz1
r0009973,63206,cz3,cz1
r0009974,63209,cz3,cz1
r0009975,63212,cz3,cz1
r0009976,63216,cz3,cz1
r0009977,63219,cz3,cz1
r0009978,63222,cz3,cz1
r0009979,63225,cz3,cz1
r0009980,63229,cz3,cz1
r0009981,63232,cz3,cz1
r0009982,63235,cz3,cz1
r0009983,63238,cz3,cz1
r0009984,63241,cz3,cz1
r0009985,63245,cz3,cz1
r0009986,63248,cz3,cz1
r0009987,63251,cz3,cz1
r0009988,63254,cz3,cz1
r0009989,63257,cz3,cz1
r0009990,63261,cz3,cz1
r0009991,63264,cz3,cz1
r0009992,63267,cz3,cz1
r0009993,63270,cz3,cz1
r0009994,63273,cz3,cz1
r0009995,63277,cz3,cz1
r0009996,63280,cz3,cz1
r0009997,63283,cz3,cz1
r0009998,63286,cz3,cz1
r0009999,63289,cz3,cz1
r0010000,63293,cz3,cz1
r0010001,63296,cz3,cz1
r0010002,63299,cz3,cz1
r0010003,63302,cz3,cz1
r0010004,63305,cz3,cz1
r0010005,63309,cz3,cz1
r0010006,63312,cz3,cz1
r0010007,63315,cz3,cz1
r0010008,63318,cz3,cz1
r0010009,63321,cz3,cz1
r0010010,63325,cz3,cz1
r0010011,63328,cz3,cz2
r0010012,63331,cz3,cz2
r0010013,63334,cz3,cz2
r0010014,63337,cz3,cz2
r0010015,63341,cz3,cz2
r0010016,63344,cz3,cz2
r0010017,63347,cz3,cz2
r0010018,63350,cz3,cz2
r0010019,63353,cz3,cz2
r0010020,63357,cz3,cz2
r0010021,63360,cz3,cz2
r0010022,63363,cz3,cz2
r0010023,63366,cz3,cz2
r0010024,63369,cz3,cz2
r0010025,63373,cz3,cz2
r0010026,63376,cz3,cz2
r0010027,63379,cz3,cz2
r0010028,63382,cz3,cz2
r0010029,63385,cz3,cz2
r0010030,63389,cz3,cz2
r0010031,63392,cz3,cz2
r0010032,63395,cz3,cz2
r0010033,63398,cz3,cz2
r0010034,63401,cz3,cz2
r0010035,63405,cz3,cz2
r0010036,63408,cz3,cz2
r0010037,63411,cz3,cz2
r0010038,63414,cz3,cz2
r0010039,63417,cz3,cz2
r0010040,63421,cz3,cz2
r0010041,63424,cz3,cz2
r0010042,63427,cz3,cz2
r0010043,63430,cz3,cz2
r0010044,63433,cz3,cz2
r0010045,63437,cz3,cz2
r0010046,63440,cz3,cz2
r0010047,63443,cz3,cz2
r0010048,63446,cz3,cz2
r0010049,63450,cz3,cz2
r0010050,63453,cz3,cz2
r0010051,63456,cz3,cz2
r0010052,63459,cz3,cz2
r0010053,63462,cz3,cz2
r0010054,63466,cz3,cz2
r0010055,63469,cz3,cz2
r0010056,63472,cz3,cz2
r0010057,63475,cz3,cz2
r0010058,63478,cz3,cz2
r0010059,63482,cz3,cz2
r0010060,63485,cz3,cz2
r0010061,63488,cz3,cz2
r0010062,63491,cz3,cz2
r0010063,63494,cz3,cz2
r0010064,63498,cz3,cz2
r0010065,63501,cz3,cz2
r0010066,63504,cz3,cz2
r0010067,63507,cz3,cz2
r0010068,63510,cz3,cz2
r0010069,63514,cz3,cz2
r0010070,63517,cz3,cz2
r0010071,63520,cz3,cz2
r0010072,63523,cz3,cz2
r0010073,63526,cz3,cz2
r0010074,63530,cz3,cz2
r0010075,63533,cz3,cz2
r0010076,63536,cz3,cz2
r0010077,63539,cz3,cz3
r0010078,63542,cz3,cz3
r0010079,63546,cz3,cz3
r0010080,63549,cz3,cz3
r0010081,63552,cz3,cz3
r0010082,63555,cz3,cz3
r0010083,63558,cz3,cz3
r0010084,63562,cz3,cz3
r0010085,63565,cz3,cz3
r0010086,63568,cz3,cz3
r0010087,63571,cz3,cz3
r0010088,63574,cz3,cz3
r0010089,63578,cz3,cz3
r0010090,63581,cz3,cz3
r0010091,63584,cz3,cz3
r0010092,63587,cz3,cz3
r0010093,63590,cz3,cz3
r0010094,63594,cz3,cz3
r0010095,63597,cz3,cz3
r0010096,63600,cz3,cz3
r0010097,63603,cz3,cz3
r0010098,63606,cz3,cz3
r0010099,63610,cz3,cz3
r0010100,63613,cz3,cz3
r0010101,63616,cz3,cz3
r0010102,63619,cz3,cz3
r0010103,63622,cz3,cz3
r0010104,63626,cz3,cz3
r0010105,63629,cz3,cz3
r0010106,63632,cz3,cz3
r0010107,63635,cz3,cz3
r0010108,63638,cz3,cz3
r0010109,63642,cz3,cz3
r0010110,63645,cz3,cz3
r0010111,63648,cz3,cz3
r0010112,63651,cz3,cz3
r0010113,63654,cz3,cz3
r0010114,63658,cz3,cz3
r0010115,63661,cz3,cz3
r0010116,63664,cz3,cz3
r0010117,63667,cz3,cz3
r0010118,63670,cz3,cz3
r0010119,63674,cz3,cz3
r0010120,63677,cz3,cz3
r0010121,63680,cz3,cz3
r0010122,63683,cz3,cz3
r0010123,63687,cz3,cz3
r0010124,63690,cz3,cz3
r0010125,63693,cz3,cz3
r0010126,63696,cz3,cz3
r0010127,63699,cz3,cz3
r0010128,63703,cz3,cz3
r0010129,63706,cz3,cz3
r0010130,63709,cz3,cz3
r0010131,63712,cz3,cz3
r0010132,63715,cz3,cz3
r0010133,63719,cz3,cz3
r0010134,63722,cz3,cz3
r0010135,63725,cz3,cz3
r0010136,63728,cz3,cz3
r0010137,63731,cz3,cz3
r0010138,63735,cz3,cz3
r0010139,63738,cz3,cz3
r0010140,63741,cz3,cz3
r0010141,63744,cz3,cz3
r0010142,63747,cz3,cz3
r0010143,63751,cz3,cz3
r0010144,63754,cz3,cz3
r0010145,63757,cz3,cz3
r0010146,63760,cz3,cz3
r0010147,63763,cz3,cz3
r0010148,63767,cz3,cz3
r0010149,63770,cz3,cz3
r0010150,63773,cz3,cz3
r0010151,63776,cz3,cz3
r0010152,63779,cz3,cz3
r0010153,63783,cz3,cz3
r0010154,63786,cz3,cz3
r0010155,63789,cz3,cz3
r0010156,63792,cz3,cz3
r0010157,63795,cz3,cz3
r0010158,63799,cz3,cz3
r0010159,63802,cz3,cz3
r0010160,63805,cz3,cz3
r0010161,63808,cz3,cz3
r0010162,63811,cz3,cz3
r0010163,63815,cz3,cz3
r0010164,63818,cz3,cz3
r0010165,63821,cz3,cz3
r0010166,63824,cz3,cz3
r0010167,63827,cz3,cz3
r0010168,63831,cz3,cz3
r0010169,63834,cz3,cz3
r0010170,63837,cz3,cz3
r0010171,63840,cz3,cz3
r0010172,63843,cz3,cz3
r0010173,63847,cz3,cz3
r0010174,63850,cz3,cz3
r0010175,63853,cz3,cz3
r0010176,63856,cz3,cz4
r0010177,63859,cz3,cz4
r0010178,63863,cz3,cz4
r0010179,63866,cz3,cz4
r0010180,63869,cz3,cz4
r0010181,63872,cz3,cz4
r0010182,63875,cz3,cz4
r0010183,63879,cz3,cz4
r0010184,63882,cz3,cz4
r0010185,63885,cz3,cz4
r0010186,63888,cz3,cz4
r0010187,63891,cz3,cz4
r0010188,63895,cz3,cz4
r0010189,63898,cz3,cz4
r0010190,63901,cz3,cz4
r0010191,63904,cz3,cz4
r0010192,63908,cz3,cz4
r0010193,63911,cz3,cz4
r0010194,63914,cz3,cz4
r0010195,63917,cz3,cz4
r0010196,63920,cz3,cz4
r0010197,63924,cz3,cz4
r0010198,63927,cz3,cz4
r0010199,63930,cz3,cz4
r0010200,63933,cz3,cz4
r0010201,63936,cz3,cz4
r0010202,63940,cz3,cz4
r0010203,63943,cz3,cz4
r0010204,63946,cz3,cz4
r0010205,63949,cz3,cz4
r0010206,63952,cz3,cz4
r0010207,63956,cz3,cz4
r0010208,63959,cz3,cz4
r0010209,63962,cz3,cz4
r0010210,63965,cz3,cz4
r0010211,63968,cz3,cz4
r0010212,63972,cz3,cz4
r0010213,63975,cz3,cz4
r0010214,63978,cz3,cz4
r0010215,63981,cz3,cz4
r0010216,63984,cz3,cz4
r0010217,63988,cz3,cz4
r0010218,63991,cz3,cz4
r0010219,63994,cz3,cz4
r0010220,63997,cz3,cz4
r0010221,64000,cz3,cz4
r0010222,64004,cz3,cz4
r0010223,64007,cz3,cz4
r0010224,64010,cz3,cz4
r0010225,64013,cz3,cz4
r0010226,64016,cz3,cz4
r0010227,64020,cz3,cz4
r0010228,64023,cz3,cz4
r0010229,64026,cz3,cz4
r0010230,64029,cz3,cz4
r0010231,64032,cz3,cz4
r0010232,64036,cz3,cz4
r0010233,64039,cz3,cz4
r0010234,64042,cz3,cz4
r0010235,64045,cz3,cz4
r0010236,64048,cz3,cz4
r0010237,64052,cz3,cz4
r0010238,64055,cz3,cz4
r0010239,64058,cz3,cz4
r0010240,64061,cz3,cz4
r0010241,64064,cz3,cz4
r0010242,64068,cz4,cz1
r0010243,64071,cz4,cz1
r0010244,64074,cz4,cz1
r0010245,64077,cz4,cz1
r0010246,64080,cz4,cz1
r0010247,64084,cz4,cz1
r0010248,64087,cz4,cz1
r0010249,64090,cz4,cz1
r0010250,64093,cz4,cz1
r0010251,64096,cz4,cz1
r0010252,64100,cz4,cz1
r0010253,64103,cz4,cz1
r0010254,64106,cz4,cz1
r0010255,64109,cz4,cz1
r0010256,64112,cz4,cz1
r0010257,64116,cz4,cz1
r0010258,64119,cz4,cz1
r0010259,64122,cz4,cz1
r0010260,64125,cz4,cz1
r0010261,64129,cz4,cz1
r0010262,64132,cz4,cz1
r0010263,64135,cz4,cz1
r0010264,64138,cz4,cz1
r0010265,64141,cz4,cz1
r0010266,64145,cz4,cz1
r0010267,64148,cz4,cz1
r0010268,64151,cz4,cz1
r0010269,64154,cz4,cz1
r0010270,64157,cz4,cz1
r0010271,64161,cz4,cz1
r0010272,64164,cz4,cz1
r0010273,64167,cz4,cz1
r0010274,64170,cz4,cz1
r0010275,64173,cz4,cz1
r0010276,64177,cz4,cz1
r0010277,64180,cz4,cz1
r0010278,64183,cz4,cz1
r0010279,64186,cz4,cz1
r0010280,64189,cz4,cz1
r0010281,64193,cz4,cz1
r0010282,64196,cz4,cz1
r0010283,64199,cz4,cz1
r0010284,64202,cz4,cz1
r0010285,64205,cz4,cz1
r0010286,64209,cz4,cz1
r0010287,64212,cz4,cz1
r0010288,64215,cz4,cz1
r0010289,64218,cz4,cz1
r0010290,64221,cz4,cz1
r0010291,64225,cz4,cz1
r0010292,64228,cz4,cz1
r0010293,64231,cz4,cz1
r0010294,64234,cz4,cz1
r0010295,64237,cz4,cz1
r0010296,64241,cz4,cz1
r0010297,64244,cz4,cz1
r0010298,64247,cz4,cz1
r0010299,64250,cz4,cz1
r0010300,64253,cz4,cz1
r0010301,64257,cz4,cz1
r0010302,64260,cz4,cz1
r0010303,64263,cz4,cz1
r0010304,64266,cz4,cz1
r0010305,64269,cz4,cz1
r0010306,64273,cz4,cz1
r0010307,64276,cz4,cz2
r0010308,64279,cz4,cz2
r0010309,64282,cz4,cz2
r0010310,64285,cz4,cz2
r0010311,64289,cz4,cz2
r0010312,64292,cz4,cz2
r0010313,64295,cz4,cz2
r0010314,64298,cz4,cz2
r0010315,64301,cz4,cz2
r0010316,64305,cz4,cz2
r0010317,64308,cz4,cz2
r0010318,64311,cz4,cz2
r0010319,64314,cz4,cz2
r0010320,64317,cz4,cz2
r0010321,64321,cz4,cz2
r0010322,64324,cz4,cz2
r0010323,64327,cz4,cz2
r0010324,64330,cz4,cz2
r0010325,64333,cz4,cz2
r0010326,64337,cz4,cz2
r0010327,64340,cz4,cz2
r0010328,64343,cz4,cz2
r0010329,64346,cz4,cz2
r0010330,64350,cz4,cz2
r0010331,64353,cz4,cz2
r0010332,64356,cz4,cz2
r0010333,64359,cz4,cz2
r0010334,64362,cz4,cz2
r0010335,64366,cz4,cz2
r0010336,64369,cz4,cz2
r0010337,64372,cz4,cz2
r0010338,64375,cz4,cz2
r0010339,64378,cz4,cz2
r0010340,64382,cz4,cz2
r0010341,64385,cz4,cz2
r0010342,64388,cz4,cz2
r0010343,64391,cz4,cz2
r0010344,64394,cz4,cz2
r0010345,64398,cz4,cz2
r0010346,64401,cz4,cz2
r0010347,64404,cz4,cz2
r0010348,64407,cz4,cz2
r0010349,64410,cz4,cz2
r0010350,64414,cz4,cz2
r0010351,64417,cz4,cz2
r0010352,64420,cz4,cz2
r0010353,64423,cz4,cz2
r0010354,64426,cz4,cz2
r0010355,64430,cz4,cz2
r0010356,64433,cz4,cz3
r0010357,64436,cz4,cz3
r0010358,64439,cz4,cz3
r0010359,64442,cz4,cz3
r0010360,64446,cz4,cz3
r0010361,64449,cz4,cz3
r0010362,64452,cz4,cz3
r0010363,64455,cz4,cz3
r0010364,64458,cz4,cz3
r0010365,64462,cz4,cz3
r0010366,64465,cz4,cz3
r0010367,64468,cz4,cz3
r0010368,64471,cz4,cz3
r0010369,64474,cz4,cz3
r0010370,64478,cz4,cz3
r0010371,64481,cz4,cz3
r0010372,64484,cz4,cz3
r0010373,64487,cz4,cz3
r0010374,64490,cz4,cz3
r0010375,64494,cz4,cz3
r0010376,64497,cz4,cz3
r0010377,64500,cz4,cz3
r0010378,64503,cz4,cz3
r0010379,64506,cz4,cz3
r0010380,64510,cz4,cz3
r0010381,64513,cz4,cz3
r0010382,64516,cz4,cz3
r0010383,64519,cz4,cz3
r0010384,64522,cz4,cz3
r0010385,64526,cz4,cz3
r0010386,64529,cz4,cz3
r0010387,64532,cz4,cz3
r0010388,64535,cz4,cz3
r0010389,64538,cz4,cz3
r0010390,64542,cz4,cz3
r0010391,64545,cz4,cz3
r0010392,64548,cz4,cz3
r0010393,64551,cz4,cz3
r0010394,64554,cz4,cz3
r0010395,64558,cz4,cz3
r0010396,64561,cz4,cz3
r0010397,64564,cz4,cz3
r0010398,64567,cz4,cz3
r0010399,64570,cz4,cz3
r0010400,64574,cz4,cz3
r0010401,64577,cz4,cz3
r0010402,64580,cz4,cz3
r0010403,64583,cz4,cz3
r0010404,64587,cz4,cz3
r0010405,64590,cz4,cz3
r0010406,64593,cz4,cz3
r0010407,64596,cz4,cz3
r0010408,64599,cz4,cz3
r0010409,64603,cz4,cz3
r0010410,64606,cz4,cz3
r0010411,64609,cz4,cz3
r0010412,64612,cz4,cz3
r0010413,64615,cz4,cz3
r0010414,64619,cz4,cz3
r0010415,64622,cz4,cz3
r0010416,64625,cz4,cz3
r0010417,64628,cz4,cz3
r0010418,64631,cz4,cz3
r0010419,64635,cz4,cz3
r0010420,64638,cz4,cz3
r0010421,64641,cz4,cz3
r0010422,64644,cz4,cz3
r0010423,64647,cz4,cz3
r0010424,64651,cz4,cz4
r0010425,64654,cz4,cz4
r0010426,64657,cz4,cz4
r0010427,64660,cz4,cz4
r0010428,64663,cz4,cz4
r0010429,64667,cz4,cz4
r0010430,64670,cz4,cz4
r0010431,64673,cz4,cz4
r0010432,64676,cz4,cz4
r0010433,64679,cz4,cz4
r0010434,64683,cz4,cz4
r0010435,64686,cz4,cz4
r0010436,64689,cz4,cz4
r0010437,64692,cz4,cz4
r0010438,64695,cz4,cz4
r0010439,64699,cz4,cz4
r0010440,64702,cz4,cz4
r0010441,64705,cz4,cz4
r0010442,64708,cz4,cz4
r0010443,64711,cz4,cz4
r0010444,64715,cz4,cz4
r0010445,64718,cz4,cz4
r0010446,64721,cz4,cz4
r0010447,64724,cz4,cz4
r0010448,64727,cz4,cz4
r0010449,64731,cz4,cz4
r0010450,64734,cz4,cz4
r0010451,64737,cz4,cz4
r0010452,64740,cz4,cz4
r0010453,64743,cz4,cz4
r0010454,64747,cz4,cz4
r0010455,64750,cz4,cz4
r0010456,64753,cz4,cz4
r0010457,64756,cz4,cz4
r0010458,64759,cz4,cz4
r0010459,64763,cz4,cz4
r0010460,64766,cz4,cz4
r0010461,64769,cz4,cz4
r0010462,64772,cz4,cz4
r0010463,64775,cz4,cz4
r0010464,64779,cz4,cz4
r0010465,64782,cz4,cz4
r0010466,64785,cz4,cz4
r0010467,64788,cz4,cz4
r0010468,64791,cz4,cz4
r0010469,64795,cz4,cz4
r0010470,64798,cz4,cz4
r0010471,64801,cz1,cz1
r0010472,64805,cz1,cz1
r0010473,64808,cz1,cz1
r0010474,64812,cz1,cz1
r0010475,64815,cz1,cz1
r0010476,64818,cz1,cz1
r0010477,64822,cz1,cz1
r0010478,64825,cz1,cz1
r0010479,64829,cz1,cz1
r0010480,64832,cz1,cz1
r0010481,64836,cz1,cz1
r0010482,64839,cz1,cz1
r0010483,64843,cz1,cz1
r0010484,64846,cz1,cz1
r0010485,64850,cz1,cz1
r0010486,64853,cz1,cz1
r0010487,64856,cz1,cz1
r0010488,64860,cz1,cz1
r0010489,64863,cz1,cz1
r0010490,64867,cz1,cz1
r0010491,64870,cz1,cz1
r0010492,64874,cz1,cz1
r0010493,64877,cz1,cz1
r0010494,64881,cz1,cz1
r0010495,64884,cz1,cz1
r0010496,64888,cz1,cz1
r0010497,64891,cz1,cz1
r0010498,64894,cz1,cz1
r0010499,64898,cz1,cz1
r0010500,64901,cz1,cz1
r0010501,64905,cz1,cz1
r0010502,64908,cz1,cz1
r0010503,64912,cz1,cz1
r0010504,64915,cz1,cz1
r0010505,64919,cz1,cz1
r0010506,64922,cz1,cz1
r0010507,64925,cz1,cz1
r0010508,64929,cz1,cz1
r0010509,64932,cz1,cz1
r0010510,64936,cz1,cz1
r0010511,64939,cz1,cz1
r0010512,64943,cz1,cz1
r0010513,64946,cz1,cz1
r0010514,64950,cz1,cz1
r0010515,64953,cz1,cz1
r0010516,64957,cz1,cz1
r0010517,64960,cz1,cz1
r0010518,64963,cz1,cz1
r0010519,64967,cz1,cz1
r0010520,64970,cz1,cz1
r0010521,64974,cz1,cz1
r0010522,64977,cz1,cz1
r0010523,64981,cz1,cz1
r0010524,64984,cz1,cz1
r0010525,64988,cz1,cz1
r0010526,64991,cz1,cz1
r0010527,64995,cz1,cz1
r0010528,64998,cz1,cz1
r0010529,65001,cz1,cz1
r0010530,65005,cz1,cz1
r0010531,65008,cz1,cz1
r0010532,65012,cz1,cz1
r0010533,65015,cz1,cz1
r0010534,65019,cz1,cz1
r0010535,65022,cz1,cz1
r0010536,65026,cz1,cz1
r0010537,65029,cz1,cz1
r0010538,65032,cz1,cz1
r0010539,65036,cz1,cz1
r0010540,65039,cz1,cz1
r0010541,65043,cz1,cz1
r0010542,65046,cz1,cz1
r0010543,65050,cz1,cz1
r0010544,65053,cz1,cz1
r0010545,65057,cz1,cz1
r0010546,65060,cz1,cz1
r0010547,65064,cz1,cz1
r0010548,65067,cz1,cz1
r0010549,65070,cz1,cz1
r0010550,65074,cz1,cz1
r0010551,65077,cz1,cz1
r0010552,65081,cz1,cz1
r0010553,65084,cz1,cz1
r0010554,65088,cz1,cz1
r0010555,65091,cz1,cz2
r0010556,65095,cz1,cz2
r0010557,65098,cz1,cz2
r0010558,65102,cz1,cz2
r0010559,65105,cz1,cz2
r0010560,65108,cz1,cz2
r0010561,65112,cz1,cz2
r0010562,65115,cz1,cz2
r0010563,65119,cz1,cz2
r0010564,65122,cz1,cz2
r0010565,65126,cz1,cz2
r0010566,65129,cz1,cz2
r0010567,65133,cz1,cz2
r0010568,65136,cz1,cz2
r0010569,65139,cz1,cz2
r0010570,65143,cz1,cz2
r0010571,65146,cz1,cz2
r0010572,65150,cz1,cz2
r0010573,65153,cz1,cz2
r0010574,65157,cz1,cz2
r0010575,65160,cz1,cz2
r0010576,65164,cz1,cz2
r0010577,65167,cz1,cz2
r0010578,65171,cz1,cz2
r0010579,65174,cz1,cz2
r0010580,65177,cz1,cz2
r0010581,65181,cz1,cz2
r0010582,65184,cz1,cz2
r0010583,65188,cz1,cz2
r0010584,65191,cz1,cz2
r0010585,65195,cz1,cz2
r0010586,65198,cz1,cz2
r0010587,65202,cz1,cz2
r0010588,65205,cz1,cz2
r0010589,65209,cz1,cz2
r0010590,65212,cz1,cz2
r0010591,65215,cz1,cz2
r0010592,65219,cz1,cz2
r0010593,65222,cz1,cz2
r0010594,65226,cz1,cz2
r0010595,65229,cz1,cz2
r0010596,65233,cz1,cz2
r0010597,65236,cz1,cz2
r0010598,65240,cz1,cz2
r0010599,65243,cz1,cz2
r0010600,65246,cz1,cz2
r0010601,65250,cz1,cz2
r0010602,65253,cz1,cz2
r0010603,65257,cz1,cz2
r0010604,65260,cz1,cz2
r0010605,65264,cz1,cz2
r0010606,65267,cz1,cz2
r0010607,65271,cz1,cz2
r0010608,65274,cz1,cz2
r0010609,65278,cz1,cz2
r0010610,65281,cz1,cz2
r0010611,65284,cz1,cz2
r0010612,65288,cz1,cz2
r0010613,65291,cz1,cz2
r0010614,65295,cz1,cz2
r0010615,65298,cz1,cz2
r0010616,65302,cz1,cz2
r0010617,65305,cz1,cz2
r0010618,65309,cz1,cz2
r0010619,65312,cz1,cz3
r0010620,65316,cz1,cz3
r0010621,65319,cz1,cz3
r0010622,65322,cz1,cz3
r0010623,65326,cz1,cz3
r0010624,65329,cz1,cz3
r0010625,65333,cz1,cz3
r0010626,65336,cz1,cz3
r0010627,65340,cz1,cz3
r0010628,65343,cz1,cz3
r0010629,65347,cz1,cz3
r0010630,65350,cz1,cz3
r0010631,65353,cz1,cz3
r0010632,65357,cz1,cz3
r0010633,65360,cz1,cz3
r0010634,65364,cz1,cz3
r0010635,65367,cz1,cz3
r0010636,65371,cz1,cz3
r0010637,65374,cz1,cz3
r0010638,65378,cz1,cz3
r0010639,65381,cz1,cz3
r0010640,65385,cz1,cz3
r0010641,65388,cz1,cz3
r0010642,65391,cz1,cz3
r0010643,65395,cz1,cz3
r0010644,65398,cz1,cz3
r0010645,65402,cz1,cz3
r0010646,65405,cz1,cz3
r0010647,65409,cz1,cz3
r0010648,65412,cz1,cz3
r0010649,65416,cz1,cz3
r0010650,65419,cz1,cz3
r0010651,65423,cz1,cz3
r0010652,65426,cz1,cz3
r0010653,65429,cz1,cz3
r0010654,65433,cz1,cz3
r0010655,65436,cz1,cz3
r0010656,65440,cz1,cz3
r0010657,65443,cz1,cz3
r0010658,65447,cz1,cz3
r0010659,65450,cz1,cz3
r0010660,65454,cz1,cz3
r0010661,65457,cz1,cz3
r0010662,65460,cz1,cz3
r0010663,65464,cz1,cz3
r0010664,65467,cz1,cz3
r0010665,65471,cz1,cz3
r0010666,65474,cz1,cz3
r0010667,65478,cz1,cz3
r0010668,65481,cz1,cz3
r0010669,65485,cz1,cz3
r0010670,65488,cz1,cz3
r0010671,65492,cz1,cz3
r0010672,65495,cz1,cz3
r0010673,65498,cz1,cz3
r0010674,65502,cz1,cz3
r0010675,65505,cz1,cz3
r0010676,65509,cz1,cz3
r0010677,65512,cz1,cz3
r0010678,65516,cz1,cz3
r0010679,65519,cz1,cz3
r0010680,65523,cz1,cz3
r0010681,65526,cz1,cz3
r0010682,65530,cz1,cz3
r0010683,65533,cz1,cz3
r0010684,65536,cz1,cz3
r0010685,65540,cz1,cz3
r0010686,65543,cz1,cz3
r0010687,65547,cz1,cz3
r0010688,65550,cz1,cz3
r0010689,65554,cz1,cz3
r0010690,65557,cz1,cz3
r0010691,65561,cz1,cz3
r0010692,65564,cz1,cz3
r0010693,65567,cz1,cz3
r0010694,65571,cz1,cz3
r0010695,65574,cz1,cz3
r0010696,65578,cz1,cz3
r0010697,65581,cz1,cz3
r0010698,65585,cz1,cz3
r0010699,65588,cz1,cz3
r0010700,65592,cz1,cz3
r0010701,65595,cz1,cz3
r0010702,65599,cz1,cz3
r0010703,65602,cz1,cz3
r0010704,65605,cz1,cz3
r0010705,65609,cz1,cz3
r0010706,65612,cz1,cz4
r0010707,65616,cz1,cz4
r0010708,65619,cz1,cz4
r0010709,65623,cz1,cz4
r0010710,65626,cz1,cz4
r0010711,65630,cz1,cz4
r0010712,65633,cz1,cz4
r0010713,65637,cz1,cz4
r0010714,65640,cz1,cz4
r0010715,65643,cz1,cz4
r0010716,65647,cz1,cz4
r0010717,65650,cz1,cz4
r0010718,65654,cz1,cz4
r0010719,65657,cz1,cz4
r0010720,65661,cz1,cz4
r0010721,65664,cz1,cz4
r0010722,65668,cz1,cz4
r0010723,65671,cz1,cz4
r0010724,65674,cz1,cz4
r0010725,65678,cz1,cz4
r0010726,65681,cz1,cz4
r0010727,65685,cz1,cz4
r0010728,65688,cz1,cz4
r0010729,65692,cz1,cz4
r0010730,65695,cz1,cz4
r0010731,65699,cz1,cz4
r0010732,65702,cz1,cz4
r0010733,65706,cz1,cz4
r0010734,65709,cz1,cz4
r0010735,65712,cz1,cz4
r0010736,65716,cz1,cz4
r0010737,65719,cz1,cz4
r0010738,65723,cz1,cz4
r0010739,65726,cz1,cz4
r0010740,65730,cz1,cz4
r0010741,65733,cz1,cz4
r0010742,65737,cz1,cz4
r0010743,65740,cz1,cz4
r0010744,65744,cz1,cz4
r0010745,65747,cz1,cz4
r0010746,65750,cz1,cz4
r0010747,65754,cz1,cz4
r0010748,65757,cz1,cz4
r0010749,65761,cz1,cz4
r0010750,65764,cz1,cz4
r0010751,65768,cz1,cz4
r0010752,65771,cz1,cz4
r0010753,65775,cz1,cz4
r0010754,65778,cz1,cz4
r0010755,65781,cz1,cz4
r0010756,65785,cz1,cz4
r0010757,65788,cz1,cz4
r0010758,65792,cz1,cz4
r0010759,65795,cz1,cz4
r0010760,65799,cz1,cz4
r0010761,65802,cz1,cz4
r0010762,65806,cz1,cz4
r0010763,65809,cz1,cz4
r0010764,65813,cz1,cz4
r0010765,65816,cz2,cz1
r0010766,65819,cz2,cz1
r0010767,65823,cz2,cz1
r0010768,65826,cz2,cz1
r0010769,65830,cz2,cz1
r0010770,65833,cz2,cz1
r0010771,65837,cz2,cz1
r0010772,65840,cz2,cz1
r0010773,65844,cz2,cz1
r0010774,65847,cz2,cz1
r0010775,65851,cz2,cz1
r0010776,65854,cz2,cz1
r0010777,65857,cz2,cz1
r0010778,65861,cz2,cz1
r0010779,65864,cz2,cz1
r0010780,65868,cz2,cz1
r0010781,65871,cz2,cz1
r0010782,65875,cz2,cz1
r0010783,65878,cz2,cz1
r0010784,65882,cz2,cz1
r0010785,65885,cz2,cz1
r0010786,65888,cz2,cz1
r0010787,65892,cz2,cz1
r0010788,65895,cz2,cz1
r0010789,65899,cz2,cz1
r0010790,65902,cz2,cz1
r0010791,65906,cz2,cz1
r0010792,65909,cz2,cz1
r0010793,65913,cz2,cz1
r0010794,65916,cz2,cz1
r0010795,65920,cz2,cz1
r0010796,65923,cz2,cz1
r0010797,65926,cz2,cz1
r0010798,65930,cz2,cz1
r0010799,65933,cz2,cz1
r0010800,65937,cz2,cz1
r0010801,65940,cz2,cz1
r0010802,65944,cz2,cz1
r0010803,65947,cz2,cz1
r0010804,65951,cz2,cz1
r0010805,65954,cz2,cz1
r0010806,65958,cz2,cz1
r0010807,65961,cz2,cz1
r0010808,65964,cz2,cz1
r0010809,65968,cz2,cz1
r0010810,65971,cz2,cz1
r0010811,65975,cz2,cz1
r0010812,65978,cz2,cz1
r0010813,65982,cz2,cz1
r0010814,65985,cz2,cz1
r0010815,65989,cz2,cz1
r0010816,65992,cz2,cz1
r0010817,65995,cz2,cz1
r0010818,65999,cz2,cz1
r0010819,66002,cz2,cz1
r0010820,66006,cz2,cz1
r0010821,66009,cz2,cz1
r0010822,66013,cz2,cz1
r0010823,66016,cz2,cz1
r0010824,66020,cz2,cz1
r0010825,66023,cz2,cz1
r0010826,66027,cz2,cz1
r0010827,66030,cz2,cz1
r0010828,66033,cz2,cz1
r0010829,66037,cz2,cz1
r0010830,66040,cz2,cz2
r0010831,66044,cz2,cz2
r0010832,66047,cz2,cz2
r0010833,66051,cz2,cz2
r0010834,66054,cz2,cz2
r0010835,66058,cz2,cz2
r0010836,66061,cz2,cz2
r0010837,66065,cz2,cz2
r0010838,66068,cz2,cz2
r0010839,66071,cz2,cz2
r0010840,66075,cz2,cz2
r0010841,66078,cz2,cz2
r0010842,66082,cz2,cz2
r0010843,66085,cz2,cz2
r0010844,66089,cz2,cz2
r0010845,66092,cz2,cz2
r0010846,66096,cz2,cz2
r0010847,66099,cz2,cz2
r0010848,66102,cz2,cz2
r0010849,66106,cz2,cz2
r0010850,66109,cz2,cz2
r0010851,66113,cz2,cz2
r0010852,66116,cz2,cz2
r0010853,66120,cz2,cz2
r0010854,66123,cz2,cz2
r0010855,66127,cz2,cz2
r0010856,66130,cz2,cz2
r0010857,66134,cz2,cz2
r0010858,66137,cz2,cz2
r0010859,66140,cz2,cz2
r0010860,66144,cz2,cz2
r0010861,66147,cz2,cz2
r0010862,66151,cz2,cz2
r0010863,66154,cz2,cz2
r0010864,66158,cz2,cz2
r0010865,66161,cz2,cz2
r0010866,66165,cz2,cz2
r0010867,66168,cz2,cz2
r0010868,66172,cz2,cz2
r0010869,66175,cz2,cz2
r0010870,66178,cz2,cz2
r0010871,66182,cz2,cz2
r0010872,66185,cz2,cz2
r0010873,66189,cz2,cz2
r0010874,66192,cz2,cz2
r0010875,66196,cz2,cz2
r0010876,66199,cz2,cz2
r0010877,66203,cz2,cz2
r0010878,66206,cz2,cz2
r0010879,66209,cz2,cz2
r0010880,66213,cz2,cz2
r0010881,66216,cz2,cz2
r0010882,66220,cz2,cz2
r0010883,66223,cz2,cz2
r0010884,66227,cz2,cz2
r0010885,66230,cz2,cz2
r0010886,66234,cz2,cz2
r0010887,66237,cz2,cz2
r0010888,66241,cz2,cz2
r0010889,66244,cz2,cz2
r0010890,66247,cz2,cz2
r0010891,66251,cz2,cz2
r0010892,66254,cz2,cz2
r0010893,66258,cz2,cz3
r0010894,66261,cz2,cz3
r0010895,66265,cz2,cz3
r0010896,66268,cz2,cz3
r0010897,66272,cz2,cz3
r0010898,66275,cz2,cz3
r0010899,66279,cz2,cz3
r0010900,66282,cz2,cz3
r0010901,66285,cz2,cz3
r0010902,66289,cz2,cz3
r0010903,66292,cz2,cz3
r0010904,66296,cz2,cz3
r0010905,66299,cz2,cz3
r0010906,66303,cz2,cz3
r0010907,66306,cz2,cz3
r0010908,66310,cz2,cz3
r0010909,66313,cz2,cz3
r0010910,66316,cz2,cz3
r0010911,66320,cz2,cz3
r0010912,66323,cz2,cz3
r0010913,66327,cz2,cz3
r0010914,66330,cz2,cz3
r0010915,66334,cz2,cz3
r0010916,66337,cz2,cz3
r0010917,66341,cz2,cz3
r0010918,66344,cz2,cz3
r0010919,66348,cz2,cz3
r0010920,66351,cz2,cz3
r0010921,66354,cz2,cz3
r0010922,66358,cz2,cz3
r0010923,66361,cz2,cz3
r0010924,66365,cz2,cz3
r0010925,66368,cz2,cz3
r0010926,66372,cz2,cz3
r0010927,66375,cz2,cz3
r0010928,66379,cz2,cz3
r0010929,66382,cz2,cz3
r0010930,66386,cz2,cz3
r0010931,66389,cz2,cz3
r0010932,66392,cz2,cz3
r0010933,66396,cz2,cz3
r0010934,66399,cz2,cz3
r0010935,66403,cz2,cz3
r0010936,66406,cz2,cz3
r0010937,66410,cz2,cz3
r0010938,66413,cz2,cz3
r0010939,66417,cz2,cz3
r0010940,66420,cz2,cz3
r0010941,66423,cz2,cz3
r0010942,66427,cz2,cz3
r0010943,66430,cz2,cz3
r0010944,66434,cz2,cz3
r0010945,66437,cz2,cz3
r0010946,66441,cz2,cz3
r0010947,66444,cz2,cz3
r0010948,66448,cz2,cz3
r0010949,66451,cz2,cz3
r0010950,66455,cz2,cz3
r0010951,66458,cz2,cz3
r0010952,66461,cz2,cz3
r0010953,66465,cz2,cz3
r0010954,66468,cz2,cz3
r0010955,66472,cz2,cz3
r0010956,66475,cz2,cz4
r0010957,66479,cz2,cz4
r0010958,66482,cz2,cz4
r0010959,66486,cz2,cz4
r0010960,66489,cz2,cz4
r0010961,66493,cz2,cz4
r0010962,66496,cz2,cz4
r0010963,66499,cz2,cz4
r0010964,66503,cz2,cz4
r0010965,66506,cz2,cz4
r0010966,66510,cz2,cz4
r0010967,66513,cz2,cz4
r0010968,66517,cz2,cz4
r0010969,66520,cz2,cz4
r0010970,66524,cz2,cz4
r0010971,66527,cz2,cz4
r0010972,66530,cz2,cz4
r0010973,66534,cz2,cz4
r0010974,66537,cz2,cz4
r0010975,66541,cz2,cz4
r0010976,66544,cz2,cz4
r0010977,66548,cz2,cz4
r0010978,66551,cz2,cz4
r0010979,66555,cz2,cz4
r0010980,66558,cz2,cz4
r0010981,66562,cz2,cz4
r0010982,66565,cz2,cz4
r0010983,66568,cz2,cz4
r0010984,66572,cz2,cz4
r0010985,66575,cz2,cz4
r0010986,66579,cz2,cz4
r0010987,66582,cz2,cz4
r0010988,66586,cz2,cz4
r0010989,66589,cz2,cz4
r0010990,66593,cz2,cz4
r0010991,66596,cz2,cz4
r0010992,66600,cz2,cz4
r0010993,66603,cz2,cz4
r0010994,66606,cz2,cz4
r0010995,66610,cz2,cz4
r0010996,66613,cz2,cz4
r0010997,66617,cz2,cz4
r0010998,66620,cz2,cz4
r0010999,66624,cz2,cz4
r0011000,66627,cz2,cz4
r0011001,66631,cz2,cz4
r0011002,66634,cz3,cz1
r0011003,66637,cz3,cz1
r0011004,66641,cz3,cz1
r0011005,66644,cz3,cz1
r0011006,66648,cz3,cz1
r0011007,66651,cz3,cz1
r0011008,66655,cz3,cz1
r0011009,66658,cz3,cz1
r0011010,66662,cz3,cz1
r0011011,66665,cz3,cz1
r0011012,66669,cz3,cz1
r0011013,66672,cz3,cz1
r0011014,66675,cz3,cz1
r0011015,66679,cz3,cz1
r0011016,66682,cz3,cz1
r0011017,66686,cz3,cz1
r0011018,66689,cz3,cz1
r0011019,66693,cz3,cz1
r0011020,66696,cz3,cz1
r0011021,66700,cz3,cz1
r0011022,66703,cz3,cz1
r0011023,66706,cz3,cz1
r0011024,66710,cz3,cz1
r0011025,66713,cz3,cz1
r0011026,66717,cz3,cz1
r0011027,66720,cz3,cz1
r0011028,66724,cz3,cz1
r0011029,66727,cz3,cz1
r0011030,66731,cz3,cz1
r0011031,66734,cz3,cz1
r0011032,66738,cz3,cz1
r0011033,66741,cz3,cz1
r0011034,66744,cz3,cz1
r0011035,66748,cz3,cz1
r0011036,66751,cz3,cz1
r0011037,66755,cz3,cz1
r0011038,66758,cz3,cz1
r0011039,66762,cz3,cz1
r0011040,66765,cz3,cz1
r0011041,66769,cz3,cz1
r0011042,66772,cz3,cz1
r0011043,66776,cz3,cz1
r0011044,66779,cz3,cz1
r0011045,66782,cz3,cz1
r0011046,66786,cz3,cz1
r0011047,66789,cz3,cz1
r0011048,66793,cz3,cz1
r0011049,66796,cz3,cz1
r0011050,66800,cz3,cz1
r0011051,66803,cz3,cz1
r0011052,66807,cz3,cz1
r0011053,66810,cz3,cz1
r0011054,66813,cz3,cz1
r0011055,66817,cz3,cz1
r0011056,66820,cz3,cz1
r0011057,66824,cz3,cz1
r0011058,66827,cz3,cz1
r0011059,66831,cz3,cz1
r0011060,66834,cz3,cz1
r0011061,66838,cz3,cz1
r0011062,66841,cz3,cz1
r0011063,66845,cz3,cz1
r0011064,66848,cz3,cz1
r0011065,66851,cz3,cz1
r0011066,66855,cz3,cz1
r0011067,66858,cz3,cz1
r0011068,66862,cz3,cz1
r0011069,66865,cz3,cz1
r0011070,66869,cz3,cz1
r0011071,66872,cz3,cz1
r0011072,66876,cz3,cz1
r0011073,66879,cz3,cz1
r0011074,66883,cz3,cz1
r0011075,66886,cz3,cz1
r0011076,66889,cz3,cz1
r0011077,66893,cz3,cz1
r0011078,66896,cz3,cz1
r0011079,66900,cz3,cz1
r0011080,66903,cz3,cz1
r0011081,66907,cz3,cz1
r0011082,66910,cz3,cz1
r0011083,66914,cz3,cz1
r0011084,66917,cz3,cz1
r0011085,66920,cz3,cz1
r0011086,66924,cz3,cz1
r0011087,66927,cz3,cz1
r0011088,66931,cz3,cz2
r0011089,66934,cz3,cz2
r0011090,66938,cz3,cz2
r0011091,66941,cz3,cz2
r0011092,66945,cz3,cz2
r0011093,66948,cz3,cz2
r0011094,66952,cz3,cz2
r0011095,66955,cz3,cz2
r0011096,66958,cz3,cz2
r0011097,66962,cz3,cz2
r0011098,66965,cz3,cz2
r0011099,66969,cz3,cz2
r0011100,66972,cz3,cz2
r0011101,66976,cz3,cz2
r0011102,66979,cz3,cz2
r0011103,66983,cz3,cz2
r0011104,66986,cz3,cz2
r0011105,66990,cz3,cz2
r0011106,66993,cz3,cz2
r0011107,66996,cz3,cz2
r0011108,67000,cz3,cz2
r0011109,67003,cz3,cz2
r0011110,67007,cz3,cz2
r0011111,67010,cz3,cz2
r0011112,67014,cz3,cz2
r0011113,67017,cz3,cz2
r0011114,67021,cz3,cz2
r0011115,67024,cz3,cz2
r0011116,67027,cz3,cz2
r0011117,67031,cz3,cz2
r0011118,67034,cz3,cz2
r0011119,67038,cz3,cz2
r0011120,67041,cz3,cz2
r0011121,67045,cz3,cz2
r0011122,67048,cz3,cz2
r0011123,67052,cz3,cz2
r0011124,67055,cz3,cz2
r0011125,67059,cz3,cz2
r0011126,67062,cz3,cz2
r0011127,67065,cz3,cz2
r0011128,67069,cz3,cz2
r0011129,67072,cz3,cz2
r0011130,67076,cz3,cz2
r0011131,67079,cz3,cz2
r0011132,67083,cz3,cz2
r0011133,67086,cz3,cz2
r0011134,67090,cz3,cz2
r0011135,67093,cz3,cz2
r0011136,67097,cz3,cz2
r0011137,67100,cz3,cz2
r0011138,67103,cz3,cz2
r0011139,67107,cz3,cz2
r0011140,67110,cz3,cz2
r0011141,67114,cz3,cz2
r0011142,67117,cz3,cz2
r0011143,67121,cz3,cz2
r0011144,67124,cz3,cz2
r0011145,67128,cz3,cz2
r0011146,67131,cz3,cz2
r0011147,67134,cz3,cz2
r0011148,67138,cz3,cz2
r0011149,67141,cz3,cz3
r0011150,67145,cz3,cz3
r0011151,67148,cz3,cz3
r0011152,67152,cz3,cz3
r0011153,67155,cz3,cz3
r0011154,67159,cz3,cz3
r0011155,67162,cz3,cz3
r0011156,67166,cz3,cz3
r0011157,67169,cz3,cz3
r0011158,67172,cz3,cz3
r0011159,67176,cz3,cz3
r0011160,67179,cz3,cz3
r0011161,67183,cz3,cz3
r0011162,67186,cz3,cz3
r0011163,67190,cz3,cz3
r0011164,67193,cz3,cz3
r0011165,67197,cz3,cz3
r0011166,67200,cz3,cz3
r0011167,67204,cz3,cz3
r0011168,67207,cz3,cz3
r0011169,67210,cz3,cz3
r0011170,67214,cz3,cz3
r0011171,67217,cz3,cz3
r0011172,67221,cz3,cz3
r0011173,67224,cz3,cz3
r0011174,67228,cz3,cz3
r0011175,67231,cz3,cz3
r0011176,67235,cz3,cz3
r0011177,67238,cz3,cz3
r0011178,67241,cz3,cz3
r0011179,67245,cz3,cz3
r0011180,67248,cz3,cz3
r0011181,67252,cz3,cz3
r0011182,67255,cz3,cz3
r0011183,67259,cz3,cz3
r0011184,67262,cz3,cz3
r0011185,67266,cz3,cz3
r0011186,67269,cz3,cz3
r0011187,67273,cz3,cz3
r0011188,67276,cz3,cz3
r0011189,67279,cz3,cz3
r0011190,67283,cz3,cz3
r0011191,67286,cz3,cz3
r0011192,67290,cz3,cz3
r0011193,67293,cz3,cz3
r0011194,67297,cz3,cz3
r0011195,67300,cz3,cz3
r0011196,67304,cz3,cz3
r0011197,67307,cz3,cz3
r0011198,67311,cz3,cz3
r0011199,67314,cz3,cz3
r0011200,67317,cz3,cz3
r0011201,67321,cz3,cz3
r0011202,67324,cz3,cz3
r0011203,67328,cz3,cz3
r0011204,67331,cz3,cz3
r0011205,67335,cz3,cz3
r0011206,67338,cz3,cz3
r0011207,67342,cz3,cz3
r0011208,67345,cz3,cz3
r0011209,67348,cz3,cz3
r0011210,67352,cz3,cz3
r0011211,67355,cz3,cz3
r0011212,67359,cz3,cz3
r0011213,67362,cz3,cz3
r0011214,67366,cz3,cz3
r0011215,67369,cz3,cz3
r0011216,67373,cz3,cz3
r0011217,67376,cz3,cz3
r0011218,67380,cz3,cz3
r0011219,67383,cz3,cz3
r0011220,67386,cz3,cz3
r0011221,67390,cz3,cz3
r0011222,67393,cz3,cz3
r0011223,67397,cz3,cz3
r0011224,67400,cz3,cz3
r0011225,67404,cz3,cz3
r0011226,67407,cz3,cz3
r0011227,67411,cz3,cz3
r0011228,67414,cz3,cz3
r0011229,67418,cz3,cz3
r0011230,67421,cz3,cz3
r0011231,67424,cz3,cz3
r0011232,67428,cz3,cz3
r0011233,67431,cz3,cz3
r0011234,67435,cz3,cz3
r0011235,67438,cz3,cz3
r0011236,67442,cz3,cz3
r0011237,67445,cz3,cz3
r0011238,67449,cz3,cz3
r0011239,67452,cz3,cz3
r0011240,67455,cz3,cz3
r0011241,67459,cz3,cz4
r0011242,67462,cz3,cz4
r0011243,67466,cz3,cz4
r0011244,67469,cz3,cz4
r0011245,67473,cz3,cz4
r0011246,67476,cz3,cz4
r0011247,67480,cz3,cz4
r0011248,67483,cz3,cz4
r0011249,67487,cz3,cz4
r0011250,67490,cz3,cz4
r0011251,67493,cz3,cz4
r0011252,67497,cz3,cz4
r0011253,67500,cz3,cz4
r0011254,67504,cz3,cz4
r0011255,67507,cz3,cz4
r0011256,67511,cz3,cz4
r0011257,67514,cz3,cz4
r0011258,67518,cz3,cz4
r0011259,67521,cz3,cz4
r0011260,67525,cz3,cz4
r0011261,67528,cz3,cz4
r0011262,67531,cz3,cz4
r0011263,67535,cz3,cz4
r0011264,67538,cz3,cz4
r0011265,67542,cz3,cz4
r0011266,67545,cz3,cz4
r0011267,67549,cz3,cz4
r0011268,67552,cz3,cz4
r0011269,67556,cz3,cz4
r0011270,67559,cz3,cz4
r0011271,67562,cz3,cz4
r0011272,67566,cz3,cz4
r0011273,67569,cz3,cz4
r0011274,67573,cz3,cz4
r0011275,67576,cz3,cz4
r0011276,67580,cz3,cz4
r0011277,67583,cz3,cz4
r0011278,67587,cz3,cz4
r0011279,67590,cz3,cz4
r0011280,67594,cz3,cz4
r0011281,67597,cz3,cz4
r0011282,67600,cz3,cz4
r0011283,67604,cz3,cz4
r0011284,67607,cz3,cz4
r0011285,67611,cz3,cz4
r0011286,67614,cz3,cz4
r0011287,67618,cz3,cz4
r0011288,67621,cz3,cz4
r0011289,67625,cz3,cz4
r0011290,67628,cz3,cz4
r0011291,67632,cz3,cz4
r0011292,67635,cz3,cz4
r0011293,67638,cz3,cz4
r0011294,67642,cz3,cz4
r0011295,67645,cz3,cz4
r0011296,67649,cz3,cz4
r0011297,67652,cz3,cz4
r0011298,67656,cz3,cz4
r0011299,67659,cz3,cz4
r0011300,67663,cz3,cz4
r0011301,67666,cz3,cz4
r0011302,67669,cz4,cz1
r0011303,67673,cz4,cz1
r0011304,67676,cz4,cz1
r0011305,67680,cz4,cz1
r0011306,67683,cz4,cz1
r0011307,67687,cz4,cz1
r0011308,67690,cz4,cz1
r0011309,67694,cz4,cz1
r0011310,67697,cz4,cz1
r0011311,67701,cz4,cz1
r0011312,67704,cz4,cz1
r0011313,67707,cz4,cz1
r0011314,67711,cz4,cz1
r0011315,67714,cz4,cz1
r0011316,67718,cz4,cz1
r0011317,67721,cz4,cz1
r0011318,67725,cz4,cz1
r0011319,67728,cz4,cz1
r0011320,67732,cz4,cz1
r0011321,67735,cz4,cz1
r0011322,67739,cz4,cz1
r0011323,67742,cz4,cz1
r0011324,67745,cz4,cz1
r0011325,67749,cz4,cz1
r0011326,67752,cz4,cz1
r0011327,67756,cz4,cz1
r0011328,67759,cz4,cz1
r0011329,67763,cz4,cz1
r0011330,67766,cz4,cz1
r0011331,67770,cz4,cz1
r0011332,67773,cz4,cz1
r0011333,67776,cz4,cz1
r0011334,67780,cz4,cz1
r0011335,67783,cz4,cz1
r0011336,67787,cz4,cz1
r0011337,67790,cz4,cz1
r0011338,67794,cz4,cz1
r0011339,67797,cz4,cz1
r0011340,67801,cz4,cz1
r0011341,67804,cz4,cz1
r0011342,67808,cz4,cz1
r0011343,67811,cz4,cz1
r0011344,67814,cz4,cz1
r0011345,67818,cz4,cz1
r0011346,67821,cz4,cz1
r0011347,67825,cz4,cz1
r0011348,67828,cz4,cz1
r0011349,67832,cz4,cz1
r0011350,67835,cz4,cz1
r0011351,67839,cz4,cz1
r0011352,67842,cz4,cz1
r0011353,67846,cz4,cz1
r0011354,67849,cz4,cz1
r0011355,67852,cz4,cz1
r0011356,67856,cz4,cz1
r0011357,67859,cz4,cz1
r0011358,67863,cz4,cz1
r0011359,67866,cz4,cz1
r0011360,67870,cz4,cz1
r0011361,67873,cz4,cz1
r0011362,67877,cz4,cz2
r0011363,67880,cz4,cz2
r0011364,67883,cz4,cz2
r0011365,67887,cz4,cz2
r0011366,67890,cz4,cz2
r0011367,67894,cz4,cz2
r0011368,67897,cz4,cz2
r0011369,67901,cz4,cz2
r0011370,67904,cz4,cz2
r0011371,67908,cz4,cz2
r0011372,67911,cz4,cz2
r0011373,67915,cz4,cz2
r0011374,67918,cz4,cz2
r0011375,67921,cz4,cz2
r0011376,67925,cz4,cz2
r0011377,67928,cz4,cz2
r0011378,67932,cz4,cz2
r0011379,67935,cz4,cz2
r0011380,67939,cz4,cz2
r0011381,67942,cz4,cz2
r0011382,67946,cz4,cz2
r0011383,67949,cz4,cz2
r0011384,67953,cz4,cz2
r0011385,67956,cz4,cz2
r0011386,67959,cz4,cz2
r0011387,67963,cz4,cz2
r0011388,67966,cz4,cz2
r0011389,67970,cz4,cz2
r0011390,67973,cz4,cz2
r0011391,67977,cz4,cz2
r0011392,67980,cz4,cz2
r0011393,67984,cz4,cz2
r0011394,67987,cz4,cz2
r0011395,67990,cz4,cz2
r0011396,67994,cz4,cz2
r0011397,67997,cz4,cz2
r0011398,68001,cz4,cz2
r0011399,68004,cz4,cz2
r0011400,68008,cz4,cz2
r0011401,68011,cz4,cz2
r0011402,68015,cz4,cz2
r0011403,68018,cz4,cz2
r0011404,68022,cz4,cz2
r0011405,68025,cz4,cz2
r0011406,68028,cz4,cz2
r0011407,68032,cz4,cz3
r0011408,68035,cz4,cz3
r0011409,68039,cz4,cz3
r0011410,68042,cz4,cz3
r0011411,68046,cz4,cz3
r0011412,68049,cz4,cz3
r0011413,68053,cz4,cz3
r0011414,68056,cz4,cz3
r0011415,68060,cz4,cz3
r0011416,68063,cz4,cz3
r0011417,68066,cz4,cz3
r0011418,68070,cz4,cz3
r0011419,68073,cz4,cz3
r0011420,68077,cz4,cz3
r0011421,68080,cz4,cz3
r0011422,68084,cz4,cz3
r0011423,68087,cz4,cz3
r0011424,68091,cz4,cz3
r0011425,68094,cz4,cz3
r0011426,68097,cz4,cz3
r0011427,68101,cz4,cz3
r0011428,68104,cz4,cz3
r0011429,68108,cz4,cz3
r0011430,68111,cz4,cz3
r0011431,68115,cz4,cz3
r0011432,68118,cz4,cz3
r0011433,68122,cz4,cz3
r0011434,68125,cz4,cz3
r0011435,68129,cz4,cz3
r0011436,68132,cz4,cz3
r0011437,68135,cz4,cz3
r0011438,68139,cz4,cz3
r0011439,68142,cz4,cz3
r0011440,68146,cz4,cz3
r0011441,68149,cz4,cz3
r0011442,68153,cz4,cz3
r0011443,68156,cz4,cz3
r0011444,68160,cz4,cz3
r0011445,68163,cz4,cz3
r0011446,68167,cz4,cz3
r0011447,68170,cz4,cz3
r0011448,68173,cz4,cz3
r0011449,68177,cz4,cz3
r0011450,68180,cz4,cz3
r0011451,68184,cz4,cz3
r0011452,68187,cz4,cz3
r0011453,68191,cz4,cz3
r0011454,68194,cz4,cz3
r0011455,68198,cz4,cz3
r0011456,68201,cz4,cz3
r0011457,68204,cz4,cz3
r0011458,68208,cz4,cz3
r0011459,68211,cz4,cz3
r0011460,68215,cz4,cz3
r0011461,68218,cz4,cz3
r0011462,68222,cz4,cz3
r0011463,68225,cz4,cz3
r0011464,68229,cz4,cz3
r0011465,68232,cz4,cz3
r0011466,68236,cz4,cz3
r0011467,68239,cz4,cz3
r0011468,68242,cz4,cz3
r0011469,68246,cz4,cz3
r0011470,68249,cz4,cz4
r0011471,68253,cz4,cz4
r0011472,68256,cz4,cz4
r0011473,68260,cz4,cz4
r0011474,68263,cz4,cz4
r0011475,68267,cz4,cz4
r0011476,68270,cz4,cz4
r0011477,68274,cz4,cz4
r0011478,68277,cz4,cz4
r0011479,68280,cz4,cz4
r0011480,68284,cz4,cz4
r0011481,68287,cz4,cz4
r0011482,68291,cz4,cz4
r0011483,68294,cz4,cz4
r0011484,68298,cz4,cz4
r0011485,68301,cz4,cz4
r0011486,68305,cz4,cz4
r0011487,68308,cz4,cz4
r0011488,68311,cz4,cz4
r0011489,68315,cz4,cz4
r0011490,68318,cz4,cz4
r0011491,68322,cz4,cz4
r0011492,68325,cz4,cz4
r0011493,68329,cz4,cz4
r0011494,68332,cz4,cz4
r0011495,68336,cz4,cz4
r0011496,68339,cz4,cz4
r0011497,68343,cz4,cz4
r0011498,68346,cz4,cz4
r0011499,68349,cz4,cz4
r0011500,68353,cz4,cz4
r0011501,68356,cz4,cz4
r0011502,68360,cz4,cz4
r0011503,68363,cz4,cz4
r0011504,68367,cz4,cz4
r0011505,68370,cz4,cz4
r0011506,68374,cz4,cz4
r0011507,68377,cz4,cz4
r0011508,68381,cz4,cz4
r0011509,68384,cz4,cz4
r0011510,68387,cz4,cz4
r0011511,68391,cz4,cz4
r0011512,68394,cz4,cz4
r0011513,68398,cz4,cz4
r0011514,68402,cz1,cz1
r0011515,68406,cz1,cz1
r0011516,68411,cz1,cz1
r0011517,68416,cz1,cz1
r0011518,68420,cz1,cz1
r0011519,68425,cz1,cz1
r0011520,68429,cz1,cz1
r0011521,68434,cz1,cz1
r0011522,68438,cz1,cz1
r0011523,68443,cz1,cz1
r0011524,68448,cz1,cz1
r0011525,68452,cz1,cz1
r0011526,68457,cz1,cz1
r0011527,68461,cz1,cz1
r0011528,68466,cz1,cz1
r0011529,68470,cz1,cz1
r0011530,68475,cz1,cz1
r0011531,68480,cz1,cz1
r0011532,68484,cz1,cz1
r0011533,68489,cz1,cz1
r0011534,68493,cz1,cz1
r0011535,68498,cz1,cz1
r0011536,68502,cz1,cz1
r0011537,68507,cz1,cz1
r0011538,68512,cz1,cz1
r0011539,68516,cz1,cz1
r0011540,68521,cz1,cz1
r0011541,68525,cz1,cz1
r0011542,68530,cz1,cz1
r0011543,68534,cz1,cz1
r0011544,68539,cz1,cz1
r0011545,68544,cz1,cz1
r0011546,68548,cz1,cz1
r0011547,68553,cz1,cz1
r0011548,68557,cz1,cz1
r0011549,68562,cz1,cz1
r0011550,68566,cz1,cz1
r0011551,68571,cz1,cz1
r0011552,68576,cz1,cz1
r0011553,68580,cz1,cz1
r0011554,68585,cz1,cz1
r0011555,68589,cz1,cz1
r0011556,68594,cz1,cz1
r0011557,68598,cz1,cz1
r0011558,68603,cz1,cz1
r0011559,68608,cz1,cz1
r0011560,68612,cz1,cz1
r0011561,68617,cz1,cz1
r0011562,68621,cz1,cz1
r0011563,68626,cz1,cz1
r0011564,68631,cz1,cz1
r0011565,68635,cz1,cz1
r0011566,68640,cz1,cz1
r0011567,68644,cz1,cz1
r0011568,68649,cz1,cz1
r0011569,68653,cz1,cz1
r0011570,68658,cz1,cz1
r0011571,68663,cz1,cz1
r0011572,68667,cz1,cz1
r0011573,68672,cz1,cz1
r0011574,68676,cz1,cz1
r0011575,68681,cz1,cz1
r0011576,68685,cz1,cz1
r0011577,68690,cz1,cz2
r0011578,68695,cz1,cz2
r0011579,68699,cz1,cz2
r0011580,68704,cz1,cz2
r0011581,68708,cz1,cz2
r0011582,68713,cz1,cz2
r0011583,68717,cz1,cz2
r0011584,68722,cz1,cz2
r0011585,68727,cz1,cz2
r0011586,68731,cz1,cz2
r0011587,68736,cz1,cz2
r0011588,68740,cz1,cz2
r0011589,68745,cz1,cz2
r0011590,68749,cz1,cz2
r0011591,68754,cz1,cz2
r0011592,68759,cz1,cz2
r0011593,68763,cz1,cz2
r0011594,68768,cz1,cz2
r0011595,68772,cz1,cz2
r0011596,68777,cz1,cz2
r0011597,68781,cz1,cz2
r0011598,68786,cz1,cz2
r0011599,68791,cz1,cz2
r0011600,68795,cz1,cz2
r0011601,68800,cz1,cz2
r0011602,68804,cz1,cz2
r0011603,68809,cz1,cz2
r0011604,68813,cz1,cz2
r0011605,68818,cz1,cz2
r0011606,68823,cz1,cz2
r0011607,68827,cz1,cz2
r0011608,68832,cz1,cz2
r0011609,68836,cz1,cz2
r0011610,68841,cz1,cz2
r0011611,68845,cz1,cz2
r0011612,68850,cz1,cz2
r0011613,68855,cz1,cz2
r0011614,68859,cz1,cz2
r0011615,68864,cz1,cz2
r0011616,68868,cz1,cz2
r0011617,68873,cz1,cz2
r0011618,68878,cz1,cz2
r0011619,68882,cz1,cz2
r0011620,68887,cz1,cz2
r0011621,68891,cz1,cz2
r0011622,68896,cz1,cz2
r0011623,68900,cz1,cz2
r0011624,68905,cz1,cz2
r0011625,68910,cz1,cz3
r0011626,68914,cz1,cz3
r0011627,68919,cz1,cz3
r0011628,68923,cz1,cz3
r0011629,68928,cz1,cz3
r0011630,68932,cz1,cz3
r0011631,68937,cz1,cz3
r0011632,68942,cz1,cz3
r0011633,68946,cz1,cz3
r0011634,68951,cz1,cz3
r0011635,68955,cz1,cz3
r0011636,68960,cz1,cz3
r0011637,68964,cz1,cz3
r0011638,68969,cz1,cz3
r0011639,68974,cz1,cz3
r0011640,68978,cz1,cz3
r0011641,68983,cz1,cz3
r0011642,68987,cz1,cz3
r0011643,68992,cz1,cz3
r0011644,68996,cz1,cz3
r0011645,69001,cz1,cz3
r0011646,69006,cz1,cz3
r0011647,69010,cz1,cz3
r0011648,69015,cz1,cz3
r0011649,69019,cz1,cz3
r0011650,69024,cz1,cz3
r0011651,69028,cz1,cz3
r0011652,69033,cz1,cz3
r0011653,69038,cz1,cz3
r0011654,69042,cz1,cz3
r0011655,69047,cz1,cz3
r0011656,69051,cz1,cz3
r0011657,69056,cz1,cz3
r0011658,69060,cz1,cz3
r0011659,69065,cz1,cz3
r0011660,69070,cz1,cz3
r0011661,69074,cz1,cz3
r0011662,69079,cz1,cz3
r0011663,69083,cz1,cz3
r0011664,69088,cz1,cz3
r0011665,69093,cz1,cz3
r0011666,69097,cz1,cz3
r0011667,69102,cz1,cz3
r0011668,69106,cz1,cz3
r0011669,69111,cz1,cz3
r0011670,69115,cz1,cz3
r0011671,69120,cz1,cz3
r0011672,69125,cz1,cz3
r0011673,69129,cz1,cz3
r0011674,69134,cz1,cz3
r0011675,69138,cz1,cz3
r0011676,69143,cz1,cz3
r0011677,69147,cz1,cz3
r0011678,69152,cz1,cz3
r0011679,69157,cz1,cz3
r0011680,69161,cz1,cz3
r0011681,69166,cz1,cz3
r0011682,69170,cz1,cz3
r0011683,69175,cz1,cz3
r0011684,69179,cz1,cz3
r0011685,69184,cz1,cz3
r0011686,69189,cz1,cz3
r0011687,69193,cz1,cz3
r0011688,69198,cz1,cz3
r0011689,69202,cz1,cz3
r0011690,69207,cz1,cz3
r0011691,69211,cz1,cz4
r0011692,69216,cz1,cz4
r0011693,69221,cz1,cz4
r0011694,69225,cz1,cz4
r0011695,69230,cz1,cz4
r0011696,69234,cz1,cz4
r0011697,69239,cz1,cz4
r0011698,69243,cz1,cz4
r0011699,69248,cz1,cz4
r0011700,69253,cz1,cz4
r0011701,69257,cz1,cz4
r0011702,69262,cz1,cz4
r0011703,69266,cz1,cz4
r0011704,69271,cz1,cz4
r0011705,69275,cz1,cz4
r0011706,69280,cz1,cz4
r0011707,69285,cz1,cz4
r0011708,69289,cz1,cz4
r0011709,69294,cz1,cz4
r0011710,69298,cz1,cz4
r0011711,69303,cz1,cz4
r0011712,69308,cz1,cz4
r0011713,69312,cz1,cz4
r0011714,69317,cz1,cz4
r0011715,69321,cz1,cz4
r0011716,69326,cz1,cz4
r0011717,69330,cz1,cz4
r0011718,69335,cz1,cz4
r0011719,69340,cz1,cz4
r0011720,69344,cz1,cz4
r0011721,69349,cz1,cz4
r0011722,69353,cz1,cz4
r0011723,69358,cz1,cz4
r0011724,69362,cz1,cz4
r0011725,69367,cz1,cz4
r0011726,69372,cz1,cz4
r0011727,69376,cz1,cz4
r0011728,69381,cz1,cz4
r0011729,69385,cz1,cz4
r0011730,69390,cz1,cz4
r0011731,69394,cz1,cz4
r0011732,69399,cz1,cz4
r0011733,69404,cz1,cz4
r0011734,69408,cz1,cz4
r0011735,69413,cz1,cz4
r0011736,69417,cz2,cz1
r0011737,69422,cz2,cz1
r0011738,69426,cz2,cz1
r0011739,69431,cz2,cz1
r0011740,69436,cz2,cz1
r0011741,69440,cz2,cz1
r0011742,69445,cz2,cz1
r0011743,69449,cz2,cz1
r0011744,69454,cz2,cz1
r0011745,69458,cz2,cz1
r0011746,69463,cz2,cz1
r0011747,69468,cz2,cz1
r0011748,69472,cz2,cz1
r0011749,69477,cz2,cz1
r0011750,69481,cz2,cz1
r0011751,69486,cz2,cz1
r0011752,69490,cz2,cz1
r0011753,69495,cz2,cz1
r0011754,69500,cz2,cz1
r0011755,69504,cz2,cz1
r0011756,69509,cz2,cz1
r0011757,69513,cz2,cz1
r0011758,69518,cz2,cz1
r0011759,69522,cz2,cz1
r0011760,69527,cz2,cz1
r0011761,69532,cz2,cz1
r0011762,69536,cz2,cz1
r0011763,69541,cz2,cz1
r0011764,69545,cz2,cz1
r0011765,69550,cz2,cz1
r0011766,69555,cz2,cz1
r0011767,69559,cz2,cz1
r0011768,69564,cz2,cz1
r0011769,69568,cz2,cz1
r0011770,69573,cz2,cz1
r0011771,69577,cz2,cz1
r0011772,69582,cz2,cz1
r0011773,69587,cz2,cz1
r0011774,69591,cz2,cz1
r0011775,69596,cz2,cz1
r0011776,69600,cz2,cz1
r0011777,69605,cz2,cz1
r0011778,69609,cz2,cz1
r0011779,69614,cz2,cz1
r0011780,69619,cz2,cz1
r0011781,69623,cz2,cz1
r0011782,69628,cz2,cz1
r0011783,69632,cz2,cz1
r0011784,69637,cz2,cz1
r0011785,69641,cz2,cz2
r0011786,69646,cz2,cz2
r0011787,69651,cz2,cz2
r0011788,69655,cz2,cz2
r0011789,69660,cz2,cz2
r0011790,69664,cz2,cz2
r0011791,69669,cz2,cz2
r0011792,69673,cz2,cz2
r0011793,69678,cz2,cz2
r0011794,69683,cz2,cz2
r0011795,69687,cz2,cz2
r0011796,69692,cz2,cz2
r0011797,69696,cz2,cz2
r0011798,69701,cz2,cz2
r0011799,69705,cz2,cz2
r0011800,69710,cz2,cz2
r0011801,69715,cz2,cz2
r0011802,69719,cz2,cz2
r0011803,69724,cz2,cz2
r0011804,69728,cz2,cz2
r0011805,69733,cz2,cz2
r0011806,69737,cz2,cz2
r0011807,69742,cz2,cz2
r0011808,69747,cz2,cz2
r0011809,69751,cz2,cz2
r0011810,69756,cz2,cz2
r0011811,69760,cz2,cz2
r0011812,69765,cz2,cz2
r0011813,69770,cz2,cz2
r0011814,69774,cz2,cz2
r0011815,69779,cz2,cz2
r0011816,69783,cz2,cz2
r0011817,69788,cz2,cz2
r0011818,69792,cz2,cz2
r0011819,69797,cz2,cz2
r0011820,69802,cz2,cz2
r0011821,69806,cz2,cz2
r0011822,69811,cz2,cz2
r0011823,69815,cz2,cz2
r0011824,69820,cz2,cz2
r0011825,69824,cz2,cz2
r0011826,69829,cz2,cz2
r0011827,69834,cz2,cz2
r0011828,69838,cz2,cz2
r0011829,69843,cz2,cz2
r0011830,69847,cz2,cz2
r0011831,69852,cz2,cz2
r0011832,69856,cz2,cz2
r0011833,69861,cz2,cz3
r0011834,69866,cz2,cz3
r0011835,69870,cz2,cz3
r0011836,69875,cz2,cz3
r0011837,69879,cz2,cz3
r0011838,69884,cz2,cz3
r0011839,69888,cz2,cz3
r0011840,69893,cz2,cz3
r0011841,69898,cz2,cz3
r0011842,69902,cz2,cz3
r0011843,69907,cz2,cz3
r0011844,69911,cz2,cz3
r0011845,69916,cz2,cz3
r0011846,69920,cz2,cz3
r0011847,69925,cz2,cz3
r0011848,69930,cz2,cz3
r0011849,69934,cz2,cz3
r0011850,69939,cz2,cz3
r0011851,69943,cz2,cz3
r0011852,69948,cz2,cz3
r0011853,69952,cz2,cz3
r0011854,69957,cz2,cz3
r0011855,69962,cz2,cz3
r0011856,69966,cz2,cz3
r0011857,69971,cz2,cz3
r0011858,69975,cz2,cz3
r0011859,69980,cz2,cz3
r0011860,69985,cz2,cz3
r0011861,69989,cz2,cz3
r0011862,69994,cz2,cz3
r0011863,69998,cz2,cz3
r0011864,70003,cz2,cz3
r0011865,70007,cz2,cz3
r0011866,70012,cz2,cz3
r0011867,70017,cz2,cz3
r0011868,70021,cz2,cz3
r0011869,70026,cz2,cz3
r0011870,70030,cz2,cz3
r0011871,70035,cz2,cz3
r0011872,70039,cz2,cz3
r0011873,70044,cz2,cz3
r0011874,70049,cz2,cz3
r0011875,70053,cz2,cz3
r0011876,70058,cz2,cz3
r0011877,70062,cz2,cz3
r0011878,70067,cz2,cz3
r0011879,70071,cz2,cz3
r0011880,70076,cz2,cz4
r0011881,70081,cz2,cz4
r0011882,70085,cz2,cz4
r0011883,70090,cz2,cz4
r0011884,70094,cz2,cz4
r0011885,70099,cz2,cz4
r0011886,70103,cz2,cz4
r0011887,70108,cz2,cz4
r0011888,70113,cz2,cz4
r0011889,70117,cz2,cz4
r0011890,70122,cz2,cz4
r0011891,70126,cz2,cz4
r0011892,70131,cz2,cz4
r0011893,70135,cz2,cz4
r0011894,70140,cz2,cz4
r0011895,70145,cz2,cz4
r0011896,70149,cz2,cz4
r0011897,70154,cz2,cz4
r0011898,70158,cz2,cz4
r0011899,70163,cz2,cz4
r0011900,70167,cz2,cz4
r0011901,70172,cz2,cz4
r0011902,70177,cz2,cz4
r0011903,70181,cz2,cz4
r0011904,70186,cz2,cz4
r0011905,70190,cz2,cz4
r0011906,70195,cz2,cz4
r0011907,70200,cz2,cz4
r0011908,70204,cz2,cz4
r0011909,70209,cz2,cz4
r0011910,70213,cz2,cz4
r0011911,70218,cz2,cz4
r0011912,70222,cz2,cz4
r0011913,70227,cz2,cz4
r0011914,70232,cz3,cz1
r0011915,70236,cz3,cz1
r0011916,70241,cz3,cz1
r0011917,70245,cz3,cz1
r0011918,70250,cz3,cz1
r0011919,70254,cz3,cz1
r0011920,70259,cz3,cz1
r0011921,70264,cz3,cz1
r0011922,70268,cz3,cz1
r0011923,70273,cz3,cz1
r0011924,70277,cz3,cz1
r0011925,70282,cz3,cz1
r0011926,70286,cz3,cz1
r0011927,70291,cz3,cz1
r0011928,70296,cz3,cz1
r0011929,70300,cz3,cz1
r0011930,70305,cz3,cz1
r0011931,70309,cz3,cz1
r0011932,70314,cz3,cz1
r0011933,70318,cz3,cz1
r0011934,70323,cz3,cz1
r0011935,70328,cz3,cz1
r0011936,70332,cz3,cz1
r0011937,70337,cz3,cz1
r0011938,70341,cz3,cz1
r0011939,70346,cz3,cz1
r0011940,70350,cz3,cz1
r0011941,70355,cz3,cz1
r0011942,70360,cz3,cz1
r0011943,70364,cz3,cz1
r0011944,70369,cz3,cz1
r0011945,70373,cz3,cz1
r0011946,70378,cz3,cz1
r0011947,70382,cz3,cz1
r0011948,70387,cz3,cz1
r0011949,70392,cz3,cz1
r0011950,70396,cz3,cz1
r0011951,70401,cz3,cz1
r0011952,70405,cz3,cz1
r0011953,70410,cz3,cz1
r0011954,70414,cz3,cz1
r0011955,70419,cz3,cz1
r0011956,70424,cz3,cz1
r0011957,70428,cz3,cz1
r0011958,70433,cz3,cz1
r0011959,70437,cz3,cz1
r0011960,70442,cz3,cz1
r0011961,70447,cz3,cz1
r0011962,70451,cz3,cz1
r0011963,70456,cz3,cz1
r0011964,70460,cz3,cz1
r0011965,70465,cz3,cz1
r0011966,70469,cz3,cz1
r0011967,70474,cz3,cz1
r0011968,70479,cz3,cz1
r0011969,70483,cz3,cz1
r0011970,70488,cz3,cz1
r0011971,70492,cz3,cz1
r0011972,70497,cz3,cz1
r0011973,70501,cz3,cz1
r0011974,70506,cz3,cz1
r0011975,70511,cz3,cz1
r0011976,70515,cz3,cz1
r0011977,70520,cz3,cz1
r0011978,70524,cz3,cz1
r0011979,70529,cz3,cz2
r0011980,70533,cz3,cz2
r0011981,70538,cz3,cz2
r0011982,70543,cz3,cz2
r0011983,70547,cz3,cz2
r0011984,70552,cz3,cz2
r0011985,70556,cz3,cz2
r0011986,70561,cz3,cz2
r0011987,70565,cz3,cz2
r0011988,70570,cz3,cz2
r0011989,70575,cz3,cz2
r0011990,70579,cz3,cz2
r0011991,70584,cz3,cz2
r0011992,70588,cz3,cz2
r0011993,70593,cz3,cz2
r0011994,70597,cz3,cz2
r0011995,70602,cz3,cz2
r0011996,70607,cz3,cz2
r0011997,70611,cz3,cz2
r0011998,70616,cz3,cz2
r0011999,70620,cz3,cz2
r0012000,70625,cz3,cz2
r0012001,70629,cz3,cz2
r0012002,70634,cz3,cz2
r0012003,70639,cz3,cz2
r0012004,70643,cz3,cz2
r0012005,70648,cz3,cz2
r0012006,70652,cz3,cz2
r0012007,70657,cz3,cz2
r0012008,70662,cz3,cz2
r0012009,70666,cz3,cz2
r0012010,70671,cz3,cz2
r0012011,70675,cz3,cz2
r0012012,70680,cz3,cz2
r0012013,70684,cz3,cz2
r0012014,70689,cz3,cz2
r0012015,70694,cz3,cz2
r0012016,70698,cz3,cz2
r0012017,70703,cz3,cz2
r0012018,70707,cz3,cz2
r0012019,70712,cz3,cz2
r0012020,70716,cz3,cz2
r0012021,70721,cz3,cz2
r0012022,70726,cz3,cz2
r0012023,70730,cz3,cz2
r0012024,70735,cz3,cz2
r0012025,70739,cz3,cz3
r0012026,70744,cz3,cz3
r0012027,70748,cz3,cz3
r0012028,70753,cz3,cz3
r0012029,70758,cz3,cz3
r0012030,70762,cz3,cz3
r0012031,70767,cz3,cz3
r0012032,70771,cz3,cz3
r0012033,70776,cz3,cz3
r0012034,70780,cz3,cz3
r0012035,70785,cz3,cz3
r0012036,70790,cz3,cz3
r0012037,70794,cz3,cz3
r0012038,70799,cz3,cz3
r0012039,70803,cz3,cz3
r0012040,70808,cz3,cz3
r0012041,70812,cz3,cz3
r0012042,70817,cz3,cz3
r0012043,70822,cz3,cz3
r0012044,70826,cz3,cz3
r0012045,70831,cz3,cz3
r0012046,70835,cz3,cz3
r0012047,70840,cz3,cz3
r0012048,70844,cz3,cz3
r0012049,70849,cz3,cz3
r0012050,70854,cz3,cz3
r0012051,70858,cz3,cz3
r0012052,70863,cz3,cz3
r0012053,70867,cz3,cz3
r0012054,70872,cz3,cz3
r0012055,70877,cz3,cz3
r0012056,70881,cz3,cz3
r0012057,70886,cz3,cz3
r0012058,70890,cz3,cz3
r0012059,70895,cz3,cz3
r0012060,70899,cz3,cz3
r0012061,70904,cz3,cz3
r0012062,70909,cz3,cz3
r0012063,70913,cz3,cz3
r0012064,70918,cz3,cz3
r0012065,70922,cz3,cz3
r0012066,70927,cz3,cz3
r0012067,70931,cz3,cz3
r0012068,70936,cz3,cz3
r0012069,70941,cz3,cz3
r0012070,70945,cz3,cz3
r0012071,70950,cz3,cz3
r0012072,70954,cz3,cz3
r0012073,70959,cz3,cz3
r0012074,70963,cz3,cz3
r0012075,70968,cz3,cz3
r0012076,70973,cz3,cz3
r0012077,70977,cz3,cz3
r0012078,70982,cz3,cz3
r0012079,70986,cz3,cz3
r0012080,70991,cz3,cz3
r0012081,70995,cz3,cz3
r0012082,71000,cz3,cz3
r0012083,71005,cz3,cz3
r0012084,71009,cz3,cz3
r0012085,71014,cz3,cz3
r0012086,71018,cz3,cz3
r0012087,71023,cz3,cz3
r0012088,71027,cz3,cz3
r0012089,71032,cz3,cz3
r0012090,71037,cz3,cz3
r0012091,71041,cz3,cz3
r0012092,71046,cz3,cz3
r0012093,71050,cz3,cz3
r0012094,71055,cz3,cz4
r0012095,71059,cz3,cz4
r0012096,71064,cz3,cz4
r0012097,71069,cz3,cz4
r0012098,71073,cz3,cz4
r0012099,71078,cz3,cz4
r0012100,71082,cz3,cz4
r0012101,71087,cz3,cz4
r0012102,71091,cz3,cz4
r0012103,71096,cz3,cz4
r0012104,71101,cz3,cz4
r0012105,71105,cz3,cz4
r0012106,71110,cz3,cz4
r0012107,71114,cz3,cz4
r0012108,71119,cz3,cz4
r0012109,71124,cz3,cz4
r0012110,71128,cz3,cz4
r0012111,71133,cz3,cz4
r0012112,71137,cz3,cz4
r0012113,71142,cz3,cz4
r0012114,71146,cz3,cz4
r0012115,71151,cz3,cz4
r0012116,71156,cz3,cz4
r0012117,71160,cz3,cz4
r0012118,71165,cz3,cz4
r0012119,71169,cz3,cz4
r0012120,71174,cz3,cz4
r0012121,71178,cz3,cz4
r0012122,71183,cz3,cz4
r0012123,71188,cz3,cz4
r0012124,71192,cz3,cz4
r0012125,71197,cz3,cz4
r0012126,71201,cz3,cz4
r0012127,71206,cz3,cz4
r0012128,71210,cz3,cz4
r0012129,71215,cz3,cz4
r0012130,71220,cz3,cz4
r0012131,71224,cz3,cz4
r0012132,71229,cz3,cz4
r0012133,71233,cz3,cz4
r0012134,71238,cz3,cz4
r0012135,71242,cz3,cz4
r0012136,71247,cz3,cz4
r0012137,71252,cz3,cz4
r0012138,71256,cz3,cz4
r0012139,71261,cz3,cz4
r0012140,71265,cz4,cz1
r0012141,71270,cz4,cz1
r0012142,71274,cz4,cz1
r0012143,71279,cz4,cz1
r0012144,71284,cz4,cz1
r0012145,71288,cz4,cz1
r0012146,71293,cz4,cz1
r0012147,71297,cz4,cz1
r0012148,71302,cz4,cz1
r0012149,71306,cz4,cz1
r0012150,71311,cz4,cz1
r0012151,71316,cz4,cz1
r0012152,71320,cz4,cz1
r0012153,71325,cz4,cz1
r0012154,71329,cz4,cz1
r0012155,71334,cz4,cz1
r0012156,71339,cz4,cz1
r0012157,71343,cz4,cz1
r0012158,71348,cz4,cz1
r0012159,71352,cz4,cz1
r0012160,71357,cz4,cz1
r0012161,71361,cz4,cz1
r0012162,71366,cz4,cz1
r0012163,71371,cz4,cz1
r0012164,71375,cz4,cz1
r0012165,71380,cz4,cz1
r0012166,71384,cz4,cz1
r0012167,71389,cz4,cz1
r0012168,71393,cz4,cz1
r0012169,71398,cz4,cz1
r0012170,71403,cz4,cz1
r0012171,71407,cz4,cz1
r0012172,71412,cz4,cz1
r0012173,71416,cz4,cz1
r0012174,71421,cz4,cz1
r0012175,71425,cz4,cz1
r0012176,71430,cz4,cz1
r0012177,71435,cz4,cz1
r0012178,71439,cz4,cz1
r0012179,71444,cz4,cz1
r0012180,71448,cz4,cz1
r0012181,71453,cz4,cz1
r0012182,71457,cz4,cz1
r0012183,71462,cz4,cz1
r0012184,71467,cz4,cz1
r0012185,71471,cz4,cz1
r0012186,71476,cz4,cz2
r0012187,71480,cz4,cz2
r0012188,71485,cz4,cz2
r0012189,71489,cz4,cz2
r0012190,71494,cz4,cz2
r0012191,71499,cz4,cz2
r0012192,71503,cz4,cz2
r0012193,71508,cz4,cz2
r0012194,71512,cz4,cz2
r0012195,71517,cz4,cz2
r0012196,71521,cz4,cz2
r0012197,71526,cz4,cz2
r0012198,71531,cz4,cz2
r0012199,71535,cz4,cz2
r0012200,71540,cz4,cz2
r0012201,71544,cz4,cz2
r0012202,71549,cz4,cz2
r0012203,71554,cz4,cz2
r0012204,71558,cz4,cz2
r0012205,71563,cz4,cz2
r0012206,71567,cz4,cz2
r0012207,71572,cz4,cz2
r0012208,71576,cz4,cz2
r0012209,71581,cz4,cz2
r0012210,71586,cz4,cz2
r0012211,71590,cz4,cz2
r0012212,71595,cz4,cz2
r0012213,71599,cz4,cz2
r0012214,71604,cz4,cz2
r0012215,71608,cz4,cz2
r0012216,71613,cz4,cz2
r0012217,71618,cz4,cz2
r0012218,71622,cz4,cz2
r0012219,71627,cz4,cz2
r0012220,71631,cz4,cz3
r0012221,71636,cz4,cz3
r0012222,71640,cz4,cz3
r0012223,71645,cz4,cz3
r0012224,71650,cz4,cz3
r0012225,71654,cz4,cz3
r0012226,71659,cz4,cz3
r0012227,71663,cz4,cz3
r0012228,71668,cz4,cz3
r0012229,71672,cz4,cz3
r0012230,71677,cz4,cz3
r0012231,71682,cz4,cz3
r0012232,71686,cz4,cz3
r0012233,71691,cz4,cz3
r0012234,71695,cz4,cz3
r0012235,71700,cz4,cz3
r0012236,71704,cz4,cz3
r0012237,71709,cz4,cz3
r0012238,71714,cz4,cz3
r0012239,71718,cz4,cz3
r0012240,71723,cz4,cz3
r0012241,71727,cz4,cz3
r0012242,71732,cz4,cz3
r0012243,71736,cz4,cz3
r0012244,71741,cz4,cz3
r0012245,71746,cz4,cz3
r0012246,71750,cz4,cz3
r0012247,71755,cz4,cz3
r0012248,71759,cz4,cz3
r0012249,71764,cz4,cz3
r0012250,71768,cz4,cz3
r0012251,71773,cz4,cz3
r0012252,71778,cz4,cz3
r0012253,71782,cz4,cz3
r0012254,71787,cz4,cz3
r0012255,71791,cz4,cz3
r0012256,71796,cz4,cz3
r0012257,71801,cz4,cz3
r0012258,71805,cz4,cz3
r0012259,71810,cz4,cz3
r0012260,71814,cz4,cz3
r0012261,71819,cz4,cz3
r0012262,71823,cz4,cz3
r0012263,71828,cz4,cz3
r0012264,71833,cz4,cz3
r0012265,71837,cz4,cz3
r0012266,71842,cz4,cz3
r0012267,71846,cz4,cz3
r0012268,71851,cz4,cz4
r0012269,71855,cz4,cz4
r0012270,71860,cz4,cz4
r0012271,71865,cz4,cz4
r0012272,71869,cz4,cz4
r0012273,71874,cz4,cz4
r0012274,71878,cz4,cz4
r0012275,71883,cz4,cz4
r0012276,71887,cz4,cz4
r0012277,71892,cz4,cz4
r0012278,71897,cz4,cz4
r0012279,71901,cz4,cz4
r0012280,71906,cz4,cz4
r0012281,71910,cz4,cz4
r0012282,71915,cz4,cz4
r0012283,71919,cz4,cz4
r0012284,71924,cz4,cz4
r0012285,71929,cz4,cz4
r0012286,71933,cz4,cz4
r0012287,71938,cz4,cz4
r0012288,71942,cz4,cz4
r0012289,71947,cz4,cz4
r0012290,71951,cz4,cz4
r0012291,71956,cz4,cz4
r0012292,71961,cz4,cz4
r0012293,71965,cz4,cz4
r0012294,71970,cz4,cz4
r0012295,71974,cz4,cz4
r0012296,71979,cz4,cz4
r0012297,71983,cz4,cz4
r0012298,71988,cz4,cz4
r0012299,71993,cz4,cz4
r0012300,71997,cz4,cz4
r0012301,72003,cz1,cz1
r0012302,72009,cz1,cz1
r0012303,72016,cz1,cz1
r0012304,72022,cz1,cz1
r0012305,72029,cz1,cz1
r0012306,72035,cz1,cz1
r0012307,72042,cz1,cz1
r0012308,72048,cz1,cz1
r0012309,72055,cz1,cz1
r0012310,72061,cz1,cz1
r0012311,72068,cz1,cz1
r0012312,72074,cz1,cz1
r0012313,72081,cz1,cz1
r0012314,72087,cz1,cz1
r0012315,72094,cz1,cz1
r0012316,72100,cz1,cz1
r0012317,72107,cz1,cz1
r0012318,72113,cz1,cz1
r0012319,72120,cz1,cz1
r0012320,72126,cz1,cz1
r0012321,72132,cz1,cz1
r0012322,72139,cz1,cz1
r0012323,72145,cz1,cz1
r0012324,72152,cz1,cz1
r0012325,72158,cz1,cz1
r0012326,72165,cz1,cz1
r0012327,72171,cz1,cz1
r0012328,72178,cz1,cz1
r0012329,72184,cz1,cz1
r0012330,72191,cz1,cz1
r0012331,72197,cz1,cz1
r0012332,72204,cz1,cz1
r0012333,72210,cz1,cz1
r0012334,72217,cz1,cz1
r0012335,72223,cz1,cz1
r0012336,72230,cz1,cz1
r0012337,72236,cz1,cz1
r0012338,72243,cz1,cz1
r0012339,72249,cz1,cz1
r0012340,72256,cz1,cz1
r0012341,72262,cz1,cz1
r0012342,72269,cz1,cz1
r0012343,72275,cz1,cz1
r0012344,72282,cz1,cz1
r0012345,72288,cz1,cz2
r0012346,72295,cz1,cz2
r0012347,72301,cz1,cz2
r0012348,72308,cz1,cz2
r0012349,72314,cz1,cz2
r0012350,72321,cz1,cz2
r0012351,72327,cz1,cz2
r0012352,72334,cz1,cz2
r0012353,72340,cz1,cz2
r0012354,72347,cz1,cz2
r0012355,72353,cz1,cz2
r0012356,72360,cz1,cz2
r0012357,72366,cz1,cz2
r0012358,72372,cz1,cz2
r0012359,72379,cz1,cz2
r0012360,72385,cz1,cz2
r0012361,72392,cz1,cz2
r0012362,72398,cz1,cz2
r0012363,72405,cz1,cz2
r0012364,72411,cz1,cz2
r0012365,72418,cz1,cz2
r0012366,72424,cz1,cz2
r0012367,72431,cz1,cz2
r0012368,72437,cz1,cz2
r0012369,72444,cz1,cz2
r0012370,72450,cz1,cz2
r0012371,72457,cz1,cz2
r0012372,72463,cz1,cz2
r0012373,72470,cz1,cz2
r0012374,72476,cz1,cz2
r0012375,72483,cz1,cz2
r0012376,72489,cz1,cz2
r0012377,72496,cz1,cz2
r0012378,72502,cz1,cz2
r0012379,72509,cz1,cz3
r0012380,72515,cz1,cz3
r0012381,72522,cz1,cz3
r0012382,72528,cz1,cz3
r0012383,72535,cz1,cz3
r0012384,72541,cz1,cz3
r0012385,72548,cz1,cz3
r0012386,72554,cz1,cz3
r0012387,72561,cz1,cz3
r0012388,72567,cz1,cz3
r0012389,72574,cz1,cz3
r0012390,72580,cz1,cz3
r0012391,72587,cz1,cz3
r0012392,72593,cz1,cz3
r0012393,72600,cz1,cz3
r0012394,72606,cz1,cz3
r0012395,72612,cz1,cz3
r0012396,72619,cz1,cz3
r0012397,72625,cz1,cz3
r0012398,72632,cz1,cz3
r0012399,72638,cz1,cz3
r0012400,72645,cz1,cz3
r0012401,72651,cz1,cz3
r0012402,72658,cz1,cz3
r0012403,72664,cz1,cz3
r0012404,72671,cz1,cz3
r0012405,72677,cz1,cz3
r0012406,72684,cz1,cz3
r0012407,72690,cz1,cz3
r0012408,72697,cz1,cz3
r0012409,72703,cz1,cz3
r0012410,72710,cz1,cz3
r0012411,72716,cz1,cz3
r0012412,72723,cz1,cz3
r0012413,72729,cz1,cz3
r0012414,72736,cz1,cz3
r0012415,72742,cz1,cz3
r0012416,72749,cz1,cz3
r0012417,72755,cz1,cz3
r0012418,72762,cz1,cz3
r0012419,72768,cz1,cz3
r0012420,72775,cz1,cz3
r0012421,72781,cz1,cz3
r0012422,72788,cz1,cz3
r0012423,72794,cz1,cz3
r0012424,72801,cz1,cz3
r0012425,72807,cz1,cz4
r0012426,72814,cz1,cz4
r0012427,72820,cz1,cz4
r0012428,72827,cz1,cz4
r0012429,72833,cz1,cz4
r0012430,72840,cz1,cz4
r0012431,72846,cz1,cz4
r0012432,72852,cz1,cz4
r0012433,72859,cz1,cz4
r0012434,72865,cz1,cz4
r0012435,72872,cz1,cz4
r0012436,72878,cz1,cz4
r0012437,72885,cz1,cz4
r0012438,72891,cz1,cz4
r0012439,72898,cz1,cz4
r0012440,72904,cz1,cz4
r0012441,72911,cz1,cz4
r0012442,72917,cz1,cz4
r0012443,72924,cz1,cz4
r0012444,72930,cz1,cz4
r0012445,72937,cz1,cz4
r0012446,72943,cz1,cz4
r0012447,72950,cz1,cz4
r0012448,72956,cz1,cz4
r0012449,72963,cz1,cz4
r0012450,72969,cz1,cz4
r0012451,72976,cz1,cz4
r0012452,72982,cz1,cz4
r0012453,72989,cz1,cz4
r0012454,72995,cz1,cz4
r0012455,73002,cz1,cz4
r0012456,73008,cz1,cz4
r0012457,73015,cz2,cz1
r0012458,73021,cz2,cz1
r0012459,73028,cz2,cz1
r0012460,73034,cz2,cz1
r0012461,73041,cz2,cz1
r0012462,73047,cz2,cz1
r0012463,73054,cz2,cz1
r0012464,73060,cz2,cz1
r0012465,73067,cz2,cz1
r0012466,73073,cz2,cz1
r0012467,73080,cz2,cz1
r0012468,73086,cz2,cz1
r0012469,73092,cz2,cz1
r0012470,73099,cz2,cz1
r0012471,73105,cz2,cz1
r0012472,73112,cz2,cz1
r0012473,73118,cz2,cz1
r0012474,73125,cz2,cz1
r0012475,73131,cz2,cz1
r0012476,73138,cz2,cz1
r0012477,73144,cz2,cz1
r0012478,73151,cz2,cz1
r0012479,73157,cz2,cz1
r0012480,73164,cz2,cz1
r0012481,73170,cz2,cz1
r0012482,73177,cz2,cz1
r0012483,73183,cz2,cz1
r0012484,73190,cz2,cz1
r0012485,73196,cz2,cz1
r0012486,73203,cz2,cz1
r0012487,73209,cz2,cz1
r0012488,73216,cz2,cz1
r0012489,73222,cz2,cz1
r0012490,73229,cz2,cz1
r0012491,73235,cz2,cz1
r0012492,73242,cz2,cz2
r0012493,73248,cz2,cz2
r0012494,73255,cz2,cz2
r0012495,73261,cz2,cz2
r0012496,73268,cz2,cz2
r0012497,73274,cz2,cz2
r0012498,73281,cz2,cz2
r0012499,73287,cz2,cz2
r0012500,73294,cz2,cz2
r0012501,73300,cz2,cz2
r0012502,73307,cz2,cz2
r0012503,73313,cz2,cz2
r0012504,73320,cz2,cz2
r0012505,73326,cz2,cz2
r0012506,73332,cz2,cz2
r0012507,73339,cz2,cz2
r0012508,73345,cz2,cz2
r0012509,73352,cz2,cz2
r0012510,73358,cz2,cz2
r0012511,73365,cz2,cz2
r0012512,73371,cz2,cz2
r0012513,73378,cz2,cz2
r0012514,73384,cz2,cz2
r0012515,73391,cz2,cz2
r0012516,73397,cz2,cz2
r0012517,73404,cz2,cz2
r0012518,73410,cz2,cz2
r0012519,73417,cz2,cz2
r0012520,73423,cz2,cz2
r0012521,73430,cz2,cz2
r0012522,73436,cz2,cz2
r0012523,73443,cz2,cz2
r0012524,73449,cz2,cz2
r0012525,73456,cz2,cz2
r0012526,73462,cz2,cz3
r0012527,73469,cz2,cz3
r0012528,73475,cz2,cz3
r0012529,73482,cz2,cz3
r0012530,73488,cz2,cz3
r0012531,73495,cz2,cz3
r0012532,73501,cz2,cz3
r0012533,73508,cz2,cz3
r0012534,73514,cz2,cz3
r0012535,73521,cz2,cz3
r0012536,73527,cz2,cz3
r0012537,73534,cz2,cz3
r0012538,73540,cz2,cz3
r0012539,73547,cz2,cz3
r0012540,73553,cz2,cz3
r0012541,73560,cz2,cz3
r0012542,73566,cz2,cz3
r0012543,73572,cz2,cz3
r0012544,73579,cz2,cz3
r0012545,73585,cz2,cz3
r0012546,73592,cz2,cz3
r0012547,73598,cz2,cz3
r0012548,73605,cz2,cz3
r0012549,73611,cz2,cz3
r0012550,73618,cz2,cz3
r0012551,73624,cz2,cz3
r0012552,73631,cz2,cz3
r0012553,73637,cz2,cz3
r0012554,73644,cz2,cz3
r0012555,73650,cz2,cz3
r0012556,73657,cz2,cz3
r0012557,73663,cz2,cz3
r0012558,73670,cz2,cz3
r0012559,73676,cz2,cz4
r0012560,73683,cz2,cz4
r0012561,73689,cz2,cz4
r0012562,73696,cz2,cz4
r0012563,73702,cz2,cz4
r0012564,73709,cz2,cz4
r0012565,73715,cz2,cz4
r0012566,73722,cz2,cz4
r0012567,73728,cz2,cz4
r0012568,73735,cz2,cz4
r0012569,73741,cz2,cz4
r0012570,73748,cz2,cz4
r0012571,73754,cz2,cz4
r0012572,73761,cz2,cz4
r0012573,73767,cz2,cz4
r0012574,73774,cz2,cz4
r0012575,73780,cz2,cz4
r0012576,73787,cz2,cz4
r0012577,73793,cz2,cz4
r0012578,73800,cz2,cz4
r0012579,73806,cz2,cz4
r0012580,73812,cz2,cz4
r0012581,73819,cz2,cz4
r0012582,73825,cz2,cz4
r0012583,73832,cz3,cz1
r0012584,73838,cz3,cz1
r0012585,73845,cz3,cz1
r0012586,73851,cz3,cz1
r0012587,73858,cz3,cz1
r0012588,73864,cz3,cz1
r0012589,73871,cz3,cz1
r0012590,73877,cz3,cz1
r0012591,73884,cz3,cz1
r0012592,73890,cz3,cz1
r0012593,73897,cz3,cz1
r0012594,73903,cz3,cz1
r0012595,73910,cz3,cz1
r0012596,73916,cz3,cz1
r0012597,73923,cz3,cz1
r0012598,73929,cz3,cz1
r0012599,73936,cz3,cz1
r0012600,73942,cz3,cz1
r0012601,73949,cz3,cz1
r0012602,73955,cz3,cz1
r0012603,73962,cz3,cz1
r0012604,73968,cz3,cz1
r0012605,73975,cz3,cz1
r0012606,73981,cz3,cz1
r0012607,73988,cz3,cz1
r0012608,73994,cz3,cz1
r0012609,74001,cz3,cz1
r0012610,74007,cz3,cz1
r0012611,74014,cz3,cz1
r0012612,74020,cz3,cz1
r0012613,74027,cz3,cz1
r0012614,74033,cz3,cz1
r0012615,74040,cz3,cz1
r0012616,74046,cz3,cz1
r0012617,74052,cz3,cz1
r0012618,74059,cz3,cz1
r0012619,74065,cz3,cz1
r0012620,74072,cz3,cz1
r0012621,74078,cz3,cz1
r0012622,74085,cz3,cz1
r0012623,74091,cz3,cz1
r0012624,74098,cz3,cz1
r0012625,74104,cz3,cz1
r0012626,74111,cz3,cz1
r0012627,74117,cz3,cz1
r0012628,74124,cz3,cz1
r0012629,74130,cz3,cz2
r0012630,74137,cz3,cz2
r0012631,74143,cz3,cz2
r0012632,74150,cz3,cz2
r0012633,74156,cz3,cz2
r0012634,74163,cz3,cz2
r0012635,74169,cz3,cz2
r0012636,74176,cz3,cz2
r0012637,74182,cz3,cz2
r0012638,74189,cz3,cz2
r0012639,74195,cz3,cz2
r0012640,74202,cz3,cz2
r0012641,74208,cz3,cz2
r0012642,74215,cz3,cz2
r0012643,74221,cz3,cz2
r0012644,74228,cz3,cz2
r0012645,74234,cz3,cz2
r0012646,74241,cz3,cz2
r0012647,74247,cz3,cz2
r0012648,74254,cz3,cz2
r0012649,74260,cz3,cz2
r0012650,74267,cz3,cz2
r0012651,74273,cz3,cz2
r0012652,74280,cz3,cz2
r0012653,74286,cz3,cz2
r0012654,74292,cz3,cz2
r0012655,74299,cz3,cz2
r0012656,74305,cz3,cz2
r0012657,74312,cz3,cz2
r0012658,74318,cz3,cz2
r0012659,74325,cz3,cz2
r0012660,74331,cz3,cz2
r0012661,74338,cz3,cz3
r0012662,74344,cz3,cz3
r0012663,74351,cz3,cz3
r0012664,74357,cz3,cz3
r0012665,74364,cz3,cz3
r0012666,74370,cz3,cz3
r0012667,74377,cz3,cz3
r0012668,74383,cz3,cz3
r0012669,74390,cz3,cz3
r0012670,74396,cz3,cz3
r0012671,74403,cz3,cz3
r0012672,74409,cz3,cz3
r0012673,74416,cz3,cz3
r0012674,74422,cz3,cz3
r0012675,74429,cz3,cz3
r0012676,74435,cz3,cz3
r0012677,74442,cz3,cz3
r0012678,74448,cz3,cz3
r0012679,74455,cz3,cz3
r0012680,74461,cz3,cz3
r0012681,74468,cz3,cz3
r0012682,74474,cz3,cz3
r0012683,74481,cz3,cz3
r0012684,74487,cz3,cz3
r0012685,74494,cz3,cz3
r0012686,74500,cz3,cz3
r0012687,74507,cz3,cz3
r0012688,74513,cz3,cz3
r0012689,74520,cz3,cz3
r0012690,74526,cz3,cz3
r0012691,74532,cz3,cz3
r0012692,74539,cz3,cz3
r0012693,74545,cz3,cz3
r0012694,74552,cz3,cz3
r0012695,74558,cz3,cz3
r0012696,74565,cz3,cz3
r0012697,74571,cz3,cz3
r0012698,74578,cz3,cz3
r0012699,74584,cz3,cz3
r0012700,74591,cz3,cz3
r0012701,74597,cz3,cz3
r0012702,74604,cz3,cz3
r0012703,74610,cz3,cz3
r0012704,74617,cz3,cz3
r0012705,74623,cz3,cz3
r0012706,74630,cz3,cz3
r0012707,74636,cz3,cz3
r0012708,74643,cz3,cz3
r0012709,74649,cz3,cz3
r0012710,74656,cz3,cz4
r0012711,74662,cz3,cz4
r0012712,74669,cz3,cz4
r0012713,74675,cz3,cz4
r0012714,74682,cz3,cz4
r0012715,74688,cz3,cz4
r0012716,74695,cz3,cz4
r0012717,74701,cz3,cz4
r0012718,74708,cz3,cz4
r0012719,74714,cz3,cz4
r0012720,74721,cz3,cz4
r0012721,74727,cz3,cz4
r0012722,74734,cz3,cz4
r0012723,74740,cz3,cz4
r0012724,74747,cz3,cz4
r0012725,74753,cz3,cz4
r0012726,74760,cz3,cz4
r0012727,74766,cz3,cz4
r0012728,74772,cz3,cz4
r0012729,74779,cz3,cz4
r0012730,74785,cz3,cz4
r0012731,74792,cz3,cz4
r0012732,74798,cz3,cz4
r0012733,74805,cz3,cz4
r0012734,74811,cz3,cz4
r0012735,74818,cz3,cz4
r0012736,74824,cz3,cz4
r0012737,74831,cz3,cz4
r0012738,74837,cz3,cz4
r0012739,74844,cz3,cz4
r0012740,74850,cz3,cz4
r0012741,74857,cz3,cz4
r0012742,74863,cz3,cz4
r0012743,74870,cz4,cz1
r0012744,74876,cz4,cz1
r0012745,74883,cz4,cz1
r0012746,74889,cz4,cz1
r0012747,74896,cz4,cz1
r0012748,74902,cz4,cz1
r0012749,74909,cz4,cz1
r0012750,74915,cz4,cz1
r0012751,74922,cz4,cz1
r0012752,74928,cz4,cz1
r0012753,74935,cz4,cz1
r0012754,74941,cz4,cz1
r0012755,74948,cz4,cz1
r0012756,74954,cz4,cz1
r0012757,74961,cz4,cz1
r0012758,74967,cz4,cz1
r0012759,74974,cz4,cz1
r0012760,74980,cz4,cz1
r0012761,74987,cz4,cz1
r0012762,74993,cz4,cz1
r0012763,75000,cz4,cz1
r0012764,75006,cz4,cz1
r0012765,75012,cz4,cz1
r0012766,75019,cz4,cz1
r0012767,75025,cz4,cz1
r0012768,75032,cz4,cz1
r0012769,75038,cz4,cz1
r0012770,75045,cz4,cz1
r0012771,75051,cz4,cz1
r0012772,75058,cz4,cz1
r0012773,75064,cz4,cz1
r0012774,75071,cz4,cz1
r0012775,75077,cz4,cz2
r0012776,75084,cz4,cz2
r0012777,75090,cz4,cz2
r0012778,75097,cz4,cz2
r0012779,75103,cz4,cz2
r0012780,75110,cz4,cz2
r0012781,75116,cz4,cz2
r0012782,75123,cz4,cz2
r0012783,75129,cz4,cz2
r0012784,75136,cz4,cz2
r0012785,75142,cz4,cz2
r0012786,75149,cz4,cz2
r0012787,75155,cz4,cz2
r0012788,75162,cz4,cz2
r0012789,75168,cz4,cz2
r0012790,75175,cz4,cz2
r0012791,75181,cz4,cz2
r0012792,75188,cz4,cz2
r0012793,75194,cz4,cz2
r0012794,75201,cz4,cz2
r0012795,75207,cz4,cz2
r0012796,75214,cz4,cz2
r0012797,75220,cz4,cz2
r0012798,75227,cz4,cz2
r0012799,75233,cz4,cz3
r0012800,75240,cz4,cz3
r0012801,75246,cz4,cz3
r0012802,75252,cz4,cz3
r0012803,75259,cz4,cz3
r0012804,75265,cz4,cz3
r0012805,75272,cz4,cz3
r0012806,75278,cz4,cz3
r0012807,75285,cz4,cz3
r0012808,75291,cz4,cz3
r0012809,75298,cz4,cz3
r0012810,75304,cz4,cz3
r0012811,75311,cz4,cz3
r0012812,75317,cz4,cz3
r0012813,75324,cz4,cz3
r0012814,75330,cz4,cz3
r0012815,75337,cz4,cz3
r0012816,75343,cz4,cz3
r0012817,75350,cz4,cz3
r0012818,75356,cz4,cz3
r0012819,75363,cz4,cz3
r0012820,75369,cz4,cz3
r0012821,75376,cz4,cz3
r0012822,75382,cz4,cz3
r0012823,75389,cz4,cz3
r0012824,75395,cz4,cz3
r0012825,75402,cz4,cz3
r0012826,75408,cz4,cz3
r0012827,75415,cz4,cz3
r0012828,75421,cz4,cz3
r0012829,75428,cz4,cz3
r0012830,75434,cz4,cz3
r0012831,75441,cz4,cz3
r0012832,75447,cz4,cz3
r0012833,75454,cz4,cz4
r0012834,75460,cz4,cz4
r0012835,75467,cz4,cz4
r0012836,75473,cz4,cz4
r0012837,75480,cz4,cz4
r0012838,75486,cz4,cz4
r0012839,75492,cz4,cz4
r0012840,75499,cz4,cz4
r0012841,75505,cz4,cz4
r0012842,75512,cz4,cz4
r0012843,75518,cz4,cz4
r0012844,75525,cz4,cz4
r0012845,75531,cz4,cz4
r0012846,75538,cz4,cz4
r0012847,75544,cz4,cz4
r0012848,75551,cz4,cz4
r0012849,75557,cz4,cz4
r0012850,75564,cz4,cz4
r0012851,75570,cz4,cz4
r0012852,75577,cz4,cz4
r0012853,75583,cz4,cz4
r0012854,75590,cz4,cz4
r0012855,75596,cz4,cz4
r0012856,75603,cz1,cz1
r0012857,75611,cz1,cz1
r0012858,75619,cz1,cz1
r0012859,75627,cz1,cz1
r0012860,75635,cz1,cz1
r0012861,75643,cz1,cz1
r0012862,75651,cz1,cz1
r0012863,75659,cz1,cz1
r0012864,75667,cz1,cz1
r0012865,75675,cz1,cz1
r0012866,75683,cz1,cz1
r0012867,75691,cz1,cz1
r0012868,75699,cz1,cz1
r0012869,75707,cz1,cz1
r0012870,75715,cz1,cz1
r0012871,75723,cz1,cz1
r0012872,75731,cz1,cz1
r0012873,75739,cz1,cz1
r0012874,75747,cz1,cz1
r0012875,75754,cz1,cz1
r0012876,75762,cz1,cz1
r0012877,75770,cz1,cz1
r0012878,75778,cz1,cz1
r0012879,75786,cz1,cz1
r0012880,75794,cz1,cz1
r0012881,75802,cz1,cz1
r0012882,75810,cz1,cz1
r0012883,75818,cz1,cz1
r0012884,75826,cz1,cz1
r0012885,75834,cz1,cz1
r0012886,75842,cz1,cz1
r0012887,75850,cz1,cz1
r0012888,75858,cz1,cz1
r0012889,75866,cz1,cz1
r0012890,75874,cz1,cz1
r0012891,75882,cz1,cz1
r0012892,75890,cz1,cz2
r0012893,75898,cz1,cz2
r0012894,75905,cz1,cz2
r0012895,75913,cz1,cz2
r0012896,75921,cz1,cz2
r0012897,75929,cz1,cz2
r0012898,75937,cz1,cz2
r0012899,75945,cz1,cz2
r0012900,75953,cz1,cz2
r0012901,75961,cz1,cz2
r0012902,75969,cz1,cz2
r0012903,75977,cz1,cz2
r0012904,75985,cz1,cz2
r0012905,75993,cz1,cz2
r0012906,76001,cz1,cz2
r0012907,76009,cz1,cz2
r0012908,76017,cz1,cz2
r0012909,76025,cz1,cz2
r0012910,76033,cz1,cz2
r0012911,76041,cz1,cz2
r0012912,76049,cz1,cz2
r0012913,76056,cz1,cz2
r0012914,76064,cz1,cz2
r0012915,76072,cz1,cz2
r0012916,76080,cz1,cz2
r0012917,76088,cz1,cz2
r0012918,76096,cz1,cz2
r0012919,76104,cz1,cz2
r0012920,76112,cz1,cz3
r0012921,76120,cz1,cz3
r0012922,76128,cz1,cz3
r0012923,76136,cz1,cz3
r0012924,76144,cz1,cz3
r0012925,76152,cz1,cz3
r0012926,76160,cz1,cz3
r0012927,76168,cz1,cz3
r0012928,76176,cz1,cz3
r0012929,76184,cz1,cz3
r0012930,76192,cz1,cz3
r0012931,76200,cz1,cz3
r0012932,76207,cz1,cz3
r0012933,76215,cz1,cz3
r0012934,76223,cz1,cz3
r0012935,76231,cz1,cz3
r0012936,76239,cz1,cz3
r0012937,76247,cz1,cz3
r0012938,76255,cz1,cz3
r0012939,76263,cz1,cz3
r0012940,76271,cz1,cz3
r0012941,76279,cz1,cz3
r0012942,76287,cz1,cz3
r0012943,76295,cz1,cz3
r0012944,76303,cz1,cz3
r0012945,76311,cz1,cz3
r0012946,76319,cz1,cz3
r0012947,76327,cz1,cz3
r0012948,76335,cz1,cz3
r0012949,76343,cz1,cz3
r0012950,76350,cz1,cz3
r0012951,76358,cz1,cz3
r0012952,76366,cz1,cz3
r0012953,76374,cz1,cz3
r0012954,76382,cz1,cz3
r0012955,76390,cz1,cz3
r0012956,76398,cz1,cz3
r0012957,76406,cz1,cz3
r0012958,76414,cz1,cz4
r0012959,76422,cz1,cz4
r0012960,76430,cz1,cz4
r0012961,76438,cz1,cz4
r0012962,76446,cz1,cz4
r0012963,76454,cz1,cz4
r0012964,76462,cz1,cz4
r0012965,76470,cz1,cz4
r0012966,76478,cz1,cz4
r0012967,76486,cz1,cz4
r0012968,76494,cz1,cz4
r0012969,76501,cz1,cz4
r0012970,76509,cz1,cz4
r0012971,76517,cz1,cz4
r0012972,76525,cz1,cz4
r0012973,76533,cz1,cz4
r0012974,76541,cz1,cz4
r0012975,76549,cz1,cz4
r0012976,76557,cz1,cz4
r0012977,76565,cz1,cz4
r0012978,76573,cz1,cz4
r0012979,76581,cz1,cz4
r0012980,76589,cz1,cz4
r0012981,76597,cz1,cz4
r0012982,76605,cz1,cz4
r0012983,76613,cz1,cz4
r0012984,76621,cz2,cz1
r0012985,76629,cz2,cz1
r0012986,76637,cz2,cz1
r0012987,76645,cz2,cz1
r0012988,76652,cz2,cz1
r0012989,76660,cz2,cz1
r0012990,76668,cz2,cz1
r0012991,76676,cz2,cz1
r0012992,76684,cz2,cz1
r0012993,76692,cz2,cz1
r0012994,76700,cz2,cz1
r0012995,76708,cz2,cz1
r0012996,76716,cz2,cz1
r0012997,76724,cz2,cz1
r0012998,76732,cz2,cz1
r0012999,76740,cz2,cz1
r0013000,76748,cz2,cz1
r0013001,76756,cz2,cz1
r0013002,76764,cz2,cz1
r0013003,76772,cz2,cz1
r0013004,76780,cz2,cz1
r0013005,76788,cz2,cz1
r0013006,76796,cz2,cz1
r0013007,76803,cz2,cz1
r0013008,76811,cz2,cz1
r0013009,76819,cz2,cz1
r0013010,76827,cz2,cz1
r0013011,76835,cz2,cz1
r0013012,76843,cz2,cz2
r0013013,76851,cz2,cz2
r0013014,76859,cz2,cz2
r0013015,76867,cz2,cz2
r0013016,76875,cz2,cz2
r0013017,76883,cz2,cz2
r0013018,76891,cz2,cz2
r0013019,76899,cz2,cz2
r0013020,76907,cz2,cz2
r0013021,76915,cz2,cz2
r0013022,76923,cz2,cz2
r0013023,76931,cz2,cz2
r0013024,76939,cz2,cz2
r0013025,76947,cz2,cz2
r0013026,76954,cz2,cz2
r0013027,76962,cz2,cz2
r0013028,76970,cz2,cz2
r0013029,76978,cz2,cz2
r0013030,76986,cz2,cz2
r0013031,76994,cz2,cz2
r0013032,77002,cz2,cz2
r0013033,77010,cz2,cz2
r0013034,77018,cz2,cz2
r0013035,77026,cz2,cz2
r0013036,77034,cz2,cz2
r0013037,77042,cz2,cz2
r0013038,77050,cz2,cz2
r0013039,77058,cz2,cz3
r0013040,77066,cz2,cz3
r0013041,77074,cz2,cz3
r0013042,77082,cz2,cz3
r0013043,77090,cz2,cz3
r0013044,77098,cz2,cz3
r0013045,77105,cz2,cz3
r0013046,77113,cz2,cz3
r0013047,77121,cz2,cz3
r0013048,77129,cz2,cz3
r0013049,77137,cz2,cz3
r0013050,77145,cz2,cz3
r0013051,77153,cz2,cz3
r0013052,77161,cz2,cz3
r0013053,77169,cz2,cz3
r0013054,77177,cz2,cz3
r0013055,77185,cz2,cz3
r0013056,77193,cz2,cz3
r0013057,77201,cz2,cz3
r0013058,77209,cz2,cz3
r0013059,77217,cz2,cz3
r0013060,77225,cz2,cz3
r0013061,77233,cz2,cz3
r0013062,77241,cz2,cz3
r0013063,77249,cz2,cz3
r0013064,77256,cz2,cz3
r0013065,77264,cz2,cz3
r0013066,77272,cz2,cz4
r0013067,77280,cz2,cz4
r0013068,77288,cz2,cz4
r0013069,77296,cz2,cz4
r0013070,77304,cz2,cz4
r0013071,77312,cz2,cz4
r0013072,77320,cz2,cz4
r0013073,77328,cz2,cz4
r0013074,77336,cz2,cz4
r0013075,77344,cz2,cz4
r0013076,77352,cz2,cz4
r0013077,77360,cz2,cz4
r0013078,77368,cz2,cz4
r0013079,77376,cz2,cz4
r0013080,77384,cz2,cz4
r0013081,77392,cz2,cz4
r0013082,77400,cz2,cz4
r0013083,77407,cz2,cz4
r0013084,77415,cz2,cz4
r0013085,77423,cz2,cz4
r0013086,77431,cz3,cz1
r0013087,77439,cz3,cz1
r0013088,77447,cz3,cz1
r0013089,77455,cz3,cz1
r0013090,77463,cz3,cz1
r0013091,77471,cz3,cz1
r0013092,77479,cz3,cz1
r0013093,77487,cz3,cz1
r0013094,77495,cz3,cz1
r0013095,77503,cz3,cz1
r0013096,77511,cz3,cz1
r0013097,77519,cz3,cz1
r0013098,77527,cz3,cz1
r0013099,77535,cz3,cz1
r0013100,77543,cz3,cz1
r0013101,77550,cz3,cz1
r0013102,77558,cz3,cz1
r0013103,77566,cz3,cz1
r0013104,77574,cz3,cz1
r0013105,77582,cz3,cz1
r0013106,77590,cz3,cz1
r0013107,77598,cz3,cz1
r0013108,77606,cz3,cz1
r0013109,77614,cz3,cz1
r0013110,77622,cz3,cz1
r0013111,77630,cz3,cz1
r0013112,77638,cz3,cz1
r0013113,77646,cz3,cz1
r0013114,77654,cz3,cz1
r0013115,77662,cz3,cz1
r0013116,77670,cz3,cz1
r0013117,77678,cz3,cz1
r0013118,77686,cz3,cz1
r0013119,77694,cz3,cz1
r0013120,77701,cz3,cz1
r0013121,77709,cz3,cz1
r0013122,77717,cz3,cz1
r0013123,77725,cz3,cz2
r0013124,77733,cz3,cz2
r0013125,77741,cz3,cz2
r0013126,77749,cz3,cz2
r0013127,77757,cz3,cz2
r0013128,77765,cz3,cz2
r0013129,77773,cz3,cz2
r0013130,77781,cz3,cz2
r0013131,77789,cz3,cz2
r0013132,77797,cz3,cz2
r0013133,77805,cz3,cz2
r0013134,77813,cz3,cz2
r0013135,77821,cz3,cz2
r0013136,77829,cz3,cz2
r0013137,77837,cz3,cz2
r0013138,77845,cz3,cz2
r0013139,77852,cz3,cz2
r0013140,77860,cz3,cz2
r0013141,77868,cz3,cz2
r0013142,77876,cz3,cz2
r0013143,77884,cz3,cz2
r0013144,77892,cz3,cz2
r0013145,77900,cz3,cz2
r0013146,77908,cz3,cz2
r0013147,77916,cz3,cz2
r0013148,77924,cz3,cz2
r0013149,77932,cz3,cz3
r0013150,77940,cz3,cz3
r0013151,77948,cz3,cz3
r0013152,77956,cz3,cz3
r0013153,77964,cz3,cz3
r0013154,77972,cz3,cz3
r0013155,77980,cz3,cz3
r0013156,77988,cz3,cz3
r0013157,77996,cz3,cz3
r0013158,78003,cz3,cz3
r0013159,78011,cz3,cz3
r0013160,78019,cz3,cz3
r0013161,78027,cz3,cz3
r0013162,78035,cz3,cz3
r0013163,78043,cz3,cz3
r0013164,78051,cz3,cz3
r0013165,78059,cz3,cz3
r0013166,78067,cz3,cz3
r0013167,78075,cz3,cz3
r0013168,78083,cz3,cz3
r0013169,78091,cz3,cz3
r0013170,78099,cz3,cz3
r0013171,78107,cz3,cz3
r0013172,78115,cz3,cz3
r0013173,78123,cz3,cz3
r0013174,78131,cz3,cz3
r0013175,78139,cz3,cz3
r0013176,78147,cz3,cz3
r0013177,78154,cz3,cz3
r0013178,78162,cz3,cz3
r0013179,78170,cz3,cz3
r0013180,78178,cz3,cz3
r0013181,78186,cz3,cz3
r0013182,78194,cz3,cz3
r0013183,78202,cz3,cz3
r0013184,78210,cz3,cz3
r0013185,78218,cz3,cz3
r0013186,78226,cz3,cz3
r0013187,78234,cz3,cz3
r0013188,78242,cz3,cz3
r0013189,78250,cz3,cz4
r0013190,78258,cz3,cz4
r0013191,78266,cz3,cz4
r0013192,78274,cz3,cz4
r0013193,78282,cz3,cz4
r0013194,78290,cz3,cz4
r0013195,78298,cz3,cz4
r0013196,78305,cz3,cz4
r0013197,78313,cz3,cz4
r0013198,78321,cz3,cz4
r0013199,78329,cz3,cz4
r0013200,78337,cz3,cz4
r0013201,78345,cz3,cz4
r0013202,78353,cz3,cz4
r0013203,78361,cz3,cz4
r0013204,78369,cz3,cz4
r0013205,78377,cz3,cz4
r0013206,78385,cz3,cz4
r0013207,78393,cz3,cz4
r0013208,78401,cz3,cz4
r0013209,78409,cz3,cz4
r0013210,78417,cz3,cz4
r0013211,78425,cz3,cz4
r0013212,78433,cz3,cz4
r0013213,78441,cz3,cz4
r0013214,78449,cz3,cz4
r0013215,78456,cz3,cz4
r0013216,78464,cz4,cz1
r0013217,78472,cz4,cz1
r0013218,78480,cz4,cz1
r0013219,78488,cz4,cz1
r0013220,78496,cz4,cz1
r0013221,78504,cz4,cz1
r0013222,78512,cz4,cz1
r0013223,78520,cz4,cz1
r0013224,78528,cz4,cz1
r0013225,78536,cz4,cz1
r0013226,78544,cz4,cz1
r0013227,78552,cz4,cz1
r0013228,78560,cz4,cz1
r0013229,78568,cz4,cz1
r0013230,78576,cz4,cz1
r0013231,78584,cz4,cz1
r0013232,78592,cz4,cz1
r0013233,78600,cz4,cz1
r0013234,78607,cz4,cz1
r0013235,78615,cz4,cz1
r0013236,78623,cz4,cz1
r0013237,78631,cz4,cz1
r0013238,78639,cz4,cz1
r0013239,78647,cz4,cz1
r0013240,78655,cz4,cz1
r0013241,78663,cz4,cz1
r0013242,78671,cz4,cz2
r0013243,78679,cz4,cz2
r0013244,78687,cz4,cz2
r0013245,78695,cz4,cz2
r0013246,78703,cz4,cz2
r0013247,78711,cz4,cz2
r0013248,78719,cz4,cz2
r0013249,78727,cz4,cz2
r0013250,78735,cz4,cz2
r0013251,78743,cz4,cz2
r0013252,78750,cz4,cz2
r0013253,78758,cz4,cz2
r0013254,78766,cz4,cz2
r0013255,78774,cz4,cz2
r0013256,78782,cz4,cz2
r0013257,78790,cz4,cz2
r0013258,78798,cz4,cz2
r0013259,78806,cz4,cz2
r0013260,78814,cz4,cz2
r0013261,78822,cz4,cz2
r0013262,78830,cz4,cz3
r0013263,78838,cz4,cz3
r0013264,78846,cz4,cz3
r0013265,78854,cz4,cz3
r0013266,78862,cz4,cz3
r0013267,78870,cz4,cz3
r0013268,78878,cz4,cz3
r0013269,78886,cz4,cz3
r0013270,78894,cz4,cz3
r0013271,78901,cz4,cz3
r0013272,78909,cz4,cz3
r0013273,78917,cz4,cz3
r0013274,78925,cz4,cz3
r0013275,78933,cz4,cz3
r0013276,78941,cz4,cz3
r0013277,78949,cz4,cz3
r0013278,78957,cz4,cz3
r0013279,78965,cz4,cz3
r0013280,78973,cz4,cz3
r0013281,78981,cz4,cz3
r0013282,78989,cz4,cz3
r0013283,78997,cz4,cz3
r0013284,79005,cz4,cz3
r0013285,79013,cz4,cz3
r0013286,79021,cz4,cz3
r0013287,79029,cz4,cz3
r0013288,79037,cz4,cz3
r0013289,79045,cz4,cz3
r0013290,79052,cz4,cz4
r0013291,79060,cz4,cz4
r0013292,79068,cz4,cz4
r0013293,79076,cz4,cz4
r0013294,79084,cz4,cz4
r0013295,79092,cz4,cz4
r0013296,79100,cz4,cz4
r0013297,79108,cz4,cz4
r0013298,79116,cz4,cz4
r0013299,79124,cz4,cz4
r0013300,79132,cz4,cz4
r0013301,79140,cz4,cz4
r0013302,79148,cz4,cz4
r0013303,79156,cz4,cz4
r0013304,79164,cz4,cz4
r0013305,79172,cz4,cz4
r0013306,79180,cz4,cz4
r0013307,79188,cz4,cz4
r0013308,79196,cz4,cz4
r0013309,79205,cz1,cz1
r0013310,79216,cz1,cz1
r0013311,79226,cz1,cz1
r0013312,79237,cz1,cz1
r0013313,79248,cz1,cz1
r0013314,79259,cz1,cz1
r0013315,79269,cz1,cz1
r0013316,79280,cz1,cz1
r0013317,79291,cz1,cz1
r0013318,79302,cz1,cz1
r0013319,79312,cz1,cz1
r0013320,79323,cz1,cz1
r0013321,79334,cz1,cz1
r0013322,79345,cz1,cz1
r0013323,79355,cz1,cz1
r0013324,79366,cz1,cz1
r0013325,79377,cz1,cz1
r0013326,79388,cz1,cz1
r0013327,79398,cz1,cz1
r0013328,79409,cz1,cz1
r0013329,79420,cz1,cz1
r0013330,79431,cz1,cz1
r0013331,79441,cz1,cz1
r0013332,79452,cz1,cz1
r0013333,79463,cz1,cz1
r0013334,79474,cz1,cz1
r0013335,79484,cz1,cz1
r0013336,79495,cz1,cz2
r0013337,79506,cz1,cz2
r0013338,79517,cz1,cz2
r0013339,79527,cz1,cz2
r0013340,79538,cz1,cz2
r0013341,79549,cz1,cz2
r0013342,79560,cz1,cz2
r0013343,79570,cz1,cz2
r0013344,79581,cz1,cz2
r0013345,79592,cz1,cz2
r0013346,79602,cz1,cz2
r0013347,79613,cz1,cz2
r0013348,79624,cz1,cz2
r0013349,79635,cz1,cz2
r0013350,79645,cz1,cz2
r0013351,79656,cz1,cz2
r0013352,79667,cz1,cz2
r0013353,79678,cz1,cz2
r0013354,79688,cz1,cz2
r0013355,79699,cz1,cz2
r0013356,79710,cz1,cz2
r0013357,79721,cz1,cz3
r0013358,79731,cz1,cz3
r0013359,79742,cz1,cz3
r0013360,79753,cz1,cz3
r0013361,79764,cz1,cz3
r0013362,79774,cz1,cz3
r0013363,79785,cz1,cz3
r0013364,79796,cz1,cz3
r0013365,79807,cz1,cz3
r0013366,79817,cz1,cz3
r0013367,79828,cz1,cz3
r0013368,79839,cz1,cz3
r0013369,79850,cz1,cz3
r0013370,79860,cz1,cz3
r0013371,79871,cz1,cz3
r0013372,79882,cz1,cz3
r0013373,79893,cz1,cz3
r0013374,79903,cz1,cz3
r0013375,79914,cz1,cz3
r0013376,79925,cz1,cz3
r0013377,79936,cz1,cz3
r0013378,79946,cz1,cz3
r0013379,79957,cz1,cz3
r0013380,79968,cz1,cz3
r0013381,79979,cz1,cz3
r0013382,79989,cz1,cz3
r0013383,80000,cz1,cz3
r0013384,80011,cz1,cz3
r0013385,80022,cz1,cz4
r0013386,80032,cz1,cz4
r0013387,80043,cz1,cz4
r0013388,80054,cz1,cz4
r0013389,80065,cz1,cz4
r0013390,80075,cz1,cz4
r0013391,80086,cz1,cz4
r0013392,80097,cz1,cz4
r0013393,80108,cz1,cz4
r0013394,80118,cz1,cz4
r0013395,80129,cz1,cz4
r0013396,80140,cz1,cz4
r0013397,80151,cz1,cz4
r0013398,80161,cz1,cz4
r0013399,80172,cz1,cz4
r0013400,80183,cz1,cz4
r0013401,80194,cz1,cz4
r0013402,80204,cz1,cz4
r0013403,80215,cz1,cz4
r0013404,80226,cz2,cz1
r0013405,80237,cz2,cz1
r0013406,80247,cz2,cz1
r0013407,80258,cz2,cz1
r0013408,80269,cz2,cz1
r0013409,80280,cz2,cz1
r0013410,80290,cz2,cz1
r0013411,80301,cz2,cz1
r0013412,80312,cz2,cz1
r0013413,80322,cz2,cz1
r0013414,80333,cz2,cz1
r0013415,80344,cz2,cz1
r0013416,80355,cz2,cz1
r0013417,80365,cz2,cz1
r0013418,80376,cz2,cz1
r0013419,80387,cz2,cz1
r0013420,80398,cz2,cz1
r0013421,80408,cz2,cz1
r0013422,80419,cz2,cz1
r0013423,80430,cz2,cz1
r0013424,80441,cz2,cz1
r0013425,80451,cz2,cz2
r0013426,80462,cz2,cz2
r0013427,80473,cz2,cz2
r0013428,80484,cz2,cz2
r0013429,80494,cz2,cz2
r0013430,80505,cz2,cz2
r0013431,80516,cz2,cz2
r0013432,80527,cz2,cz2
r0013433,80537,cz2,cz2
r0013434,80548,cz2,cz2
r0013435,80559,cz2,cz2
r0013436,80570,cz2,cz2
r0013437,80580,cz2,cz2
r0013438,80591,cz2,cz2
r0013439,80602,cz2,cz2
r0013440,80613,cz2,cz2
r0013441,80623,cz2,cz2
r0013442,80634,cz2,cz2
r0013443,80645,cz2,cz2
r0013444,80656,cz2,cz2
r0013445,80666,cz2,cz3
r0013446,80677,cz2,cz3
r0013447,80688,cz2,cz3
r0013448,80699,cz2,cz3
r0013449,80709,cz2,cz3
r0013450,80720,cz2,cz3
r0013451,80731,cz2,cz3
r0013452,80742,cz2,cz3
r0013453,80752,cz2,cz3
r0013454,80763,cz2,cz3
r0013455,80774,cz2,cz3
r0013456,80785,cz2,cz3
r0013457,80795,cz2,cz3
r0013458,80806,cz2,cz3
r0013459,80817,cz2,cz3
r0013460,80828,cz2,cz3
r0013461,80838,cz2,cz3
r0013462,80849,cz2,cz3
r0013463,80860,cz2,cz3
r0013464,80871,cz2,cz3
r0013465,80881,cz2,cz4
r0013466,80892,cz2,cz4
r0013467,80903,cz2,cz4
r0013468,80914,cz2,cz4
r0013469,80924,cz2,cz4
r0013470,80935,cz2,cz4
r0013471,80946,cz2,cz4
r0013472,80957,cz2,cz4
r0013473,80967,cz2,cz4
r0013474,80978,cz2,cz4
r0013475,80989,cz2,cz4
r0013476,81000,cz2,cz4
r0013477,81010,cz2,cz4
r0013478,81021,cz2,cz4
r0013479,81032,cz2,cz4
r0013480,81042,cz3,cz1
r0013481,81053,cz3,cz1
r0013482,81064,cz3,cz1
r0013483,81075,cz3,cz1
r0013484,81085,cz3,cz1
r0013485,81096,cz3,cz1
r0013486,81107,cz3,cz1
r0013487,81118,cz3,cz1
r0013488,81128,cz3,cz1
r0013489,81139,cz3,cz1
r0013490,81150,cz3,cz1
r0013491,81161,cz3,cz1
r0013492,81171,cz3,cz1
r0013493,81182,cz3,cz1
r0013494,81193,cz3,cz1
r0013495,81204,cz3,cz1
r0013496,81214,cz3,cz1
r0013497,81225,cz3,cz1
r0013498,81236,cz3,cz1
r0013499,81247,cz3,cz1
r0013500,81257,cz3,cz1
r0013501,81268,cz3,cz1
r0013502,81279,cz3,cz1
r0013503,81290,cz3,cz1
r0013504,81300,cz3,cz1
r0013505,81311,cz3,cz1
r0013506,81322,cz3,cz1
r0013507,81333,cz3,cz2
r0013508,81343,cz3,cz2
r0013509,81354,cz3,cz2
r0013510,81365,cz3,cz2
r0013511,81376,cz3,cz2
r0013512,81386,cz3,cz2
r0013513,81397,cz3,cz2
r0013514,81408,cz3,cz2
r0013515,81419,cz3,cz2
r0013516,81429,cz3,cz2
r0013517,81440,cz3,cz2
r0013518,81451,cz3,cz2
r0013519,81462,cz3,cz2
r0013520,81472,cz3,cz2
r0013521,81483,cz3,cz2
r0013522,81494,cz3,cz2
r0013523,81505,cz3,cz2
r0013524,81515,cz3,cz2
r0013525,81526,cz3,cz2
r0013526,81537,cz3,cz2
r0013527,81548,cz3,cz3
r0013528,81558,cz3,cz3
r0013529,81569,cz3,cz3
r0013530,81580,cz3,cz3
r0013531,81591,cz3,cz3
r0013532,81601,cz3,cz3
r0013533,81612,cz3,cz3
r0013534,81623,cz3,cz3
r0013535,81634,cz3,cz3
r0013536,81644,cz3,cz3
r0013537,81655,cz3,cz3
r0013538,81666,cz3,cz3
r0013539,81677,cz3,cz3
r0013540,81687,cz3,cz3
r0013541,81698,cz3,cz3
r0013542,81709,cz3,cz3
r0013543,81720,cz3,cz3
r0013544,81730,cz3,cz3
r0013545,81741,cz3,cz3
r0013546,81752,cz3,cz3
r0013547,81762,cz3,cz3
r0013548,81773,cz3,cz3
r0013549,81784,cz3,cz3
r0013550,81795,cz3,cz3
r0013551,81805,cz3,cz3
r0013552,81816,cz3,cz3
r0013553,81827,cz3,cz3
r0013554,81838,cz3,cz3
r0013555,81848,cz3,cz3
r0013556,81859,cz3,cz4
r0013557,81870,cz3,cz4
r0013558,81881,cz3,cz4
r0013559,81891,cz3,cz4
r0013560,81902,cz3,cz4
r0013561,81913,cz3,cz4
r0013562,81924,cz3,cz4
r0013563,81934,cz3,cz4
r0013564,81945,cz3,cz4
r0013565,81956,cz3,cz4
r0013566,81967,cz3,cz4
r0013567,81977,cz3,cz4
r0013568,81988,cz3,cz4
r0013569,81999,cz3,cz4
r0013570,82010,cz3,cz4
r0013571,82020,cz3,cz4
r0013572,82031,cz3,cz4
r0013573,82042,cz3,cz4
r0013574,82053,cz3,cz4
r0013575,82063,cz3,cz4
r0013576,82074,cz4,cz1
r0013577,82085,cz4,cz1
r0013578,82096,cz4,cz1
r0013579,82106,cz4,cz1
r0013580,82117,cz4,cz1
r0013581,82128,cz4,cz1
r0013582,82139,cz4,cz1
r0013583,82149,cz4,cz1
r0013584,82160,cz4,cz1
r0013585,82171,cz4,cz1
r0013586,82182,cz4,cz1
r0013587,82192,cz4,cz1
r0013588,82203,cz4,cz1
r0013589,82214,cz4,cz1
r0013590,82225,cz4,cz1
r0013591,82235,cz4,cz1
r0013592,82246,cz4,cz1
r0013593,82257,cz4,cz1
r0013594,82268,cz4,cz1
r0013595,82278,cz4,cz2
r0013596,82289,cz4,cz2
r0013597,82300,cz4,cz2
r0013598,82311,cz4,cz2
r0013599,82321,cz4,cz2
r0013600,82332,cz4,cz2
r0013601,82343,cz4,cz2
r0013602,82354,cz4,cz2
r0013603,82364,cz4,cz2
r0013604,82375,cz4,cz2
r0013605,82386,cz4,cz2
r0013606,82397,cz4,cz2
r0013607,82407,cz4,cz2
r0013608,82418,cz4,cz2
r0013609,82429,cz4,cz2
r0013610,82440,cz4,cz3
r0013611,82450,cz4,cz3
r0013612,82461,cz4,cz3
r0013613,82472,cz4,cz3
r0013614,82482,cz4,cz3
r0013615,82493,cz4,cz3
r0013616,82504,cz4,cz3
r0013617,82515,cz4,cz3
r0013618,82525,cz4,cz3
r0013619,82536,cz4,cz3
r0013620,82547,cz4,cz3
r0013621,82558,cz4,cz3
r0013622,82568,cz4,cz3
r0013623,82579,cz4,cz3
r0013624,82590,cz4,cz3
r0013625,82601,cz4,cz3
r0013626,82611,cz4,cz3
r0013627,82622,cz4,cz3
r0013628,82633,cz4,cz3
r0013629,82644,cz4,cz3
r0013630,82654,cz4,cz4
r0013631,82665,cz4,cz4
r0013632,82676,cz4,cz4
r0013633,82687,cz4,cz4
r0013634,82697,cz4,cz4
r0013635,82708,cz4,cz4
r0013636,82719,cz4,cz4
r0013637,82730,cz4,cz4
r0013638,82740,cz4,cz4
r0013639,82751,cz4,cz4
r0013640,82762,cz4,cz4
r0013641,82773,cz4,cz4
r0013642,82783,cz4,cz4
r0013643,82794,cz4,cz4
r0013644,82809,cz1,cz1
r0013645,82827,cz1,cz1
r0013646,82846,cz1,cz1
r0013647,82864,cz1,cz1
r0013648,82883,cz1,cz1
r0013649,82902,cz1,cz1
r0013650,82920,cz1,cz1
r0013651,82939,cz1,cz1
r0013652,82957,cz1,cz1
r0013653,82976,cz1,cz1
r0013654,82994,cz1,cz1
r0013655,83013,cz1,cz1
r0013656,83031,cz1,cz1
r0013657,83050,cz1,cz1
r0013658,83069,cz1,cz1
r0013659,83087,cz1,cz1
r0013660,83106,cz1,cz2
r0013661,83124,cz1,cz2
r0013662,83143,cz1,cz2
r0013663,83161,cz1,cz2
r0013664,83180,cz1,cz2
r0013665,83198,cz1,cz2
r0013666,83217,cz1,cz2
r0013667,83236,cz1,cz2
r0013668,83254,cz1,cz2
r0013669,83273,cz1,cz2
r0013670,83291,cz1,cz2
r0013671,83310,cz1,cz2
r0013672,83328,cz1,cz3
r0013673,83347,cz1,cz3
r0013674,83365,cz1,cz3
r0013675,83384,cz1,cz3
r0013676,83403,cz1,cz3
r0013677,83421,cz1,cz3
r0013678,83440,cz1,cz3
r0013679,83458,cz1,cz3
r0013680,83477,cz1,cz3
r0013681,83495,cz1,cz3
r0013682,83514,cz1,cz3
r0013683,83532,cz1,cz3
r0013684,83551,cz1,cz3
r0013685,83570,cz1,cz3
r0013686,83588,cz1,cz3
r0013687,83607,cz1,cz3
r0013688,83625,cz1,cz4
r0013689,83644,cz1,cz4
r0013690,83662,cz1,cz4
r0013691,83681,cz1,cz4
r0013692,83700,cz1,cz4
r0013693,83718,cz1,cz4
r0013694,83737,cz1,cz4
r0013695,83755,cz1,cz4
r0013696,83774,cz1,cz4
r0013697,83792,cz1,cz4
r0013698,83811,cz1,cz4
r0013699,83829,cz2,cz1
r0013700,83848,cz2,cz1
r0013701,83867,cz2,cz1
r0013702,83885,cz2,cz1
r0013703,83904,cz2,cz1
r0013704,83922,cz2,cz1
r0013705,83941,cz2,cz1
r0013706,83959,cz2,cz1
r0013707,83978,cz2,cz1
r0013708,83996,cz2,cz1
r0013709,84015,cz2,cz1
r0013710,84034,cz2,cz1
r0013711,84052,cz2,cz2
r0013712,84071,cz2,cz2
r0013713,84089,cz2,cz2
r0013714,84108,cz2,cz2
r0013715,84126,cz2,cz2
r0013716,84145,cz2,cz2
r0013717,84163,cz2,cz2
r0013718,84182,cz2,cz2
r0013719,84201,cz2,cz2
r0013720,84219,cz2,cz2
r0013721,84238,cz2,cz2
r0013722,84256,cz2,cz2
r0013723,84275,cz2,cz3
r0013724,84293,cz2,cz3
r0013725,84312,cz2,cz3
r0013726,84330,cz2,cz3
r0013727,84349,cz2,cz3
r0013728,84368,cz2,cz3
r0013729,84386,cz2,cz3
r0013730,84405,cz2,cz3
r0013731,84423,cz2,cz3
r0013732,84442,cz2,cz3
r0013733,84460,cz2,cz3
r0013734,84479,cz2,cz3
r0013735,84497,cz2,cz4
r0013736,84516,cz2,cz4
r0013737,84535,cz2,cz4
r0013738,84553,cz2,cz4
r0013739,84572,cz2,cz4
r0013740,84590,cz2,cz4
r0013741,84609,cz2,cz4
r0013742,84627,cz2,cz4
r0013743,84646,cz2,cz4
r0013744,84664,cz3,cz1
r0013745,84683,cz3,cz1
r0013746,84702,cz3,cz1
r0013747,84720,cz3,cz1
r0013748,84739,cz3,cz1
r0013749,84757,cz3,cz1
r0013750,84776,cz3,cz1
r0013751,84794,cz3,cz1
r0013752,84813,cz3,cz1
r0013753,84831,cz3,cz1
r0013754,84850,cz3,cz1
r0013755,84869,cz3,cz1
r0013756,84887,cz3,cz1
r0013757,84906,cz3,cz1
r0013758,84924,cz3,cz1
r0013759,84943,cz3,cz1
r0013760,84961,cz3,cz2
r0013761,84980,cz3,cz2
r0013762,84998,cz3,cz2
r0013763,85017,cz3,cz2
r0013764,85036,cz3,cz2
r0013765,85054,cz3,cz2
r0013766,85073,cz3,cz2
r0013767,85091,cz3,cz2
r0013768,85110,cz3,cz2
r0013769,85128,cz3,cz2
r0013770,85147,cz3,cz2
r0013771,85165,cz3,cz3
r0013772,85184,cz3,cz3
r0013773,85203,cz3,cz3
r0013774,85221,cz3,cz3
r0013775,85240,cz3,cz3
r0013776,85258,cz3,cz3
r0013777,85277,cz3,cz3
r0013778,85295,cz3,cz3
r0013779,85314,cz3,cz3
r0013780,85332,cz3,cz3
r0013781,85351,cz3,cz3
r0013782,85370,cz3,cz3
r0013783,85388,cz3,cz3
r0013784,85407,cz3,cz3
r0013785,85425,cz3,cz3
r0013786,85444,cz3,cz3
r0013787,85462,cz3,cz3
r0013788,85481,cz3,cz4
r0013789,85500,cz3,cz4
r0013790,85518,cz3,cz4
r0013791,85537,cz3,cz4
r0013792,85555,cz3,cz4
r0013793,85574,cz3,cz4
r0013794,85592,cz3,cz4
r0013795,85611,cz3,cz4
r0013796,85629,cz3,cz4
r0013797,85648,cz3,cz4
r0013798,85667,cz3,cz4
r0013799,85685,cz4,cz1
r0013800,85704,cz4,cz1
r0013801,85722,cz4,cz1
r0013802,85741,cz4,cz1
r0013803,85759,cz4,cz1
r0013804,85778,cz4,cz1
r0013805,85796,cz4,cz1
r0013806,85815,cz4,cz1
r0013807,85834,cz4,cz1
r0013808,85852,cz4,cz1
r0013809,85871,cz4,cz1
r0013810,85889,cz4,cz2
r0013811,85908,cz4,cz2
r0013812,85926,cz4,cz2
r0013813,85945,cz4,cz2
r0013814,85963,cz4,cz2
r0013815,85982,cz4,cz2
r0013816,86001,cz4,cz2
r0013817,86019,cz4,cz2
r0013818,86038,cz4,cz3
r0013819,86056,cz4,cz3
r0013820,86075,cz4,cz3
r0013821,86093,cz4,cz3
r0013822,86112,cz4,cz3
r0013823,86130,cz4,cz3
r0013824,86149,cz4,cz3
r0013825,86168,cz4,cz3
r0013826,86186,cz4,cz3
r0013827,86205,cz4,cz3
r0013828,86223,cz4,cz3
r0013829,86242,cz4,cz3
r0013830,86260,cz4,cz4
r0013831,86279,cz4,cz4
r0013832,86297,cz4,cz4
r0013833,86316,cz4,cz4
r0013834,86335,cz4,cz4
r0013835,86353,cz4,cz4
r0013836,86372,cz4,cz4
r0013837,86390,cz4,cz4
