request_id,request_time,origin_zone,destination_zone
r0000001,28,cz1,cz1
r0000002,85,cz1,cz1
r0000003,142,cz1,cz1
r0000004,200,cz1,cz1
r0000005,257,cz1,cz1
r0000006,314,cz1,cz2
r0000007,371,cz1,cz2
r0000008,428,cz1,cz2
r0000009,485,cz1,cz2
r0000010,542,cz1,cz3
r0000011,600,cz1,cz3
r0000012,657,cz1,cz3
r0000013,714,cz1,cz3
r0000014,771,cz1,cz3
r0000015,828,cz1,cz4
r0000016,885,cz1,cz4
r0000017,942,cz1,cz4
r0000018,1000,cz2,cz1
r0000019,1057,cz2,cz1
r0000020,1114,cz2,cz1
r0000021,1171,cz2,cz1
r0000022,1228,cz2,cz2
r0000023,1285,cz2,cz2
r0000024,1342,cz2,cz2
r0000025,1400,cz2,cz2
r0000026,1457,cz2,cz3
r0000027,1514,cz2,cz3
r0000028,1571,cz2,cz3
r0000029,1628,cz2,cz3
r0000030,1685,cz2,cz4
r0000031,1742,cz2,cz4
r0000032,1800,cz2,cz4
r0000033,1857,cz3,cz1
r0000034,1914,cz3,cz1
r0000035,1971,cz3,cz1
r0000036,2028,cz3,cz1
r0000037,2085,cz3,cz1
r0000038,2142,cz3,cz2
r0000039,2200,cz3,cz2
r0000040,2257,cz3,cz2
r0000041,2314,cz3,cz2
r0000042,2371,cz3,cz3
r0000043,2428,cz3,cz3
r0000044,2485,cz3,cz3
r0000045,2542,cz3,cz3
r0000046,2600,cz3,cz3
r0000047,2657,cz3,cz4
r0000048,2714,cz3,cz4
r0000049,2771,cz3,cz4
r0000050,2828,cz3,cz4
r0000051,2885,cz4,cz1
r0000052,2942,cz4,cz1
r0000053,3000,cz4,cz1
r0000054,3057,cz4,cz1
r0000055,3114,cz4,cz2
r0000056,3171,cz4,cz2
r0000057,3228,cz4,cz2
r0000058,3285,cz4,cz3
r0000059,3342,cz4,cz3
r0000060,3400,cz4,cz3
r0000061,3457,cz4,cz3
r0000062,3514,cz4,cz4
r0000063,3571,cz4,cz4
r0000064,3647,cz1,cz1
r0000065,3742,cz1,cz1
r0000066,3836,cz1,cz1
r0000067,3931,cz1,cz2
r0000068,4026,cz1,cz2
r0000069,4121,cz1,cz3
r0000070,4215,cz1,cz3
r0000071,4310,cz1,cz3
r0000072,4405,cz1,cz4
r0000073,4500,cz1,cz4
r0000074,4594,cz2,cz1
r0000075,4689,cz2,cz1
r0000076,4784,cz2,cz1
r0000077,4878,cz2,cz2
r0000078,4973,cz2,cz2
r0000079,5068,cz2,cz3
r0000080,5163,cz2,cz3
r0000081,5257,cz2,cz4
r0000082,5352,cz2,cz4
r0000083,5447,cz3,cz1
r0000084,5542,cz3,cz1
r0000085,5636,cz3,cz1
r0000086,5731,cz3,cz2
r0000087,5826,cz3,cz2
r0000088,5921,cz3,cz3
r0000089,6015,cz3,cz3
r0000090,6110,cz3,cz3
r0000091,6205,cz3,cz3
r0000092,6300,cz3,cz4
r0000093,6394,cz3,cz4
r0000094,6489,cz4,cz1
r0000095,6584,cz4,cz1
r0000096,6678,cz4,cz2
r0000097,6773,cz4,cz2
r0000098,6868,cz4,cz3
r0000099,6963,cz4,cz3
r0000100,7057,cz4,cz4
r0000101,7152,cz4,cz4
r0000102,7272,cz1,cz1
r0000103,7416,cz1,cz1
r0000104,7560,cz1,cz2
r0000105,7704,cz1,cz2
r0000106,7848,cz1,cz3
r0000107,7992,cz1,cz3
r0000108,8136,cz1,cz4
r0000109,8280,cz2,cz1
r0000110,8424,cz2,cz1
r0000111,8568,cz2,cz2
r0000112,8712,cz2,cz2
r0000113,8856,cz2,cz3
r0000114,9000,cz2,cz3
r0000115,9144,cz2,cz4
r0000116,9288,cz3,cz1
r0000117,9432,cz3,cz1
r0000118,9576,cz3,cz2
r0000119,9720,cz3,cz3
r0000120,9864,cz3,cz3
r0000121,10008,cz3,cz4
r0000122,10152,cz4,cz1
r0000123,10296,cz4,cz2
r0000124,10440,cz4,cz3
r0000125,10584,cz4,cz3
r0000126,10728,cz4,cz4
r0000127,10920,cz1,cz1
r0000128,11160,cz1,cz2
r0000129,11400,cz1,cz3
r0000130,11640,cz1,cz4
r0000131,11880,cz2,cz1
r0000132,12120,cz2,cz2
r0000133,12360,cz2,cz3
r0000134,12600,cz2,cz4
r0000135,12840,cz3,cz1
r0000136,13080,cz3,cz2
r0000137,13320,cz3,cz3
r0000138,13560,cz3,cz4
r0000139,13800,cz4,cz1
r0000140,14040,cz4,cz2
r0000141,14280,cz4,cz3
r0000142,14520,cz1,cz1
r0000143,14760,cz1,cz2
r0000144,15000,cz1,cz3
r0000145,15240,cz1,cz4
r0000146,15480,cz2,cz1
r0000147,15720,cz2,cz2
r0000148,15960,cz2,cz3
r0000149,16200,cz2,cz4
r0000150,16440,cz3,cz1
r0000151,16680,cz3,cz2
r0000152,16920,cz3,cz3
r0000153,17160,cz3,cz4
r0000154,17400,cz4,cz1
r0000155,17640,cz4,cz2
r0000156,17880,cz4,cz3
r0000157,18050,cz1,cz1
r0000158,18150,cz1,cz1
r0000159,18250,cz1,cz1
r0000160,18350,cz1,cz2
r0000161,18450,cz1,cz2
r0000162,18550,cz1,cz3
r0000163,18650,cz1,cz3
r0000164,18750,cz1,cz3
r0000165,18850,cz1,cz4
r0000166,18950,cz1,cz4
r0000167,19050,cz2,cz1
r0000168,19150,cz2,cz1
r0000169,19250,cz2,cz2
r0000170,19350,cz2,cz2
r0000171,19450,cz2,cz3
r0000172,19550,cz2,cz3
r0000173,19650,cz2,cz4
r0000174,19750,cz2,cz4
r0000175,19849,cz3,cz1
r0000176,19949,cz3,cz1
r0000177,20050,cz3,cz1
r0000178,20150,cz3,cz2
r0000179,20250,cz3,cz2
r0000180,20350,cz3,cz3
r0000181,20450,cz3,cz3
r0000182,20550,cz3,cz3
r0000183,20650,cz3,cz4
r0000184,20750,cz3,cz4
r0000185,20850,cz4,cz1
r0000186,20950,cz4,cz1
r0000187,21050,cz4,cz2
r0000188,21150,cz4,cz2
r0000189,21250,cz4,cz3
r0000190,21350,cz4,cz3
r0000191,21450,cz4,cz4
r0000192,21550,cz4,cz4
r0000193,21614,cz1,cz1
r0000194,21642,cz1,cz1
r0000195,21670,cz1,cz1
r0000196,21698,cz1,cz1
r0000197,21726,cz1,cz1
r0000198,21754,cz1,cz1
r0000199,21782,cz1,cz1
r0000200,21810,cz1,cz1
r0000201,21839,cz1,cz1
r0000202,21867,cz1,cz1
r0000203,21895,cz1,cz2
r0000204,21923,cz1,cz2
r0000205,21951,cz1,cz2
r0000206,21979,cz1,cz2
r0000207,22007,cz1,cz2
r0000208,22035,cz1,cz2
r0000209,22064,cz1,cz2
r0000210,22092,cz1,cz2
r0000211,22120,cz1,cz3
r0000212,22148,cz1,cz3
r0000213,22176,cz1,cz3
r0000214,22204,cz1,cz3
r0000215,22232,cz1,cz3
r0000216,22260,cz1,cz3
r0000217,22289,cz1,cz3
r0000218,22317,cz1,cz3
r0000219,22345,cz1,cz3
r0000220,22373,cz1,cz3
r0000221,22401,cz1,cz3
r0000222,22429,cz1,cz4
r0000223,22457,cz1,cz4
r0000224,22485,cz1,cz4
r0000225,22514,cz1,cz4
r0000226,22542,cz1,cz4
r0000227,22570,cz1,cz4
r0000228,22598,cz1,cz4
r0000229,22626,cz2,cz1
r0000230,22654,cz2,cz1
r0000231,22682,cz2,cz1
r0000232,22710,cz2,cz1
r0000233,22739,cz2,cz1
r0000234,22767,cz2,cz1
r0000235,22795,cz2,cz1
r0000236,22823,cz2,cz1
r0000237,22851,cz2,cz2
r0000238,22879,cz2,cz2
r0000239,22907,cz2,cz2
r0000240,22935,cz2,cz2
r0000241,22964,cz2,cz2
r0000242,22992,cz2,cz2
r0000243,23020,cz2,cz2
r0000244,23048,cz2,cz2
r0000245,23076,cz2,cz3
r0000246,23104,cz2,cz3
r0000247,23132,cz2,cz3
r0000248,23160,cz2,cz3
r0000249,23189,cz2,cz3
r0000250,23217,cz2,cz3
r0000251,23245,cz2,cz3
r0000252,23273,cz2,cz3
r0000253,23301,cz2,cz4
r0000254,23329,cz2,cz4
r0000255,23357,cz2,cz4
r0000256,23385,cz2,cz4
r0000257,23414,cz2,cz4
r0000258,23442,cz2,cz4
r0000259,23470,cz3,cz1
r0000260,23498,cz3,cz1
r0000261,23526,cz3,cz1
r0000262,23554,cz3,cz1
r0000263,23582,cz3,cz1
r0000264,23610,cz3,cz1
r0000265,23639,cz3,cz1
r0000266,23667,cz3,cz1
r0000267,23695,cz3,cz1
r0000268,23723,cz3,cz1
r0000269,23751,cz3,cz2
r0000270,23779,cz3,cz2
r0000271,23807,cz3,cz2
r0000272,23835,cz3,cz2
r0000273,23864,cz3,cz2
r0000274,23892,cz3,cz2
r0000275,23920,cz3,cz2
r0000276,23948,cz3,cz3
r0000277,23976,cz3,cz3
r0000278,24004,cz3,cz3
r0000279,24032,cz3,cz3
r0000280,24060,cz3,cz3
r0000281,24089,cz3,cz3
r0000282,24117,cz3,cz3
r0000283,24145,cz3,cz3
r0000284,24173,cz3,cz3
r0000285,24201,cz3,cz3
r0000286,24229,cz3,cz3
r0000287,24257,cz3,cz4
r0000288,24285,cz3,cz4
r0000289,24314,cz3,cz4
r0000290,24342,cz3,cz4
r0000291,24370,cz3,cz4
r0000292,24398,cz3,cz4
r0000293,24426,cz3,cz4
r0000294,24454,cz3,cz4
r0000295,24482,cz4,cz1
r0000296,24510,cz4,cz1
r0000297,24539,cz4,cz1
r0000298,24567,cz4,cz1
r0000299,24595,cz4,cz1
r0000300,24623,cz4,cz1
r0000301,24651,cz4,cz1
r0000302,24679,cz4,cz2
r0000303,24707,cz4,cz2
r0000304,24735,cz4,cz2
r0000305,24764,cz4,cz2
r0000306,24792,cz4,cz2
r0000307,24820,cz4,cz2
r0000308,24848,cz4,cz3
r0000309,24876,cz4,cz3
r0000310,24904,cz4,cz3
r0000311,24932,cz4,cz3
r0000312,24960,cz4,cz3
r0000313,24989,cz4,cz3
r0000314,25017,cz4,cz3
r0000315,25045,cz4,cz3
r0000316,25073,cz4,cz4
r0000317,25101,cz4,cz4
r0000318,25129,cz4,cz4
r0000319,25157,cz4,cz4
r0000320,25185,cz4,cz4
r0000321,25204,cz1,cz1
r0000322,25214,cz1,cz1
r0000323,25224,cz1,cz1
r0000324,25234,cz1,cz1
r0000325,25244,cz1,cz1
r0000326,25254,cz1,cz1
r0000327,25264,cz1,cz1
r0000328,25274,cz1,cz1
r0000329,25284,cz1,cz1
r0000330,25293,cz1,cz1
r0000331,25303,cz1,cz1
r0000332,25313,cz1,cz1
r0000333,25323,cz1,cz1
r0000334,25333,cz1,cz1
r0000335,25343,cz1,cz1
r0000336,25353,cz1,cz1
r0000337,25363,cz1,cz1
r0000338,25373,cz1,cz1
r0000339,25382,cz1,cz1
r0000340,25392,cz1,cz1
r0000341,25402,cz1,cz1
r0000342,25412,cz1,cz1
r0000343,25422,cz1,cz1
r0000344,25432,cz1,cz1
r0000345,25442,cz1,cz1
r0000346,25452,cz1,cz1
r0000347,25462,cz1,cz1
r0000348,25471,cz1,cz1
r0000349,25481,cz1,cz1
r0000350,25491,cz1,cz2
r0000351,25501,cz1,cz2
r0000352,25511,cz1,cz2
r0000353,25521,cz1,cz2
r0000354,25531,cz1,cz2
r0000355,25541,cz1,cz2
r0000356,25551,cz1,cz2
r0000357,25560,cz1,cz2
r0000358,25570,cz1,cz2
r0000359,25580,cz1,cz2
r0000360,25590,cz1,cz2
r0000361,25600,cz1,cz2
r0000362,25610,cz1,cz2
r0000363,25620,cz1,cz2
r0000364,25630,cz1,cz2
r0000365,25640,cz1,cz2
r0000366,25650,cz1,cz2
r0000367,25659,cz1,cz2
r0000368,25669,cz1,cz2
r0000369,25679,cz1,cz2
r0000370,25689,cz1,cz2
r0000371,25699,cz1,cz2
r0000372,25709,cz1,cz3
r0000373,25719,cz1,cz3
r0000374,25729,cz1,cz3
r0000375,25739,cz1,cz3
r0000376,25748,cz1,cz3
r0000377,25758,cz1,cz3
r0000378,25768,cz1,cz3
r0000379,25778,cz1,cz3
r0000380,25788,cz1,cz3
r0000381,25798,cz1,cz3
r0000382,25808,cz1,cz3
r0000383,25818,cz1,cz3
r0000384,25828,cz1,cz3
r0000385,25837,cz1,cz3
r0000386,25847,cz1,cz3
r0000387,25857,cz1,cz3
r0000388,25867,cz1,cz3
r0000389,25877,cz1,cz3
r0000390,25887,cz1,cz3
r0000391,25897,cz1,cz3
r0000392,25907,cz1,cz3
r0000393,25917,cz1,cz3
r0000394,25926,cz1,cz3
r0000395,25936,cz1,cz3
r0000396,25946,cz1,cz3
r0000397,25956,cz1,cz3
r0000398,25966,cz1,cz3
r0000399,25976,cz1,cz3
r0000400,25986,cz1,cz3
r0000401,25996,cz1,cz3
r0000402,26006,cz1,cz4
r0000403,26015,cz1,cz4
r0000404,26025,cz1,cz4
r0000405,26035,cz1,cz4
r0000406,26045,cz1,cz4
r0000407,26055,cz1,cz4
r0000408,26065,cz1,cz4
r0000409,26075,cz1,cz4
r0000410,26085,cz1,cz4
r0000411,26095,cz1,cz4
r0000412,26104,cz1,cz4
r0000413,26114,cz1,cz4
r0000414,26124,cz1,cz4
r0000415,26134,cz1,cz4
r0000416,26144,cz1,cz4
r0000417,26154,cz1,cz4
r0000418,26164,cz1,cz4
r0000419,26174,cz1,cz4
r0000420,26184,cz1,cz4
r0000421,26193,cz1,cz4
r0000422,26203,cz1,cz4
r0000423,26213,cz2,cz1
r0000424,26223,cz2,cz1
r0000425,26233,cz2,cz1
r0000426,26243,cz2,cz1
r0000427,26253,cz2,cz1
r0000428,26263,cz2,cz1
r0000429,26273,cz2,cz1
r0000430,26282,cz2,cz1
r0000431,26292,cz2,cz1
r0000432,26302,cz2,cz1
r0000433,26312,cz2,cz1
r0000434,26322,cz2,cz1
r0000435,26332,cz2,cz1
r0000436,26342,cz2,cz1
r0000437,26352,cz2,cz1
r0000438,26362,cz2,cz1
r0000439,26371,cz2,cz1
r0000440,26381,cz2,cz1
r0000441,26391,cz2,cz1
r0000442,26401,cz2,cz1
r0000443,26411,cz2,cz1
r0000444,26421,cz2,cz1
r0000445,26431,cz2,cz1
r0000446,26441,cz2,cz2
r0000447,26451,cz2,cz2
r0000448,26460,cz2,cz2
r0000449,26470,cz2,cz2
r0000450,26480,cz2,cz2
r0000451,26490,cz2,cz2
r0000452,26500,cz2,cz2
r0000453,26510,cz2,cz2
r0000454,26520,cz2,cz2
r0000455,26530,cz2,cz2
r0000456,26540,cz2,cz2
r0000457,26550,cz2,cz2
r0000458,26559,cz2,cz2
r0000459,26569,cz2,cz2
r0000460,26579,cz2,cz2
r0000461,26589,cz2,cz2
r0000462,26599,cz2,cz2
r0000463,26609,cz2,cz2
r0000464,26619,cz2,cz2
r0000465,26629,cz2,cz2
r0000466,26639,cz2,cz2
r0000467,26648,cz2,cz2
r0000468,26658,cz2,cz3
r0000469,26668,cz2,cz3
r0000470,26678,cz2,cz3
r0000471,26688,cz2,cz3
r0000472,26698,cz2,cz3
r0000473,26708,cz2,cz3
r0000474,26718,cz2,cz3
r0000475,26728,cz2,cz3
r0000476,26737,cz2,cz3
r0000477,26747,cz2,cz3
r0000478,26757,cz2,cz3
r0000479,26767,cz2,cz3
r0000480,26777,cz2,cz3
r0000481,26787,cz2,cz3
r0000482,26797,cz2,cz3
r0000483,26807,cz2,cz3
r0000484,26817,cz2,cz3
r0000485,26826,cz2,cz3
r0000486,26836,cz2,cz3
r0000487,26846,cz2,cz3
r0000488,26856,cz2,cz3
r0000489,26866,cz2,cz3
r0000490,26876,cz2,cz4
r0000491,26886,cz2,cz4
r0000492,26896,cz2,cz4
r0000493,26906,cz2,cz4
r0000494,26915,cz2,cz4
r0000495,26925,cz2,cz4
r0000496,26935,cz2,cz4
r0000497,26945,cz2,cz4
r0000498,26955,cz2,cz4
r0000499,26965,cz2,cz4
r0000500,26975,cz2,cz4
r0000501,26985,cz2,cz4
r0000502,26995,cz2,cz4
r0000503,27004,cz2,cz4
r0000504,27014,cz2,cz4
r0000505,27024,cz2,cz4
r0000506,27034,cz3,cz1
r0000507,27044,cz3,cz1
r0000508,27054,cz3,cz1
r0000509,27064,cz3,cz1
r0000510,27074,cz3,cz1
r0000511,27084,cz3,cz1
r0000512,27093,cz3,cz1
r0000513,27103,cz3,cz1
r0000514,27113,cz3,cz1
r0000515,27123,cz3,cz1
r0000516,27133,cz3,cz1
r0000517,27143,cz3,cz1
r0000518,27153,cz3,cz1
r0000519,27163,cz3,cz1
r0000520,27173,cz3,cz1
r0000521,27182,cz3,cz1
r0000522,27192,cz3,cz1
r0000523,27202,cz3,cz1
r0000524,27212,cz3,cz1
r0000525,27222,cz3,cz1
r0000526,27232,cz3,cz1
r0000527,27242,cz3,cz1
r0000528,27252,cz3,cz1
r0000529,27262,cz3,cz1
r0000530,27271,cz3,cz1
r0000531,27281,cz3,cz1
r0000532,27291,cz3,cz1
r0000533,27301,cz3,cz1
r0000534,27311,cz3,cz1
r0000535,27321,cz3,cz1
r0000536,27331,cz3,cz2
r0000537,27341,cz3,cz2
r0000538,27351,cz3,cz2
r0000539,27360,cz3,cz2
r0000540,27370,cz3,cz2
r0000541,27380,cz3,cz2
r0000542,27390,cz3,cz2
r0000543,27400,cz3,cz2
r0000544,27410,cz3,cz2
r0000545,27420,cz3,cz2
r0000546,27430,cz3,cz2
r0000547,27440,cz3,cz2
r0000548,27450,cz3,cz2
r0000549,27459,cz3,cz2
r0000550,27469,cz3,cz2
r0000551,27479,cz3,cz2
r0000552,27489,cz3,cz2
r0000553,27499,cz3,cz2
r0000554,27509,cz3,cz2
r0000555,27519,cz3,cz2
r0000556,27529,cz3,cz2
r0000557,27539,cz3,cz3
r0000558,27548,cz3,cz3
r0000559,27558,cz3,cz3
r0000560,27568,cz3,cz3
r0000561,27578,cz3,cz3
r0000562,27588,cz3,cz3
r0000563,27598,cz3,cz3
r0000564,27608,cz3,cz3
r0000565,27618,cz3,cz3
r0000566,27628,cz3,cz3
r0000567,27637,cz3,cz3
r0000568,27647,cz3,cz3
r0000569,27657,cz3,cz3
r0000570,27667,cz3,cz3
r0000571,27677,cz3,cz3
r0000572,27687,cz3,cz3
r0000573,27697,cz3,cz3
r0000574,27707,cz3,cz3
r0000575,27717,cz3,cz3
r0000576,27726,cz3,cz3
r0000577,27736,cz3,cz3
r0000578,27746,cz3,cz3
r0000579,27756,cz3,cz3
r0000580,27766,cz3,cz3
r0000581,27776,cz3,cz3
r0000582,27786,cz3,cz3
r0000583,27796,cz3,cz3
r0000584,27806,cz3,cz3
r0000585,27815,cz3,cz3
r0000586,27825,cz3,cz3
r0000587,27835,cz3,cz3
r0000588,27845,cz3,cz3
r0000589,27855,cz3,cz4
r0000590,27865,cz3,cz4
r0000591,27875,cz3,cz4
r0000592,27885,cz3,cz4
r0000593,27895,cz3,cz4
r0000594,27904,cz3,cz4
r0000595,27914,cz3,cz4
r0000596,27924,cz3,cz4
r0000597,27934,cz3,cz4
r0000598,27944,cz3,cz4
r0000599,27954,cz3,cz4
r0000600,27964,cz3,cz4
r0000601,27974,cz3,cz4
r0000602,27984,cz3,cz4
r0000603,27993,cz3,cz4
r0000604,28003,cz3,cz4
r0000605,28013,cz3,cz4
r0000606,28023,cz3,cz4
r0000607,28033,cz3,cz4
r0000608,28043,cz3,cz4
r0000609,28053,cz3,cz4
r0000610,28063,cz3,cz4
r0000611,28073,cz4,cz1
r0000612,28082,cz4,cz1
r0000613,28092,cz4,cz1
r0000614,28102,cz4,cz1
r0000615,28112,cz4,cz1
r0000616,28122,cz4,cz1
r0000617,28132,cz4,cz1
r0000618,28142,cz4,cz1
r0000619,28152,cz4,cz1
r0000620,28162,cz4,cz1
r0000621,28171,cz4,cz1
r0000622,28181,cz4,cz1
r0000623,28191,cz4,cz1
r0000624,28201,cz4,cz1
r0000625,28211,cz4,cz1
r0000626,28221,cz4,cz1
r0000627,28231,cz4,cz1
r0000628,28241,cz4,cz1
r0000629,28251,cz4,cz1
r0000630,28260,cz4,cz1
r0000631,28270,cz4,cz1
r0000632,28280,cz4,cz2
r0000633,28290,cz4,cz2
r0000634,28300,cz4,cz2
r0000635,28310,cz4,cz2
r0000636,28320,cz4,cz2
r0000637,28330,cz4,cz2
r0000638,28340,cz4,cz2
r0000639,28350,cz4,cz2
r0000640,28359,cz4,cz2
r0000641,28369,cz4,cz2
r0000642,28379,cz4,cz2
r0000643,28389,cz4,cz2
r0000644,28399,cz4,cz2
r0000645,28409,cz4,cz2
r0000646,28419,cz4,cz2
r0000647,28429,cz4,cz2
r0000648,28439,cz4,cz3
r0000649,28448,cz4,cz3
r0000650,28458,cz4,cz3
r0000651,28468,cz4,cz3
r0000652,28478,cz4,cz3
r0000653,28488,cz4,cz3
r0000654,28498,cz4,cz3
r0000655,28508,cz4,cz3
r0000656,28518,cz4,cz3
r0000657,28528,cz4,cz3
r0000658,28537,cz4,cz3
r0000659,28547,cz4,cz3
r0000660,28557,cz4,cz3
r0000661,28567,cz4,cz3
r0000662,28577,cz4,cz3
r0000663,28587,cz4,cz3
r0000664,28597,cz4,cz3
r0000665,28607,cz4,cz3
r0000666,28617,cz4,cz3
r0000667,28626,cz4,cz3
r0000668,28636,cz4,cz3
r0000669,28646,cz4,cz3
r0000670,28656,cz4,cz4
r0000671,28666,cz4,cz4
r0000672,28676,cz4,cz4
r0000673,28686,cz4,cz4
r0000674,28696,cz4,cz4
r0000675,28706,cz4,cz4
r0000676,28715,cz4,cz4
r0000677,28725,cz4,cz4
r0000678,28735,cz4,cz4
r0000679,28745,cz4,cz4
r0000680,28755,cz4,cz4
r0000681,28765,cz4,cz4
r0000682,28775,cz4,cz4
r0000683,28785,cz4,cz4
r0000684,28795,cz4,cz4
r0000685,28803,cz1,cz1
r0000686,28809,cz1,cz1
r0000687,28815,cz1,cz1
r0000688,28821,cz1,cz1
r0000689,28827,cz1,cz1
r0000690,28833,cz1,cz1
r0000691,28839,cz1,cz1
r0000692,28845,cz1,cz1
r0000693,28852,cz1,cz1
r0000694,28858,cz1,cz1
r0000695,28864,cz1,cz1
r0000696,28870,cz1,cz1
r0000697,28876,cz1,cz1
r0000698,28882,cz1,cz1
r0000699,28888,cz1,cz1
r0000700,28894,cz1,cz1
r0000701,28901,cz1,cz1
r0000702,28907,cz1,cz1
r0000703,28913,cz1,cz1
r0000704,28919,cz1,cz1
r0000705,28925,cz1,cz1
r0000706,28931,cz1,cz1
r0000707,28937,cz1,cz1
r0000708,28943,cz1,cz1
r0000709,28950,cz1,cz1
r0000710,28956,cz1,cz1
r0000711,28962,cz1,cz1
r0000712,28968,cz1,cz1
r0000713,28974,cz1,cz1
r0000714,28980,cz1,cz1
r0000715,28986,cz1,cz1
r0000716,28992,cz1,cz1
r0000717,28998,cz1,cz1
r0000718,29005,cz1,cz1
r0000719,29011,cz1,cz1
r0000720,29017,cz1,cz1
r0000721,29023,cz1,cz1
r0000722,29029,cz1,cz1
r0000723,29035,cz1,cz1
r0000724,29041,cz1,cz1
r0000725,29047,cz1,cz1
r0000726,29054,cz1,cz1
r0000727,29060,cz1,cz1
r0000728,29066,cz1,cz1
r0000729,29072,cz1,cz1
r0000730,29078,cz1,cz1
r0000731,29084,cz1,cz1
r0000732,29090,cz1,cz2
r0000733,29096,cz1,cz2
r0000734,29103,cz1,cz2
r0000735,29109,cz1,cz2
r0000736,29115,cz1,cz2
r0000737,29121,cz1,cz2
r0000738,29127,cz1,cz2
r0000739,29133,cz1,cz2
r0000740,29139,cz1,cz2
r0000741,29145,cz1,cz2
r0000742,29152,cz1,cz2
r0000743,29158,cz1,cz2
r0000744,29164,cz1,cz2
r0000745,29170,cz1,cz2
r0000746,29176,cz1,cz2
r0000747,29182,cz1,cz2
r0000748,29188,cz1,cz2
r0000749,29194,cz1,cz2
r0000750,29201,cz1,cz2
r0000751,29207,cz1,cz2
r0000752,29213,cz1,cz2
r0000753,29219,cz1,cz2
r0000754,29225,cz1,cz2
r0000755,29231,cz1,cz2
r0000756,29237,cz1,cz2
r0000757,29243,cz1,cz2
r0000758,29250,cz1,cz2
r0000759,29256,cz1,cz2
r0000760,29262,cz1,cz2
r0000761,29268,cz1,cz2
r0000762,29274,cz1,cz2
r0000763,29280,cz1,cz2
r0000764,29286,cz1,cz2
r0000765,29292,cz1,cz2
r0000766,29298,cz1,cz2
r0000767,29305,cz1,cz2
r0000768,29311,cz1,cz3
r0000769,29317,cz1,cz3
r0000770,29323,cz1,cz3
r0000771,29329,cz1,cz3
r0000772,29335,cz1,cz3
r0000773,29341,cz1,cz3
r0000774,29347,cz1,cz3
r0000775,29354,cz1,cz3
r0000776,29360,cz1,cz3
r0000777,29366,cz1,cz3
r0000778,29372,cz1,cz3
r0000779,29378,cz1,cz3
r0000780,29384,cz1,cz3
r0000781,29390,cz1,cz3
r0000782,29396,cz1,cz3
r0000783,29403,cz1,cz3
r0000784,29409,cz1,cz3
r0000785,29415,cz1,cz3
r0000786,29421,cz1,cz3
r0000787,29427,cz1,cz3
r0000788,29433,cz1,cz3
r0000789,29439,cz1,cz3
r0000790,29445,cz1,cz3
r0000791,29452,cz1,cz3
r0000792,29458,cz1,cz3
r0000793,29464,cz1,cz3
r0000794,29470,cz1,cz3
r0000795,29476,cz1,cz3
r0000796,29482,cz1,cz3
r0000797,29488,cz1,cz3
r0000798,29494,cz1,cz3
r0000799,29501,cz1,cz3
r0000800,29507,cz1,cz3
r0000801,29513,cz1,cz3
r0000802,29519,cz1,cz3
r0000803,29525,cz1,cz3
r0000804,29531,cz1,cz3
r0000805,29537,cz1,cz3
r0000806,29543,cz1,cz3
r0000807,29550,cz1,cz3
r0000808,29556,cz1,cz3
r0000809,29562,cz1,cz3
r0000810,29568,cz1,cz3
r0000811,29574,cz1,cz3
r0000812,29580,cz1,cz3
r0000813,29586,cz1,cz3
r0000814,29592,cz1,cz3
r0000815,29598,cz1,cz3
r0000816,29605,cz1,cz3
r0000817,29611,cz1,cz4
r0000818,29617,cz1,cz4
r0000819,29623,cz1,cz4
r0000820,29629,cz1,cz4
r0000821,29635,cz1,cz4
r0000822,29641,cz1,cz4
r0000823,29647,cz1,cz4
r0000824,29654,cz1,cz4
r0000825,29660,cz1,cz4
r0000826,29666,cz1,cz4
r0000827,29672,cz1,cz4
r0000828,29678,cz1,cz4
r0000829,29684,cz1,cz4
r0000830,29690,cz1,cz4
r0000831,29696,cz1,cz4
r0000832,29703,cz1,cz4
r0000833,29709,cz1,cz4
r0000834,29715,cz1,cz4
r0000835,29721,cz1,cz4
r0000836,29727,cz1,cz4
r0000837,29733,cz1,cz4
r0000838,29739,cz1,cz4
r0000839,29745,cz1,cz4
r0000840,29752,cz1,cz4
r0000841,29758,cz1,cz4
r0000842,29764,cz1,cz4
r0000843,29770,cz1,cz4
r0000844,29776,cz1,cz4
r0000845,29782,cz1,cz4
r0000846,29788,cz1,cz4
r0000847,29794,cz1,cz4
r0000848,29801,cz1,cz4
r0000849,29807,cz1,cz4
r0000850,29813,cz2,cz1
r0000851,29819,cz2,cz1
r0000852,29825,cz2,cz1
r0000853,29831,cz2,cz1
r0000854,29837,cz2,cz1
r0000855,29843,cz2,cz1
r0000856,29850,cz2,cz1
r0000857,29856,cz2,cz1
r0000858,29862,cz2,cz1
r0000859,29868,cz2,cz1
r0000860,29874,cz2,cz1
r0000861,29880,cz2,cz1
r0000862,29886,cz2,cz1
r0000863,29892,cz2,cz1
r0000864,29898,cz2,cz1
r0000865,29905,cz2,cz1
r0000866,29911,cz2,cz1
r0000867,29917,cz2,cz1
r0000868,29923,cz2,cz1
r0000869,29929,cz2,cz1
r0000870,29935,cz2,cz1
r0000871,29941,cz2,cz1
r0000872,29947,cz2,cz1
r0000873,29954,cz2,cz1
r0000874,29960,cz2,cz1
r0000875,29966,cz2,cz1
r0000876,29972,cz2,cz1
r0000877,29978,cz2,cz1
r0000878,29984,cz2,cz1
r0000879,29990,cz2,cz1
r0000880,29996,cz2,cz1
r0000881,30003,cz2,cz1
r0000882,30009,cz2,cz1
r0000883,30015,cz2,cz1
r0000884,30021,cz2,cz1
r0000885,30027,cz2,cz1
r0000886,30033,cz2,cz1
r0000887,30039,cz2,cz2
r0000888,30045,cz2,cz2
r0000889,30052,cz2,cz2
r0000890,30058,cz2,cz2
r0000891,30064,cz2,cz2
r0000892,30070,cz2,cz2
r0000893,30076,cz2,cz2
r0000894,30082,cz2,cz2
r0000895,30088,cz2,cz2
r0000896,30094,cz2,cz2
r0000897,30101,cz2,cz2
r0000898,30107,cz2,cz2
r0000899,30113,cz2,cz2
r0000900,30119,cz2,cz2
r0000901,30125,cz2,cz2
r0000902,30131,cz2,cz2
r0000903,30137,cz2,cz2
r0000904,30143,cz2,cz2
r0000905,30150,cz2,cz2
r0000906,30156,cz2,cz2
r0000907,30162,cz2,cz2
r0000908,30168,cz2,cz2
r0000909,30174,cz2,cz2
r0000910,30180,cz2,cz2
r0000911,30186,cz2,cz2
r0000912,30192,cz2,cz2
r0000913,30198,cz2,cz2
r0000914,30205,cz2,cz2
r0000915,30211,cz2,cz2
r0000916,30217,cz2,cz2
r0000917,30223,cz2,cz2
r0000918,30229,cz2,cz2
r0000919,30235,cz2,cz2
r0000920,30241,cz2,cz2
r0000921,30247,cz2,cz2
r0000922,30254,cz2,cz2
r0000923,30260,cz2,cz3
r0000924,30266,cz2,cz3
r0000925,30272,cz2,cz3
r0000926,30278,cz2,cz3
r0000927,30284,cz2,cz3
r0000928,30290,cz2,cz3
r0000929,30296,cz2,cz3
r0000930,30303,cz2,cz3
r0000931,30309,cz2,cz3
r0000932,30315,cz2,cz3
r0000933,30321,cz2,cz3
r0000934,30327,cz2,cz3
r0000935,30333,cz2,cz3
r0000936,30339,cz2,cz3
r0000937,30345,cz2,cz3
r0000938,30352,cz2,cz3
r0000939,30358,cz2,cz3
r0000940,30364,cz2,cz3
r0000941,30370,cz2,cz3
r0000942,30376,cz2,cz3
r0000943,30382,cz2,cz3
r0000944,30388,cz2,cz3
r0000945,30394,cz2,cz3
r0000946,30401,cz2,cz3
r0000947,30407,cz2,cz3
r0000948,30413,cz2,cz3
r0000949,30419,cz2,cz3
r0000950,30425,cz2,cz3
r0000951,30431,cz2,cz3
r0000952,30437,cz2,cz3
r0000953,30443,cz2,cz3
r0000954,30450,cz2,cz3
r0000955,30456,cz2,cz3
r0000956,30462,cz2,cz3
r0000957,30468,cz2,cz3
r0000958,30474,cz2,cz4
r0000959,30480,cz2,cz4
r0000960,30486,cz2,cz4
r0000961,30492,cz2,cz4
r0000962,30498,cz2,cz4
r0000963,30505,cz2,cz4
r0000964,30511,cz2,cz4
r0000965,30517,cz2,cz4
r0000966,30523,cz2,cz4
r0000967,30529,cz2,cz4
r0000968,30535,cz2,cz4
r0000969,30541,cz2,cz4
r0000970,30547,cz2,cz4
r0000971,30554,cz2,cz4
r0000972,30560,cz2,cz4
r0000973,30566,cz2,cz4
r0000974,30572,cz2,cz4
r0000975,30578,cz2,cz4
r0000976,30584,cz2,cz4
r0000977,30590,cz2,cz4
r0000978,30596,cz2,cz4
r0000979,30603,cz2,cz4
r0000980,30609,cz2,cz4
r0000981,30615,cz2,cz4
r0000982,30621,cz2,cz4
r0000983,30627,cz2,cz4
r0000984,30633,cz3,cz1
r0000985,30639,cz3,cz1
r0000986,30645,cz3,cz1
r0000987,30652,cz3,cz1
r0000988,30658,cz3,cz1
r0000989,30664,cz3,cz1
r0000990,30670,cz3,cz1
r0000991,30676,cz3,cz1
r0000992,30682,cz3,cz1
r0000993,30688,cz3,cz1
r0000994,30694,cz3,cz1
r0000995,30701,cz3,cz1
r0000996,30707,cz3,cz1
r0000997,30713,cz3,cz1
r0000998,30719,cz3,cz1
r0000999,30725,cz3,cz1
r0001000,30731,cz3,cz1
r0001001,30737,cz3,cz1
r0001002,30743,cz3,cz1
r0001003,30749,cz3,cz1
r0001004,30756,cz3,cz1
r0001005,30762,cz3,cz1
r0001006,30768,cz3,cz1
r0001007,30774,cz3,cz1
r0001008,30780,cz3,cz1
r0001009,30786,cz3,cz1
r0001010,30792,cz3,cz1
r0001011,30798,cz3,cz1
r0001012,30805,cz3,cz1
r0001013,30811,cz3,cz1
r0001014,30817,cz3,cz1
r0001015,30823,cz3,cz1
r0001016,30829,cz3,cz1
r0001017,30835,cz3,cz1
r0001018,30841,cz3,cz1
r0001019,30847,cz3,cz1
r0001020,30854,cz3,cz1
r0001021,30860,cz3,cz1
r0001022,30866,cz3,cz1
r0001023,30872,cz3,cz1
r0001024,30878,cz3,cz1
r0001025,30884,cz3,cz1
r0001026,30890,cz3,cz1
r0001027,30896,cz3,cz1
r0001028,30903,cz3,cz1
r0001029,30909,cz3,cz1
r0001030,30915,cz3,cz1
r0001031,30921,cz3,cz1
r0001032,30927,cz3,cz2
r0001033,30933,cz3,cz2
r0001034,30939,cz3,cz2
r0001035,30945,cz3,cz2
r0001036,30952,cz3,cz2
r0001037,30958,cz3,cz2
r0001038,30964,cz3,cz2
r0001039,30970,cz3,cz2
r0001040,30976,cz3,cz2
r0001041,30982,cz3,cz2
r0001042,30988,cz3,cz2
r0001043,30994,cz3,cz2
r0001044,31001,cz3,cz2
r0001045,31007,cz3,cz2
r0001046,31013,cz3,cz2
r0001047,31019,cz3,cz2
r0001048,31025,cz3,cz2
r0001049,31031,cz3,cz2
r0001050,31037,cz3,cz2
r0001051,31043,cz3,cz2
r0001052,31050,cz3,cz2
r0001053,31056,cz3,cz2
r0001054,31062,cz3,cz2
r0001055,31068,cz3,cz2
r0001056,31074,cz3,cz2
r0001057,31080,cz3,cz2
r0001058,31086,cz3,cz2
r0001059,31092,cz3,cz2
r0001060,31098,cz3,cz2
r0001061,31105,cz3,cz2
r0001062,31111,cz3,cz2
r0001063,31117,cz3,cz2
r0001064,31123,cz3,cz2
r0001065,31129,cz3,cz2
r0001066,31135,cz3,cz3
r0001067,31141,cz3,cz3
r0001068,31147,cz3,cz3
r0001069,31154,cz3,cz3
r0001070,31160,cz3,cz3
r0001071,31166,cz3,cz3
r0001072,31172,cz3,cz3
r0001073,31178,cz3,cz3
r0001074,31184,cz3,cz3
r0001075,31190,cz3,cz3
r0001076,31196,cz3,cz3
r0001077,31203,cz3,cz3
r0001078,31209,cz3,cz3
r0001079,31215,cz3,cz3
r0001080,31221,cz3,cz3
r0001081,31227,cz3,cz3
r0001082,31233,cz3,cz3
r0001083,31239,cz3,cz3
r0001084,31245,cz3,cz3
r0001085,31252,cz3,cz3
r0001086,31258,cz3,cz3
r0001087,31264,cz3,cz3
r0001088,31270,cz3,cz3
r0001089,31276,cz3,cz3
r0001090,31282,cz3,cz3
r0001091,31288,cz3,cz3
r0001092,31294,cz3,cz3
r0001093,31301,cz3,cz3
r0001094,31307,cz3,cz3
r0001095,31313,cz3,cz3
r0001096,31319,cz3,cz3
r0001097,31325,cz3,cz3
r0001098,31331,cz3,cz3
r0001099,31337,cz3,cz3
r0001100,31343,cz3,cz3
r0001101,31350,cz3,cz3
r0001102,31356,cz3,cz3
r0001103,31362,cz3,cz3
r0001104,31368,cz3,cz3
r0001105,31374,cz3,cz3
r0001106,31380,cz3,cz3
r0001107,31386,cz3,cz3
r0001108,31392,cz3,cz3
r0001109,31398,cz3,cz3
r0001110,31405,cz3,cz3
r0001111,31411,cz3,cz3
r0001112,31417,cz3,cz3
r0001113,31423,cz3,cz3
r0001114,31429,cz3,cz3
r0001115,31435,cz3,cz3
r0001116,31441,cz3,cz3
r0001117,31447,cz3,cz3
r0001118,31454,cz3,cz4
r0001119,31460,cz3,cz4
r0001120,31466,cz3,cz4
r0001121,31472,cz3,cz4
r0001122,31478,cz3,cz4
r0001123,31484,cz3,cz4
r0001124,31490,cz3,cz4
r0001125,31496,cz3,cz4
r0001126,31503,cz3,cz4
r0001127,31509,cz3,cz4
r0001128,31515,cz3,cz4
r0001129,31521,cz3,cz4
r0001130,31527,cz3,cz4
r0001131,31533,cz3,cz4
r0001132,31539,cz3,cz4
r0001133,31545,cz3,cz4
r0001134,31552,cz3,cz4
r0001135,31558,cz3,cz4
r0001136,31564,cz3,cz4
r0001137,31570,cz3,cz4
r0001138,31576,cz3,cz4
r0001139,31582,cz3,cz4
r0001140,31588,cz3,cz4
r0001141,31594,cz3,cz4
r0001142,31601,cz3,cz4
r0001143,31607,cz3,cz4
r0001144,31613,cz3,cz4
r0001145,31619,cz3,cz4
r0001146,31625,cz3,cz4
r0001147,31631,cz3,cz4
r0001148,31637,cz3,cz4
r0001149,31643,cz3,cz4
r0001150,31650,cz3,cz4
r0001151,31656,cz3,cz4
r0001152,31662,cz3,cz4
r0001153,31668,cz4,cz1
r0001154,31674,cz4,cz1
r0001155,31680,cz4,cz1
r0001156,31686,cz4,cz1
r0001157,31692,cz4,cz1
r0001158,31698,cz4,cz1
r0001159,31705,cz4,cz1
r0001160,31711,cz4,cz1
r0001161,31717,cz4,cz1
r0001162,31723,cz4,cz1
r0001163,31729,cz4,cz1
r0001164,31735,cz4,cz1
r0001165,31741,cz4,cz1
r0001166,31747,cz4,cz1
r0001167,31754,cz4,cz1
r0001168,31760,cz4,cz1
r0001169,31766,cz4,cz1
r0001170,31772,cz4,cz1
r0001171,31778,cz4,cz1
r0001172,31784,cz4,cz1
r0001173,31790,cz4,cz1
r0001174,31796,cz4,cz1
r0001175,31803,cz4,cz1
r0001176,31809,cz4,cz1
r0001177,31815,cz4,cz1
r0001178,31821,cz4,cz1
r0001179,31827,cz4,cz1
r0001180,31833,cz4,cz1
r0001181,31839,cz4,cz1
r0001182,31845,cz4,cz1
r0001183,31852,cz4,cz1
r0001184,31858,cz4,cz1
r0001185,31864,cz4,cz1
r0001186,31870,cz4,cz1
r0001187,31876,cz4,cz2
r0001188,31882,cz4,cz2
r0001189,31888,cz4,cz2
r0001190,31894,cz4,cz2
r0001191,31901,cz4,cz2
r0001192,31907,cz4,cz2
r0001193,31913,cz4,cz2
r0001194,31919,cz4,cz2
r0001195,31925,cz4,cz2
r0001196,31931,cz4,cz2
r0001197,31937,cz4,cz2
r0001198,31943,cz4,cz2
r0001199,31950,cz4,cz2
r0001200,31956,cz4,cz2
r0001201,31962,cz4,cz2
r0001202,31968,cz4,cz2
r0001203,31974,cz4,cz2
r0001204,31980,cz4,cz2
r0001205,31986,cz4,cz2
r0001206,31992,cz4,cz2
r0001207,31998,cz4,cz2
r0001208,32005,cz4,cz2
r0001209,32011,cz4,cz2
r0001210,32017,cz4,cz2
r0001211,32023,cz4,cz2
r0001212,32029,cz4,cz2
r0001213,32035,cz4,cz3
r0001214,32041,cz4,cz3
r0001215,32047,cz4,cz3
r0001216,32054,cz4,cz3
r0001217,32060,cz4,cz3
r0001218,32066,cz4,cz3
r0001219,32072,cz4,cz3
r0001220,32078,cz4,cz3
r0001221,32084,cz4,cz3
r0001222,32090,cz4,cz3
r0001223,32096,cz4,cz3
r0001224,32103,cz4,cz3
r0001225,32109,cz4,cz3
r0001226,32115,cz4,cz3
r0001227,32121,cz4,cz3
r0001228,32127,cz4,cz3
r0001229,32133,cz4,cz3
r0001230,32139,cz4,cz3
r0001231,32145,cz4,cz3
r0001232,32152,cz4,cz3
r0001233,32158,cz4,cz3
r0001234,32164,cz4,cz3
r0001235,32170,cz4,cz3
r0001236,32176,cz4,cz3
r0001237,32182,cz4,cz3
r0001238,32188,cz4,cz3
r0001239,32194,cz4,cz3
r0001240,32201,cz4,cz3
r0001241,32207,cz4,cz3
r0001242,32213,cz4,cz3
r0001243,32219,cz4,cz3
r0001244,32225,cz4,cz3
r0001245,32231,cz4,cz3
r0001246,32237,cz4,cz3
r0001247,32243,cz4,cz3
r0001248,32250,cz4,cz3
r0001249,32256,cz4,cz4
r0001250,32262,cz4,cz4
r0001251,32268,cz4,cz4
r0001252,32274,cz4,cz4
r0001253,32280,cz4,cz4
r0001254,32286,cz4,cz4
r0001255,32292,cz4,cz4
r0001256,32298,cz4,cz4
r0001257,32305,cz4,cz4
r0001258,32311,cz4,cz4
r0001259,32317,cz4,cz4
r0001260,32323,cz4,cz4
r0001261,32329,cz4,cz4
r0001262,32335,cz4,cz4
r0001263,32341,cz4,cz4
r0001264,32347,cz4,cz4
r0001265,32354,cz4,cz4
r0001266,32360,cz4,cz4
r0001267,32366,cz4,cz4
r0001268,32372,cz4,cz4
r0001269,32378,cz4,cz4
r0001270,32384,cz4,cz4
r0001271,32390,cz4,cz4
r0001272,32396,cz4,cz4
r0001273,32403,cz1,cz1
r0001274,32409,cz1,cz1
r0001275,32415,cz1,cz1
r0001276,32421,cz1,cz1
r0001277,32427,cz1,cz1
r0001278,32434,cz1,cz1
r0001279,32440,cz1,cz1
r0001280,32446,cz1,cz1
r0001281,32452,cz1,cz1
r0001282,32458,cz1,cz1
r0001283,32465,cz1,cz1
r0001284,32471,cz1,cz1
r0001285,32477,cz1,cz1
r0001286,32483,cz1,cz1
r0001287,32489,cz1,cz1
r0001288,32496,cz1,cz1
r0001289,32502,cz1,cz1
r0001290,32508,cz1,cz1
r0001291,32514,cz1,cz1
r0001292,32520,cz1,cz1
r0001293,32527,cz1,cz1
r0001294,32533,cz1,cz1
r0001295,32539,cz1,cz1
r0001296,32545,cz1,cz1
r0001297,32551,cz1,cz1
r0001298,32558,cz1,cz1
r0001299,32564,cz1,cz1
r0001300,32570,cz1,cz1
r0001301,32576,cz1,cz1
r0001302,32582,cz1,cz1
r0001303,32588,cz1,cz1
r0001304,32595,cz1,cz1
r0001305,32601,cz1,cz1
r0001306,32607,cz1,cz1
r0001307,32613,cz1,cz1
r0001308,32619,cz1,cz1
r0001309,32626,cz1,cz1
r0001310,32632,cz1,cz1
r0001311,32638,cz1,cz1
r0001312,32644,cz1,cz1
r0001313,32650,cz1,cz1
r0001314,32657,cz1,cz1
r0001315,32663,cz1,cz1
r0001316,32669,cz1,cz1
r0001317,32675,cz1,cz1
r0001318,32681,cz1,cz1
r0001319,32688,cz1,cz1
r0001320,32694,cz1,cz2
r0001321,32700,cz1,cz2
r0001322,32706,cz1,cz2
r0001323,32712,cz1,cz2
r0001324,32719,cz1,cz2
r0001325,32725,cz1,cz2
r0001326,32731,cz1,cz2
r0001327,32737,cz1,cz2
r0001328,32743,cz1,cz2
r0001329,32750,cz1,cz2
r0001330,32756,cz1,cz2
r0001331,32762,cz1,cz2
r0001332,32768,cz1,cz2
r0001333,32774,cz1,cz2
r0001334,32781,cz1,cz2
r0001335,32787,cz1,cz2
r0001336,32793,cz1,cz2
r0001337,32799,cz1,cz2
r0001338,32805,cz1,cz2
r0001339,32812,cz1,cz2
r0001340,32818,cz1,cz2
r0001341,32824,cz1,cz2
r0001342,32830,cz1,cz2
r0001343,32836,cz1,cz2
r0001344,32843,cz1,cz2
r0001345,32849,cz1,cz2
r0001346,32855,cz1,cz2
r0001347,32861,cz1,cz2
r0001348,32867,cz1,cz2
r0001349,32874,cz1,cz2
r0001350,32880,cz1,cz2
r0001351,32886,cz1,cz2
r0001352,32892,cz1,cz2
r0001353,32898,cz1,cz2
r0001354,32904,cz1,cz2
r0001355,32911,cz1,cz2
r0001356,32917,cz1,cz3
r0001357,32923,cz1,cz3
r0001358,32929,cz1,cz3
r0001359,32935,cz1,cz3
r0001360,32942,cz1,cz3
r0001361,32948,cz1,cz3
r0001362,32954,cz1,cz3
r0001363,32960,cz1,cz3
r0001364,32966,cz1,cz3
r0001365,32973,cz1,cz3
r0001366,32979,cz1,cz3
r0001367,32985,cz1,cz3
r0001368,32991,cz1,cz3
r0001369,32997,cz1,cz3
r0001370,33004,cz1,cz3
r0001371,33010,cz1,cz3
r0001372,33016,cz1,cz3
r0001373,33022,cz1,cz3
r0001374,33028,cz1,cz3
r0001375,33035,cz1,cz3
r0001376,33041,cz1,cz3
r0001377,33047,cz1,cz3
r0001378,33053,cz1,cz3
r0001379,33059,cz1,cz3
r0001380,33066,cz1,cz3
r0001381,33072,cz1,cz3
r0001382,33078,cz1,cz3
r0001383,33084,cz1,cz3
r0001384,33090,cz1,cz3
r0001385,33097,cz1,cz3
r0001386,33103,cz1,cz3
r0001387,33109,cz1,cz3
r0001388,33115,cz1,cz3
r0001389,33121,cz1,cz3
r0001390,33128,cz1,cz3
r0001391,33134,cz1,cz3
r0001392,33140,cz1,cz3
r0001393,33146,cz1,cz3
r0001394,33152,cz1,cz3
r0001395,33159,cz1,cz3
r0001396,33165,cz1,cz3
r0001397,33171,cz1,cz3
r0001398,33177,cz1,cz3
r0001399,33183,cz1,cz3
r0001400,33190,cz1,cz3
r0001401,33196,cz1,cz3
r0001402,33202,cz1,cz3
r0001403,33208,cz1,cz3
r0001404,33214,cz1,cz3
r0001405,33220,cz1,cz4
r0001406,33227,cz1,cz4
r0001407,33233,cz1,cz4
r0001408,33239,cz1,cz4
r0001409,33245,cz1,cz4
r0001410,33251,cz1,cz4
r0001411,33258,cz1,cz4
r0001412,33264,cz1,cz4
r0001413,33270,cz1,cz4
r0001414,33276,cz1,cz4
r0001415,33282,cz1,cz4
r0001416,33289,cz1,cz4
r0001417,33295,cz1,cz4
r0001418,33301,cz1,cz4
r0001419,33307,cz1,cz4
r0001420,33313,cz1,cz4
r0001421,33320,cz1,cz4
r0001422,33326,cz1,cz4
r0001423,33332,cz1,cz4
r0001424,33338,cz1,cz4
r0001425,33344,cz1,cz4
r0001426,33351,cz1,cz4
r0001427,33357,cz1,cz4
r0001428,33363,cz1,cz4
r0001429,33369,cz1,cz4
r0001430,33375,cz1,cz4
r0001431,33382,cz1,cz4
r0001432,33388,cz1,cz4
r0001433,33394,cz1,cz4
r0001434,33400,cz1,cz4
r0001435,33406,cz1,cz4
r0001436,33413,cz1,cz4
r0001437,33419,cz1,cz4
r0001438,33425,cz2,cz1
r0001439,33431,cz2,cz1
r0001440,33437,cz2,cz1
r0001441,33444,cz2,cz1
r0001442,33450,cz2,cz1
r0001443,33456,cz2,cz1
r0001444,33462,cz2,cz1
r0001445,33468,cz2,cz1
r0001446,33475,cz2,cz1
r0001447,33481,cz2,cz1
r0001448,33487,cz2,cz1
r0001449,33493,cz2,cz1
r0001450,33499,cz2,cz1
r0001451,33506,cz2,cz1
r0001452,33512,cz2,cz1
r0001453,33518,cz2,cz1
r0001454,33524,cz2,cz1
r0001455,33530,cz2,cz1
r0001456,33537,cz2,cz1
r0001457,33543,cz2,cz1
r0001458,33549,cz2,cz1
r0001459,33555,cz2,cz1
r0001460,33561,cz2,cz1
r0001461,33567,cz2,cz1
r0001462,33574,cz2,cz1
r0001463,33580,cz2,cz1
r0001464,33586,cz2,cz1
r0001465,33592,cz2,cz1
r0001466,33598,cz2,cz1
r0001467,33605,cz2,cz1
r0001468,33611,cz2,cz1
r0001469,33617,cz2,cz1
r0001470,33623,cz2,cz1
r0001471,33629,cz2,cz1
r0001472,33636,cz2,cz1
r0001473,33642,cz2,cz1
r0001474,33648,cz2,cz2
r0001475,33654,cz2,cz2
r0001476,33660,cz2,cz2
r0001477,33667,cz2,cz2
r0001478,33673,cz2,cz2
r0001479,33679,cz2,cz2
r0001480,33685,cz2,cz2
r0001481,33691,cz2,cz2
r0001482,33698,cz2,cz2
r0001483,33704,cz2,cz2
r0001484,33710,cz2,cz2
r0001485,33716,cz2,cz2
r0001486,33722,cz2,cz2
r0001487,33729,cz2,cz2
r0001488,33735,cz2,cz2
r0001489,33741,cz2,cz2
r0001490,33747,cz2,cz2
r0001491,33753,cz2,cz2
r0001492,33760,cz2,cz2
r0001493,33766,cz2,cz2
r0001494,33772,cz2,cz2
r0001495,33778,cz2,cz2
r0001496,33784,cz2,cz2
r0001497,33791,cz2,cz2
r0001498,33797,cz2,cz2
r0001499,33803,cz2,cz2
r0001500,33809,cz2,cz2
r0001501,33815,cz2,cz2
r0001502,33822,cz2,cz2
r0001503,33828,cz2,cz2
r0001504,33834,cz2,cz2
r0001505,33840,cz2,cz2
r0001506,33846,cz2,cz2
r0001507,33853,cz2,cz2
r0001508,33859,cz2,cz2
r0001509,33865,cz2,cz3
r0001510,33871,cz2,cz3
r0001511,33877,cz2,cz3
r0001512,33883,cz2,cz3
r0001513,33890,cz2,cz3
r0001514,33896,cz2,cz3
r0001515,33902,cz2,cz3
r0001516,33908,cz2,cz3
r0001517,33914,cz2,cz3
r0001518,33921,cz2,cz3
r0001519,33927,cz2,cz3
r0001520,33933,cz2,cz3
r0001521,33939,cz2,cz3
r0001522,33945,cz2,cz3
r0001523,33952,cz2,cz3
r0001524,33958,cz2,cz3
r0001525,33964,cz2,cz3
r0001526,33970,cz2,cz3
r0001527,33976,cz2,cz3
r0001528,33983,cz2,cz3
r0001529,33989,cz2,cz3
r0001530,33995,cz2,cz3
r0001531,34001,cz2,cz3
r0001532,34007,cz2,cz3
r0001533,34014,cz2,cz3
r0001534,34020,cz2,cz3
r0001535,34026,cz2,cz3
r0001536,34032,cz2,cz3
r0001537,34038,cz2,cz3
r0001538,34045,cz2,cz3
r0001539,34051,cz2,cz3
r0001540,34057,cz2,cz3
r0001541,34063,cz2,cz3
r0001542,34069,cz2,cz3
r0001543,34076,cz2,cz3
r0001544,34082,cz2,cz4
r0001545,34088,cz2,cz4
r0001546,34094,cz2,cz4
r0001547,34100,cz2,cz4
r0001548,34107,cz2,cz4
r0001549,34113,cz2,cz4
r0001550,34119,cz2,cz4
r0001551,34125,cz2,cz4
r0001552,34131,cz2,cz4
r0001553,34138,cz2,cz4
r0001554,34144,cz2,cz4
r0001555,34150,cz2,cz4
r0001556,34156,cz2,cz4
r0001557,34162,cz2,cz4
r0001558,34169,cz2,cz4
r0001559,34175,cz2,cz4
r0001560,34181,cz2,cz4
r0001561,34187,cz2,cz4
r0001562,34193,cz2,cz4
r0001563,34200,cz2,cz4
r0001564,34206,cz2,cz4
r0001565,34212,cz2,cz4
r0001566,34218,cz2,cz4
r0001567,34224,cz2,cz4
r0001568,34230,cz2,cz4
r0001569,34237,cz3,cz1
r0001570,34243,cz3,cz1
r0001571,34249,cz3,cz1
r0001572,34255,cz3,cz1
r0001573,34261,cz3,cz1
r0001574,34268,cz3,cz1
r0001575,34274,cz3,cz1
r0001576,34280,cz3,cz1
r0001577,34286,cz3,cz1
r0001578,34292,cz3,cz1
r0001579,34299,cz3,cz1
r0001580,34305,cz3,cz1
r0001581,34311,cz3,cz1
r0001582,34317,cz3,cz1
r0001583,34323,cz3,cz1
r0001584,34330,cz3,cz1
r0001585,34336,cz3,cz1
r0001586,34342,cz3,cz1
r0001587,34348,cz3,cz1
r0001588,34354,cz3,cz1
r0001589,34361,cz3,cz1
r0001590,34367,cz3,cz1
r0001591,34373,cz3,cz1
r0001592,34379,cz3,cz1
r0001593,34385,cz3,cz1
r0001594,34392,cz3,cz1
r0001595,34398,cz3,cz1
r0001596,34404,cz3,cz1
r0001597,34410,cz3,cz1
r0001598,34416,cz3,cz1
r0001599,34423,cz3,cz1
r0001600,34429,cz3,cz1
r0001601,34435,cz3,cz1
r0001602,34441,cz3,cz1
r0001603,34447,cz3,cz1
r0001604,34454,cz3,cz1
r0001605,34460,cz3,cz1
r0001606,34466,cz3,cz1
r0001607,34472,cz3,cz1
r0001608,34478,cz3,cz1
r0001609,34485,cz3,cz1
r0001610,34491,cz3,cz1
r0001611,34497,cz3,cz1
r0001612,34503,cz3,cz1
r0001613,34509,cz3,cz1
r0001614,34516,cz3,cz1
r0001615,34522,cz3,cz1
r0001616,34528,cz3,cz1
r0001617,34534,cz3,cz2
r0001618,34540,cz3,cz2
r0001619,34546,cz3,cz2
r0001620,34553,cz3,cz2
r0001621,34559,cz3,cz2
r0001622,34565,cz3,cz2
r0001623,34571,cz3,cz2
r0001624,34577,cz3,cz2
r0001625,34584,cz3,cz2
r0001626,34590,cz3,cz2
r0001627,34596,cz3,cz2
r0001628,34602,cz3,cz2
r0001629,34608,cz3,cz2
r0001630,34615,cz3,cz2
r0001631,34621,cz3,cz2
r0001632,34627,cz3,cz2
r0001633,34633,cz3,cz2
r0001634,34639,cz3,cz2
r0001635,34646,cz3,cz2
r0001636,34652,cz3,cz2
r0001637,34658,cz3,cz2
r0001638,34664,cz3,cz2
r0001639,34670,cz3,cz2
r0001640,34677,cz3,cz2
r0001641,34683,cz3,cz2
r0001642,34689,cz3,cz2
r0001643,34695,cz3,cz2
r0001644,34701,cz3,cz2
r0001645,34708,cz3,cz2
r0001646,34714,cz3,cz2
r0001647,34720,cz3,cz2
r0001648,34726,cz3,cz2
r0001649,34732,cz3,cz2
r0001650,34739,cz3,cz2
r0001651,34745,cz3,cz3
r0001652,34751,cz3,cz3
r0001653,34757,cz3,cz3
r0001654,34763,cz3,cz3
r0001655,34770,cz3,cz3
r0001656,34776,cz3,cz3
r0001657,34782,cz3,cz3
r0001658,34788,cz3,cz3
r0001659,34794,cz3,cz3
r0001660,34801,cz3,cz3
r0001661,34807,cz3,cz3
r0001662,34813,cz3,cz3
r0001663,34819,cz3,cz3
r0001664,34825,cz3,cz3
r0001665,34832,cz3,cz3
r0001666,34838,cz3,cz3
r0001667,34844,cz3,cz3
r0001668,34850,cz3,cz3
r0001669,34856,cz3,cz3
r0001670,34862,cz3,cz3
r0001671,34869,cz3,cz3
r0001672,34875,cz3,cz3
r0001673,34881,cz3,cz3
r0001674,34887,cz3,cz3
r0001675,34893,cz3,cz3
r0001676,34900,cz3,cz3
r0001677,34906,cz3,cz3
r0001678,34912,cz3,cz3
r0001679,34918,cz3,cz3
r0001680,34924,cz3,cz3
r0001681,34931,cz3,cz3
r0001682,34937,cz3,cz3
r0001683,34943,cz3,cz3
r0001684,34949,cz3,cz3
r0001685,34955,cz3,cz3
r0001686,34962,cz3,cz3
r0001687,34968,cz3,cz3
r0001688,34974,cz3,cz3
r0001689,34980,cz3,cz3
r0001690,34986,cz3,cz3
r0001691,34993,cz3,cz3
r0001692,34999,cz3,cz3
r0001693,35005,cz3,cz3
r0001694,35011,cz3,cz3
r0001695,35017,cz3,cz3
r0001696,35024,cz3,cz3
r0001697,35030,cz3,cz3
r0001698,35036,cz3,cz3
r0001699,35042,cz3,cz3
r0001700,35048,cz3,cz3
r0001701,35055,cz3,cz3
r0001702,35061,cz3,cz4
r0001703,35067,cz3,cz4
r0001704,35073,cz3,cz4
r0001705,35079,cz3,cz4
r0001706,35086,cz3,cz4
r0001707,35092,cz3,cz4
r0001708,35098,cz3,cz4
r0001709,35104,cz3,cz4
r0001710,35110,cz3,cz4
r0001711,35117,cz3,cz4
r0001712,35123,cz3,cz4
r0001713,35129,cz3,cz4
r0001714,35135,cz3,cz4
r0001715,35141,cz3,cz4
r0001716,35148,cz3,cz4
r0001717,35154,cz3,cz4
r0001718,35160,cz3,cz4
r0001719,35166,cz3,cz4
r0001720,35172,cz3,cz4
r0001721,35179,cz3,cz4
r0001722,35185,cz3,cz4
r0001723,35191,cz3,cz4
r0001724,35197,cz3,cz4
r0001725,35203,cz3,cz4
r0001726,35209,cz3,cz4
r0001727,35216,cz3,cz4
r0001728,35222,cz3,cz4
r0001729,35228,cz3,cz4
r0001730,35234,cz3,cz4
r0001731,35240,cz3,cz4
r0001732,35247,cz3,cz4
r0001733,35253,cz3,cz4
r0001734,35259,cz3,cz4
r0001735,35265,cz3,cz4
r0001736,35271,cz4,cz1
r0001737,35278,cz4,cz1
r0001738,35284,cz4,cz1
r0001739,35290,cz4,cz1
r0001740,35296,cz4,cz1
r0001741,35302,cz4,cz1
r0001742,35309,cz4,cz1
r0001743,35315,cz4,cz1
r0001744,35321,cz4,cz1
r0001745,35327,cz4,cz1
r0001746,35333,cz4,cz1
r0001747,35340,cz4,cz1
r0001748,35346,cz4,cz1
r0001749,35352,cz4,cz1
r0001750,35358,cz4,cz1
r0001751,35364,cz4,cz1
r0001752,35371,cz4,cz1
r0001753,35377,cz4,cz1
r0001754,35383,cz4,cz1
r0001755,35389,cz4,cz1
r0001756,35395,cz4,cz1
r0001757,35402,cz4,cz1
r0001758,35408,cz4,cz1
r0001759,35414,cz4,cz1
r0001760,35420,cz4,cz1
r0001761,35426,cz4,cz1
r0001762,35433,cz4,cz1
r0001763,35439,cz4,cz1
r0001764,35445,cz4,cz1
r0001765,35451,cz4,cz1
r0001766,35457,cz4,cz1
r0001767,35464,cz4,cz1
r0001768,35470,cz4,cz1
r0001769,35476,cz4,cz1
r0001770,35482,cz4,cz2
r0001771,35488,cz4,cz2
r0001772,35495,cz4,cz2
r0001773,35501,cz4,cz2
r0001774,35507,cz4,cz2
r0001775,35513,cz4,cz2
r0001776,35519,cz4,cz2
r0001777,35525,cz4,cz2
r0001778,35532,cz4,cz2
r0001779,35538,cz4,cz2
r0001780,35544,cz4,cz2
r0001781,35550,cz4,cz2
r0001782,35556,cz4,cz2
r0001783,35563,cz4,cz2
r0001784,35569,cz4,cz2
r0001785,35575,cz4,cz2
r0001786,35581,cz4,cz2
r0001787,35587,cz4,cz2
r0001788,35594,cz4,cz2
r0001789,35600,cz4,cz2
r0001790,35606,cz4,cz2
r0001791,35612,cz4,cz2
r0001792,35618,cz4,cz2
r0001793,35625,cz4,cz2
r0001794,35631,cz4,cz2
r0001795,35637,cz4,cz3
r0001796,35643,cz4,cz3
r0001797,35649,cz4,cz3
r0001798,35656,cz4,cz3
r0001799,35662,cz4,cz3
r0001800,35668,cz4,cz3
r0001801,35674,cz4,cz3
r0001802,35680,cz4,cz3
r0001803,35687,cz4,cz3
r0001804,35693,cz4,cz3
r0001805,35699,cz4,cz3
r0001806,35705,cz4,cz3
r0001807,35711,cz4,cz3
r0001808,35718,cz4,cz3
r0001809,35724,cz4,cz3
r0001810,35730,cz4,cz3
r0001811,35736,cz4,cz3
r0001812,35742,cz4,cz3
r0001813,35749,cz4,cz3
r0001814,35755,cz4,cz3
r0001815,35761,cz4,cz3
r0001816,35767,cz4,cz3
r0001817,35773,cz4,cz3
r0001818,35780,cz4,cz3
r0001819,35786,cz4,cz3
r0001820,35792,cz4,cz3
r0001821,35798,cz4,cz3
r0001822,35804,cz4,cz3
r0001823,35811,cz4,cz3
r0001824,35817,cz4,cz3
r0001825,35823,cz4,cz3
r0001826,35829,cz4,cz3
r0001827,35835,cz4,cz3
r0001828,35841,cz4,cz3
r0001829,35848,cz4,cz3
r0001830,35854,cz4,cz4
r0001831,35860,cz4,cz4
r0001832,35866,cz4,cz4
r0001833,35872,cz4,cz4
r0001834,35879,cz4,cz4
r0001835,35885,cz4,cz4
r0001836,35891,cz4,cz4
r0001837,35897,cz4,cz4
r0001838,35903,cz4,cz4
r0001839,35910,cz4,cz4
r0001840,35916,cz4,cz4
r0001841,35922,cz4,cz4
r0001842,35928,cz4,cz4
r0001843,35934,cz4,cz4
r0001844,35941,cz4,cz4
r0001845,35947,cz4,cz4
r0001846,35953,cz4,cz4
r0001847,35959,cz4,cz4
r0001848,35965,cz4,cz4
r0001849,35972,cz4,cz4
r0001850,35978,cz4,cz4
r0001851,35984,cz4,cz4
r0001852,35990,cz4,cz4
r0001853,35996,cz4,cz4
r0001854,36003,cz1,cz1
r0001855,36011,cz1,cz1
r0001856,36019,cz1,cz1
r0001857,36026,cz1,cz1
r0001858,36034,cz1,cz1
r0001859,36042,cz1,cz1
r0001860,36049,cz1,cz1
r0001861,36057,cz1,cz1
r0001862,36064,cz1,cz1
r0001863,36072,cz1,cz1
r0001864,36080,cz1,cz1
r0001865,36087,cz1,cz1
r0001866,36095,cz1,cz1
r0001867,36103,cz1,cz1
r0001868,36110,cz1,cz1
r0001869,36118,cz1,cz1
r0001870,36126,cz1,cz1
r0001871,36133,cz1,cz1
r0001872,36141,cz1,cz1
r0001873,36149,cz1,cz1
r0001874,36156,cz1,cz1
r0001875,36164,cz1,cz1
r0001876,36171,cz1,cz1
r0001877,36179,cz1,cz1
r0001878,36187,cz1,cz1
r0001879,36194,cz1,cz1
r0001880,36202,cz1,cz1
r0001881,36210,cz1,cz1
r0001882,36217,cz1,cz1
r0001883,36225,cz1,cz1
r0001884,36233,cz1,cz1
r0001885,36240,cz1,cz1
r0001886,36248,cz1,cz1
r0001887,36256,cz1,cz1
r0001888,36263,cz1,cz1
r0001889,36271,cz1,cz1
r0001890,36278,cz1,cz1
r0001891,36286,cz1,cz1
r0001892,36294,cz1,cz2
r0001893,36301,cz1,cz2
r0001894,36309,cz1,cz2
r0001895,36317,cz1,cz2
r0001896,36324,cz1,cz2
r0001897,36332,cz1,cz2
r0001898,36340,cz1,cz2
r0001899,36347,cz1,cz2
r0001900,36355,cz1,cz2
r0001901,36363,cz1,cz2
r0001902,36370,cz1,cz2
r0001903,36378,cz1,cz2
r0001904,36385,cz1,cz2
r0001905,36393,cz1,cz2
r0001906,36401,cz1,cz2
r0001907,36408,cz1,cz2
r0001908,36416,cz1,cz2
r0001909,36424,cz1,cz2
r0001910,36431,cz1,cz2
r0001911,36439,cz1,cz2
r0001912,36447,cz1,cz2
r0001913,36454,cz1,cz2
r0001914,36462,cz1,cz2
r0001915,36470,cz1,cz2
r0001916,36477,cz1,cz2
r0001917,36485,cz1,cz2
r0001918,36492,cz1,cz2
r0001919,36500,cz1,cz2
r0001920,36508,cz1,cz2
r0001921,36515,cz1,cz3
r0001922,36523,cz1,cz3
r0001923,36531,cz1,cz3
r0001924,36538,cz1,cz3
r0001925,36546,cz1,cz3
r0001926,36554,cz1,cz3
r0001927,36561,cz1,cz3
r0001928,36569,cz1,cz3
r0001929,36577,cz1,cz3
r0001930,36584,cz1,cz3
r0001931,36592,cz1,cz3
r0001932,36600,cz1,cz3
r0001933,36607,cz1,cz3
r0001934,36615,cz1,cz3
r0001935,36622,cz1,cz3
r0001936,36630,cz1,cz3
r0001937,36638,cz1,cz3
r0001938,36645,cz1,cz3
r0001939,36653,cz1,cz3
r0001940,36661,cz1,cz3
r0001941,36668,cz1,cz3
r0001942,36676,cz1,cz3
r0001943,36684,cz1,cz3
r0001944,36691,cz1,cz3
r0001945,36699,cz1,cz3
r0001946,36707,cz1,cz3
r0001947,36714,cz1,cz3
r0001948,36722,cz1,cz3
r0001949,36729,cz1,cz3
r0001950,36737,cz1,cz3
r0001951,36745,cz1,cz3
r0001952,36752,cz1,cz3
r0001953,36760,cz1,cz3
r0001954,36768,cz1,cz3
r0001955,36775,cz1,cz3
r0001956,36783,cz1,cz3
r0001957,36791,cz1,cz3
r0001958,36798,cz1,cz3
r0001959,36806,cz1,cz3
r0001960,36814,cz1,cz4
r0001961,36821,cz1,cz4
r0001962,36829,cz1,cz4
r0001963,36836,cz1,cz4
r0001964,36844,cz1,cz4
r0001965,36852,cz1,cz4
r0001966,36859,cz1,cz4
r0001967,36867,cz1,cz4
r0001968,36875,cz1,cz4
r0001969,36882,cz1,cz4
r0001970,36890,cz1,cz4
r0001971,36898,cz1,cz4
r0001972,36905,cz1,cz4
r0001973,36913,cz1,cz4
r0001974,36921,cz1,cz4
r0001975,36928,cz1,cz4
r0001976,36936,cz1,cz4
r0001977,36943,cz1,cz4
r0001978,36951,cz1,cz4
r0001979,36959,cz1,cz4
r0001980,36966,cz1,cz4
r0001981,36974,cz1,cz4
r0001982,36982,cz1,cz4
r0001983,36989,cz1,cz4
r0001984,36997,cz1,cz4
r0001985,37005,cz1,cz4
r0001986,37012,cz1,cz4
r0001987,37020,cz2,cz1
r0001988,37028,cz2,cz1
r0001989,37035,cz2,cz1
r0001990,37043,cz2,cz1
r0001991,37050,cz2,cz1
r0001992,37058,cz2,cz1
r0001993,37066,cz2,cz1
r0001994,37073,cz2,cz1
r0001995,37081,cz2,cz1
r0001996,37089,cz2,cz1
r0001997,37096,cz2,cz1
r0001998,37104,cz2,cz1
r0001999,37112,cz2,cz1
r0002000,37119,cz2,cz1
r0002001,37127,cz2,cz1
r0002002,37135,cz2,cz1
r0002003,37142,cz2,cz1
r0002004,37150,cz2,cz1
r0002005,37157,cz2,cz1
r0002006,37165,cz2,cz1
r0002007,37173,cz2,cz1
r0002008,37180,cz2,cz1
r0002009,37188,cz2,cz1
r0002010,37196,cz2,cz1
r0002011,37203,cz2,cz1
r0002012,37211,cz2,cz1
r0002013,37219,cz2,cz1
r0002014,37226,cz2,cz1
r0002015,37234,cz2,cz1
r0002016,37242,cz2,cz2
r0002017,37249,cz2,cz2
r0002018,37257,cz2,cz2
r0002019,37264,cz2,cz2
r0002020,37272,cz2,cz2
r0002021,37280,cz2,cz2
r0002022,37287,cz2,cz2
r0002023,37295,cz2,cz2
r0002024,37303,cz2,cz2
r0002025,37310,cz2,cz2
r0002026,37318,cz2,cz2
r0002027,37326,cz2,cz2
r0002028,37333,cz2,cz2
r0002029,37341,cz2,cz2
r0002030,37349,cz2,cz2
r0002031,37356,cz2,cz2
r0002032,37364,cz2,cz2
r0002033,37371,cz2,cz2
r0002034,37379,cz2,cz2
r0002035,37387,cz2,cz2
r0002036,37394,cz2,cz2
r0002037,37402,cz2,cz2
r0002038,37410,cz2,cz2
r0002039,37417,cz2,cz2
r0002040,37425,cz2,cz2
r0002041,37433,cz2,cz2
r0002042,37440,cz2,cz2
r0002043,37448,cz2,cz2
r0002044,37456,cz2,cz3
r0002045,37463,cz2,cz3
r0002046,37471,cz2,cz3
r0002047,37478,cz2,cz3
r0002048,37486,cz2,cz3
r0002049,37494,cz2,cz3
r0002050,37501,cz2,cz3
r0002051,37509,cz2,cz3
r0002052,37517,cz2,cz3
r0002053,37524,cz2,cz3
r0002054,37532,cz2,cz3
r0002055,37540,cz2,cz3
r0002056,37547,cz2,cz3
r0002057,37555,cz2,cz3
r0002058,37563,cz2,cz3
r0002059,37570,cz2,cz3
r0002060,37578,cz2,cz3
r0002061,37585,cz2,cz3
r0002062,37593,cz2,cz3
r0002063,37601,cz2,cz3
r0002064,37608,cz2,cz3
r0002065,37616,cz2,cz3
r0002066,37624,cz2,cz3
r0002067,37631,cz2,cz3
r0002068,37639,cz2,cz3
r0002069,37647,cz2,cz3
r0002070,37654,cz2,cz3
r0002071,37662,cz2,cz3
r0002072,37670,cz2,cz4
r0002073,37677,cz2,cz4
r0002074,37685,cz2,cz4
r0002075,37692,cz2,cz4
r0002076,37700,cz2,cz4
r0002077,37708,cz2,cz4
r0002078,37715,cz2,cz4
r0002079,37723,cz2,cz4
r0002080,37731,cz2,cz4
r0002081,37738,cz2,cz4
r0002082,37746,cz2,cz4
r0002083,37754,cz2,cz4
r0002084,37761,cz2,cz4
r0002085,37769,cz2,cz4
r0002086,37777,cz2,cz4
r0002087,37784,cz2,cz4
r0002088,37792,cz2,cz4
r0002089,37800,cz2,cz4
r0002090,37807,cz2,cz4
r0002091,37815,cz2,cz4
r0002092,37822,cz2,cz4
r0002093,37830,cz3,cz1
r0002094,37838,cz3,cz1
r0002095,37845,cz3,cz1
r0002096,37853,cz3,cz1
r0002097,37861,cz3,cz1
r0002098,37868,cz3,cz1
r0002099,37876,cz3,cz1
r0002100,37884,cz3,cz1
r0002101,37891,cz3,cz1
r0002102,37899,cz3,cz1
r0002103,37907,cz3,cz1
r0002104,37914,cz3,cz1
r0002105,37922,cz3,cz1
r0002106,37929,cz3,cz1
r0002107,37937,cz3,cz1
r0002108,37945,cz3,cz1
r0002109,37952,cz3,cz1
r0002110,37960,cz3,cz1
r0002111,37968,cz3,cz1
r0002112,37975,cz3,cz1
r0002113,37983,cz3,cz1
r0002114,37991,cz3,cz1
r0002115,37998,cz3,cz1
r0002116,38006,cz3,cz1
r0002117,38014,cz3,cz1
r0002118,38021,cz3,cz1
r0002119,38029,cz3,cz1
r0002120,38036,cz3,cz1
r0002121,38044,cz3,cz1
r0002122,38052,cz3,cz1
r0002123,38059,cz3,cz1
r0002124,38067,cz3,cz1
r0002125,38075,cz3,cz1
r0002126,38082,cz3,cz1
r0002127,38090,cz3,cz1
r0002128,38098,cz3,cz1
r0002129,38105,cz3,cz1
r0002130,38113,cz3,cz1
r0002131,38121,cz3,cz1
r0002132,38128,cz3,cz2
r0002133,38136,cz3,cz2
r0002134,38143,cz3,cz2
r0002135,38151,cz3,cz2
r0002136,38159,cz3,cz2
r0002137,38166,cz3,cz2
r0002138,38174,cz3,cz2
r0002139,38182,cz3,cz2
r0002140,38189,cz3,cz2
r0002141,38197,cz3,cz2
r0002142,38205,cz3,cz2
r0002143,38212,cz3,cz2
r0002144,38220,cz3,cz2
r0002145,38228,cz3,cz2
r0002146,38235,cz3,cz2
r0002147,38243,cz3,cz2
r0002148,38250,cz3,cz2
r0002149,38258,cz3,cz2
r0002150,38266,cz3,cz2
r0002151,38273,cz3,cz2
r0002152,38281,cz3,cz2
r0002153,38289,cz3,cz2
r0002154,38296,cz3,cz2
r0002155,38304,cz3,cz2
r0002156,38312,cz3,cz2
r0002157,38319,cz3,cz2
r0002158,38327,cz3,cz2
r0002159,38335,cz3,cz3
r0002160,38342,cz3,cz3
r0002161,38350,cz3,cz3
r0002162,38357,cz3,cz3
r0002163,38365,cz3,cz3
r0002164,38373,cz3,cz3
r0002165,38380,cz3,cz3
r0002166,38388,cz3,cz3
r0002167,38396,cz3,cz3
r0002168,38403,cz3,cz3
r0002169,38411,cz3,cz3
r0002170,38419,cz3,cz3
r0002171,38426,cz3,cz3
r0002172,38434,cz3,cz3
r0002173,38442,cz3,cz3
r0002174,38449,cz3,cz3
r0002175,38457,cz3,cz3
r0002176,38464,cz3,cz3
r0002177,38472,cz3,cz3
r0002178,38480,cz3,cz3
r0002179,38487,cz3,cz3
r0002180,38495,cz3,cz3
r0002181,38503,cz3,cz3
r0002182,38510,cz3,cz3
r0002183,38518,cz3,cz3
r0002184,38526,cz3,cz3
r0002185,38533,cz3,cz3
r0002186,38541,cz3,cz3
r0002187,38549,cz3,cz3
r0002188,38556,cz3,cz3
r0002189,38564,cz3,cz3
r0002190,38571,cz3,cz3
r0002191,38579,cz3,cz3
r0002192,38587,cz3,cz3
r0002193,38594,cz3,cz3
r0002194,38602,cz3,cz3
r0002195,38610,cz3,cz3
r0002196,38617,cz3,cz3
r0002197,38625,cz3,cz3
r0002198,38633,cz3,cz3
r0002199,38640,cz3,cz3
r0002200,38648,cz3,cz4
r0002201,38656,cz3,cz4
r0002202,38663,cz3,cz4
r0002203,38671,cz3,cz4
r0002204,38678,cz3,cz4
r0002205,38686,cz3,cz4
r0002206,38694,cz3,cz4
r0002207,38701,cz3,cz4
r0002208,38709,cz3,cz4
r0002209,38717,cz3,cz4
r0002210,38724,cz3,cz4
r0002211,38732,cz3,cz4
r0002212,38740,cz3,cz4
r0002213,38747,cz3,cz4
r0002214,38755,cz3,cz4
r0002215,38763,cz3,cz4
r0002216,38770,cz3,cz4
r0002217,38778,cz3,cz4
r0002218,38785,cz3,cz4
r0002219,38793,cz3,cz4
r0002220,38801,cz3,cz4
r0002221,38808,cz3,cz4
r0002222,38816,cz3,cz4
r0002223,38824,cz3,cz4
r0002224,38831,cz3,cz4
r0002225,38839,cz3,cz4
r0002226,38847,cz3,cz4
r0002227,38854,cz3,cz4
r0002228,38862,cz4,cz1
r0002229,38870,cz4,cz1
r0002230,38877,cz4,cz1
r0002231,38885,cz4,cz1
r0002232,38892,cz4,cz1
r0002233,38900,cz4,cz1
r0002234,38908,cz4,cz1
r0002235,38915,cz4,cz1
r0002236,38923,cz4,cz1
r0002237,38931,cz4,cz1
r0002238,38938,cz4,cz1
r0002239,38946,cz4,cz1
r0002240,38954,cz4,cz1
r0002241,38961,cz4,cz1
r0002242,38969,cz4,cz1
r0002243,38977,cz4,cz1
r0002244,38984,cz4,cz1
r0002245,38992,cz4,cz1
r0002246,39000,cz4,cz1
r0002247,39007,cz4,cz1
r0002248,39015,cz4,cz1
r0002249,39022,cz4,cz1
r0002250,39030,cz4,cz1
r0002251,39038,cz4,cz1
r0002252,39045,cz4,cz1
r0002253,39053,cz4,cz1
r0002254,39061,cz4,cz1
r0002255,39068,cz4,cz2
r0002256,39076,cz4,cz2
r0002257,39084,cz4,cz2
r0002258,39091,cz4,cz2
r0002259,39099,cz4,cz2
r0002260,39107,cz4,cz2
r0002261,39114,cz4,cz2
r0002262,39122,cz4,cz2
r0002263,39129,cz4,cz2
r0002264,39137,cz4,cz2
r0002265,39145,cz4,cz2
r0002266,39152,cz4,cz2
r0002267,39160,cz4,cz2
r0002268,39168,cz4,cz2
r0002269,39175,cz4,cz2
r0002270,39183,cz4,cz2
r0002271,39191,cz4,cz2
r0002272,39198,cz4,cz2
r0002273,39206,cz4,cz2
r0002274,39214,cz4,cz2
r0002275,39221,cz4,cz2
r0002276,39229,cz4,cz3
r0002277,39236,cz4,cz3
r0002278,39244,cz4,cz3
r0002279,39252,cz4,cz3
r0002280,39259,cz4,cz3
r0002281,39267,cz4,cz3
r0002282,39275,cz4,cz3
r0002283,39282,cz4,cz3
r0002284,39290,cz4,cz3
r0002285,39298,cz4,cz3
r0002286,39305,cz4,cz3
r0002287,39313,cz4,cz3
r0002288,39321,cz4,cz3
r0002289,39328,cz4,cz3
r0002290,39336,cz4,cz3
r0002291,39343,cz4,cz3
r0002292,39351,cz4,cz3
r0002293,39359,cz4,cz3
r0002294,39366,cz4,cz3
r0002295,39374,cz4,cz3
r0002296,39382,cz4,cz3
r0002297,39389,cz4,cz3
r0002298,39397,cz4,cz3
r0002299,39405,cz4,cz3
r0002300,39412,cz4,cz3
r0002301,39420,cz4,cz3
r0002302,39428,cz4,cz3
r0002303,39435,cz4,cz3
r0002304,39443,cz4,cz3
r0002305,39450,cz4,cz4
r0002306,39458,cz4,cz4
r0002307,39466,cz4,cz4
r0002308,39473,cz4,cz4
r0002309,39481,cz4,cz4
r0002310,39489,cz4,cz4
r0002311,39496,cz4,cz4
r0002312,39504,cz4,cz4
r0002313,39512,cz4,cz4
r0002314,39519,cz4,cz4
r0002315,39527,cz4,cz4
r0002316,39535,cz4,cz4
r0002317,39542,cz4,cz4
r0002318,39550,cz4,cz4
r0002319,39557,cz4,cz4
r0002320,39565,cz4,cz4
r0002321,39573,cz4,cz4
r0002322,39580,cz4,cz4
r0002323,39588,cz4,cz4
r0002324,39596,cz4,cz4
r0002325,39603,cz1,cz1
r0002326,39610,cz1,cz1
r0002327,39618,cz1,cz1
r0002328,39625,cz1,cz1
r0002329,39632,cz1,cz1
r0002330,39640,cz1,cz1
r0002331,39647,cz1,cz1
r0002332,39654,cz1,cz1
r0002333,39661,cz1,cz1
r0002334,39669,cz1,cz1
r0002335,39676,cz1,cz1
r0002336,39683,cz1,cz1
r0002337,39690,cz1,cz1
r0002338,39698,cz1,cz1
r0002339,39705,cz1,cz1
r0002340,39712,cz1,cz1
r0002341,39720,cz1,cz1
r0002342,39727,cz1,cz1
r0002343,39734,cz1,cz1
r0002344,39741,cz1,cz1
r0002345,39749,cz1,cz1
r0002346,39756,cz1,cz1
r0002347,39763,cz1,cz1
r0002348,39770,cz1,cz1
r0002349,39778,cz1,cz1
r0002350,39785,cz1,cz1
r0002351,39792,cz1,cz1
r0002352,39800,cz1,cz1
r0002353,39807,cz1,cz1
r0002354,39814,cz1,cz1
r0002355,39821,cz1,cz1
r0002356,39829,cz1,cz1
r0002357,39836,cz1,cz1
r0002358,39843,cz1,cz1
r0002359,39850,cz1,cz1
r0002360,39858,cz1,cz1
r0002361,39865,cz1,cz1
r0002362,39872,cz1,cz1
r0002363,39880,cz1,cz1
r0002364,39887,cz1,cz1
r0002365,39894,cz1,cz2
r0002366,39901,cz1,cz2
r0002367,39909,cz1,cz2
r0002368,39916,cz1,cz2
r0002369,39923,cz1,cz2
r0002370,39930,cz1,cz2
r0002371,39938,cz1,cz2
r0002372,39945,cz1,cz2
r0002373,39952,cz1,cz2
r0002374,39960,cz1,cz2
r0002375,39967,cz1,cz2
r0002376,39974,cz1,cz2
r0002377,39981,cz1,cz2
r0002378,39989,cz1,cz2
r0002379,39996,cz1,cz2
r0002380,40003,cz1,cz2
r0002381,40010,cz1,cz2
r0002382,40018,cz1,cz2
r0002383,40025,cz1,cz2
r0002384,40032,cz1,cz2
r0002385,40040,cz1,cz2
r0002386,40047,cz1,cz2
r0002387,40054,cz1,cz2
r0002388,40061,cz1,cz2
r0002389,40069,cz1,cz2
r0002390,40076,cz1,cz2
r0002391,40083,cz1,cz2
r0002392,40090,cz1,cz2
r0002393,40098,cz1,cz2
r0002394,40105,cz1,cz2
r0002395,40112,cz1,cz3
r0002396,40120,cz1,cz3
r0002397,40127,cz1,cz3
r0002398,40134,cz1,cz3
r0002399,40141,cz1,cz3
r0002400,40149,cz1,cz3
r0002401,40156,cz1,cz3
r0002402,40163,cz1,cz3
r0002403,40170,cz1,cz3
r0002404,40178,cz1,cz3
r0002405,40185,cz1,cz3
r0002406,40192,cz1,cz3
r0002407,40200,cz1,cz3
r0002408,40207,cz1,cz3
r0002409,40214,cz1,cz3
r0002410,40221,cz1,cz3
r0002411,40229,cz1,cz3
r0002412,40236,cz1,cz3
r0002413,40243,cz1,cz3
r0002414,40250,cz1,cz3
r0002415,40258,cz1,cz3
r0002416,40265,cz1,cz3
r0002417,40272,cz1,cz3
r0002418,40280,cz1,cz3
r0002419,40287,cz1,cz3
r0002420,40294,cz1,cz3
r0002421,40301,cz1,cz3
r0002422,40309,cz1,cz3
r0002423,40316,cz1,cz3
r0002424,40323,cz1,cz3
r0002425,40330,cz1,cz3
r0002426,40338,cz1,cz3
r0002427,40345,cz1,cz3
r0002428,40352,cz1,cz3
r0002429,40360,cz1,cz3
r0002430,40367,cz1,cz3
r0002431,40374,cz1,cz3
r0002432,40381,cz1,cz3
r0002433,40389,cz1,cz3
r0002434,40396,cz1,cz3
r0002435,40403,cz1,cz3
r0002436,40410,cz1,cz4
r0002437,40418,cz1,cz4
r0002438,40425,cz1,cz4
r0002439,40432,cz1,cz4
r0002440,40440,cz1,cz4
r0002441,40447,cz1,cz4
r0002442,40454,cz1,cz4
r0002443,40461,cz1,cz4
r0002444,40469,cz1,cz4
r0002445,40476,cz1,cz4
r0002446,40483,cz1,cz4
r0002447,40490,cz1,cz4
r0002448,40498,cz1,cz4
r0002449,40505,cz1,cz4
r0002450,40512,cz1,cz4
r0002451,40519,cz1,cz4
r0002452,40527,cz1,cz4
r0002453,40534,cz1,cz4
r0002454,40541,cz1,cz4
r0002455,40549,cz1,cz4
r0002456,40556,cz1,cz4
r0002457,40563,cz1,cz4
r0002458,40570,cz1,cz4
r0002459,40578,cz1,cz4
r0002460,40585,cz1,cz4
r0002461,40592,cz1,cz4
r0002462,40600,cz1,cz4
r0002463,40607,cz1,cz4
r0002464,40614,cz2,cz1
r0002465,40621,cz2,cz1
r0002466,40629,cz2,cz1
r0002467,40636,cz2,cz1
r0002468,40643,cz2,cz1
r0002469,40650,cz2,cz1
r0002470,40658,cz2,cz1
r0002471,40665,cz2,cz1
r0002472,40672,cz2,cz1
r0002473,40680,cz2,cz1
r0002474,40687,cz2,cz1
r0002475,40694,cz2,cz1
r0002476,40701,cz2,cz1
r0002477,40709,cz2,cz1
r0002478,40716,cz2,cz1
r0002479,40723,cz2,cz1
r0002480,40730,cz2,cz1
r0002481,40738,cz2,cz1
r0002482,40745,cz2,cz1
r0002483,40752,cz2,cz1
r0002484,40760,cz2,cz1
r0002485,40767,cz2,cz1
r0002486,40774,cz2,cz1
r0002487,40781,cz2,cz1
r0002488,40789,cz2,cz1
r0002489,40796,cz2,cz1
r0002490,40803,cz2,cz1
r0002491,40810,cz2,cz1
r0002492,40818,cz2,cz1
r0002493,40825,cz2,cz1
r0002494,40832,cz2,cz1
r0002495,40840,cz2,cz2
r0002496,40847,cz2,cz2
r0002497,40854,cz2,cz2
r0002498,40861,cz2,cz2
r0002499,40869,cz2,cz2
r0002500,40876,cz2,cz2
r0002501,40883,cz2,cz2
r0002502,40890,cz2,cz2
r0002503,40898,cz2,cz2
r0002504,40905,cz2,cz2
r0002505,40912,cz2,cz2
r0002506,40920,cz2,cz2
r0002507,40927,cz2,cz2
r0002508,40934,cz2,cz2
r0002509,40941,cz2,cz2
r0002510,40949,cz2,cz2
r0002511,40956,cz2,cz2
r0002512,40963,cz2,cz2
r0002513,40970,cz2,cz2
r0002514,40978,cz2,cz2
r0002515,40985,cz2,cz2
r0002516,40992,cz2,cz2
r0002517,41000,cz2,cz2
r0002518,41007,cz2,cz2
r0002519,41014,cz2,cz2
r0002520,41021,cz2,cz2
r0002521,41029,cz2,cz2
r0002522,41036,cz2,cz2
r0002523,41043,cz2,cz2
r0002524,41050,cz2,cz2
r0002525,41058,cz2,cz3
r0002526,41065,cz2,cz3
r0002527,41072,cz2,cz3
r0002528,41080,cz2,cz3
r0002529,41087,cz2,cz3
r0002530,41094,cz2,cz3
r0002531,41101,cz2,cz3
r0002532,41109,cz2,cz3
r0002533,41116,cz2,cz3
r0002534,41123,cz2,cz3
r0002535,41130,cz2,cz3
r0002536,41138,cz2,cz3
r0002537,41145,cz2,cz3
r0002538,41152,cz2,cz3
r0002539,41160,cz2,cz3
r0002540,41167,cz2,cz3
r0002541,41174,cz2,cz3
r0002542,41181,cz2,cz3
r0002543,41189,cz2,cz3
r0002544,41196,cz2,cz3
r0002545,41203,cz2,cz3
r0002546,41210,cz2,cz3
r0002547,41218,cz2,cz3
r0002548,41225,cz2,cz3
r0002549,41232,cz2,cz3
r0002550,41240,cz2,cz3
r0002551,41247,cz2,cz3
r0002552,41254,cz2,cz3
r0002553,41261,cz2,cz3
r0002554,41269,cz2,cz3
r0002555,41276,cz2,cz4
r0002556,41283,cz2,cz4
r0002557,41290,cz2,cz4
r0002558,41298,cz2,cz4
r0002559,41305,cz2,cz4
r0002560,41312,cz2,cz4
r0002561,41320,cz2,cz4
r0002562,41327,cz2,cz4
r0002563,41334,cz2,cz4
r0002564,41341,cz2,cz4
r0002565,41349,cz2,cz4
r0002566,41356,cz2,cz4
r0002567,41363,cz2,cz4
r0002568,41370,cz2,cz4
r0002569,41378,cz2,cz4
r0002570,41385,cz2,cz4
r0002571,41392,cz2,cz4
r0002572,41400,cz2,cz4
r0002573,41407,cz2,cz4
r0002574,41414,cz2,cz4
r0002575,41421,cz2,cz4
r0002576,41429,cz2,cz4
r0002577,41436,cz3,cz1
r0002578,41443,cz3,cz1
r0002579,41450,cz3,cz1
r0002580,41458,cz3,cz1
r0002581,41465,cz3,cz1
r0002582,41472,cz3,cz1
r0002583,41480,cz3,cz1
r0002584,41487,cz3,cz1
r0002585,41494,cz3,cz1
r0002586,41501,cz3,cz1
r0002587,41509,cz3,cz1
r0002588,41516,cz3,cz1
r0002589,41523,cz3,cz1
r0002590,41530,cz3,cz1
r0002591,41538,cz3,cz1
r0002592,41545,cz3,cz1
r0002593,41552,cz3,cz1
r0002594,41559,cz3,cz1
r0002595,41567,cz3,cz1
r0002596,41574,cz3,cz1
r0002597,41581,cz3,cz1
r0002598,41589,cz3,cz1
r0002599,41596,cz3,cz1
r0002600,41603,cz3,cz1
r0002601,41610,cz3,cz1
r0002602,41618,cz3,cz1
r0002603,41625,cz3,cz1
r0002604,41632,cz3,cz1
r0002605,41640,cz3,cz1
r0002606,41647,cz3,cz1
r0002607,41654,cz3,cz1
r0002608,41661,cz3,cz1
r0002609,41669,cz3,cz1
r0002610,41676,cz3,cz1
r0002611,41683,cz3,cz1
r0002612,41690,cz3,cz1
r0002613,41698,cz3,cz1
r0002614,41705,cz3,cz1
r0002615,41712,cz3,cz1
r0002616,41720,cz3,cz1
r0002617,41727,cz3,cz1
r0002618,41734,cz3,cz2
r0002619,41741,cz3,cz2
r0002620,41749,cz3,cz2
r0002621,41756,cz3,cz2
r0002622,41763,cz3,cz2
r0002623,41770,cz3,cz2
r0002624,41778,cz3,cz2
r0002625,41785,cz3,cz2
r0002626,41792,cz3,cz2
r0002627,41800,cz3,cz2
r0002628,41807,cz3,cz2
r0002629,41814,cz3,cz2
r0002630,41821,cz3,cz2
r0002631,41829,cz3,cz2
r0002632,41836,cz3,cz2
r0002633,41843,cz3,cz2
r0002634,41850,cz3,cz2
r0002635,41858,cz3,cz2
r0002636,41865,cz3,cz2
r0002637,41872,cz3,cz2
r0002638,41880,cz3,cz2
r0002639,41887,cz3,cz2
r0002640,41894,cz3,cz2
r0002641,41901,cz3,cz2
r0002642,41909,cz3,cz2
r0002643,41916,cz3,cz2
r0002644,41923,cz3,cz2
r0002645,41930,cz3,cz2
r0002646,41938,cz3,cz2
r0002647,41945,cz3,cz3
r0002648,41952,cz3,cz3
r0002649,41960,cz3,cz3
r0002650,41967,cz3,cz3
r0002651,41974,cz3,cz3
r0002652,41981,cz3,cz3
r0002653,41989,cz3,cz3
r0002654,41996,cz3,cz3
r0002655,42003,cz3,cz3
r0002656,42010,cz3,cz3
r0002657,42018,cz3,cz3
r0002658,42025,cz3,cz3
r0002659,42032,cz3,cz3
r0002660,42040,cz3,cz3
r0002661,42047,cz3,cz3
r0002662,42054,cz3,cz3
r0002663,42061,cz3,cz3
r0002664,42069,cz3,cz3
r0002665,42076,cz3,cz3
r0002666,42083,cz3,cz3
r0002667,42090,cz3,cz3
r0002668,42098,cz3,cz3
r0002669,42105,cz3,cz3
r0002670,42112,cz3,cz3
r0002671,42120,cz3,cz3
r0002672,42127,cz3,cz3
r0002673,42134,cz3,cz3
r0002674,42141,cz3,cz3
r0002675,42149,cz3,cz3
r0002676,42156,cz3,cz3
r0002677,42163,cz3,cz3
r0002678,42170,cz3,cz3
r0002679,42178,cz3,cz3
r0002680,42185,cz3,cz3
r0002681,42192,cz3,cz3
r0002682,42200,cz3,cz3
r0002683,42207,cz3,cz3
r0002684,42214,cz3,cz3
r0002685,42221,cz3,cz3
r0002686,42229,cz3,cz3
r0002687,42236,cz3,cz3
r0002688,42243,cz3,cz3
r0002689,42250,cz3,cz3
r0002690,42258,cz3,cz4
r0002691,42265,cz3,cz4
r0002692,42272,cz3,cz4
r0002693,42280,cz3,cz4
r0002694,42287,cz3,cz4
r0002695,42294,cz3,cz4
r0002696,42301,cz3,cz4
r0002697,42309,cz3,cz4
r0002698,42316,cz3,cz4
r0002699,42323,cz3,cz4
r0002700,42330,cz3,cz4
r0002701,42338,cz3,cz4
r0002702,42345,cz3,cz4
r0002703,42352,cz3,cz4
r0002704,42360,cz3,cz4
r0002705,42367,cz3,cz4
r0002706,42374,cz3,cz4
r0002707,42381,cz3,cz4
r0002708,42389,cz3,cz4
r0002709,42396,cz3,cz4
r0002710,42403,cz3,cz4
r0002711,42410,cz3,cz4
r0002712,42418,cz3,cz4
r0002713,42425,cz3,cz4
r0002714,42432,cz3,cz4
r0002715,42440,cz3,cz4
r0002716,42447,cz3,cz4
r0002717,42454,cz3,cz4
r0002718,42461,cz3,cz4
r0002719,42469,cz4,cz1
r0002720,42476,cz4,cz1
r0002721,42483,cz4,cz1
r0002722,42490,cz4,cz1
r0002723,42498,cz4,cz1
r0002724,42505,cz4,cz1
r0002725,42512,cz4,cz1
r0002726,42520,cz4,cz1
r0002727,42527,cz4,cz1
r0002728,42534,cz4,cz1
r0002729,42541,cz4,cz1
r0002730,42549,cz4,cz1
r0002731,42556,cz4,cz1
r0002732,42563,cz4,cz1
r0002733,42570,cz4,cz1
r0002734,42578,cz4,cz1
r0002735,42585,cz4,cz1
r0002736,42592,cz4,cz1
r0002737,42600,cz4,cz1
r0002738,42607,cz4,cz1
r0002739,42614,cz4,cz1
r0002740,42621,cz4,cz1
r0002741,42629,cz4,cz1
r0002742,42636,cz4,cz1
r0002743,42643,cz4,cz1
r0002744,42650,cz4,cz1
r0002745,42658,cz4,cz1
r0002746,42665,cz4,cz1
r0002747,42672,cz4,cz1
r0002748,42680,cz4,cz2
r0002749,42687,cz4,cz2
r0002750,42694,cz4,cz2
r0002751,42701,cz4,cz2
r0002752,42709,cz4,cz2
r0002753,42716,cz4,cz2
r0002754,42723,cz4,cz2
r0002755,42730,cz4,cz2
r0002756,42738,cz4,cz2
r0002757,42745,cz4,cz2
r0002758,42752,cz4,cz2
r0002759,42760,cz4,cz2
r0002760,42767,cz4,cz2
r0002761,42774,cz4,cz2
r0002762,42781,cz4,cz2
r0002763,42789,cz4,cz2
r0002764,42796,cz4,cz2
r0002765,42803,cz4,cz2
r0002766,42810,cz4,cz2
r0002767,42818,cz4,cz2
r0002768,42825,cz4,cz2
r0002769,42832,cz4,cz3
r0002770,42840,cz4,cz3
r0002771,42847,cz4,cz3
r0002772,42854,cz4,cz3
r0002773,42861,cz4,cz3
r0002774,42869,cz4,cz3
r0002775,42876,cz4,cz3
r0002776,42883,cz4,cz3
r0002777,42890,cz4,cz3
r0002778,42898,cz4,cz3
r0002779,42905,cz4,cz3
r0002780,42912,cz4,cz3
r0002781,42920,cz4,cz3
r0002782,42927,cz4,cz3
r0002783,42934,cz4,cz3
r0002784,42941,cz4,cz3
r0002785,42949,cz4,cz3
r0002786,42956,cz4,cz3
r0002787,42963,cz4,cz3
r0002788,42970,cz4,cz3
r0002789,42978,cz4,cz3
r0002790,42985,cz4,cz3
r0002791,42992,cz4,cz3
r0002792,43000,cz4,cz3
r0002793,43007,cz4,cz3
r0002794,43014,cz4,cz3
r0002795,43021,cz4,cz3
r0002796,43029,cz4,cz3
r0002797,43036,cz4,cz3
r0002798,43043,cz4,cz3
r0002799,43050,cz4,cz4
r0002800,43058,cz4,cz4
r0002801,43065,cz4,cz4
r0002802,43072,cz4,cz4
r0002803,43080,cz4,cz4
r0002804,43087,cz4,cz4
r0002805,43094,cz4,cz4
r0002806,43101,cz4,cz4
r0002807,43109,cz4,cz4
r0002808,43116,cz4,cz4
r0002809,43123,cz4,cz4
r0002810,43130,cz4,cz4
r0002811,43138,cz4,cz4
r0002812,43145,cz4,cz4
r0002813,43152,cz4,cz4
r0002814,43160,cz4,cz4
r0002815,43167,cz4,cz4
r0002816,43174,cz4,cz4
r0002817,43181,cz4,cz4
r0002818,43189,cz4,cz4
r0002819,43196,cz4,cz4
r0002820,43203,cz1,cz1
r0002821,43210,cz1,cz1
r0002822,43217,cz1,cz1
r0002823,43224,cz1,cz1
r0002824,43231,cz1,cz1
r0002825,43238,cz1,cz1
r0002826,43245,cz1,cz1
r0002827,43252,cz1,cz1
r0002828,43259,cz1,cz1
r0002829,43266,cz1,cz1
r0002830,43273,cz1,cz1
r0002831,43280,cz1,cz1
r0002832,43287,cz1,cz1
r0002833,43294,cz1,cz1
r0002834,43301,cz1,cz1
r0002835,43308,cz1,cz1
r0002836,43315,cz1,cz1
r0002837,43322,cz1,cz1
r0002838,43329,cz1,cz1
r0002839,43336,cz1,cz1
r0002840,43343,cz1,cz1
r0002841,43350,cz1,cz1
r0002842,43357,cz1,cz1
r0002843,43364,cz1,cz1
r0002844,43371,cz1,cz1
r0002845,43378,cz1,cz1
r0002846,43385,cz1,cz1
r0002847,43392,cz1,cz1
r0002848,43400,cz1,cz1
r0002849,43407,cz1,cz1
r0002850,43414,cz1,cz1
r0002851,43421,cz1,cz1
r0002852,43428,cz1,cz1
r0002853,43435,cz1,cz1
r0002854,43442,cz1,cz1
r0002855,43449,cz1,cz1
r0002856,43456,cz1,cz1
r0002857,43463,cz1,cz1
r0002858,43470,cz1,cz1
r0002859,43477,cz1,cz1
r0002860,43484,cz1,cz1
r0002861,43491,cz1,cz2
r0002862,43498,cz1,cz2
r0002863,43505,cz1,cz2
r0002864,43512,cz1,cz2
r0002865,43519,cz1,cz2
r0002866,43526,cz1,cz2
r0002867,43533,cz1,cz2
r0002868,43540,cz1,cz2
r0002869,43547,cz1,cz2
r0002870,43554,cz1,cz2
r0002871,43561,cz1,cz2
r0002872,43568,cz1,cz2
r0002873,43575,cz1,cz2
r0002874,43582,cz1,cz2
r0002875,43589,cz1,cz2
r0002876,43596,cz1,cz2
r0002877,43603,cz1,cz2
r0002878,43610,cz1,cz2
r0002879,43617,cz1,cz2
r0002880,43624,cz1,cz2
r0002881,43631,cz1,cz2
r0002882,43638,cz1,cz2
r0002883,43645,cz1,cz2
r0002884,43652,cz1,cz2
r0002885,43659,cz1,cz2
r0002886,43666,cz1,cz2
r0002887,43673,cz1,cz2
r0002888,43680,cz1,cz2
r0002889,43687,cz1,cz2
r0002890,43694,cz1,cz2
r0002891,43701,cz1,cz2
r0002892,43708,cz1,cz2
r0002893,43715,cz1,cz3
r0002894,43722,cz1,cz3
r0002895,43729,cz1,cz3
r0002896,43736,cz1,cz3
r0002897,43743,cz1,cz3
r0002898,43750,cz1,cz3
r0002899,43757,cz1,cz3
r0002900,43764,cz1,cz3
r0002901,43771,cz1,cz3
r0002902,43778,cz1,cz3
r0002903,43785,cz1,cz3
r0002904,43792,cz1,cz3
r0002905,43800,cz1,cz3
r0002906,43807,cz1,cz3
r0002907,43814,cz1,cz3
r0002908,43821,cz1,cz3
r0002909,43828,cz1,cz3
r0002910,43835,cz1,cz3
r0002911,43842,cz1,cz3
r0002912,43849,cz1,cz3
r0002913,43856,cz1,cz3
r0002914,43863,cz1,cz3
r0002915,43870,cz1,cz3
r0002916,43877,cz1,cz3
r0002917,43884,cz1,cz3
r0002918,43891,cz1,cz3
r0002919,43898,cz1,cz3
r0002920,43905,cz1,cz3
r0002921,43912,cz1,cz3
r0002922,43919,cz1,cz3
r0002923,43926,cz1,cz3
r0002924,43933,cz1,cz3
r0002925,43940,cz1,cz3
r0002926,43947,cz1,cz3
r0002927,43954,cz1,cz3
r0002928,43961,cz1,cz3
r0002929,43968,cz1,cz3
r0002930,43975,cz1,cz3
r0002931,43982,cz1,cz3
r0002932,43989,cz1,cz3
r0002933,43996,cz1,cz3
r0002934,44003,cz1,cz3
r0002935,44010,cz1,cz3
r0002936,44017,cz1,cz4
r0002937,44024,cz1,cz4
r0002938,44031,cz1,cz4
r0002939,44038,cz1,cz4
r0002940,44045,cz1,cz4
r0002941,44052,cz1,cz4
r0002942,44059,cz1,cz4
r0002943,44066,cz1,cz4
r0002944,44073,cz1,cz4
r0002945,44080,cz1,cz4
r0002946,44087,cz1,cz4
r0002947,44094,cz1,cz4
r0002948,44101,cz1,cz4
r0002949,44108,cz1,cz4
r0002950,44115,cz1,cz4
r0002951,44122,cz1,cz4
r0002952,44129,cz1,cz4
r0002953,44136,cz1,cz4
r0002954,44143,cz1,cz4
r0002955,44150,cz1,cz4
r0002956,44157,cz1,cz4
r0002957,44164,cz1,cz4
r0002958,44171,cz1,cz4
r0002959,44178,cz1,cz4
r0002960,44185,cz1,cz4
r0002961,44192,cz1,cz4
r0002962,44200,cz1,cz4
r0002963,44207,cz1,cz4
r0002964,44214,cz1,cz4
r0002965,44221,cz2,cz1
r0002966,44228,cz2,cz1
r0002967,44235,cz2,cz1
r0002968,44242,cz2,cz1
r0002969,44249,cz2,cz1
r0002970,44256,cz2,cz1
r0002971,44263,cz2,cz1
r0002972,44270,cz2,cz1
r0002973,44277,cz2,cz1
r0002974,44284,cz2,cz1
r0002975,44291,cz2,cz1
r0002976,44298,cz2,cz1
r0002977,44305,cz2,cz1
r0002978,44312,cz2,cz1
r0002979,44319,cz2,cz1
r0002980,44326,cz2,cz1
r0002981,44333,cz2,cz1
r0002982,44340,cz2,cz1
r0002983,44347,cz2,cz1
r0002984,44354,cz2,cz1
r0002985,44361,cz2,cz1
r0002986,44368,cz2,cz1
r0002987,44375,cz2,cz1
r0002988,44382,cz2,cz1
r0002989,44389,cz2,cz1
r0002990,44396,cz2,cz1
r0002991,44403,cz2,cz1
r0002992,44410,cz2,cz1
r0002993,44417,cz2,cz1
r0002994,44424,cz2,cz1
r0002995,44431,cz2,cz1
r0002996,44438,cz2,cz1
r0002997,44445,cz2,cz2
r0002998,44452,cz2,cz2
r0002999,44459,cz2,cz2
r0003000,44466,cz2,cz2
r0003001,44473,cz2,cz2
r0003002,44480,cz2,cz2
r0003003,44487,cz2,cz2
r0003004,44494,cz2,cz2
r0003005,44501,cz2,cz2
r0003006,44508,cz2,cz2
r0003007,44515,cz2,cz2
r0003008,44522,cz2,cz2
r0003009,44529,cz2,cz2
r0003010,44536,cz2,cz2
r0003011,44543,cz2,cz2
r0003012,44550,cz2,cz2
r0003013,44557,cz2,cz2
r0003014,44564,cz2,cz2
r0003015,44571,cz2,cz2
r0003016,44578,cz2,cz2
r0003017,44585,cz2,cz2
r0003018,44592,cz2,cz2
r0003019,44600,cz2,cz2
r0003020,44607,cz2,cz2
r0003021,44614,cz2,cz2
r0003022,44621,cz2,cz2
r0003023,44628,cz2,cz2
r0003024,44635,cz2,cz2
r0003025,44642,cz2,cz2
r0003026,44649,cz2,cz2
r0003027,44656,cz2,cz2
r0003028,44663,cz2,cz3
r0003029,44670,cz2,cz3
r0003030,44677,cz2,cz3
r0003031,44684,cz2,cz3
r0003032,44691,cz2,cz3
r0003033,44698,cz2,cz3
r0003034,44705,cz2,cz3
r0003035,44712,cz2,cz3
r0003036,44719,cz2,cz3
r0003037,44726,cz2,cz3
r0003038,44733,cz2,cz3
r0003039,44740,cz2,cz3
r0003040,44747,cz2,cz3
r0003041,44754,cz2,cz3
r0003042,44761,cz2,cz3
r0003043,44768,cz2,cz3
r0003044,44775,cz2,cz3
r0003045,44782,cz2,cz3
r0003046,44789,cz2,cz3
r0003047,44796,cz2,cz3
r0003048,44803,cz2,cz3
r0003049,44810,cz2,cz3
r0003050,44817,cz2,cz3
r0003051,44824,cz2,cz3
r0003052,44831,cz2,cz3
r0003053,44838,cz2,cz3
r0003054,44845,cz2,cz3
r0003055,44852,cz2,cz3
r0003056,44859,cz2,cz3
r0003057,44866,cz2,cz3
r0003058,44873,cz2,cz3
r0003059,44880,cz2,cz4
r0003060,44887,cz2,cz4
r0003061,44894,cz2,cz4
r0003062,44901,cz2,cz4
r0003063,44908,cz2,cz4
r0003064,44915,cz2,cz4
r0003065,44922,cz2,cz4
r0003066,44929,cz2,cz4
r0003067,44936,cz2,cz4
r0003068,44943,cz2,cz4
r0003069,44950,cz2,cz4
r0003070,44957,cz2,cz4
r0003071,44964,cz2,cz4
r0003072,44971,cz2,cz4
r0003073,44978,cz2,cz4
r0003074,44985,cz2,cz4
r0003075,44992,cz2,cz4
r0003076,45000,cz2,cz4
r0003077,45007,cz2,cz4
r0003078,45014,cz2,cz4
r0003079,45021,cz2,cz4
r0003080,45028,cz2,cz4
r0003081,45035,cz3,cz1
r0003082,45042,cz3,cz1
r0003083,45049,cz3,cz1
r0003084,45056,cz3,cz1
r0003085,45063,cz3,cz1
r0003086,45070,cz3,cz1
r0003087,45077,cz3,cz1
r0003088,45084,cz3,cz1
r0003089,45091,cz3,cz1
r0003090,45098,cz3,cz1
r0003091,45105,cz3,cz1
r0003092,45112,cz3,cz1
r0003093,45119,cz3,cz1
r0003094,45126,cz3,cz1
r0003095,45133,cz3,cz1
r0003096,45140,cz3,cz1
r0003097,45147,cz3,cz1
r0003098,45154,cz3,cz1
r0003099,45161,cz3,cz1
r0003100,45168,cz3,cz1
r0003101,45175,cz3,cz1
r0003102,45182,cz3,cz1
r0003103,45189,cz3,cz1
r0003104,45196,cz3,cz1
r0003105,45203,cz3,cz1
r0003106,45210,cz3,cz1
r0003107,45217,cz3,cz1
r0003108,45224,cz3,cz1
r0003109,45231,cz3,cz1
r0003110,45238,cz3,cz1
r0003111,45245,cz3,cz1
r0003112,45252,cz3,cz1
r0003113,45259,cz3,cz1
r0003114,45266,cz3,cz1
r0003115,45273,cz3,cz1
r0003116,45280,cz3,cz1
r0003117,45287,cz3,cz1
r0003118,45294,cz3,cz1
r0003119,45301,cz3,cz1
r0003120,45308,cz3,cz1
r0003121,45315,cz3,cz1
r0003122,45322,cz3,cz1
r0003123,45329,cz3,cz2
r0003124,45336,cz3,cz2
r0003125,45343,cz3,cz2
r0003126,45350,cz3,cz2
r0003127,45357,cz3,cz2
r0003128,45364,cz3,cz2
r0003129,45371,cz3,cz2
r0003130,45378,cz3,cz2
r0003131,45385,cz3,cz2
r0003132,45392,cz3,cz2
r0003133,45400,cz3,cz2
r0003134,45407,cz3,cz2
r0003135,45414,cz3,cz2
r0003136,45421,cz3,cz2
r0003137,45428,cz3,cz2
r0003138,45435,cz3,cz2
r0003139,45442,cz3,cz2
r0003140,45449,cz3,cz2
r0003141,45456,cz3,cz2
r0003142,45463,cz3,cz2
r0003143,45470,cz3,cz2
r0003144,45477,cz3,cz2
r0003145,45484,cz3,cz2
r0003146,45491,cz3,cz2
r0003147,45498,cz3,cz2
r0003148,45505,cz3,cz2
r0003149,45512,cz3,cz2
r0003150,45519,cz3,cz2
r0003151,45526,cz3,cz2
r0003152,45533,cz3,cz2
r0003153,45540,cz3,cz3
r0003154,45547,cz3,cz3
r0003155,45554,cz3,cz3
r0003156,45561,cz3,cz3
r0003157,45568,cz3,cz3
r0003158,45575,cz3,cz3
r0003159,45582,cz3,cz3
r0003160,45589,cz3,cz3
r0003161,45596,cz3,cz3
r0003162,45603,cz3,cz3
r0003163,45610,cz3,cz3
r0003164,45617,cz3,cz3
r0003165,45624,cz3,cz3
r0003166,45631,cz3,cz3
r0003167,45638,cz3,cz3
r0003168,45645,cz3,cz3
r0003169,45652,cz3,cz3
r0003170,45659,cz3,cz3
r0003171,45666,cz3,cz3
r0003172,45673,cz3,cz3
r0003173,45680,cz3,cz3
r0003174,45687,cz3,cz3
r0003175,45694,cz3,cz3
r0003176,45701,cz3,cz3
r0003177,45708,cz3,cz3
r0003178,45715,cz3,cz3
r0003179,45722,cz3,cz3
r0003180,45729,cz3,cz3
r0003181,45736,cz3,cz3
r0003182,45743,cz3,cz3
r0003183,45750,cz3,cz3
r0003184,45757,cz3,cz3
r0003185,45764,cz3,cz3
r0003186,45771,cz3,cz3
r0003187,45778,cz3,cz3
r0003188,45785,cz3,cz3
r0003189,45792,cz3,cz3
r0003190,45800,cz3,cz3
r0003191,45807,cz3,cz3
r0003192,45814,cz3,cz3
r0003193,45821,cz3,cz3
r0003194,45828,cz3,cz3
r0003195,45835,cz3,cz3
r0003196,45842,cz3,cz3
r0003197,45849,cz3,cz3
r0003198,45856,cz3,cz4
r0003199,45863,cz3,cz4
r0003200,45870,cz3,cz4
r0003201,45877,cz3,cz4
r0003202,45884,cz3,cz4
r0003203,45891,cz3,cz4
r0003204,45898,cz3,cz4
r0003205,45905,cz3,cz4
r0003206,45912,cz3,cz4
r0003207,45919,cz3,cz4
r0003208,45926,cz3,cz4
r0003209,45933,cz3,cz4
r0003210,45940,cz3,cz4
r0003211,45947,cz3,cz4
r0003212,45954,cz3,cz4
r0003213,45961,cz3,cz4
r0003214,45968,cz3,cz4
r0003215,45975,cz3,cz4
r0003216,45982,cz3,cz4
r0003217,45989,cz3,cz4
r0003218,45996,cz3,cz4
r0003219,46003,cz3,cz4
r0003220,46010,cz3,cz4
r0003221,46017,cz3,cz4
r0003222,46024,cz3,cz4
r0003223,46031,cz3,cz4
r0003224,46038,cz3,cz4
r0003225,46045,cz3,cz4
r0003226,46052,cz3,cz4
r0003227,46059,cz3,cz4
r0003228,46066,cz4,cz1
r0003229,46073,cz4,cz1
r0003230,46080,cz4,cz1
r0003231,46087,cz4,cz1
r0003232,46094,cz4,cz1
r0003233,46101,cz4,cz1
r0003234,46108,cz4,cz1
r0003235,46115,cz4,cz1
r0003236,46122,cz4,cz1
r0003237,46129,cz4,cz1
r0003238,46136,cz4,cz1
r0003239,46143,cz4,cz1
r0003240,46150,cz4,cz1
r0003241,46157,cz4,cz1
r0003242,46164,cz4,cz1
r0003243,46171,cz4,cz1
r0003244,46178,cz4,cz1
r0003245,46185,cz4,cz1
r0003246,46192,cz4,cz1
r0003247,46200,cz4,cz1
r0003248,46207,cz4,cz1
r0003249,46214,cz4,cz1
r0003250,46221,cz4,cz1
r0003251,46228,cz4,cz1
r0003252,46235,cz4,cz1
r0003253,46242,cz4,cz1
r0003254,46249,cz4,cz1
r0003255,46256,cz4,cz1
r0003256,46263,cz4,cz1
r0003257,46270,cz4,cz1
r0003258,46277,cz4,cz2
r0003259,46284,cz4,cz2
r0003260,46291,cz4,cz2
r0003261,46298,cz4,cz2
r0003262,46305,cz4,cz2
r0003263,46312,cz4,cz2
r0003264,46319,cz4,cz2
r0003265,46326,cz4,cz2
r0003266,46333,cz4,cz2
r0003267,46340,cz4,cz2
r0003268,46347,cz4,cz2
r0003269,46354,cz4,cz2
r0003270,46361,cz4,cz2
r0003271,46368,cz4,cz2
r0003272,46375,cz4,cz2
r0003273,46382,cz4,cz2
r0003274,46389,cz4,cz2
r0003275,46396,cz4,cz2
r0003276,46403,cz4,cz2
r0003277,46410,cz4,cz2
r0003278,46417,cz4,cz2
r0003279,46424,cz4,cz2
r0003280,46431,cz4,cz3
r0003281,46438,cz4,cz3
r0003282,46445,cz4,cz3
r0003283,46452,cz4,cz3
r0003284,46459,cz4,cz3
r0003285,46466,cz4,cz3
r0003286,46473,cz4,cz3
r0003287,46480,cz4,cz3
r0003288,46487,cz4,cz3
r0003289,46494,cz4,cz3
r0003290,46501,cz4,cz3
r0003291,46508,cz4,cz3
r0003292,46515,cz4,cz3
r0003293,46522,cz4,cz3
r0003294,46529,cz4,cz3
r0003295,46536,cz4,cz3
r0003296,46543,cz4,cz3
r0003297,46550,cz4,cz3
r0003298,46557,cz4,cz3
r0003299,46564,cz4,cz3
r0003300,46571,cz4,cz3
r0003301,46578,cz4,cz3
r0003302,46585,cz4,cz3
r0003303,46592,cz4,cz3
r0003304,46600,cz4,cz3
r0003305,46607,cz4,cz3
r0003306,46614,cz4,cz3
r0003307,46621,cz4,cz3
r0003308,46628,cz4,cz3
r0003309,46635,cz4,cz3
r0003310,46642,cz4,cz3
r0003311,46649,cz4,cz4
r0003312,46656,cz4,cz4
r0003313,46663,cz4,cz4
r0003314,46670,cz4,cz4
r0003315,46677,cz4,cz4
r0003316,46684,cz4,cz4
r0003317,46691,cz4,cz4
r0003318,46698,cz4,cz4
r0003319,46705,cz4,cz4
r0003320,46712,cz4,cz4
r0003321,46719,cz4,cz4
r0003322,46726,cz4,cz4
r0003323,46733,cz4,cz4
r0003324,46740,cz4,cz4
r0003325,46747,cz4,cz4
r0003326,46754,cz4,cz4
r0003327,46761,cz4,cz4
r0003328,46768,cz4,cz4
r0003329,46775,cz4,cz4
r0003330,46782,cz4,cz4
r0003331,46789,cz4,cz4
r0003332,46796,cz4,cz4
r0003333,46803,cz1,cz1
r0003334,46810,cz1,cz1
r0003335,46817,cz1,cz1
r0003336,46824,cz1,cz1
r0003337,46831,cz1,cz1
r0003338,46838,cz1,cz1
r0003339,46845,cz1,cz1
r0003340,46852,cz1,cz1
r0003341,46859,cz1,cz1
r0003342,46866,cz1,cz1
r0003343,46873,cz1,cz1
r0003344,46880,cz1,cz1
r0003345,46887,cz1,cz1
r0003346,46894,cz1,cz1
r0003347,46901,cz1,cz1
r0003348,46908,cz1,cz1
r0003349,46915,cz1,cz1
r0003350,46922,cz1,cz1
r0003351,46929,cz1,cz1
r0003352,46936,cz1,cz1
r0003353,46943,cz1,cz1
r0003354,46950,cz1,cz1
r0003355,46956,cz1,cz1
r0003356,46963,cz1,cz1
r0003357,46970,cz1,cz1
r0003358,46977,cz1,cz1
r0003359,46984,cz1,cz1
r0003360,46991,cz1,cz1
r0003361,46998,cz1,cz1
r0003362,47005,cz1,cz1
r0003363,47012,cz1,cz1
r0003364,47019,cz1,cz1
r0003365,47026,cz1,cz1
r0003366,47033,cz1,cz1
r0003367,47040,cz1,cz1
r0003368,47047,cz1,cz1
r0003369,47054,cz1,cz1
r0003370,47061,cz1,cz1
r0003371,47068,cz1,cz1
r0003372,47075,cz1,cz1
r0003373,47082,cz1,cz1
r0003374,47089,cz1,cz2
r0003375,47096,cz1,cz2
r0003376,47103,cz1,cz2
r0003377,47110,cz1,cz2
r0003378,47117,cz1,cz2
r0003379,47124,cz1,cz2
r0003380,47131,cz1,cz2
r0003381,47138,cz1,cz2
r0003382,47145,cz1,cz2
r0003383,47152,cz1,cz2
r0003384,47159,cz1,cz2
r0003385,47166,cz1,cz2
r0003386,47173,cz1,cz2
r0003387,47180,cz1,cz2
r0003388,47187,cz1,cz2
r0003389,47194,cz1,cz2
r0003390,47201,cz1,cz2
r0003391,47208,cz1,cz2
r0003392,47215,cz1,cz2
r0003393,47222,cz1,cz2
r0003394,47229,cz1,cz2
r0003395,47236,cz1,cz2
r0003396,47243,cz1,cz2
r0003397,47250,cz1,cz2
r0003398,47256,cz1,cz2
r0003399,47263,cz1,cz2
r0003400,47270,cz1,cz2
r0003401,47277,cz1,cz2
r0003402,47284,cz1,cz2
r0003403,47291,cz1,cz2
r0003404,47298,cz1,cz2
r0003405,47305,cz1,cz2
r0003406,47312,cz1,cz3
r0003407,47319,cz1,cz3
r0003408,47326,cz1,cz3
r0003409,47333,cz1,cz3
r0003410,47340,cz1,cz3
r0003411,47347,cz1,cz3
r0003412,47354,cz1,cz3
r0003413,47361,cz1,cz3
r0003414,47368,cz1,cz3
r0003415,47375,cz1,cz3
r0003416,47382,cz1,cz3
r0003417,47389,cz1,cz3
r0003418,47396,cz1,cz3
r0003419,47403,cz1,cz3
r0003420,47410,cz1,cz3
r0003421,47417,cz1,cz3
r0003422,47424,cz1,cz3
r0003423,47431,cz1,cz3
r0003424,47438,cz1,cz3
r0003425,47445,cz1,cz3
r0003426,47452,cz1,cz3
r0003427,47459,cz1,cz3
r0003428,47466,cz1,cz3
r0003429,47473,cz1,cz3
r0003430,47480,cz1,cz3
r0003431,47487,cz1,cz3
r0003432,47494,cz1,cz3
r0003433,47501,cz1,cz3
r0003434,47508,cz1,cz3
r0003435,47515,cz1,cz3
r0003436,47522,cz1,cz3
r0003437,47529,cz1,cz3
r0003438,47536,cz1,cz3
r0003439,47543,cz1,cz3
r0003440,47550,cz1,cz3
r0003441,47556,cz1,cz3
r0003442,47563,cz1,cz3
r0003443,47570,cz1,cz3
r0003444,47577,cz1,cz3
r0003445,47584,cz1,cz3
r0003446,47591,cz1,cz3
r0003447,47598,cz1,cz3
r0003448,47605,cz1,cz3
r0003449,47612,cz1,cz4
r0003450,47619,cz1,cz4
r0003451,47626,cz1,cz4
r0003452,47633,cz1,cz4
r0003453,47640,cz1,cz4
r0003454,47647,cz1,cz4
r0003455,47654,cz1,cz4
r0003456,47661,cz1,cz4
r0003457,47668,cz1,cz4
r0003458,47675,cz1,cz4
r0003459,47682,cz1,cz4
r0003460,47689,cz1,cz4
r0003461,47696,cz1,cz4
r0003462,47703,cz1,cz4
r0003463,47710,cz1,cz4
r0003464,47717,cz1,cz4
r0003465,47724,cz1,cz4
r0003466,47731,cz1,cz4
r0003467,47738,cz1,cz4
r0003468,47745,cz1,cz4
r0003469,47752,cz1,cz4
r0003470,47759,cz1,cz4
r0003471,47766,cz1,cz4
r0003472,47773,cz1,cz4
r0003473,47780,cz1,cz4
r0003474,47787,cz1,cz4
r0003475,47794,cz1,cz4
r0003476,47801,cz1,cz4
r0003477,47808,cz1,cz4
r0003478,47815,cz2,cz1
r0003479,47822,cz2,cz1
r0003480,47829,cz2,cz1
r0003481,47836,cz2,cz1
r0003482,47843,cz2,cz1
r0003483,47850,cz2,cz1
r0003484,47856,cz2,cz1
r0003485,47863,cz2,cz1
r0003486,47870,cz2,cz1
r0003487,47877,cz2,cz1
r0003488,47884,cz2,cz1
r0003489,47891,cz2,cz1
r0003490,47898,cz2,cz1
r0003491,47905,cz2,cz1
r0003492,47912,cz2,cz1
r0003493,47919,cz2,cz1
r0003494,47926,cz2,cz1
r0003495,47933,cz2,cz1
r0003496,47940,cz2,cz1
r0003497,47947,cz2,cz1
r0003498,47954,cz2,cz1
r0003499,47961,cz2,cz1
r0003500,47968,cz2,cz1
r0003501,47975,cz2,cz1
r0003502,47982,cz2,cz1
r0003503,47989,cz2,cz1
r0003504,47996,cz2,cz1
r0003505,48003,cz2,cz1
r0003506,48010,cz2,cz1
r0003507,48017,cz2,cz1
r0003508,48024,cz2,cz1
r0003509,48031,cz2,cz1
r0003510,48038,cz2,cz2
r0003511,48045,cz2,cz2
r0003512,48052,cz2,cz2
r0003513,48059,cz2,cz2
r0003514,48066,cz2,cz2
r0003515,48073,cz2,cz2
r0003516,48080,cz2,cz2
r0003517,48087,cz2,cz2
r0003518,48094,cz2,cz2
r0003519,48101,cz2,cz2
r0003520,48108,cz2,cz2
r0003521,48115,cz2,cz2
r0003522,48122,cz2,cz2
r0003523,48129,cz2,cz2
r0003524,48136,cz2,cz2
r0003525,48143,cz2,cz2
r0003526,48150,cz2,cz2
r0003527,48156,cz2,cz2
r0003528,48163,cz2,cz2
r0003529,48170,cz2,cz2
r0003530,48177,cz2,cz2
r0003531,48184,cz2,cz2
r0003532,48191,cz2,cz2
r0003533,48198,cz2,cz2
r0003534,48205,cz2,cz2
r0003535,48212,cz2,cz2
r0003536,48219,cz2,cz2
r0003537,48226,cz2,cz2
r0003538,48233,cz2,cz2
r0003539,48240,cz2,cz2
r0003540,48247,cz2,cz2
r0003541,48254,cz2,cz3
r0003542,48261,cz2,cz3
r0003543,48268,cz2,cz3
r0003544,48275,cz2,cz3
r0003545,48282,cz2,cz3
r0003546,48289,cz2,cz3
r0003547,48296,cz2,cz3
r0003548,48303,cz2,cz3
r0003549,48310,cz2,cz3
r0003550,48317,cz2,cz3
r0003551,48324,cz2,cz3
r0003552,48331,cz2,cz3
r0003553,48338,cz2,cz3
r0003554,48345,cz2,cz3
r0003555,48352,cz2,cz3
r0003556,48359,cz2,cz3
r0003557,48366,cz2,cz3
r0003558,48373,cz2,cz3
r0003559,48380,cz2,cz3
r0003560,48387,cz2,cz3
r0003561,48394,cz2,cz3
r0003562,48401,cz2,cz3
r0003563,48408,cz2,cz3
r0003564,48415,cz2,cz3
r0003565,48422,cz2,cz3
r0003566,48429,cz2,cz3
r0003567,48436,cz2,cz3
r0003568,48443,cz2,cz3
r0003569,48450,cz2,cz3
r0003570,48456,cz2,cz3
r0003571,48463,cz2,cz3
r0003572,48470,cz2,cz4
r0003573,48477,cz2,cz4
r0003574,48484,cz2,cz4
r0003575,48491,cz2,cz4
r0003576,48498,cz2,cz4
r0003577,48505,cz2,cz4
r0003578,48512,cz2,cz4
r0003579,48519,cz2,cz4
r0003580,48526,cz2,cz4
r0003581,48533,cz2,cz4
r0003582,48540,cz2,cz4
r0003583,48547,cz2,cz4
r0003584,48554,cz2,cz4
r0003585,48561,cz2,cz4
r0003586,48568,cz2,cz4
r0003587,48575,cz2,cz4
r0003588,48582,cz2,cz4
r0003589,48589,cz2,cz4
r0003590,48596,cz2,cz4
r0003591,48603,cz2,cz4
r0003592,48610,cz2,cz4
r0003593,48617,cz2,cz4
r0003594,48624,cz2,cz4
r0003595,48631,cz3,cz1
r0003596,48638,cz3,cz1
r0003597,48645,cz3,cz1
r0003598,48652,cz3,cz1
r0003599,48659,cz3,cz1
r0003600,48666,cz3,cz1
r0003601,48673,cz3,cz1
r0003602,48680,cz3,cz1
r0003603,48687,cz3,cz1
r0003604,48694,cz3,cz1
r0003605,48701,cz3,cz1
r0003606,48708,cz3,cz1
r0003607,48715,cz3,cz1
r0003608,48722,cz3,cz1
r0003609,48729,cz3,cz1
r0003610,48736,cz3,cz1
r0003611,48743,cz3,cz1
r0003612,48749,cz3,cz1
r0003613,48756,cz3,cz1
r0003614,48763,cz3,cz1
r0003615,48770,cz3,cz1
r0003616,48777,cz3,cz1
r0003617,48784,cz3,cz1
r0003618,48791,cz3,cz1
r0003619,48798,cz3,cz1
r0003620,48805,cz3,cz1
r0003621,48812,cz3,cz1
r0003622,48819,cz3,cz1
r0003623,48826,cz3,cz1
r0003624,48833,cz3,cz1
r0003625,48840,cz3,cz1
r0003626,48847,cz3,cz1
r0003627,48854,cz3,cz1
r0003628,48861,cz3,cz1
r0003629,48868,cz3,cz1
r0003630,48875,cz3,cz1
r0003631,48882,cz3,cz1
r0003632,48889,cz3,cz1
r0003633,48896,cz3,cz1
r0003634,48903,cz3,cz1
r0003635,48910,cz3,cz1
r0003636,48917,cz3,cz1
r0003637,48924,cz3,cz2
r0003638,48931,cz3,cz2
r0003639,48938,cz3,cz2
r0003640,48945,cz3,cz2
r0003641,48952,cz3,cz2
r0003642,48959,cz3,cz2
r0003643,48966,cz3,cz2
r0003644,48973,cz3,cz2
r0003645,48980,cz3,cz2
r0003646,48987,cz3,cz2
r0003647,48994,cz3,cz2
r0003648,49001,cz3,cz2
r0003649,49008,cz3,cz2
r0003650,49015,cz3,cz2
r0003651,49022,cz3,cz2
r0003652,49029,cz3,cz2
r0003653,49036,cz3,cz2
r0003654,49043,cz3,cz2
r0003655,49050,cz3,cz2
r0003656,49056,cz3,cz2
r0003657,49063,cz3,cz2
r0003658,49070,cz3,cz2
r0003659,49077,cz3,cz2
r0003660,49084,cz3,cz2
r0003661,49091,cz3,cz2
r0003662,49098,cz3,cz2
r0003663,49105,cz3,cz2
r0003664,49112,cz3,cz2
r0003665,49119,cz3,cz2
r0003666,49126,cz3,cz2
r0003667,49133,cz3,cz3
r0003668,49140,cz3,cz3
r0003669,49147,cz3,cz3
r0003670,49154,cz3,cz3
r0003671,49161,cz3,cz3
r0003672,49168,cz3,cz3
r0003673,49175,cz3,cz3
r0003674,49182,cz3,cz3
r0003675,49189,cz3,cz3
r0003676,49196,cz3,cz3
r0003677,49203,cz3,cz3
r0003678,49210,cz3,cz3
r0003679,49217,cz3,cz3
r0003680,49224,cz3,cz3
r0003681,49231,cz3,cz3
r0003682,49238,cz3,cz3
r0003683,49245,cz3,cz3
r0003684,49252,cz3,cz3
r0003685,49259,cz3,cz3
r0003686,49266,cz3,cz3
r0003687,49273,cz3,cz3
r0003688,49280,cz3,cz3
r0003689,49287,cz3,cz3
r0003690,49294,cz3,cz3
r0003691,49301,cz3,cz3
r0003692,49308,cz3,cz3
r0003693,49315,cz3,cz3
r0003694,49322,cz3,cz3
r0003695,49329,cz3,cz3
r0003696,49336,cz3,cz3
r0003697,49343,cz3,cz3
r0003698,49350,cz3,cz3
r0003699,49356,cz3,cz3
r0003700,49363,cz3,cz3
r0003701,49370,cz3,cz3
r0003702,49377,cz3,cz3
r0003703,49384,cz3,cz3
r0003704,49391,cz3,cz3
r0003705,49398,cz3,cz3
r0003706,49405,cz3,cz3
r0003707,49412,cz3,cz3
r0003708,49419,cz3,cz3
r0003709,49426,cz3,cz3
r0003710,49433,cz3,cz3
r0003711,49440,cz3,cz3
r0003712,49447,cz3,cz4
r0003713,49454,cz3,cz4
r0003714,49461,cz3,cz4
r0003715,49468,cz3,cz4
r0003716,49475,cz3,cz4
r0003717,49482,cz3,cz4
r0003718,49489,cz3,cz4
r0003719,49496,cz3,cz4
r0003720,49503,cz3,cz4
r0003721,49510,cz3,cz4
r0003722,49517,cz3,cz4
r0003723,49524,cz3,cz4
r0003724,49531,cz3,cz4
r0003725,49538,cz3,cz4
r0003726,49545,cz3,cz4
r0003727,49552,cz3,cz4
r0003728,49559,cz3,cz4
r0003729,49566,cz3,cz4
r0003730,49573,cz3,cz4
r0003731,49580,cz3,cz4
r0003732,49587,cz3,cz4
r0003733,49594,cz3,cz4
r0003734,49601,cz3,cz4
r0003735,49608,cz3,cz4
r0003736,49615,cz3,cz4
r0003737,49622,cz3,cz4
r0003738,49629,cz3,cz4
r0003739,49636,cz3,cz4
r0003740,49643,cz3,cz4
r0003741,49650,cz3,cz4
r0003742,49656,cz4,cz1
r0003743,49663,cz4,cz1
r0003744,49670,cz4,cz1
r0003745,49677,cz4,cz1
r0003746,49684,cz4,cz1
r0003747,49691,cz4,cz1
r0003748,49698,cz4,cz1
r0003749,49705,cz4,cz1
r0003750,49712,cz4,cz1
r0003751,49719,cz4,cz1
r0003752,49726,cz4,cz1
r0003753,49733,cz4,cz1
r0003754,49740,cz4,cz1
r0003755,49747,cz4,cz1
r0003756,49754,cz4,cz1
r0003757,49761,cz4,cz1
r0003758,49768,cz4,cz1
r0003759,49775,cz4,cz1
r0003760,49782,cz4,cz1
r0003761,49789,cz4,cz1
r0003762,49796,cz4,cz1
r0003763,49803,cz4,cz1
r0003764,49810,cz4,cz1
r0003765,49817,cz4,cz1
r0003766,49824,cz4,cz1
r0003767,49831,cz4,cz1
r0003768,49838,cz4,cz1
r0003769,49845,cz4,cz1
r0003770,49852,cz4,cz1
r0003771,49859,cz4,cz1
r0003772,49866,cz4,cz2
r0003773,49873,cz4,cz2
r0003774,49880,cz4,cz2
r0003775,49887,cz4,cz2
r0003776,49894,cz4,cz2
r0003777,49901,cz4,cz2
r0003778,49908,cz4,cz2
r0003779,49915,cz4,cz2
r0003780,49922,cz4,cz2
r0003781,49929,cz4,cz2
r0003782,49936,cz4,cz2
r0003783,49943,cz4,cz2
r0003784,49950,cz4,cz2
r0003785,49956,cz4,cz2
r0003786,49963,cz4,cz2
r0003787,49970,cz4,cz2
r0003788,49977,cz4,cz2
r0003789,49984,cz4,cz2
r0003790,49991,cz4,cz2
r0003791,49998,cz4,cz2
r0003792,50005,cz4,cz2
r0003793,50012,cz4,cz2
r0003794,50019,cz4,cz2
r0003795,50026,cz4,cz3
r0003796,50033,cz4,cz3
r0003797,50040,cz4,cz3
r0003798,50047,cz4,cz3
r0003799,50054,cz4,cz3
r0003800,50061,cz4,cz3
r0003801,50068,cz4,cz3
r0003802,50075,cz4,cz3
r0003803,50082,cz4,cz3
r0003804,50089,cz4,cz3
r0003805,50096,cz4,cz3
r0003806,50103,cz4,cz3
r0003807,50110,cz4,cz3
r0003808,50117,cz4,cz3
r0003809,50124,cz4,cz3
r0003810,50131,cz4,cz3
r0003811,50138,cz4,cz3
r0003812,50145,cz4,cz3
r0003813,50152,cz4,cz3
r0003814,50159,cz4,cz3
r0003815,50166,cz4,cz3
r0003816,50173,cz4,cz3
r0003817,50180,cz4,cz3
r0003818,50187,cz4,cz3
r0003819,50194,cz4,cz3
r0003820,50201,cz4,cz3
r0003821,50208,cz4,cz3
r0003822,50215,cz4,cz3
r0003823,50222,cz4,cz3
r0003824,50229,cz4,cz3
r0003825,50236,cz4,cz3
r0003826,50243,cz4,cz3
r0003827,50250,cz4,cz4
r0003828,50256,cz4,cz4
r0003829,50263,cz4,cz4
r0003830,50270,cz4,cz4
r0003831,50277,cz4,cz4
r0003832,50284,cz4,cz4
r0003833,50291,cz4,cz4
r0003834,50298,cz4,cz4
r0003835,50305,cz4,cz4
r0003836,50312,cz4,cz4
r0003837,50319,cz4,cz4
r0003838,50326,cz4,cz4
r0003839,50333,cz4,cz4
r0003840,50340,cz4,cz4
r0003841,50347,cz4,cz4
r0003842,50354,cz4,cz4
r0003843,50361,cz4,cz4
r0003844,50368,cz4,cz4
r0003845,50375,cz4,cz4
r0003846,50382,cz4,cz4
r0003847,50389,cz4,cz4
r0003848,50396,cz4,cz4
r0003849,50403,cz1,cz1
r0003850,50410,cz1,cz1
r0003851,50417,cz1,cz1
r0003852,50423,cz1,cz1
r0003853,50430,cz1,cz1
r0003854,50437,cz1,cz1
r0003855,50444,cz1,cz1
r0003856,50451,cz1,cz1
r0003857,50457,cz1,cz1
r0003858,50464,cz1,cz1
r0003859,50471,cz1,cz1
r0003860,50478,cz1,cz1
r0003861,50485,cz1,cz1
r0003862,50491,cz1,cz1
r0003863,50498,cz1,cz1
r0003864,50505,cz1,cz1
r0003865,50512,cz1,cz1
r0003866,50519,cz1,cz1
r0003867,50525,cz1,cz1
r0003868,50532,cz1,cz1
r0003869,50539,cz1,cz1
r0003870,50546,cz1,cz1
r0003871,50553,cz1,cz1
r0003872,50559,cz1,cz1
r0003873,50566,cz1,cz1
r0003874,50573,cz1,cz1
r0003875,50580,cz1,cz1
r0003876,50587,cz1,cz1
r0003877,50593,cz1,cz1
r0003878,50600,cz1,cz1
r0003879,50607,cz1,cz1
r0003880,50614,cz1,cz1
r0003881,50621,cz1,cz1
r0003882,50627,cz1,cz1
r0003883,50634,cz1,cz1
r0003884,50641,cz1,cz1
r0003885,50648,cz1,cz1
r0003886,50655,cz1,cz1
r0003887,50662,cz1,cz1
r0003888,50668,cz1,cz1
r0003889,50675,cz1,cz1
r0003890,50682,cz1,cz1
r0003891,50689,cz1,cz1
r0003892,50696,cz1,cz2
r0003893,50702,cz1,cz2
r0003894,50709,cz1,cz2
r0003895,50716,cz1,cz2
r0003896,50723,cz1,cz2
r0003897,50730,cz1,cz2
r0003898,50736,cz1,cz2
r0003899,50743,cz1,cz2
r0003900,50750,cz1,cz2
r0003901,50757,cz1,cz2
r0003902,50764,cz1,cz2
r0003903,50770,cz1,cz2
r0003904,50777,cz1,cz2
r0003905,50784,cz1,cz2
r0003906,50791,cz1,cz2
r0003907,50798,cz1,cz2
r0003908,50804,cz1,cz2
r0003909,50811,cz1,cz2
r0003910,50818,cz1,cz2
r0003911,50825,cz1,cz2
r0003912,50832,cz1,cz2
r0003913,50838,cz1,cz2
r0003914,50845,cz1,cz2
r0003915,50852,cz1,cz2
r0003916,50859,cz1,cz2
r0003917,50866,cz1,cz2
r0003918,50872,cz1,cz2
r0003919,50879,cz1,cz2
r0003920,50886,cz1,cz2
r0003921,50893,cz1,cz2
r0003922,50900,cz1,cz2
r0003923,50906,cz1,cz2
r0003924,50913,cz1,cz3
r0003925,50920,cz1,cz3
r0003926,50927,cz1,cz3
r0003927,50934,cz1,cz3
r0003928,50941,cz1,cz3
r0003929,50947,cz1,cz3
r0003930,50954,cz1,cz3
r0003931,50961,cz1,cz3
r0003932,50968,cz1,cz3
r0003933,50975,cz1,cz3
r0003934,50981,cz1,cz3
r0003935,50988,cz1,cz3
r0003936,50995,cz1,cz3
r0003937,51002,cz1,cz3
r0003938,51009,cz1,cz3
r0003939,51015,cz1,cz3
r0003940,51022,cz1,cz3
r0003941,51029,cz1,cz3
r0003942,51036,cz1,cz3
r0003943,51043,cz1,cz3
r0003944,51049,cz1,cz3
r0003945,51056,cz1,cz3
r0003946,51063,cz1,cz3
r0003947,51070,cz1,cz3
r0003948,51077,cz1,cz3
r0003949,51083,cz1,cz3
r0003950,51090,cz1,cz3
r0003951,51097,cz1,cz3
r0003952,51104,cz1,cz3
r0003953,51111,cz1,cz3
r0003954,51117,cz1,cz3
r0003955,51124,cz1,cz3
r0003956,51131,cz1,cz3
r0003957,51138,cz1,cz3
r0003958,51145,cz1,cz3
r0003959,51151,cz1,cz3
r0003960,51158,cz1,cz3
r0003961,51165,cz1,cz3
r0003962,51172,cz1,cz3
r0003963,51179,cz1,cz3
r0003964,51186,cz1,cz3
r0003965,51192,cz1,cz3
r0003966,51199,cz1,cz3
r0003967,51206,cz1,cz3
r0003968,51213,cz1,cz4
r0003969,51220,cz1,cz4
r0003970,51226,cz1,cz4
r0003971,51233,cz1,cz4
r0003972,51240,cz1,cz4
r0003973,51247,cz1,cz4
r0003974,51254,cz1,cz4
r0003975,51260,cz1,cz4
r0003976,51267,cz1,cz4
r0003977,51274,cz1,cz4
r0003978,51281,cz1,cz4
r0003979,51288,cz1,cz4
r0003980,51294,cz1,cz4
r0003981,51301,cz1,cz4
r0003982,51308,cz1,cz4
r0003983,51315,cz1,cz4
r0003984,51322,cz1,cz4
r0003985,51328,cz1,cz4
r0003986,51335,cz1,cz4
r0003987,51342,cz1,cz4
r0003988,51349,cz1,cz4
r0003989,51356,cz1,cz4
r0003990,51362,cz1,cz4
r0003991,51369,cz1,cz4
r0003992,51376,cz1,cz4
r0003993,51383,cz1,cz4
r0003994,51390,cz1,cz4
r0003995,51396,cz1,cz4
r0003996,51403,cz1,cz4
r0003997,51410,cz1,cz4
r0003998,51417,cz2,cz1
r0003999,51424,cz2,cz1
r0004000,51431,cz2,cz1
r0004001,51437,cz2,cz1
r0004002,51444,cz2,cz1
r0004003,51451,cz2,cz1
r0004004,51458,cz2,cz1
r0004005,51465,cz2,cz1
r0004006,51471,cz2,cz1
r0004007,51478,cz2,cz1
r0004008,51485,cz2,cz1
r0004009,51492,cz2,cz1
r0004010,51499,cz2,cz1
r0004011,51505,cz2,cz1
r0004012,51512,cz2,cz1
r0004013,51519,cz2,cz1
r0004014,51526,cz2,cz1
r0004015,51533,cz2,cz1
r0004016,51539,cz2,cz1
r0004017,51546,cz2,cz1
r0004018,51553,cz2,cz1
r0004019,51560,cz2,cz1
r0004020,51567,cz2,cz1
r0004021,51573,cz2,cz1
r0004022,51580,cz2,cz1
r0004023,51587,cz2,cz1
r0004024,51594,cz2,cz1
r0004025,51601,cz2,cz1
r0004026,51607,cz2,cz1
r0004027,51614,cz2,cz1
r0004028,51621,cz2,cz1
r0004029,51628,cz2,cz1
r0004030,51635,cz2,cz1
r0004031,51641,cz2,cz2
r0004032,51648,cz2,cz2
r0004033,51655,cz2,cz2
r0004034,51662,cz2,cz2
r0004035,51669,cz2,cz2
r0004036,51675,cz2,cz2
r0004037,51682,cz2,cz2
r0004038,51689,cz2,cz2
r0004039,51696,cz2,cz2
r0004040,51703,cz2,cz2
r0004041,51710,cz2,cz2
r0004042,51716,cz2,cz2
r0004043,51723,cz2,cz2
r0004044,51730,cz2,cz2
r0004045,51737,cz2,cz2
r0004046,51744,cz2,cz2
r0004047,51750,cz2,cz2
r0004048,51757,cz2,cz2
r0004049,51764,cz2,cz2
r0004050,51771,cz2,cz2
r0004051,51778,cz2,cz2
r0004052,51784,cz2,cz2
r0004053,51791,cz2,cz2
r0004054,51798,cz2,cz2
r0004055,51805,cz2,cz2
r0004056,51812,cz2,cz2
r0004057,51818,cz2,cz2
r0004058,51825,cz2,cz2
r0004059,51832,cz2,cz2
r0004060,51839,cz2,cz2
r0004061,51846,cz2,cz2
r0004062,51852,cz2,cz2
r0004063,51859,cz2,cz3
r0004064,51866,cz2,cz3
r0004065,51873,cz2,cz3
r0004066,51880,cz2,cz3
r0004067,51886,cz2,cz3
r0004068,51893,cz2,cz3
r0004069,51900,cz2,cz3
r0004070,51907,cz2,cz3
r0004071,51914,cz2,cz3
r0004072,51920,cz2,cz3
r0004073,51927,cz2,cz3
r0004074,51934,cz2,cz3
r0004075,51941,cz2,cz3
r0004076,51948,cz2,cz3
r0004077,51955,cz2,cz3
r0004078,51961,cz2,cz3
r0004079,51968,cz2,cz3
r0004080,51975,cz2,cz3
r0004081,51982,cz2,cz3
r0004082,51989,cz2,cz3
r0004083,51995,cz2,cz3
r0004084,52002,cz2,cz3
r0004085,52009,cz2,cz3
r0004086,52016,cz2,cz3
r0004087,52023,cz2,cz3
r0004088,52029,cz2,cz3
r0004089,52036,cz2,cz3
r0004090,52043,cz2,cz3
r0004091,52050,cz2,cz3
r0004092,52057,cz2,cz3
r0004093,52063,cz2,cz3
r0004094,52070,cz2,cz3
r0004095,52077,cz2,cz4
r0004096,52084,cz2,cz4
r0004097,52091,cz2,cz4
r0004098,52097,cz2,cz4
r0004099,52104,cz2,cz4
r0004100,52111,cz2,cz4
r0004101,52118,cz2,cz4
r0004102,52125,cz2,cz4
r0004103,52131,cz2,cz4
r0004104,52138,cz2,cz4
r0004105,52145,cz2,cz4
r0004106,52152,cz2,cz4
r0004107,52159,cz2,cz4
r0004108,52165,cz2,cz4
r0004109,52172,cz2,cz4
r0004110,52179,cz2,cz4
r0004111,52186,cz2,cz4
r0004112,52193,cz2,cz4
r0004113,52200,cz2,cz4
r0004114,52206,cz2,cz4
r0004115,52213,cz2,cz4
r0004116,52220,cz2,cz4
r0004117,52227,cz2,cz4
r0004118,52234,cz3,cz1
r0004119,52240,cz3,cz1
r0004120,52247,cz3,cz1
r0004121,52254,cz3,cz1
r0004122,52261,cz3,cz1
r0004123,52268,cz3,cz1
r0004124,52274,cz3,cz1
r0004125,52281,cz3,cz1
r0004126,52288,cz3,cz1
r0004127,52295,cz3,cz1
r0004128,52302,cz3,cz1
r0004129,52308,cz3,cz1
r0004130,52315,cz3,cz1
r0004131,52322,cz3,cz1
r0004132,52329,cz3,cz1
r0004133,52336,cz3,cz1
r0004134,52342,cz3,cz1
r0004135,52349,cz3,cz1
r0004136,52356,cz3,cz1
r0004137,52363,cz3,cz1
r0004138,52370,cz3,cz1
r0004139,52376,cz3,cz1
r0004140,52383,cz3,cz1
r0004141,52390,cz3,cz1
r0004142,52397,cz3,cz1
r0004143,52404,cz3,cz1
r0004144,52410,cz3,cz1
r0004145,52417,cz3,cz1
r0004146,52424,cz3,cz1
r0004147,52431,cz3,cz1
r0004148,52438,cz3,cz1
r0004149,52444,cz3,cz1
r0004150,52451,cz3,cz1
r0004151,52458,cz3,cz1
r0004152,52465,cz3,cz1
r0004153,52472,cz3,cz1
r0004154,52479,cz3,cz1
r0004155,52485,cz3,cz1
r0004156,52492,cz3,cz1
r0004157,52499,cz3,cz1
r0004158,52506,cz3,cz1
r0004159,52513,cz3,cz1
r0004160,52519,cz3,cz1
r0004161,52526,cz3,cz2
r0004162,52533,cz3,cz2
r0004163,52540,cz3,cz2
r0004164,52547,cz3,cz2
r0004165,52553,cz3,cz2
r0004166,52560,cz3,cz2
r0004167,52567,cz3,cz2
r0004168,52574,cz3,cz2
r0004169,52581,cz3,cz2
r0004170,52587,cz3,cz2
r0004171,52594,cz3,cz2
r0004172,52601,cz3,cz2
r0004173,52608,cz3,cz2
r0004174,52615,cz3,cz2
r0004175,52621,cz3,cz2
r0004176,52628,cz3,cz2
r0004177,52635,cz3,cz2
r0004178,52642,cz3,cz2
r0004179,52649,cz3,cz2
r0004180,52655,cz3,cz2
r0004181,52662,cz3,cz2
r0004182,52669,cz3,cz2
r0004183,52676,cz3,cz2
r0004184,52683,cz3,cz2
r0004185,52689,cz3,cz2
r0004186,52696,cz3,cz2
r0004187,52703,cz3,cz2
r0004188,52710,cz3,cz2
r0004189,52717,cz3,cz2
r0004190,52724,cz3,cz2
r0004191,52730,cz3,cz2
r0004192,52737,cz3,cz3
r0004193,52744,cz3,cz3
r0004194,52751,cz3,cz3
r0004195,52758,cz3,cz3
r0004196,52764,cz3,cz3
r0004197,52771,cz3,cz3
r0004198,52778,cz3,cz3
r0004199,52785,cz3,cz3
r0004200,52792,cz3,cz3
r0004201,52798,cz3,cz3
r0004202,52805,cz3,cz3
r0004203,52812,cz3,cz3
r0004204,52819,cz3,cz3
r0004205,52826,cz3,cz3
r0004206,52832,cz3,cz3
r0004207,52839,cz3,cz3
r0004208,52846,cz3,cz3
r0004209,52853,cz3,cz3
r0004210,52860,cz3,cz3
r0004211,52866,cz3,cz3
r0004212,52873,cz3,cz3
r0004213,52880,cz3,cz3
r0004214,52887,cz3,cz3
r0004215,52894,cz3,cz3
r0004216,52900,cz3,cz3
r0004217,52907,cz3,cz3
r0004218,52914,cz3,cz3
r0004219,52921,cz3,cz3
r0004220,52928,cz3,cz3
r0004221,52934,cz3,cz3
r0004222,52941,cz3,cz3
r0004223,52948,cz3,cz3
r0004224,52955,cz3,cz3
r0004225,52962,cz3,cz3
r0004226,52968,cz3,cz3
r0004227,52975,cz3,cz3
r0004228,52982,cz3,cz3
r0004229,52989,cz3,cz3
r0004230,52996,cz3,cz3
r0004231,53003,cz3,cz3
r0004232,53009,cz3,cz3
r0004233,53016,cz3,cz3
r0004234,53023,cz3,cz3
r0004235,53030,cz3,cz3
r0004236,53037,cz3,cz3
r0004237,53043,cz3,cz3
r0004238,53050,cz3,cz3
r0004239,53057,cz3,cz4
r0004240,53064,cz3,cz4
r0004241,53071,cz3,cz4
r0004242,53077,cz3,cz4
r0004243,53084,cz3,cz4
r0004244,53091,cz3,cz4
r0004245,53098,cz3,cz4
r0004246,53105,cz3,cz4
r0004247,53111,cz3,cz4
r0004248,53118,cz3,cz4
r0004249,53125,cz3,cz4
r0004250,53132,cz3,cz4
r0004251,53139,cz3,cz4
r0004252,53145,cz3,cz4
r0004253,53152,cz3,cz4
r0004254,53159,cz3,cz4
r0004255,53166,cz3,cz4
r0004256,53173,cz3,cz4
r0004257,53179,cz3,cz4
r0004258,53186,cz3,cz4
r0004259,53193,cz3,cz4
r0004260,53200,cz3,cz4
r0004261,53207,cz3,cz4
r0004262,53213,cz3,cz4
r0004263,53220,cz3,cz4
r0004264,53227,cz3,cz4
r0004265,53234,cz3,cz4
r0004266,53241,cz3,cz4
r0004267,53248,cz3,cz4
r0004268,53254,cz3,cz4
r0004269,53261,cz3,cz4
r0004270,53268,cz4,cz1
r0004271,53275,cz4,cz1
r0004272,53282,cz4,cz1
r0004273,53288,cz4,cz1
r0004274,53295,cz4,cz1
r0004275,53302,cz4,cz1
r0004276,53309,cz4,cz1
r0004277,53316,cz4,cz1
r0004278,53322,cz4,cz1
r0004279,53329,cz4,cz1
r0004280,53336,cz4,cz1
r0004281,53343,cz4,cz1
r0004282,53350,cz4,cz1
r0004283,53356,cz4,cz1
r0004284,53363,cz4,cz1
r0004285,53370,cz4,cz1
r0004286,53377,cz4,cz1
r0004287,53384,cz4,cz1
r0004288,53390,cz4,cz1
r0004289,53397,cz4,cz1
r0004290,53404,cz4,cz1
r0004291,53411,cz4,cz1
r0004292,53418,cz4,cz1
r0004293,53424,cz4,cz1
r0004294,53431,cz4,cz1
r0004295,53438,cz4,cz1
r0004296,53445,cz4,cz1
r0004297,53452,cz4,cz1
r0004298,53458,cz4,cz1
r0004299,53465,cz4,cz1
r0004300,53472,cz4,cz1
r0004301,53479,cz4,cz2
r0004302,53486,cz4,cz2
r0004303,53493,cz4,cz2
r0004304,53499,cz4,cz2
r0004305,53506,cz4,cz2
r0004306,53513,cz4,cz2
r0004307,53520,cz4,cz2
r0004308,53527,cz4,cz2
r0004309,53533,cz4,cz2
r0004310,53540,cz4,cz2
r0004311,53547,cz4,cz2
r0004312,53554,cz4,cz2
r0004313,53561,cz4,cz2
r0004314,53567,cz4,cz2
r0004315,53574,cz4,cz2
r0004316,53581,cz4,cz2
r0004317,53588,cz4,cz2
r0004318,53595,cz4,cz2
r0004319,53601,cz4,cz2
r0004320,53608,cz4,cz2
r0004321,53615,cz4,cz2
r0004322,53622,cz4,cz2
r0004323,53629,cz4,cz2
r0004324,53635,cz4,cz3
r0004325,53642,cz4,cz3
r0004326,53649,cz4,cz3
r0004327,53656,cz4,cz3
r0004328,53663,cz4,cz3
r0004329,53669,cz4,cz3
r0004330,53676,cz4,cz3
r0004331,53683,cz4,cz3
r0004332,53690,cz4,cz3
r0004333,53697,cz4,cz3
r0004334,53703,cz4,cz3
r0004335,53710,cz4,cz3
r0004336,53717,cz4,cz3
r0004337,53724,cz4,cz3
r0004338,53731,cz4,cz3
r0004339,53737,cz4,cz3
r0004340,53744,cz4,cz3
r0004341,53751,cz4,cz3
r0004342,53758,cz4,cz3
r0004343,53765,cz4,cz3
r0004344,53772,cz4,cz3
r0004345,53778,cz4,cz3
r0004346,53785,cz4,cz3
r0004347,53792,cz4,cz3
r0004348,53799,cz4,cz3
r0004349,53806,cz4,cz3
r0004350,53812,cz4,cz3
r0004351,53819,cz4,cz3
r0004352,53826,cz4,cz3
r0004353,53833,cz4,cz3
r0004354,53840,cz4,cz3
r0004355,53846,cz4,cz3
r0004356,53853,cz4,cz4
r0004357,53860,cz4,cz4
r0004358,53867,cz4,cz4
r0004359,53874,cz4,cz4
r0004360,53880,cz4,cz4
r0004361,53887,cz4,cz4
r0004362,53894,cz4,cz4
r0004363,53901,cz4,cz4
r0004364,53908,cz4,cz4
r0004365,53914,cz4,cz4
r0004366,53921,cz4,cz4
r0004367,53928,cz4,cz4
r0004368,53935,cz4,cz4
r0004369,53942,cz4,cz4
r0004370,53948,cz4,cz4
r0004371,53955,cz4,cz4
r0004372,53962,cz4,cz4
r0004373,53969,cz4,cz4
r0004374,53976,cz4,cz4
r0004375,53982,cz4,cz4
r0004376,53989,cz4,cz4
r0004377,53996,cz4,cz4
r0004378,54003,cz1,cz1
r0004379,54009,cz1,cz1
r0004380,54015,cz1,cz1
r0004381,54021,cz1,cz1
r0004382,54027,cz1,cz1
r0004383,54033,cz1,cz1
r0004384,54039,cz1,cz1
r0004385,54045,cz1,cz1
r0004386,54051,cz1,cz1
r0004387,54057,cz1,cz1
r0004388,54063,cz1,cz1
r0004389,54069,cz1,cz1
r0004390,54076,cz1,cz1
r0004391,54082,cz1,cz1
r0004392,54088,cz1,cz1
r0004393,54094,cz1,cz1
r0004394,54100,cz1,cz1
r0004395,54106,cz1,cz1
r0004396,54112,cz1,cz1
r0004397,54118,cz1,cz1
r0004398,54124,cz1,cz1
r0004399,54130,cz1,cz1
r0004400,54136,cz1,cz1
r0004401,54142,cz1,cz1
r0004402,54148,cz1,cz1
r0004403,54155,cz1,cz1
r0004404,54161,cz1,cz1
r0004405,54167,cz1,cz1
r0004406,54173,cz1,cz1
r0004407,54179,cz1,cz1
r0004408,54185,cz1,cz1
r0004409,54191,cz1,cz1
r0004410,54197,cz1,cz1
r0004411,54203,cz1,cz1
r0004412,54209,cz1,cz1
r0004413,54215,cz1,cz1
r0004414,54221,cz1,cz1
r0004415,54228,cz1,cz1
r0004416,54234,cz1,cz1
r0004417,54240,cz1,cz1
r0004418,54246,cz1,cz1
r0004419,54252,cz1,cz1
r0004420,54258,cz1,cz1
r0004421,54264,cz1,cz1
r0004422,54270,cz1,cz1
r0004423,54276,cz1,cz1
r0004424,54282,cz1,cz1
r0004425,54288,cz1,cz2
r0004426,54294,cz1,cz2
r0004427,54301,cz1,cz2
r0004428,54307,cz1,cz2
r0004429,54313,cz1,cz2
r0004430,54319,cz1,cz2
r0004431,54325,cz1,cz2
r0004432,54331,cz1,cz2
r0004433,54337,cz1,cz2
r0004434,54343,cz1,cz2
r0004435,54349,cz1,cz2
r0004436,54355,cz1,cz2
r0004437,54361,cz1,cz2
r0004438,54367,cz1,cz2
r0004439,54373,cz1,cz2
r0004440,54380,cz1,cz2
r0004441,54386,cz1,cz2
r0004442,54392,cz1,cz2
r0004443,54398,cz1,cz2
r0004444,54404,cz1,cz2
r0004445,54410,cz1,cz2
r0004446,54416,cz1,cz2
r0004447,54422,cz1,cz2
r0004448,54428,cz1,cz2
r0004449,54434,cz1,cz2
r0004450,54440,cz1,cz2
r0004451,54446,cz1,cz2
r0004452,54453,cz1,cz2
r0004453,54459,cz1,cz2
r0004454,54465,cz1,cz2
r0004455,54471,cz1,cz2
r0004456,54477,cz1,cz2
r0004457,54483,cz1,cz2
r0004458,54489,cz1,cz2
r0004459,54495,cz1,cz2
r0004460,54501,cz1,cz2
r0004461,54507,cz1,cz3
r0004462,54513,cz1,cz3
r0004463,54519,cz1,cz3
r0004464,54526,cz1,cz3
r0004465,54532,cz1,cz3
r0004466,54538,cz1,cz3
r0004467,54544,cz1,cz3
r0004468,54550,cz1,cz3
r0004469,54556,cz1,cz3
r0004470,54562,cz1,cz3
r0004471,54568,cz1,cz3
r0004472,54574,cz1,cz3
r0004473,54580,cz1,cz3
r0004474,54586,cz1,cz3
r0004475,54592,cz1,cz3
r0004476,54598,cz1,cz3
r0004477,54605,cz1,cz3
r0004478,54611,cz1,cz3
r0004479,54617,cz1,cz3
r0004480,54623,cz1,cz3
r0004481,54629,cz1,cz3
r0004482,54635,cz1,cz3
r0004483,54641,cz1,cz3
r0004484,54647,cz1,cz3
r0004485,54653,cz1,cz3
r0004486,54659,cz1,cz3
r0004487,54665,cz1,cz3
r0004488,54671,cz1,cz3
r0004489,54678,cz1,cz3
r0004490,54684,cz1,cz3
r0004491,54690,cz1,cz3
r0004492,54696,cz1,cz3
r0004493,54702,cz1,cz3
r0004494,54708,cz1,cz3
r0004495,54714,cz1,cz3
r0004496,54720,cz1,cz3
r0004497,54726,cz1,cz3
r0004498,54732,cz1,cz3
r0004499,54738,cz1,cz3
r0004500,54744,cz1,cz3
r0004501,54751,cz1,cz3
r0004502,54757,cz1,cz3
r0004503,54763,cz1,cz3
r0004504,54769,cz1,cz3
r0004505,54775,cz1,cz3
r0004506,54781,cz1,cz3
r0004507,54787,cz1,cz3
r0004508,54793,cz1,cz3
r0004509,54799,cz1,cz3
r0004510,54805,cz1,cz4
r0004511,54811,cz1,cz4
r0004512,54817,cz1,cz4
r0004513,54823,cz1,cz4
r0004514,54830,cz1,cz4
r0004515,54836,cz1,cz4
r0004516,54842,cz1,cz4
r0004517,54848,cz1,cz4
r0004518,54854,cz1,cz4
r0004519,54860,cz1,cz4
r0004520,54866,cz1,cz4
r0004521,54872,cz1,cz4
r0004522,54878,cz1,cz4
r0004523,54884,cz1,cz4
r0004524,54890,cz1,cz4
r0004525,54896,cz1,cz4
r0004526,54903,cz1,cz4
r0004527,54909,cz1,cz4
r0004528,54915,cz1,cz4
r0004529,54921,cz1,cz4
r0004530,54927,cz1,cz4
r0004531,54933,cz1,cz4
r0004532,54939,cz1,cz4
r0004533,54945,cz1,cz4
r0004534,54951,cz1,cz4
r0004535,54957,cz1,cz4
r0004536,54963,cz1,cz4
r0004537,54969,cz1,cz4
r0004538,54976,cz1,cz4
r0004539,54982,cz1,cz4
r0004540,54988,cz1,cz4
r0004541,54994,cz1,cz4
r0004542,55000,cz1,cz4
r0004543,55006,cz1,cz4
r0004544,55012,cz2,cz1
r0004545,55018,cz2,cz1
r0004546,55024,cz2,cz1
r0004547,55030,cz2,cz1
r0004548,55036,cz2,cz1
r0004549,55042,cz2,cz1
r0004550,55048,cz2,cz1
r0004551,55055,cz2,cz1
r0004552,55061,cz2,cz1
r0004553,55067,cz2,cz1
r0004554,55073,cz2,cz1
r0004555,55079,cz2,cz1
r0004556,55085,cz2,cz1
r0004557,55091,cz2,cz1
r0004558,55097,cz2,cz1
r0004559,55103,cz2,cz1
r0004560,55109,cz2,cz1
r0004561,55115,cz2,cz1
r0004562,55121,cz2,cz1
r0004563,55128,cz2,cz1
r0004564,55134,cz2,cz1
r0004565,55140,cz2,cz1
r0004566,55146,cz2,cz1
r0004567,55152,cz2,cz1
r0004568,55158,cz2,cz1
r0004569,55164,cz2,cz1
r0004570,55170,cz2,cz1
r0004571,55176,cz2,cz1
r0004572,55182,cz2,cz1
r0004573,55188,cz2,cz1
r0004574,55194,cz2,cz1
r0004575,55201,cz2,cz1
r0004576,55207,cz2,cz1
r0004577,55213,cz2,cz1
r0004578,55219,cz2,cz1
r0004579,55225,cz2,cz1
r0004580,55231,cz2,cz1
r0004581,55237,cz2,cz2
r0004582,55243,cz2,cz2
r0004583,55249,cz2,cz2
r0004584,55255,cz2,cz2
r0004585,55261,cz2,cz2
r0004586,55267,cz2,cz2
r0004587,55273,cz2,cz2
r0004588,55280,cz2,cz2
r0004589,55286,cz2,cz2
r0004590,55292,cz2,cz2
r0004591,55298,cz2,cz2
r0004592,55304,cz2,cz2
r0004593,55310,cz2,cz2
r0004594,55316,cz2,cz2
r0004595,55322,cz2,cz2
r0004596,55328,cz2,cz2
r0004597,55334,cz2,cz2
r0004598,55340,cz2,cz2
r0004599,55346,cz2,cz2
r0004600,55353,cz2,cz2
r0004601,55359,cz2,cz2
r0004602,55365,cz2,cz2
r0004603,55371,cz2,cz2
r0004604,55377,cz2,cz2
r0004605,55383,cz2,cz2
r0004606,55389,cz2,cz2
r0004607,55395,cz2,cz2
r0004608,55401,cz2,cz2
r0004609,55407,cz2,cz2
r0004610,55413,cz2,cz2
r0004611,55419,cz2,cz2
r0004612,55426,cz2,cz2
r0004613,55432,cz2,cz2
r0004614,55438,cz2,cz2
r0004615,55444,cz2,cz2
r0004616,55450,cz2,cz2
r0004617,55456,cz2,cz3
r0004618,55462,cz2,cz3
r0004619,55468,cz2,cz3
r0004620,55474,cz2,cz3
r0004621,55480,cz2,cz3
r0004622,55486,cz2,cz3
r0004623,55492,cz2,cz3
r0004624,55498,cz2,cz3
r0004625,55505,cz2,cz3
r0004626,55511,cz2,cz3
r0004627,55517,cz2,cz3
r0004628,55523,cz2,cz3
r0004629,55529,cz2,cz3
r0004630,55535,cz2,cz3
r0004631,55541,cz2,cz3
r0004632,55547,cz2,cz3
r0004633,55553,cz2,cz3
r0004634,55559,cz2,cz3
r0004635,55565,cz2,cz3
r0004636,55571,cz2,cz3
r0004637,55578,cz2,cz3
r0004638,55584,cz2,cz3
r0004639,55590,cz2,cz3
r0004640,55596,cz2,cz3
r0004641,55602,cz2,cz3
r0004642,55608,cz2,cz3
r0004643,55614,cz2,cz3
r0004644,55620,cz2,cz3
r0004645,55626,cz2,cz3
r0004646,55632,cz2,cz3
r0004647,55638,cz2,cz3
r0004648,55644,cz2,cz3
r0004649,55651,cz2,cz3
r0004650,55657,cz2,cz3
r0004651,55663,cz2,cz3
r0004652,55669,cz2,cz3
r0004653,55675,cz2,cz4
r0004654,55681,cz2,cz4
r0004655,55687,cz2,cz4
r0004656,55693,cz2,cz4
r0004657,55699,cz2,cz4
r0004658,55705,cz2,cz4
r0004659,55711,cz2,cz4
r0004660,55717,cz2,cz4
r0004661,55723,cz2,cz4
r0004662,55730,cz2,cz4
r0004663,55736,cz2,cz4
r0004664,55742,cz2,cz4
r0004665,55748,cz2,cz4
r0004666,55754,cz2,cz4
r0004667,55760,cz2,cz4
r0004668,55766,cz2,cz4
r0004669,55772,cz2,cz4
r0004670,55778,cz2,cz4
r0004671,55784,cz2,cz4
r0004672,55790,cz2,cz4
r0004673,55796,cz2,cz4
r0004674,55803,cz2,cz4
r0004675,55809,cz2,cz4
r0004676,55815,cz2,cz4
r0004677,55821,cz2,cz4
r0004678,55827,cz2,cz4
r0004679,55833,cz3,cz1
r0004680,55839,cz3,cz1
r0004681,55845,cz3,cz1
r0004682,55851,cz3,cz1
r0004683,55857,cz3,cz1
r0004684,55863,cz3,cz1
r0004685,55869,cz3,cz1
r0004686,55876,cz3,cz1
r0004687,55882,cz3,cz1
r0004688,55888,cz3,cz1
r0004689,55894,cz3,cz1
r0004690,55900,cz3,cz1
r0004691,55906,cz3,cz1
r0004692,55912,cz3,cz1
r0004693,55918,cz3,cz1
r0004694,55924,cz3,cz1
r0004695,55930,cz3,cz1
r0004696,55936,cz3,cz1
r0004697,55942,cz3,cz1
r0004698,55948,cz3,cz1
r0004699,55955,cz3,cz1
r0004700,55961,cz3,cz1
r0004701,55967,cz3,cz1
r0004702,55973,cz3,cz1
r0004703,55979,cz3,cz1
r0004704,55985,cz3,cz1
r0004705,55991,cz3,cz1
r0004706,55997,cz3,cz1
r0004707,56003,cz3,cz1
r0004708,56009,cz3,cz1
r0004709,56015,cz3,cz1
r0004710,56021,cz3,cz1
r0004711,56028,cz3,cz1
r0004712,56034,cz3,cz1
r0004713,56040,cz3,cz1
r0004714,56046,cz3,cz1
r0004715,56052,cz3,cz1
r0004716,56058,cz3,cz1
r0004717,56064,cz3,cz1
r0004718,56070,cz3,cz1
r0004719,56076,cz3,cz1
r0004720,56082,cz3,cz1
r0004721,56088,cz3,cz1
r0004722,56094,cz3,cz1
r0004723,56101,cz3,cz1
r0004724,56107,cz3,cz1
r0004725,56113,cz3,cz1
r0004726,56119,cz3,cz1
r0004727,56125,cz3,cz1
r0004728,56131,cz3,cz2
r0004729,56137,cz3,cz2
r0004730,56143,cz3,cz2
r0004731,56149,cz3,cz2
r0004732,56155,cz3,cz2
r0004733,56161,cz3,cz2
r0004734,56167,cz3,cz2
r0004735,56173,cz3,cz2
r0004736,56180,cz3,cz2
r0004737,56186,cz3,cz2
r0004738,56192,cz3,cz2
r0004739,56198,cz3,cz2
r0004740,56204,cz3,cz2
r0004741,56210,cz3,cz2
r0004742,56216,cz3,cz2
r0004743,56222,cz3,cz2
r0004744,56228,cz3,cz2
r0004745,56234,cz3,cz2
r0004746,56240,cz3,cz2
r0004747,56246,cz3,cz2
r0004748,56253,cz3,cz2
r0004749,56259,cz3,cz2
r0004750,56265,cz3,cz2
r0004751,56271,cz3,cz2
r0004752,56277,cz3,cz2
r0004753,56283,cz3,cz2
r0004754,56289,cz3,cz2
r0004755,56295,cz3,cz2
r0004756,56301,cz3,cz2
r0004757,56307,cz3,cz2
r0004758,56313,cz3,cz2
r0004759,56319,cz3,cz2
r0004760,56326,cz3,cz2
r0004761,56332,cz3,cz2
r0004762,56338,cz3,cz3
r0004763,56344,cz3,cz3
r0004764,56350,cz3,cz3
r0004765,56356,cz3,cz3
r0004766,56362,cz3,cz3
r0004767,56368,cz3,cz3
r0004768,56374,cz3,cz3
r0004769,56380,cz3,cz3
r0004770,56386,cz3,cz3
r0004771,56392,cz3,cz3
r0004772,56398,cz3,cz3
r0004773,56405,cz3,cz3
r0004774,56411,cz3,cz3
r0004775,56417,cz3,cz3
r0004776,56423,cz3,cz3
r0004777,56429,cz3,cz3
r0004778,56435,cz3,cz3
r0004779,56441,cz3,cz3
r0004780,56447,cz3,cz3
r0004781,56453,cz3,cz3
r0004782,56459,cz3,cz3
r0004783,56465,cz3,cz3
r0004784,56471,cz3,cz3
r0004785,56478,cz3,cz3
r0004786,56484,cz3,cz3
r0004787,56490,cz3,cz3
r0004788,56496,cz3,cz3
r0004789,56502,cz3,cz3
r0004790,56508,cz3,cz3
r0004791,56514,cz3,cz3
r0004792,56520,cz3,cz3
r0004793,56526,cz3,cz3
r0004794,56532,cz3,cz3
r0004795,56538,cz3,cz3
r0004796,56544,cz3,cz3
r0004797,56551,cz3,cz3
r0004798,56557,cz3,cz3
r0004799,56563,cz3,cz3
r0004800,56569,cz3,cz3
r0004801,56575,cz3,cz3
r0004802,56581,cz3,cz3
r0004803,56587,cz3,cz3
r0004804,56593,cz3,cz3
r0004805,56599,cz3,cz3
r0004806,56605,cz3,cz3
r0004807,56611,cz3,cz3
r0004808,56617,cz3,cz3
r0004809,56623,cz3,cz3
r0004810,56630,cz3,cz3
r0004811,56636,cz3,cz3
r0004812,56642,cz3,cz3
r0004813,56648,cz3,cz3
r0004814,56654,cz3,cz4
r0004815,56660,cz3,cz4
r0004816,56666,cz3,cz4
r0004817,56672,cz3,cz4
r0004818,56678,cz3,cz4
r0004819,56684,cz3,cz4
r0004820,56690,cz3,cz4
r0004821,56696,cz3,cz4
r0004822,56703,cz3,cz4
r0004823,56709,cz3,cz4
r0004824,56715,cz3,cz4
r0004825,56721,cz3,cz4
r0004826,56727,cz3,cz4
r0004827,56733,cz3,cz4
r0004828,56739,cz3,cz4
r0004829,56745,cz3,cz4
r0004830,56751,cz3,cz4
r0004831,56757,cz3,cz4
r0004832,56763,cz3,cz4
r0004833,56769,cz3,cz4
r0004834,56776,cz3,cz4
r0004835,56782,cz3,cz4
r0004836,56788,cz3,cz4
r0004837,56794,cz3,cz4
r0004838,56800,cz3,cz4
r0004839,56806,cz3,cz4
r0004840,56812,cz3,cz4
r0004841,56818,cz3,cz4
r0004842,56824,cz3,cz4
r0004843,56830,cz3,cz4
r0004844,56836,cz3,cz4
r0004845,56842,cz3,cz4
r0004846,56848,cz3,cz4
r0004847,56855,cz3,cz4
r0004848,56861,cz3,cz4
r0004849,56867,cz4,cz1
r0004850,56873,cz4,cz1
r0004851,56879,cz4,cz1
r0004852,56885,cz4,cz1
r0004853,56891,cz4,cz1
r0004854,56897,cz4,cz1
r0004855,56903,cz4,cz1
r0004856,56909,cz4,cz1
r0004857,56915,cz4,cz1
r0004858,56921,cz4,cz1
r0004859,56928,cz4,cz1
r0004860,56934,cz4,cz1
r0004861,56940,cz4,cz1
r0004862,56946,cz4,cz1
r0004863,56952,cz4,cz1
r0004864,56958,cz4,cz1
r0004865,56964,cz4,cz1
r0004866,56970,cz4,cz1
r0004867,56976,cz4,cz1
r0004868,56982,cz4,cz1
r0004869,56988,cz4,cz1
r0004870,56994,cz4,cz1
r0004871,57001,cz4,cz1
r0004872,57007,cz4,cz1
r0004873,57013,cz4,cz1
r0004874,57019,cz4,cz1
r0004875,57025,cz4,cz1
r0004876,57031,cz4,cz1
r0004877,57037,cz4,cz1
r0004878,57043,cz4,cz1
r0004879,57049,cz4,cz1
r0004880,57055,cz4,cz1
r0004881,57061,cz4,cz1
r0004882,57067,cz4,cz1
r0004883,57073,cz4,cz2
r0004884,57080,cz4,cz2
r0004885,57086,cz4,cz2
r0004886,57092,cz4,cz2
r0004887,57098,cz4,cz2
r0004888,57104,cz4,cz2
r0004889,57110,cz4,cz2
r0004890,57116,cz4,cz2
r0004891,57122,cz4,cz2
r0004892,57128,cz4,cz2
r0004893,57134,cz4,cz2
r0004894,57140,cz4,cz2
r0004895,57146,cz4,cz2
r0004896,57153,cz4,cz2
r0004897,57159,cz4,cz2
r0004898,57165,cz4,cz2
r0004899,57171,cz4,cz2
r0004900,57177,cz4,cz2
r0004901,57183,cz4,cz2
r0004902,57189,cz4,cz2
r0004903,57195,cz4,cz2
r0004904,57201,cz4,cz2
r0004905,57207,cz4,cz2
r0004906,57213,cz4,cz2
r0004907,57219,cz4,cz2
r0004908,57226,cz4,cz2
r0004909,57232,cz4,cz3
r0004910,57238,cz4,cz3
r0004911,57244,cz4,cz3
r0004912,57250,cz4,cz3
r0004913,57256,cz4,cz3
r0004914,57262,cz4,cz3
r0004915,57268,cz4,cz3
r0004916,57274,cz4,cz3
r0004917,57280,cz4,cz3
r0004918,57286,cz4,cz3
r0004919,57292,cz4,cz3
r0004920,57298,cz4,cz3
r0004921,57305,cz4,cz3
r0004922,57311,cz4,cz3
r0004923,57317,cz4,cz3
r0004924,57323,cz4,cz3
r0004925,57329,cz4,cz3
r0004926,57335,cz4,cz3
r0004927,57341,cz4,cz3
r0004928,57347,cz4,cz3
r0004929,57353,cz4,cz3
r0004930,57359,cz4,cz3
r0004931,57365,cz4,cz3
r0004932,57371,cz4,cz3
r0004933,57378,cz4,cz3
r0004934,57384,cz4,cz3
r0004935,57390,cz4,cz3
r0004936,57396,cz4,cz3
r0004937,57402,cz4,cz3
r0004938,57408,cz4,cz3
r0004939,57414,cz4,cz3
r0004940,57420,cz4,cz3
r0004941,57426,cz4,cz3
r0004942,57432,cz4,cz3
r0004943,57438,cz4,cz3
r0004944,57444,cz4,cz3
r0004945,57451,cz4,cz4
r0004946,57457,cz4,cz4
r0004947,57463,cz4,cz4
r0004948,57469,cz4,cz4
r0004949,57475,cz4,cz4
r0004950,57481,cz4,cz4
r0004951,57487,cz4,cz4
r0004952,57493,cz4,cz4
r0004953,57499,cz4,cz4
r0004954,57505,cz4,cz4
r0004955,57511,cz4,cz4
r0004956,57517,cz4,cz4
r0004957,57523,cz4,cz4
r0004958,57530,cz4,cz4
r0004959,57536,cz4,cz4
r0004960,57542,cz4,cz4
r0004961,57548,cz4,cz4
r0004962,57554,cz4,cz4
r0004963,57560,cz4,cz4
r0004964,57566,cz4,cz4
r0004965,57572,cz4,cz4
r0004966,57578,cz4,cz4
r0004967,57584,cz4,cz4
r0004968,57590,cz4,cz4
r0004969,57596,cz4,cz4
r0004970,57602,cz1,cz1
r0004971,57608,cz1,cz1
r0004972,57614,cz1,cz1
r0004973,57619,cz1,cz1
r0004974,57625,cz1,cz1
r0004975,57631,cz1,cz1
r0004976,57636,cz1,cz1
r0004977,57642,cz1,cz1
r0004978,57647,cz1,cz1
r0004979,57653,cz1,cz1
r0004980,57659,cz1,cz1
r0004981,57664,cz1,cz1
r0004982,57670,cz1,cz1
r0004983,57676,cz1,cz1
r0004984,57681,cz1,cz1
r0004985,57687,cz1,cz1
r0004986,57693,cz1,cz1
r0004987,57698,cz1,cz1
r0004988,57704,cz1,cz1
r0004989,57710,cz1,cz1
r0004990,57715,cz1,cz1
r0004991,57721,cz1,cz1
r0004992,57726,cz1,cz1
r0004993,57732,cz1,cz1
r0004994,57738,cz1,cz1
r0004995,57743,cz1,cz1
r0004996,57749,cz1,cz1
r0004997,57755,cz1,cz1
r0004998,57760,cz1,cz1
r0004999,57766,cz1,cz1
r0005000,57772,cz1,cz1
r0005001,57777,cz1,cz1
r0005002,57783,cz1,cz1
r0005003,57789,cz1,cz1
r0005004,57794,cz1,cz1
r0005005,57800,cz1,cz1
r0005006,57805,cz1,cz1
r0005007,57811,cz1,cz1
r0005008,57817,cz1,cz1
r0005009,57822,cz1,cz1
r0005010,57828,cz1,cz1
r0005011,57834,cz1,cz1
r0005012,57839,cz1,cz1
r0005013,57845,cz1,cz1
r0005014,57851,cz1,cz1
r0005015,57856,cz1,cz1
r0005016,57862,cz1,cz1
r0005017,57868,cz1,cz1
r0005018,57873,cz1,cz1
r0005019,57879,cz1,cz1
r0005020,57884,cz1,cz1
r0005021,57890,cz1,cz2
r0005022,57896,cz1,cz2
r0005023,57901,cz1,cz2
r0005024,57907,cz1,cz2
r0005025,57913,cz1,cz2
r0005026,57918,cz1,cz2
r0005027,57924,cz1,cz2
r0005028,57930,cz1,cz2
r0005029,57935,cz1,cz2
r0005030,57941,cz1,cz2
r0005031,57947,cz1,cz2
r0005032,57952,cz1,cz2
r0005033,57958,cz1,cz2
r0005034,57963,cz1,cz2
r0005035,57969,cz1,cz2
r0005036,57975,cz1,cz2
r0005037,57980,cz1,cz2
r0005038,57986,cz1,cz2
r0005039,57992,cz1,cz2
r0005040,57997,cz1,cz2
r0005041,58003,cz1,cz2
r0005042,58009,cz1,cz2
r0005043,58014,cz1,cz2
r0005044,58020,cz1,cz2
r0005045,58026,cz1,cz2
r0005046,58031,cz1,cz2
r0005047,58037,cz1,cz2
r0005048,58042,cz1,cz2
r0005049,58048,cz1,cz2
r0005050,58054,cz1,cz2
r0005051,58059,cz1,cz2
r0005052,58065,cz1,cz2
r0005053,58071,cz1,cz2
r0005054,58076,cz1,cz2
r0005055,58082,cz1,cz2
r0005056,58088,cz1,cz2
r0005057,58093,cz1,cz2
r0005058,58099,cz1,cz2
r0005059,58105,cz1,cz2
r0005060,58110,cz1,cz3
r0005061,58116,cz1,cz3
r0005062,58121,cz1,cz3
r0005063,58127,cz1,cz3
r0005064,58133,cz1,cz3
r0005065,58138,cz1,cz3
r0005066,58144,cz1,cz3
r0005067,58150,cz1,cz3
r0005068,58155,cz1,cz3
r0005069,58161,cz1,cz3
r0005070,58167,cz1,cz3
r0005071,58172,cz1,cz3
r0005072,58178,cz1,cz3
r0005073,58184,cz1,cz3
r0005074,58189,cz1,cz3
r0005075,58195,cz1,cz3
r0005076,58200,cz1,cz3
r0005077,58206,cz1,cz3
r0005078,58212,cz1,cz3
r0005079,58217,cz1,cz3
r0005080,58223,cz1,cz3
r0005081,58229,cz1,cz3
r0005082,58234,cz1,cz3
r0005083,58240,cz1,cz3
r0005084,58246,cz1,cz3
r0005085,58251,cz1,cz3
r0005086,58257,cz1,cz3
r0005087,58263,cz1,cz3
r0005088,58268,cz1,cz3
r0005089,58274,cz1,cz3
r0005090,58279,cz1,cz3
r0005091,58285,cz1,cz3
r0005092,58291,cz1,cz3
r0005093,58296,cz1,cz3
r0005094,58302,cz1,cz3
r0005095,58308,cz1,cz3
r0005096,58313,cz1,cz3
r0005097,58319,cz1,cz3
r0005098,58325,cz1,cz3
r0005099,58330,cz1,cz3
r0005100,58336,cz1,cz3
r0005101,58342,cz1,cz3
r0005102,58347,cz1,cz3
r0005103,58353,cz1,cz3
r0005104,58358,cz1,cz3
r0005105,58364,cz1,cz3
r0005106,58370,cz1,cz3
r0005107,58375,cz1,cz3
r0005108,58381,cz1,cz3
r0005109,58387,cz1,cz3
r0005110,58392,cz1,cz3
r0005111,58398,cz1,cz3
r0005112,58404,cz1,cz3
r0005113,58409,cz1,cz4
r0005114,58415,cz1,cz4
r0005115,58421,cz1,cz4
r0005116,58426,cz1,cz4
r0005117,58432,cz1,cz4
r0005118,58437,cz1,cz4
r0005119,58443,cz1,cz4
r0005120,58449,cz1,cz4
r0005121,58454,cz1,cz4
r0005122,58460,cz1,cz4
r0005123,58466,cz1,cz4
r0005124,58471,cz1,cz4
r0005125,58477,cz1,cz4
r0005126,58483,cz1,cz4
r0005127,58488,cz1,cz4
r0005128,58494,cz1,cz4
r0005129,58500,cz1,cz4
r0005130,58505,cz1,cz4
r0005131,58511,cz1,cz4
r0005132,58516,cz1,cz4
r0005133,58522,cz1,cz4
r0005134,58528,cz1,cz4
r0005135,58533,cz1,cz4
r0005136,58539,cz1,cz4
r0005137,58545,cz1,cz4
r0005138,58550,cz1,cz4
r0005139,58556,cz1,cz4
r0005140,58562,cz1,cz4
r0005141,58567,cz1,cz4
r0005142,58573,cz1,cz4
r0005143,58578,cz1,cz4
r0005144,58584,cz1,cz4
r0005145,58590,cz1,cz4
r0005146,58595,cz1,cz4
r0005147,58601,cz1,cz4
r0005148,58607,cz1,cz4
r0005149,58612,cz2,cz1
r0005150,58618,cz2,cz1
r0005151,58624,cz2,cz1
r0005152,58629,cz2,cz1
r0005153,58635,cz2,cz1
r0005154,58641,cz2,cz1
r0005155,58646,cz2,cz1
r0005156,58652,cz2,cz1
r0005157,58657,cz2,cz1
r0005158,58663,cz2,cz1
r0005159,58669,cz2,cz1
r0005160,58674,cz2,cz1
r0005161,58680,cz2,cz1
r0005162,58686,cz2,cz1
r0005163,58691,cz2,cz1
r0005164,58697,cz2,cz1
r0005165,58703,cz2,cz1
r0005166,58708,cz2,cz1
r0005167,58714,cz2,cz1
r0005168,58720,cz2,cz1
r0005169,58725,cz2,cz1
r0005170,58731,cz2,cz1
r0005171,58736,cz2,cz1
r0005172,58742,cz2,cz1
r0005173,58748,cz2,cz1
r0005174,58753,cz2,cz1
r0005175,58759,cz2,cz1
r0005176,58765,cz2,cz1
r0005177,58770,cz2,cz1
r0005178,58776,cz2,cz1
r0005179,58782,cz2,cz1
r0005180,58787,cz2,cz1
r0005181,58793,cz2,cz1
r0005182,58799,cz2,cz1
r0005183,58804,cz2,cz1
r0005184,58810,cz2,cz1
r0005185,58815,cz2,cz1
r0005186,58821,cz2,cz1
r0005187,58827,cz2,cz1
r0005188,58832,cz2,cz1
r0005189,58838,cz2,cz2
r0005190,58844,cz2,cz2
r0005191,58849,cz2,cz2
r0005192,58855,cz2,cz2
r0005193,58861,cz2,cz2
r0005194,58866,cz2,cz2
r0005195,58872,cz2,cz2
r0005196,58878,cz2,cz2
r0005197,58883,cz2,cz2
r0005198,58889,cz2,cz2
r0005199,58894,cz2,cz2
r0005200,58900,cz2,cz2
r0005201,58906,cz2,cz2
r0005202,58911,cz2,cz2
r0005203,58917,cz2,cz2
r0005204,58923,cz2,cz2
r0005205,58928,cz2,cz2
r0005206,58934,cz2,cz2
r0005207,58940,cz2,cz2
r0005208,58945,cz2,cz2
r0005209,58951,cz2,cz2
r0005210,58957,cz2,cz2
r0005211,58962,cz2,cz2
r0005212,58968,cz2,cz2
r0005213,58973,cz2,cz2
r0005214,58979,cz2,cz2
r0005215,58985,cz2,cz2
r0005216,58990,cz2,cz2
r0005217,58996,cz2,cz2
r0005218,59002,cz2,cz2
r0005219,59007,cz2,cz2
r0005220,59013,cz2,cz2
r0005221,59019,cz2,cz2
r0005222,59024,cz2,cz2
r0005223,59030,cz2,cz2
r0005224,59036,cz2,cz2
r0005225,59041,cz2,cz2
r0005226,59047,cz2,cz2
r0005227,59052,cz2,cz2
r0005228,59058,cz2,cz3
r0005229,59064,cz2,cz3
r0005230,59069,cz2,cz3
r0005231,59075,cz2,cz3
r0005232,59081,cz2,cz3
r0005233,59086,cz2,cz3
r0005234,59092,cz2,cz3
r0005235,59098,cz2,cz3
r0005236,59103,cz2,cz3
r0005237,59109,cz2,cz3
r0005238,59115,cz2,cz3
r0005239,59120,cz2,cz3
r0005240,59126,cz2,cz3
r0005241,59131,cz2,cz3
r0005242,59137,cz2,cz3
r0005243,59143,cz2,cz3
r0005244,59148,cz2,cz3
r0005245,59154,cz2,cz3
r0005246,59160,cz2,cz3
r0005247,59165,cz2,cz3
r0005248,59171,cz2,cz3
r0005249,59177,cz2,cz3
r0005250,59182,cz2,cz3
r0005251,59188,cz2,cz3
r0005252,59194,cz2,cz3
r0005253,59199,cz2,cz3
r0005254,59205,cz2,cz3
r0005255,59210,cz2,cz3
r0005256,59216,cz2,cz3
r0005257,59222,cz2,cz3
r0005258,59227,cz2,cz3
r0005259,59233,cz2,cz3
r0005260,59239,cz2,cz3
r0005261,59244,cz2,cz3
r0005262,59250,cz2,cz3
r0005263,59256,cz2,cz3
r0005264,59261,cz2,cz3
r0005265,59267,cz2,cz3
r0005266,59273,cz2,cz4
r0005267,59278,cz2,cz4
r0005268,59284,cz2,cz4
r0005269,59289,cz2,cz4
r0005270,59295,cz2,cz4
r0005271,59301,cz2,cz4
r0005272,59306,cz2,cz4
r0005273,59312,cz2,cz4
r0005274,59318,cz2,cz4
r0005275,59323,cz2,cz4
r0005276,59329,cz2,cz4
r0005277,59335,cz2,cz4
r0005278,59340,cz2,cz4
r0005279,59346,cz2,cz4
r0005280,59352,cz2,cz4
r0005281,59357,cz2,cz4
r0005282,59363,cz2,cz4
r0005283,59368,cz2,cz4
r0005284,59374,cz2,cz4
r0005285,59380,cz2,cz4
r0005286,59385,cz2,cz4
r0005287,59391,cz2,cz4
r0005288,59397,cz2,cz4
r0005289,59402,cz2,cz4
r0005290,59408,cz2,cz4
r0005291,59414,cz2,cz4
r0005292,59419,cz2,cz4
r0005293,59425,cz2,cz4
r0005294,59431,cz3,cz1
r0005295,59436,cz3,cz1
r0005296,59442,cz3,cz1
r0005297,59447,cz3,cz1
r0005298,59453,cz3,cz1
r0005299,59459,cz3,cz1
r0005300,59464,cz3,cz1
r0005301,59470,cz3,cz1
r0005302,59476,cz3,cz1
r0005303,59481,cz3,cz1
r0005304,59487,cz3,cz1
r0005305,59493,cz3,cz1
r0005306,59498,cz3,cz1
r0005307,59504,cz3,cz1
r0005308,59510,cz3,cz1
r0005309,59515,cz3,cz1
r0005310,59521,cz3,cz1
r0005311,59526,cz3,cz1
r0005312,59532,cz3,cz1
r0005313,59538,cz3,cz1
r0005314,59543,cz3,cz1
r0005315,59549,cz3,cz1
r0005316,59555,cz3,cz1
r0005317,59560,cz3,cz1
r0005318,59566,cz3,cz1
r0005319,59572,cz3,cz1
r0005320,59577,cz3,cz1
r0005321,59583,cz3,cz1
r0005322,59589,cz3,cz1
r0005323,59594,cz3,cz1
r0005324,59600,cz3,cz1
r0005325,59605,cz3,cz1
r0005326,59611,cz3,cz1
r0005327,59617,cz3,cz1
r0005328,59622,cz3,cz1
r0005329,59628,cz3,cz1
r0005330,59634,cz3,cz1
r0005331,59639,cz3,cz1
r0005332,59645,cz3,cz1
r0005333,59651,cz3,cz1
r0005334,59656,cz3,cz1
r0005335,59662,cz3,cz1
r0005336,59668,cz3,cz1
r0005337,59673,cz3,cz1
r0005338,59679,cz3,cz1
r0005339,59684,cz3,cz1
r0005340,59690,cz3,cz1
r0005341,59696,cz3,cz1
r0005342,59701,cz3,cz1
r0005343,59707,cz3,cz1
r0005344,59713,cz3,cz1
r0005345,59718,cz3,cz1
r0005346,59724,cz3,cz2
r0005347,59730,cz3,cz2
r0005348,59735,cz3,cz2
r0005349,59741,cz3,cz2
r0005350,59747,cz3,cz2
r0005351,59752,cz3,cz2
r0005352,59758,cz3,cz2
r0005353,59763,cz3,cz2
r0005354,59769,cz3,cz2
r0005355,59775,cz3,cz2
r0005356,59780,cz3,cz2
r0005357,59786,cz3,cz2
r0005358,59792,cz3,cz2
r0005359,59797,cz3,cz2
r0005360,59803,cz3,cz2
r0005361,59809,cz3,cz2
r0005362,59814,cz3,cz2
r0005363,59820,cz3,cz2
r0005364,59826,cz3,cz2
r0005365,59831,cz3,cz2
r0005366,59837,cz3,cz2
r0005367,59842,cz3,cz2
r0005368,59848,cz3,cz2
r0005369,59854,cz3,cz2
r0005370,59859,cz3,cz2
r0005371,59865,cz3,cz2
r0005372,59871,cz3,cz2
r0005373,59876,cz3,cz2
r0005374,59882,cz3,cz2
r0005375,59888,cz3,cz2
r0005376,59893,cz3,cz2
r0005377,59899,cz3,cz2
r0005378,59905,cz3,cz2
r0005379,59910,cz3,cz2
r0005380,59916,cz3,cz2
r0005381,59921,cz3,cz2
r0005382,59927,cz3,cz2
r0005383,59933,cz3,cz3
r0005384,59938,cz3,cz3
r0005385,59944,cz3,cz3
r0005386,59950,cz3,cz3
r0005387,59955,cz3,cz3
r0005388,59961,cz3,cz3
r0005389,59967,cz3,cz3
r0005390,59972,cz3,cz3
r0005391,59978,cz3,cz3
r0005392,59984,cz3,cz3
r0005393,59989,cz3,cz3
r0005394,59995,cz3,cz3
r0005395,60000,cz3,cz3
r0005396,60006,cz3,cz3
r0005397,60012,cz3,cz3
r0005398,60017,cz3,cz3
r0005399,60023,cz3,cz3
r0005400,60029,cz3,cz3
r0005401,60034,cz3,cz3
r0005402,60040,cz3,cz3
r0005403,60046,cz3,cz3
r0005404,60051,cz3,cz3
r0005405,60057,cz3,cz3
r0005406,60063,cz3,cz3
r0005407,60068,cz3,cz3
r0005408,60074,cz3,cz3
r0005409,60079,cz3,cz3
r0005410,60085,cz3,cz3
r0005411,60091,cz3,cz3
r0005412,60096,cz3,cz3
r0005413,60102,cz3,cz3
r0005414,60108,cz3,cz3
r0005415,60113,cz3,cz3
r0005416,60119,cz3,cz3
r0005417,60125,cz3,cz3
r0005418,60130,cz3,cz3
r0005419,60136,cz3,cz3
r0005420,60142,cz3,cz3
r0005421,60147,cz3,cz3
r0005422,60153,cz3,cz3
r0005423,60158,cz3,cz3
r0005424,60164,cz3,cz3
r0005425,60170,cz3,cz3
r0005426,60175,cz3,cz3
r0005427,60181,cz3,cz3
r0005428,60187,cz3,cz3
r0005429,60192,cz3,cz3
r0005430,60198,cz3,cz3
r0005431,60204,cz3,cz3
r0005432,60209,cz3,cz3
r0005433,60215,cz3,cz3
r0005434,60221,cz3,cz3
r0005435,60226,cz3,cz3
r0005436,60232,cz3,cz3
r0005437,60237,cz3,cz3
r0005438,60243,cz3,cz3
r0005439,60249,cz3,cz4
r0005440,60254,cz3,cz4
r0005441,60260,cz3,cz4
r0005442,60266,cz3,cz4
r0005443,60271,cz3,cz4
r0005444,60277,cz3,cz4
r0005445,60283,cz3,cz4
r0005446,60288,cz3,cz4
r0005447,60294,cz3,cz4
r0005448,60300,cz3,cz4
r0005449,60305,cz3,cz4
r0005450,60311,cz3,cz4
r0005451,60316,cz3,cz4
r0005452,60322,cz3,cz4
r0005453,60328,cz3,cz4
r0005454,60333,cz3,cz4
r0005455,60339,cz3,cz4
r0005456,60345,cz3,cz4
r0005457,60350,cz3,cz4
r0005458,60356,cz3,cz4
r0005459,60362,cz3,cz4
r0005460,60367,cz3,cz4
r0005461,60373,cz3,cz4
r0005462,60378,cz3,cz4
r0005463,60384,cz3,cz4
r0005464,60390,cz3,cz4
r0005465,60395,cz3,cz4
r0005466,60401,cz3,cz4
r0005467,60407,cz3,cz4
r0005468,60412,cz3,cz4
r0005469,60418,cz3,cz4
r0005470,60424,cz3,cz4
r0005471,60429,cz3,cz4
r0005472,60435,cz3,cz4
r0005473,60441,cz3,cz4
r0005474,60446,cz3,cz4
r0005475,60452,cz3,cz4
r0005476,60457,cz3,cz4
r0005477,60463,cz4,cz1
r0005478,60469,cz4,cz1
r0005479,60474,cz4,cz1
r0005480,60480,cz4,cz1
r0005481,60486,cz4,cz1
r0005482,60491,cz4,cz1
r0005483,60497,cz4,cz1
r0005484,60503,cz4,cz1
r0005485,60508,cz4,cz1
r0005486,60514,cz4,cz1
r0005487,60520,cz4,cz1
r0005488,60525,cz4,cz1
r0005489,60531,cz4,cz1
r0005490,60536,cz4,cz1
r0005491,60542,cz4,cz1
r0005492,60548,cz4,cz1
r0005493,60553,cz4,cz1
r0005494,60559,cz4,cz1
r0005495,60565,cz4,cz1
r0005496,60570,cz4,cz1
r0005497,60576,cz4,cz1
r0005498,60582,cz4,cz1
r0005499,60587,cz4,cz1
r0005500,60593,cz4,cz1
r0005501,60599,cz4,cz1
r0005502,60604,cz4,cz1
r0005503,60610,cz4,cz1
r0005504,60615,cz4,cz1
r0005505,60621,cz4,cz1
r0005506,60627,cz4,cz1
r0005507,60632,cz4,cz1
r0005508,60638,cz4,cz1
r0005509,60644,cz4,cz1
r0005510,60649,cz4,cz1
r0005511,60655,cz4,cz1
r0005512,60661,cz4,cz1
r0005513,60666,cz4,cz1
r0005514,60672,cz4,cz2
r0005515,60678,cz4,cz2
r0005516,60683,cz4,cz2
r0005517,60689,cz4,cz2
r0005518,60694,cz4,cz2
r0005519,60700,cz4,cz2
r0005520,60706,cz4,cz2
r0005521,60711,cz4,cz2
r0005522,60717,cz4,cz2
r0005523,60723,cz4,cz2
r0005524,60728,cz4,cz2
r0005525,60734,cz4,cz2
r0005526,60740,cz4,cz2
r0005527,60745,cz4,cz2
r0005528,60751,cz4,cz2
r0005529,60757,cz4,cz2
r0005530,60762,cz4,cz2
r0005531,60768,cz4,cz2
r0005532,60773,cz4,cz2
r0005533,60779,cz4,cz2
r0005534,60785,cz4,cz2
r0005535,60790,cz4,cz2
r0005536,60796,cz4,cz2
r0005537,60802,cz4,cz2
r0005538,60807,cz4,cz2
r0005539,60813,cz4,cz2
r0005540,60819,cz4,cz2
r0005541,60824,cz4,cz2
r0005542,60830,cz4,cz3
r0005543,60836,cz4,cz3
r0005544,60841,cz4,cz3
r0005545,60847,cz4,cz3
r0005546,60852,cz4,cz3
r0005547,60858,cz4,cz3
r0005548,60864,cz4,cz3
r0005549,60869,cz4,cz3
r0005550,60875,cz4,cz3
r0005551,60881,cz4,cz3
r0005552,60886,cz4,cz3
r0005553,60892,cz4,cz3
r0005554,60898,cz4,cz3
r0005555,60903,cz4,cz3
r0005556,60909,cz4,cz3
r0005557,60915,cz4,cz3
r0005558,60920,cz4,cz3
r0005559,60926,cz4,cz3
r0005560,60931,cz4,cz3
r0005561,60937,cz4,cz3
r0005562,60943,cz4,cz3
r0005563,60948,cz4,cz3
r0005564,60954,cz4,cz3
r0005565,60960,cz4,cz3
r0005566,60965,cz4,cz3
r0005567,60971,cz4,cz3
r0005568,60977,cz4,cz3
r0005569,60982,cz4,cz3
r0005570,60988,cz4,cz3
r0005571,60994,cz4,cz3
r0005572,60999,cz4,cz3
r0005573,61005,cz4,cz3
r0005574,61010,cz4,cz3
r0005575,61016,cz4,cz3
r0005576,61022,cz4,cz3
r0005577,61027,cz4,cz3
r0005578,61033,cz4,cz3
r0005579,61039,cz4,cz3
r0005580,61044,cz4,cz3
r0005581,61050,cz4,cz4
r0005582,61056,cz4,cz4
r0005583,61061,cz4,cz4
r0005584,61067,cz4,cz4
r0005585,61073,cz4,cz4
r0005586,61078,cz4,cz4
r0005587,61084,cz4,cz4
r0005588,61089,cz4,cz4
r0005589,61095,cz4,cz4
r0005590,61101,cz4,cz4
r0005591,61106,cz4,cz4
r0005592,61112,cz4,cz4
r0005593,61118,cz4,cz4
r0005594,61123,cz4,cz4
r0005595,61129,cz4,cz4
r0005596,61135,cz4,cz4
r0005597,61140,cz4,cz4
r0005598,61146,cz4,cz4
r0005599,61152,cz4,cz4
r0005600,61157,cz4,cz4
r0005601,61163,cz4,cz4
r0005602,61168,cz4,cz4
r0005603,61174,cz4,cz4
r0005604,61180,cz4,cz4
r0005605,61185,cz4,cz4
r0005606,61191,cz4,cz4
r0005607,61197,cz4,cz4
r0005608,61202,cz1,cz1
r0005609,61208,cz1,cz1
r0005610,61213,cz1,cz1
r0005611,61218,cz1,cz1
r0005612,61224,cz1,cz1
r0005613,61229,cz1,cz1
r0005614,61234,cz1,cz1
r0005615,61240,cz1,cz1
r0005616,61245,cz1,cz1
r0005617,61250,cz1,cz1
r0005618,61256,cz1,cz1
r0005619,61261,cz1,cz1
r0005620,61266,cz1,cz1
r0005621,61272,cz1,cz1
r0005622,61277,cz1,cz1
r0005623,61282,cz1,cz1
r0005624,61288,cz1,cz1
r0005625,61293,cz1,cz1
r0005626,61298,cz1,cz1
r0005627,61304,cz1,cz1
r0005628,61309,cz1,cz1
r0005629,61314,cz1,cz1
r0005630,61320,cz1,cz1
r0005631,61325,cz1,cz1
r0005632,61330,cz1,cz1
r0005633,61336,cz1,cz1
r0005634,61341,cz1,cz1
r0005635,61346,cz1,cz1
r0005636,61352,cz1,cz1
r0005637,61357,cz1,cz1
r0005638,61362,cz1,cz1
r0005639,61368,cz1,cz1
r0005640,61373,cz1,cz1
r0005641,61378,cz1,cz1
r0005642,61384,cz1,cz1
r0005643,61389,cz1,cz1
r0005644,61394,cz1,cz1
r0005645,61400,cz1,cz1
r0005646,61405,cz1,cz1
r0005647,61410,cz1,cz1
r0005648,61416,cz1,cz1
r0005649,61421,cz1,cz1
r0005650,61426,cz1,cz1
r0005651,61432,cz1,cz1
r0005652,61437,cz1,cz1
r0005653,61442,cz1,cz1
r0005654,61448,cz1,cz1
r0005655,61453,cz1,cz1
r0005656,61458,cz1,cz1
r0005657,61464,cz1,cz1
r0005658,61469,cz1,cz1
r0005659,61474,cz1,cz1
r0005660,61480,cz1,cz1
r0005661,61485,cz1,cz1
r0005662,61490,cz1,cz2
r0005663,61496,cz1,cz2
r0005664,61501,cz1,cz2
r0005665,61506,cz1,cz2
r0005666,61512,cz1,cz2
r0005667,61517,cz1,cz2
r0005668,61522,cz1,cz2
r0005669,61528,cz1,cz2
r0005670,61533,cz1,cz2
r0005671,61538,cz1,cz2
r0005672,61544,cz1,cz2
r0005673,61549,cz1,cz2
r0005674,61554,cz1,cz2
r0005675,61560,cz1,cz2
r0005676,61565,cz1,cz2
r0005677,61570,cz1,cz2
r0005678,61576,cz1,cz2
r0005679,61581,cz1,cz2
r0005680,61586,cz1,cz2
r0005681,61592,cz1,cz2
r0005682,61597,cz1,cz2
r0005683,61602,cz1,cz2
r0005684,61608,cz1,cz2
r0005685,61613,cz1,cz2
r0005686,61618,cz1,cz2
r0005687,61624,cz1,cz2
r0005688,61629,cz1,cz2
r0005689,61634,cz1,cz2
r0005690,61640,cz1,cz2
r0005691,61645,cz1,cz2
r0005692,61650,cz1,cz2
r0005693,61656,cz1,cz2
r0005694,61661,cz1,cz2
r0005695,61666,cz1,cz2
r0005696,61672,cz1,cz2
r0005697,61677,cz1,cz2
r0005698,61682,cz1,cz2
r0005699,61688,cz1,cz2
r0005700,61693,cz1,cz2
r0005701,61698,cz1,cz2
r0005702,61704,cz1,cz2
r0005703,61709,cz1,cz3
r0005704,61714,cz1,cz3
r0005705,61720,cz1,cz3
r0005706,61725,cz1,cz3
r0005707,61730,cz1,cz3
r0005708,61736,cz1,cz3
r0005709,61741,cz1,cz3
r0005710,61746,cz1,cz3
r0005711,61752,cz1,cz3
r0005712,61757,cz1,cz3
r0005713,61762,cz1,cz3
r0005714,61768,cz1,cz3
r0005715,61773,cz1,cz3
r0005716,61778,cz1,cz3
r0005717,61784,cz1,cz3
r0005718,61789,cz1,cz3
r0005719,61794,cz1,cz3
r0005720,61800,cz1,cz3
r0005721,61805,cz1,cz3
r0005722,61810,cz1,cz3
r0005723,61816,cz1,cz3
r0005724,61821,cz1,cz3
r0005725,61826,cz1,cz3
r0005726,61832,cz1,cz3
r0005727,61837,cz1,cz3
r0005728,61842,cz1,cz3
r0005729,61848,cz1,cz3
r0005730,61853,cz1,cz3
r0005731,61858,cz1,cz3
r0005732,61864,cz1,cz3
r0005733,61869,cz1,cz3
r0005734,61874,cz1,cz3
r0005735,61880,cz1,cz3
r0005736,61885,cz1,cz3
r0005737,61890,cz1,cz3
r0005738,61896,cz1,cz3
r0005739,61901,cz1,cz3
r0005740,61906,cz1,cz3
r0005741,61912,cz1,cz3
r0005742,61917,cz1,cz3
r0005743,61922,cz1,cz3
r0005744,61928,cz1,cz3
r0005745,61933,cz1,cz3
r0005746,61938,cz1,cz3
r0005747,61944,cz1,cz3
r0005748,61949,cz1,cz3
r0005749,61954,cz1,cz3
r0005750,61960,cz1,cz3
r0005751,61965,cz1,cz3
r0005752,61970,cz1,cz3
r0005753,61976,cz1,cz3
r0005754,61981,cz1,cz3
r0005755,61986,cz1,cz3
r0005756,61992,cz1,cz3
r0005757,61997,cz1,cz3
r0005758,62002,cz1,cz3
r0005759,62008,cz1,cz4
r0005760,62013,cz1,cz4
r0005761,62018,cz1,cz4
r0005762,62024,cz1,cz4
r0005763,62029,cz1,cz4
r0005764,62034,cz1,cz4
r0005765,62040,cz1,cz4
r0005766,62045,cz1,cz4
r0005767,62050,cz1,cz4
r0005768,62056,cz1,cz4
r0005769,62061,cz1,cz4
r0005770,62066,cz1,cz4
r0005771,62072,cz1,cz4
r0005772,62077,cz1,cz4
r0005773,62082,cz1,cz4
r0005774,62088,cz1,cz4
r0005775,62093,cz1,cz4
r0005776,62098,cz1,cz4
r0005777,62104,cz1,cz4
r0005778,62109,cz1,cz4
r0005779,62114,cz1,cz4
r0005780,62119,cz1,cz4
r0005781,62125,cz1,cz4
r0005782,62130,cz1,cz4
r0005783,62136,cz1,cz4
r0005784,62141,cz1,cz4
r0005785,62146,cz1,cz4
r0005786,62151,cz1,cz4
r0005787,62157,cz1,cz4
r0005788,62162,cz1,cz4
r0005789,62168,cz1,cz4
r0005790,62173,cz1,cz4
r0005791,62178,cz1,cz4
r0005792,62183,cz1,cz4
r0005793,62189,cz1,cz4
r0005794,62194,cz1,cz4
r0005795,62200,cz1,cz4
r0005796,62205,cz1,cz4
r0005797,62210,cz1,cz4
r0005798,62216,cz2,cz1
r0005799,62221,cz2,cz1
r0005800,62226,cz2,cz1
r0005801,62232,cz2,cz1
r0005802,62237,cz2,cz1
r0005803,62242,cz2,cz1
r0005804,62248,cz2,cz1
r0005805,62253,cz2,cz1
r0005806,62258,cz2,cz1
r0005807,62264,cz2,cz1
r0005808,62269,cz2,cz1
r0005809,62274,cz2,cz1
r0005810,62280,cz2,cz1
r0005811,62285,cz2,cz1
r0005812,62290,cz2,cz1
r0005813,62296,cz2,cz1
r0005814,62301,cz2,cz1
r0005815,62306,cz2,cz1
r0005816,62312,cz2,cz1
r0005817,62317,cz2,cz1
r0005818,62322,cz2,cz1
r0005819,62328,cz2,cz1
r0005820,62333,cz2,cz1
r0005821,62338,cz2,cz1
r0005822,62344,cz2,cz1
r0005823,62349,cz2,cz1
r0005824,62354,cz2,cz1
r0005825,62360,cz2,cz1
r0005826,62365,cz2,cz1
r0005827,62370,cz2,cz1
r0005828,62376,cz2,cz1
r0005829,62381,cz2,cz1
r0005830,62386,cz2,cz1
r0005831,62392,cz2,cz1
r0005832,62397,cz2,cz1
r0005833,62402,cz2,cz1
r0005834,62408,cz2,cz1
r0005835,62413,cz2,cz1
r0005836,62418,cz2,cz1
r0005837,62424,cz2,cz1
r0005838,62429,cz2,cz1
r0005839,62434,cz2,cz1
r0005840,62440,cz2,cz2
r0005841,62445,cz2,cz2
r0005842,62450,cz2,cz2
r0005843,62456,cz2,cz2
r0005844,62461,cz2,cz2
r0005845,62466,cz2,cz2
r0005846,62472,cz2,cz2
r0005847,62477,cz2,cz2
r0005848,62482,cz2,cz2
r0005849,62488,cz2,cz2
r0005850,62493,cz2,cz2
r0005851,62498,cz2,cz2
r0005852,62504,cz2,cz2
r0005853,62509,cz2,cz2
r0005854,62514,cz2,cz2
r0005855,62520,cz2,cz2
r0005856,62525,cz2,cz2
r0005857,62530,cz2,cz2
r0005858,62536,cz2,cz2
r0005859,62541,cz2,cz2
r0005860,62546,cz2,cz2
r0005861,62552,cz2,cz2
r0005862,62557,cz2,cz2
r0005863,62562,cz2,cz2
r0005864,62568,cz2,cz2
r0005865,62573,cz2,cz2
r0005866,62578,cz2,cz2
r0005867,62584,cz2,cz2
r0005868,62589,cz2,cz2
r0005869,62594,cz2,cz2
r0005870,62600,cz2,cz2
r0005871,62605,cz2,cz2
r0005872,62610,cz2,cz2
r0005873,62616,cz2,cz2
r0005874,62621,cz2,cz2
r0005875,62626,cz2,cz2
r0005876,62632,cz2,cz2
r0005877,62637,cz2,cz2
r0005878,62642,cz2,cz2
r0005879,62648,cz2,cz2
r0005880,62653,cz2,cz2
r0005881,62658,cz2,cz3
r0005882,62664,cz2,cz3
r0005883,62669,cz2,cz3
r0005884,62674,cz2,cz3
r0005885,62680,cz2,cz3
r0005886,62685,cz2,cz3
r0005887,62690,cz2,cz3
r0005888,62696,cz2,cz3
r0005889,62701,cz2,cz3
r0005890,62706,cz2,cz3
r0005891,62712,cz2,cz3
r0005892,62717,cz2,cz3
r0005893,62722,cz2,cz3
r0005894,62728,cz2,cz3
r0005895,62733,cz2,cz3
r0005896,62738,cz2,cz3
r0005897,62744,cz2,cz3
r0005898,62749,cz2,cz3
r0005899,62754,cz2,cz3
r0005900,62760,cz2,cz3
r0005901,62765,cz2,cz3
r0005902,62770,cz2,cz3
r0005903,62776,cz2,cz3
r0005904,62781,cz2,cz3
r0005905,62786,cz2,cz3
r0005906,62792,cz2,cz3
r0005907,62797,cz2,cz3
r0005908,62802,cz2,cz3
r0005909,62808,cz2,cz3
r0005910,62813,cz2,cz3
r0005911,62818,cz2,cz3
r0005912,62824,cz2,cz3
r0005913,62829,cz2,cz3
r0005914,62834,cz2,cz3
r0005915,62840,cz2,cz3
r0005916,62845,cz2,cz3
r0005917,62850,cz2,cz3
r0005918,62856,cz2,cz3
r0005919,62861,cz2,cz3
r0005920,62866,cz2,cz3
r0005921,62872,cz2,cz3
r0005922,62877,cz2,cz4
r0005923,62882,cz2,cz4
r0005924,62888,cz2,cz4
r0005925,62893,cz2,cz4
r0005926,62898,cz2,cz4
r0005927,62904,cz2,cz4
r0005928,62909,cz2,cz4
r0005929,62914,cz2,cz4
r0005930,62920,cz2,cz4
r0005931,62925,cz2,cz4
r0005932,62930,cz2,cz4
r0005933,62936,cz2,cz4
r0005934,62941,cz2,cz4
r0005935,62946,cz2,cz4
r0005936,62952,cz2,cz4
r0005937,62957,cz2,cz4
r0005938,62962,cz2,cz4
r0005939,62968,cz2,cz4
r0005940,62973,cz2,cz4
r0005941,62978,cz2,cz4
r0005942,62984,cz2,cz4
r0005943,62989,cz2,cz4
r0005944,62994,cz2,cz4
r0005945,63000,cz2,cz4
r0005946,63005,cz2,cz4
r0005947,63010,cz2,cz4
r0005948,63016,cz2,cz4
r0005949,63021,cz2,cz4
r0005950,63026,cz2,cz4
r0005951,63031,cz2,cz4
r0005952,63037,cz3,cz1
r0005953,63042,cz3,cz1
r0005954,63048,cz3,cz1
r0005955,63053,cz3,cz1
r0005956,63058,cz3,cz1
r0005957,63064,cz3,cz1
r0005958,63069,cz3,cz1
r0005959,63074,cz3,cz1
r0005960,63080,cz3,cz1
r0005961,63085,cz3,cz1
r0005962,63090,cz3,cz1
r0005963,63095,cz3,cz1
r0005964,63101,cz3,cz1
r0005965,63106,cz3,cz1
r0005966,63112,cz3,cz1
r0005967,63117,cz3,cz1
r0005968,63122,cz3,cz1
r0005969,63128,cz3,cz1
r0005970,63133,cz3,cz1
r0005971,63138,cz3,cz1
r0005972,63144,cz3,cz1
r0005973,63149,cz3,cz1
r0005974,63154,cz3,cz1
r0005975,63159,cz3,cz1
r0005976,63165,cz3,cz1
r0005977,63170,cz3,cz1
r0005978,63176,cz3,cz1
r0005979,63181,cz3,cz1
r0005980,63186,cz3,cz1
r0005981,63192,cz3,cz1
r0005982,63197,cz3,cz1
r0005983,63202,cz3,cz1
r0005984,63208,cz3,cz1
r0005985,63213,cz3,cz1
r0005986,63218,cz3,cz1
r0005987,63223,cz3,cz1
r0005988,63229,cz3,cz1
r0005989,63234,cz3,cz1
r0005990,63240,cz3,cz1
r0005991,63245,cz3,cz1
r0005992,63250,cz3,cz1
r0005993,63256,cz3,cz1
r0005994,63261,cz3,cz1
r0005995,63266,cz3,cz1
r0005996,63272,cz3,cz1
r0005997,63277,cz3,cz1
r0005998,63282,cz3,cz1
r0005999,63288,cz3,cz1
r0006000,63293,cz3,cz1
r0006001,63298,cz3,cz1
r0006002,63304,cz3,cz1
r0006003,63309,cz3,cz1
r0006004,63314,cz3,cz1
r0006005,63320,cz3,cz1
r0006006,63325,cz3,cz1
r0006007,63330,cz3,cz2
r0006008,63336,cz3,cz2
r0006009,63341,cz3,cz2
r0006010,63346,cz3,cz2
r0006011,63352,cz3,cz2
r0006012,63357,cz3,cz2
r0006013,63362,cz3,cz2
r0006014,63368,cz3,cz2
r0006015,63373,cz3,cz2
r0006016,63378,cz3,cz2
r0006017,63384,cz3,cz2
r0006018,63389,cz3,cz2
r0006019,63394,cz3,cz2
r0006020,63400,cz3,cz2
r0006021,63405,cz3,cz2
r0006022,63410,cz3,cz2
r0006023,63416,cz3,cz2
r0006024,63421,cz3,cz2
r0006025,63426,cz3,cz2
r0006026,63432,cz3,cz2
r0006027,63437,cz3,cz2
r0006028,63442,cz3,cz2
r0006029,63448,cz3,cz2
r0006030,63453,cz3,cz2
r0006031,63458,cz3,cz2
r0006032,63464,cz3,cz2
r0006033,63469,cz3,cz2
r0006034,63474,cz3,cz2
r0006035,63480,cz3,cz2
r0006036,63485,cz3,cz2
r0006037,63490,cz3,cz2
r0006038,63496,cz3,cz2
r0006039,63501,cz3,cz2
r0006040,63506,cz3,cz2
r0006041,63512,cz3,cz2
r0006042,63517,cz3,cz2
r0006043,63522,cz3,cz2
r0006044,63528,cz3,cz2
r0006045,63533,cz3,cz2
r0006046,63538,cz3,cz3
r0006047,63544,cz3,cz3
r0006048,63549,cz3,cz3
r0006049,63554,cz3,cz3
r0006050,63560,cz3,cz3
r0006051,63565,cz3,cz3
r0006052,63570,cz3,cz3
r0006053,63576,cz3,cz3
r0006054,63581,cz3,cz3
r0006055,63586,cz3,cz3
r0006056,63592,cz3,cz3
r0006057,63597,cz3,cz3
r0006058,63602,cz3,cz3
r0006059,63608,cz3,cz3
r0006060,63613,cz3,cz3
r0006061,63618,cz3,cz3
r0006062,63624,cz3,cz3
r0006063,63629,cz3,cz3
r0006064,63634,cz3,cz3
r0006065,63640,cz3,cz3
r0006066,63645,cz3,cz3
r0006067,63650,cz3,cz3
r0006068,63656,cz3,cz3
r0006069,63661,cz3,cz3
r0006070,63666,cz3,cz3
r0006071,63672,cz3,cz3
r0006072,63677,cz3,cz3
r0006073,63682,cz3,cz3
r0006074,63688,cz3,cz3
r0006075,63693,cz3,cz3
r0006076,63698,cz3,cz3
r0006077,63704,cz3,cz3
r0006078,63709,cz3,cz3
r0006079,63714,cz3,cz3
r0006080,63720,cz3,cz3
r0006081,63725,cz3,cz3
r0006082,63730,cz3,cz3
r0006083,63736,cz3,cz3
r0006084,63741,cz3,cz3
r0006085,63746,cz3,cz3
r0006086,63752,cz3,cz3
r0006087,63757,cz3,cz3
r0006088,63762,cz3,cz3
r0006089,63768,cz3,cz3
r0006090,63773,cz3,cz3
r0006091,63778,cz3,cz3
r0006092,63784,cz3,cz3
r0006093,63789,cz3,cz3
r0006094,63794,cz3,cz3
r0006095,63800,cz3,cz3
r0006096,63805,cz3,cz3
r0006097,63810,cz3,cz3
r0006098,63816,cz3,cz3
r0006099,63821,cz3,cz3
r0006100,63826,cz3,cz3
r0006101,63832,cz3,cz3
r0006102,63837,cz3,cz3
r0006103,63842,cz3,cz3
r0006104,63848,cz3,cz3
r0006105,63853,cz3,cz4
r0006106,63858,cz3,cz4
r0006107,63864,cz3,cz4
r0006108,63869,cz3,cz4
r0006109,63874,cz3,cz4
r0006110,63880,cz3,cz4
r0006111,63885,cz3,cz4
r0006112,63890,cz3,cz4
r0006113,63896,cz3,cz4
r0006114,63901,cz3,cz4
r0006115,63906,cz3,cz4
r0006116,63912,cz3,cz4
r0006117,63917,cz3,cz4
r0006118,63922,cz3,cz4
r0006119,63928,cz3,cz4
r0006120,63933,cz3,cz4
r0006121,63938,cz3,cz4
r0006122,63944,cz3,cz4
r0006123,63949,cz3,cz4
r0006124,63954,cz3,cz4
r0006125,63960,cz3,cz4
r0006126,63965,cz3,cz4
r0006127,63970,cz3,cz4
r0006128,63976,cz3,cz4
r0006129,63981,cz3,cz4
r0006130,63986,cz3,cz4
r0006131,63992,cz3,cz4
r0006132,63997,cz3,cz4
r0006133,64002,cz3,cz4
r0006134,64008,cz3,cz4
r0006135,64013,cz3,cz4
r0006136,64018,cz3,cz4
r0006137,64024,cz3,cz4
r0006138,64029,cz3,cz4
r0006139,64034,cz3,cz4
r0006140,64040,cz3,cz4
r0006141,64045,cz3,cz4
r0006142,64050,cz3,cz4
r0006143,64056,cz3,cz4
r0006144,64061,cz3,cz4
r0006145,64066,cz4,cz1
r0006146,64072,cz4,cz1
r0006147,64077,cz4,cz1
r0006148,64082,cz4,cz1
r0006149,64088,cz4,cz1
r0006150,64093,cz4,cz1
r0006151,64098,cz4,cz1
r0006152,64104,cz4,cz1
r0006153,64109,cz4,cz1
r0006154,64114,cz4,cz1
r0006155,64120,cz4,cz1
r0006156,64125,cz4,cz1
r0006157,64130,cz4,cz1
r0006158,64136,cz4,cz1
r0006159,64141,cz4,cz1
r0006160,64146,cz4,cz1
r0006161,64152,cz4,cz1
r0006162,64157,cz4,cz1
r0006163,64162,cz4,cz1
r0006164,64168,cz4,cz1
r0006165,64173,cz4,cz1
r0006166,64178,cz4,cz1
r0006167,64184,cz4,cz1
r0006168,64189,cz4,cz1
r0006169,64194,cz4,cz1
r0006170,64200,cz4,cz1
r0006171,64205,cz4,cz1
r0006172,64210,cz4,cz1
r0006173,64216,cz4,cz1
r0006174,64221,cz4,cz1
r0006175,64226,cz4,cz1
r0006176,64232,cz4,cz1
r0006177,64237,cz4,cz1
r0006178,64242,cz4,cz1
r0006179,64248,cz4,cz1
r0006180,64253,cz4,cz1
r0006181,64258,cz4,cz1
r0006182,64264,cz4,cz1
r0006183,64269,cz4,cz1
r0006184,64274,cz4,cz2
r0006185,64280,cz4,cz2
r0006186,64285,cz4,cz2
r0006187,64290,cz4,cz2
r0006188,64296,cz4,cz2
r0006189,64301,cz4,cz2
r0006190,64306,cz4,cz2
r0006191,64312,cz4,cz2
r0006192,64317,cz4,cz2
r0006193,64322,cz4,cz2
r0006194,64328,cz4,cz2
r0006195,64333,cz4,cz2
r0006196,64338,cz4,cz2
r0006197,64344,cz4,cz2
r0006198,64349,cz4,cz2
r0006199,64354,cz4,cz2
r0006200,64360,cz4,cz2
r0006201,64365,cz4,cz2
r0006202,64370,cz4,cz2
r0006203,64376,cz4,cz2
r0006204,64381,cz4,cz2
r0006205,64386,cz4,cz2
r0006206,64392,cz4,cz2
r0006207,64397,cz4,cz2
r0006208,64402,cz4,cz2
r0006209,64408,cz4,cz2
r0006210,64413,cz4,cz2
r0006211,64418,cz4,cz2
r0006212,64424,cz4,cz2
r0006213,64429,cz4,cz2
r0006214,64434,cz4,cz3
r0006215,64440,cz4,cz3
r0006216,64445,cz4,cz3
r0006217,64450,cz4,cz3
r0006218,64456,cz4,cz3
r0006219,64461,cz4,cz3
r0006220,64466,cz4,cz3
r0006221,64472,cz4,cz3
r0006222,64477,cz4,cz3
r0006223,64482,cz4,cz3
r0006224,64488,cz4,cz3
r0006225,64493,cz4,cz3
r0006226,64498,cz4,cz3
r0006227,64504,cz4,cz3
r0006228,64509,cz4,cz3
r0006229,64514,cz4,cz3
r0006230,64520,cz4,cz3
r0006231,64525,cz4,cz3
r0006232,64530,cz4,cz3
r0006233,64536,cz4,cz3
r0006234,64541,cz4,cz3
r0006235,64546,cz4,cz3
r0006236,64552,cz4,cz3
r0006237,64557,cz4,cz3
r0006238,64562,cz4,cz3
r0006239,64568,cz4,cz3
r0006240,64573,cz4,cz3
r0006241,64578,cz4,cz3
r0006242,64584,cz4,cz3
r0006243,64589,cz4,cz3
r0006244,64594,cz4,cz3
r0006245,64600,cz4,cz3
r0006246,64605,cz4,cz3
r0006247,64610,cz4,cz3
r0006248,64616,cz4,cz3
r0006249,64621,cz4,cz3
r0006250,64626,cz4,cz3
r0006251,64632,cz4,cz3
r0006252,64637,cz4,cz3
r0006253,64642,cz4,cz3
r0006254,64648,cz4,cz3
r0006255,64653,cz4,cz4
r0006256,64658,cz4,cz4
r0006257,64664,cz4,cz4
r0006258,64669,cz4,cz4
r0006259,64674,cz4,cz4
r0006260,64680,cz4,cz4
r0006261,64685,cz4,cz4
r0006262,64690,cz4,cz4
r0006263,64696,cz4,cz4
r0006264,64701,cz4,cz4
r0006265,64706,cz4,cz4
r0006266,64712,cz4,cz4
r0006267,64717,cz4,cz4
r0006268,64722,cz4,cz4
r0006269,64728,cz4,cz4
r0006270,64733,cz4,cz4
r0006271,64738,cz4,cz4
r0006272,64744,cz4,cz4
r0006273,64749,cz4,cz4
r0006274,64754,cz4,cz4
r0006275,64760,cz4,cz4
r0006276,64765,cz4,cz4
r0006277,64770,cz4,cz4
r0006278,64776,cz4,cz4
r0006279,64781,cz4,cz4
r0006280,64786,cz4,cz4
r0006281,64792,cz4,cz4
r0006282,64797,cz4,cz4
r0006283,64802,cz1,cz1
r0006284,64808,cz1,cz1
r0006285,64814,cz1,cz1
r0006286,64820,cz1,cz1
r0006287,64825,cz1,cz1
r0006288,64831,cz1,cz1
r0006289,64837,cz1,cz1
r0006290,64843,cz1,cz1
r0006291,64848,cz1,cz1
r0006292,64854,cz1,cz1
r0006293,64860,cz1,cz1
r0006294,64866,cz1,cz1
r0006295,64871,cz1,cz1
r0006296,64877,cz1,cz1
r0006297,64883,cz1,cz1
r0006298,64889,cz1,cz1
r0006299,64894,cz1,cz1
r0006300,64900,cz1,cz1
r0006301,64906,cz1,cz1
r0006302,64912,cz1,cz1
r0006303,64917,cz1,cz1
r0006304,64923,cz1,cz1
r0006305,64929,cz1,cz1
r0006306,64935,cz1,cz1
r0006307,64940,cz1,cz1
r0006308,64946,cz1,cz1
r0006309,64952,cz1,cz1
r0006310,64958,cz1,cz1
r0006311,64963,cz1,cz1
r0006312,64969,cz1,cz1
r0006313,64975,cz1,cz1
r0006314,64981,cz1,cz1
r0006315,64986,cz1,cz1
r0006316,64992,cz1,cz1
r0006317,64998,cz1,cz1
r0006318,65004,cz1,cz1
r0006319,65009,cz1,cz1
r0006320,65015,cz1,cz1
r0006321,65021,cz1,cz1
r0006322,65027,cz1,cz1
r0006323,65032,cz1,cz1
r0006324,65038,cz1,cz1
r0006325,65044,cz1,cz1
r0006326,65050,cz1,cz1
r0006327,65055,cz1,cz1
r0006328,65061,cz1,cz1
r0006329,65067,cz1,cz1
r0006330,65073,cz1,cz1
r0006331,65078,cz1,cz1
r0006332,65084,cz1,cz1
r0006333,65090,cz1,cz2
r0006334,65096,cz1,cz2
r0006335,65101,cz1,cz2
r0006336,65107,cz1,cz2
r0006337,65113,cz1,cz2
r0006338,65119,cz1,cz2
r0006339,65124,cz1,cz2
r0006340,65130,cz1,cz2
r0006341,65136,cz1,cz2
r0006342,65142,cz1,cz2
r0006343,65147,cz1,cz2
r0006344,65153,cz1,cz2
r0006345,65159,cz1,cz2
r0006346,65165,cz1,cz2
r0006347,65170,cz1,cz2
r0006348,65176,cz1,cz2
r0006349,65182,cz1,cz2
r0006350,65188,cz1,cz2
r0006351,65193,cz1,cz2
r0006352,65199,cz1,cz2
r0006353,65205,cz1,cz2
r0006354,65211,cz1,cz2
r0006355,65216,cz1,cz2
r0006356,65222,cz1,cz2
r0006357,65228,cz1,cz2
r0006358,65234,cz1,cz2
r0006359,65239,cz1,cz2
r0006360,65245,cz1,cz2
r0006361,65251,cz1,cz2
r0006362,65257,cz1,cz2
r0006363,65262,cz1,cz2
r0006364,65268,cz1,cz2
r0006365,65274,cz1,cz2
r0006366,65280,cz1,cz2
r0006367,65285,cz1,cz2
r0006368,65291,cz1,cz2
r0006369,65297,cz1,cz2
r0006370,65303,cz1,cz2
r0006371,65308,cz1,cz3
r0006372,65314,cz1,cz3
r0006373,65320,cz1,cz3
r0006374,65326,cz1,cz3
r0006375,65331,cz1,cz3
r0006376,65337,cz1,cz3
r0006377,65343,cz1,cz3
r0006378,65349,cz1,cz3
r0006379,65354,cz1,cz3
r0006380,65360,cz1,cz3
r0006381,65366,cz1,cz3
r0006382,65372,cz1,cz3
r0006383,65377,cz1,cz3
r0006384,65383,cz1,cz3
r0006385,65389,cz1,cz3
r0006386,65395,cz1,cz3
r0006387,65400,cz1,cz3
r0006388,65406,cz1,cz3
r0006389,65412,cz1,cz3
r0006390,65418,cz1,cz3
r0006391,65423,cz1,cz3
r0006392,65429,cz1,cz3
r0006393,65435,cz1,cz3
r0006394,65441,cz1,cz3
r0006395,65446,cz1,cz3
r0006396,65452,cz1,cz3
r0006397,65458,cz1,cz3
r0006398,65464,cz1,cz3
r0006399,65469,cz1,cz3
r0006400,65475,cz1,cz3
r0006401,65481,cz1,cz3
r0006402,65487,cz1,cz3
r0006403,65492,cz1,cz3
r0006404,65498,cz1,cz3
r0006405,65504,cz1,cz3
r0006406,65510,cz1,cz3
r0006407,65515,cz1,cz3
r0006408,65521,cz1,cz3
r0006409,65527,cz1,cz3
r0006410,65533,cz1,cz3
r0006411,65538,cz1,cz3
r0006412,65544,cz1,cz3
r0006413,65550,cz1,cz3
r0006414,65556,cz1,cz3
r0006415,65561,cz1,cz3
r0006416,65567,cz1,cz3
r0006417,65573,cz1,cz3
r0006418,65579,cz1,cz3
r0006419,65584,cz1,cz3
r0006420,65590,cz1,cz3
r0006421,65596,cz1,cz3
r0006422,65602,cz1,cz3
r0006423,65607,cz1,cz4
r0006424,65613,cz1,cz4
r0006425,65619,cz1,cz4
r0006426,65625,cz1,cz4
r0006427,65630,cz1,cz4
r0006428,65636,cz1,cz4
r0006429,65642,cz1,cz4
r0006430,65648,cz1,cz4
r0006431,65653,cz1,cz4
r0006432,65659,cz1,cz4
r0006433,65665,cz1,cz4
r0006434,65671,cz1,cz4
r0006435,65676,cz1,cz4
r0006436,65682,cz1,cz4
r0006437,65688,cz1,cz4
r0006438,65694,cz1,cz4
r0006439,65700,cz1,cz4
r0006440,65705,cz1,cz4
r0006441,65711,cz1,cz4
r0006442,65717,cz1,cz4
r0006443,65723,cz1,cz4
r0006444,65728,cz1,cz4
r0006445,65734,cz1,cz4
r0006446,65740,cz1,cz4
r0006447,65746,cz1,cz4
r0006448,65751,cz1,cz4
r0006449,65757,cz1,cz4
r0006450,65763,cz1,cz4
r0006451,65769,cz1,cz4
r0006452,65774,cz1,cz4
r0006453,65780,cz1,cz4
r0006454,65786,cz1,cz4
r0006455,65792,cz1,cz4
r0006456,65797,cz1,cz4
r0006457,65803,cz1,cz4
r0006458,65809,cz1,cz4
r0006459,65815,cz2,cz1
r0006460,65820,cz2,cz1
r0006461,65826,cz2,cz1
r0006462,65832,cz2,cz1
r0006463,65838,cz2,cz1
r0006464,65843,cz2,cz1
r0006465,65849,cz2,cz1
r0006466,65855,cz2,cz1
r0006467,65861,cz2,cz1
r0006468,65866,cz2,cz1
r0006469,65872,cz2,cz1
r0006470,65878,cz2,cz1
r0006471,65884,cz2,cz1
r0006472,65889,cz2,cz1
r0006473,65895,cz2,cz1
r0006474,65901,cz2,cz1
r0006475,65907,cz2,cz1
r0006476,65912,cz2,cz1
r0006477,65918,cz2,cz1
r0006478,65924,cz2,cz1
r0006479,65930,cz2,cz1
r0006480,65935,cz2,cz1
r0006481,65941,cz2,cz1
r0006482,65947,cz2,cz1
r0006483,65953,cz2,cz1
r0006484,65958,cz2,cz1
r0006485,65964,cz2,cz1
r0006486,65970,cz2,cz1
r0006487,65976,cz2,cz1
r0006488,65981,cz2,cz1
r0006489,65987,cz2,cz1
r0006490,65993,cz2,cz1
r0006491,65999,cz2,cz1
r0006492,66004,cz2,cz1
r0006493,66010,cz2,cz1
r0006494,66016,cz2,cz1
r0006495,66022,cz2,cz1
r0006496,66027,cz2,cz1
r0006497,66033,cz2,cz1
r0006498,66039,cz2,cz2
r0006499,66045,cz2,cz2
r0006500,66050,cz2,cz2
r0006501,66056,cz2,cz2
r0006502,66062,cz2,cz2
r0006503,66068,cz2,cz2
r0006504,66073,cz2,cz2
r0006505,66079,cz2,cz2
r0006506,66085,cz2,cz2
r0006507,66091,cz2,cz2
r0006508,66096,cz2,cz2
r0006509,66102,cz2,cz2
r0006510,66108,cz2,cz2
r0006511,66114,cz2,cz2
r0006512,66119,cz2,cz2
r0006513,66125,cz2,cz2
r0006514,66131,cz2,cz2
r0006515,66137,cz2,cz2
r0006516,66142,cz2,cz2
r0006517,66148,cz2,cz2
r0006518,66154,cz2,cz2
r0006519,66160,cz2,cz2
r0006520,66165,cz2,cz2
r0006521,66171,cz2,cz2
r0006522,66177,cz2,cz2
r0006523,66183,cz2,cz2
r0006524,66188,cz2,cz2
r0006525,66194,cz2,cz2
r0006526,66200,cz2,cz2
r0006527,66206,cz2,cz2
r0006528,66211,cz2,cz2
r0006529,66217,cz2,cz2
r0006530,66223,cz2,cz2
r0006531,66229,cz2,cz2
r0006532,66234,cz2,cz2
r0006533,66240,cz2,cz2
r0006534,66246,cz2,cz2
r0006535,66252,cz2,cz2
r0006536,66257,cz2,cz3
r0006537,66263,cz2,cz3
r0006538,66269,cz2,cz3
r0006539,66275,cz2,cz3
r0006540,66280,cz2,cz3
r0006541,66286,cz2,cz3
r0006542,66292,cz2,cz3
r0006543,66298,cz2,cz3
r0006544,66303,cz2,cz3
r0006545,66309,cz2,cz3
r0006546,66315,cz2,cz3
r0006547,66321,cz2,cz3
r0006548,66326,cz2,cz3
r0006549,66332,cz2,cz3
r0006550,66338,cz2,cz3
r0006551,66344,cz2,cz3
r0006552,66349,cz2,cz3
r0006553,66355,cz2,cz3
r0006554,66361,cz2,cz3
r0006555,66367,cz2,cz3
r0006556,66372,cz2,cz3
r0006557,66378,cz2,cz3
r0006558,66384,cz2,cz3
r0006559,66390,cz2,cz3
r0006560,66395,cz2,cz3
r0006561,66401,cz2,cz3
r0006562,66407,cz2,cz3
r0006563,66413,cz2,cz3
r0006564,66418,cz2,cz3
r0006565,66424,cz2,cz3
r0006566,66430,cz2,cz3
r0006567,66436,cz2,cz3
r0006568,66441,cz2,cz3
r0006569,66447,cz2,cz3
r0006570,66453,cz2,cz3
r0006571,66459,cz2,cz3
r0006572,66464,cz2,cz3
r0006573,66470,cz2,cz3
r0006574,66476,cz2,cz4
r0006575,66482,cz2,cz4
r0006576,66487,cz2,cz4
r0006577,66493,cz2,cz4
r0006578,66499,cz2,cz4
r0006579,66505,cz2,cz4
r0006580,66510,cz2,cz4
r0006581,66516,cz2,cz4
r0006582,66522,cz2,cz4
r0006583,66528,cz2,cz4
r0006584,66533,cz2,cz4
r0006585,66539,cz2,cz4
r0006586,66545,cz2,cz4
r0006587,66551,cz2,cz4
r0006588,66556,cz2,cz4
r0006589,66562,cz2,cz4
r0006590,66568,cz2,cz4
r0006591,66574,cz2,cz4
r0006592,66579,cz2,cz4
r0006593,66585,cz2,cz4
r0006594,66591,cz2,cz4
r0006595,66597,cz2,cz4
r0006596,66602,cz2,cz4
r0006597,66608,cz2,cz4
r0006598,66614,cz2,cz4
r0006599,66620,cz2,cz4
r0006600,66625,cz2,cz4
r0006601,66631,cz3,cz1
r0006602,66637,cz3,cz1
r0006603,66643,cz3,cz1
r0006604,66648,cz3,cz1
r0006605,66654,cz3,cz1
r0006606,66660,cz3,cz1
r0006607,66666,cz3,cz1
r0006608,66671,cz3,cz1
r0006609,66677,cz3,cz1
r0006610,66683,cz3,cz1
r0006611,66689,cz3,cz1
r0006612,66694,cz3,cz1
r0006613,66700,cz3,cz1
r0006614,66706,cz3,cz1
r0006615,66712,cz3,cz1
r0006616,66717,cz3,cz1
r0006617,66723,cz3,cz1
r0006618,66729,cz3,cz1
r0006619,66735,cz3,cz1
r0006620,66740,cz3,cz1
r0006621,66746,cz3,cz1
r0006622,66752,cz3,cz1
r0006623,66758,cz3,cz1
r0006624,66763,cz3,cz1
r0006625,66769,cz3,cz1
r0006626,66775,cz3,cz1
r0006627,66781,cz3,cz1
r0006628,66786,cz3,cz1
r0006629,66792,cz3,cz1
r0006630,66798,cz3,cz1
r0006631,66804,cz3,cz1
r0006632,66809,cz3,cz1
r0006633,66815,cz3,cz1
r0006634,66821,cz3,cz1
r0006635,66827,cz3,cz1
r0006636,66832,cz3,cz1
r0006637,66838,cz3,cz1
r0006638,66844,cz3,cz1
r0006639,66850,cz3,cz1
r0006640,66855,cz3,cz1
r0006641,66861,cz3,cz1
r0006642,66867,cz3,cz1
r0006643,66873,cz3,cz1
r0006644,66878,cz3,cz1
r0006645,66884,cz3,cz1
r0006646,66890,cz3,cz1
r0006647,66896,cz3,cz1
r0006648,66901,cz3,cz1
r0006649,66907,cz3,cz1
r0006650,66913,cz3,cz1
r0006651,66919,cz3,cz1
r0006652,66924,cz3,cz1
r0006653,66930,cz3,cz2
r0006654,66936,cz3,cz2
r0006655,66942,cz3,cz2
r0006656,66947,cz3,cz2
r0006657,66953,cz3,cz2
r0006658,66959,cz3,cz2
r0006659,66965,cz3,cz2
r0006660,66970,cz3,cz2
r0006661,66976,cz3,cz2
r0006662,66982,cz3,cz2
r0006663,66988,cz3,cz2
r0006664,66993,cz3,cz2
r0006665,66999,cz3,cz2
r0006666,67005,cz3,cz2
r0006667,67011,cz3,cz2
r0006668,67016,cz3,cz2
r0006669,67022,cz3,cz2
r0006670,67028,cz3,cz2
r0006671,67034,cz3,cz2
r0006672,67039,cz3,cz2
r0006673,67045,cz3,cz2
r0006674,67051,cz3,cz2
r0006675,67057,cz3,cz2
r0006676,67062,cz3,cz2
r0006677,67068,cz3,cz2
r0006678,67074,cz3,cz2
r0006679,67080,cz3,cz2
r0006680,67085,cz3,cz2
r0006681,67091,cz3,cz2
r0006682,67097,cz3,cz2
r0006683,67103,cz3,cz2
r0006684,67108,cz3,cz2
r0006685,67114,cz3,cz2
r0006686,67120,cz3,cz2
r0006687,67126,cz3,cz2
r0006688,67131,cz3,cz2
r0006689,67137,cz3,cz2
r0006690,67143,cz3,cz3
r0006691,67149,cz3,cz3
r0006692,67154,cz3,cz3
r0006693,67160,cz3,cz3
r0006694,67166,cz3,cz3
r0006695,67172,cz3,cz3
r0006696,67177,cz3,cz3
r0006697,67183,cz3,cz3
r0006698,67189,cz3,cz3
r0006699,67195,cz3,cz3
r0006700,67200,cz3,cz3
r0006701,67206,cz3,cz3
r0006702,67212,cz3,cz3
r0006703,67218,cz3,cz3
r0006704,67223,cz3,cz3
r0006705,67229,cz3,cz3
r0006706,67235,cz3,cz3
r0006707,67241,cz3,cz3
r0006708,67246,cz3,cz3
r0006709,67252,cz3,cz3
r0006710,67258,cz3,cz3
r0006711,67264,cz3,cz3
r0006712,67269,cz3,cz3
r0006713,67275,cz3,cz3
r0006714,67281,cz3,cz3
r0006715,67287,cz3,cz3
r0006716,67292,cz3,cz3
r0006717,67298,cz3,cz3
r0006718,67304,cz3,cz3
r0006719,67310,cz3,cz3
r0006720,67315,cz3,cz3
r0006721,67321,cz3,cz3
r0006722,67327,cz3,cz3
r0006723,67333,cz3,cz3
r0006724,67338,cz3,cz3
r0006725,67344,cz3,cz3
r0006726,67350,cz3,cz3
r0006727,67356,cz3,cz3
r0006728,67361,cz3,cz3
r0006729,67367,cz3,cz3
r0006730,67373,cz3,cz3
r0006731,67379,cz3,cz3
r0006732,67384,cz3,cz3
r0006733,67390,cz3,cz3
r0006734,67396,cz3,cz3
r0006735,67402,cz3,cz3
r0006736,67407,cz3,cz3
r0006737,67413,cz3,cz3
r0006738,67419,cz3,cz3
r0006739,67425,cz3,cz3
r0006740,67430,cz3,cz3
r0006741,67436,cz3,cz3
r0006742,67442,cz3,cz3
r0006743,67448,cz3,cz3
r0006744,67453,cz3,cz3
r0006745,67459,cz3,cz4
r0006746,67465,cz3,cz4
r0006747,67471,cz3,cz4
r0006748,67476,cz3,cz4
r0006749,67482,cz3,cz4
r0006750,67488,cz3,cz4
r0006751,67494,cz3,cz4
r0006752,67500,cz3,cz4
r0006753,67505,cz3,cz4
r0006754,67511,cz3,cz4
r0006755,67517,cz3,cz4
r0006756,67523,cz3,cz4
r0006757,67528,cz3,cz4
r0006758,67534,cz3,cz4
r0006759,67540,cz3,cz4
r0006760,67546,cz3,cz4
r0006761,67551,cz3,cz4
r0006762,67557,cz3,cz4
r0006763,67563,cz3,cz4
r0006764,67569,cz3,cz4
r0006765,67574,cz3,cz4
r0006766,67580,cz3,cz4
r0006767,67586,cz3,cz4
r0006768,67592,cz3,cz4
r0006769,67597,cz3,cz4
r0006770,67603,cz3,cz4
r0006771,67609,cz3,cz4
r0006772,67615,cz3,cz4
r0006773,67620,cz3,cz4
r0006774,67626,cz3,cz4
r0006775,67632,cz3,cz4
r0006776,67638,cz3,cz4
r0006777,67643,cz3,cz4
r0006778,67649,cz3,cz4
r0006779,67655,cz3,cz4
r0006780,67661,cz3,cz4
r0006781,67666,cz3,cz4
r0006782,67672,cz4,cz1
r0006783,67678,cz4,cz1
r0006784,67684,cz4,cz1
r0006785,67689,cz4,cz1
r0006786,67695,cz4,cz1
r0006787,67701,cz4,cz1
r0006788,67707,cz4,cz1
r0006789,67712,cz4,cz1
r0006790,67718,cz4,cz1
r0006791,67724,cz4,cz1
r0006792,67730,cz4,cz1
r0006793,67735,cz4,cz1
r0006794,67741,cz4,cz1
r0006795,67747,cz4,cz1
r0006796,67753,cz4,cz1
r0006797,67758,cz4,cz1
r0006798,67764,cz4,cz1
r0006799,67770,cz4,cz1
r0006800,67776,cz4,cz1
r0006801,67781,cz4,cz1
r0006802,67787,cz4,cz1
r0006803,67793,cz4,cz1
r0006804,67799,cz4,cz1
r0006805,67804,cz4,cz1
r0006806,67810,cz4,cz1
r0006807,67816,cz4,cz1
r0006808,67822,cz4,cz1
r0006809,67827,cz4,cz1
r0006810,67833,cz4,cz1
r0006811,67839,cz4,cz1
r0006812,67845,cz4,cz1
r0006813,67850,cz4,cz1
r0006814,67856,cz4,cz1
r0006815,67862,cz4,cz1
r0006816,67868,cz4,cz1
r0006817,67873,cz4,cz1
r0006818,67879,cz4,cz2
r0006819,67885,cz4,cz2
r0006820,67891,cz4,cz2
r0006821,67896,cz4,cz2
r0006822,67902,cz4,cz2
r0006823,67908,cz4,cz2
r0006824,67914,cz4,cz2
r0006825,67919,cz4,cz2
r0006826,67925,cz4,cz2
r0006827,67931,cz4,cz2
r0006828,67937,cz4,cz2
r0006829,67942,cz4,cz2
r0006830,67948,cz4,cz2
r0006831,67954,cz4,cz2
r0006832,67960,cz4,cz2
r0006833,67965,cz4,cz2
r0006834,67971,cz4,cz2
r0006835,67977,cz4,cz2
r0006836,67983,cz4,cz2
r0006837,67988,cz4,cz2
r0006838,67994,cz4,cz2
r0006839,68000,cz4,cz2
r0006840,68006,cz4,cz2
r0006841,68011,cz4,cz2
r0006842,68017,cz4,cz2
r0006843,68023,cz4,cz2
r0006844,68029,cz4,cz2
r0006845,68034,cz4,cz3
r0006846,68040,cz4,cz3
r0006847,68046,cz4,cz3
r0006848,68052,cz4,cz3
r0006849,68057,cz4,cz3
r0006850,68063,cz4,cz3
r0006851,68069,cz4,cz3
r0006852,68075,cz4,cz3
r0006853,68080,cz4,cz3
r0006854,68086,cz4,cz3
r0006855,68092,cz4,cz3
r0006856,68098,cz4,cz3
r0006857,68103,cz4,cz3
r0006858,68109,cz4,cz3
r0006859,68115,cz4,cz3
r0006860,68121,cz4,cz3
r0006861,68126,cz4,cz3
r0006862,68132,cz4,cz3
r0006863,68138,cz4,cz3
r0006864,68144,cz4,cz3
r0006865,68149,cz4,cz3
r0006866,68155,cz4,cz3
r0006867,68161,cz4,cz3
r0006868,68167,cz4,cz3
r0006869,68172,cz4,cz3
r0006870,68178,cz4,cz3
r0006871,68184,cz4,cz3
r0006872,68190,cz4,cz3
r0006873,68195,cz4,cz3
r0006874,68201,cz4,cz3
r0006875,68207,cz4,cz3
r0006876,68213,cz4,cz3
r0006877,68218,cz4,cz3
r0006878,68224,cz4,cz3
r0006879,68230,cz4,cz3
r0006880,68236,cz4,cz3
r0006881,68241,cz4,cz3
r0006882,68247,cz4,cz3
r0006883,68253,cz4,cz4
r0006884,68259,cz4,cz4
r0006885,68264,cz4,cz4
r0006886,68270,cz4,cz4
r0006887,68276,cz4,cz4
r0006888,68282,cz4,cz4
r0006889,68287,cz4,cz4
r0006890,68293,cz4,cz4
r0006891,68299,cz4,cz4
r0006892,68305,cz4,cz4
r0006893,68310,cz4,cz4
r0006894,68316,cz4,cz4
r0006895,68322,cz4,cz4
r0006896,68328,cz4,cz4
r0006897,68333,cz4,cz4
r0006898,68339,cz4,cz4
r0006899,68345,cz4,cz4
r0006900,68351,cz4,cz4
r0006901,68356,cz4,cz4
r0006902,68362,cz4,cz4
r0006903,68368,cz4,cz4
r0006904,68374,cz4,cz4
r0006905,68379,cz4,cz4
r0006906,68385,cz4,cz4
r0006907,68391,cz4,cz4
r0006908,68397,cz4,cz4
r0006909,68403,cz1,cz1
r0006910,68411,cz1,cz1
r0006911,68419,cz1,cz1
r0006912,68426,cz1,cz1
r0006913,68434,cz1,cz1
r0006914,68441,cz1,cz1
r0006915,68449,cz1,cz1
r0006916,68457,cz1,cz1
r0006917,68464,cz1,cz1
r0006918,68472,cz1,cz1
r0006919,68480,cz1,cz1
r0006920,68487,cz1,cz1
r0006921,68495,cz1,cz1
r0006922,68502,cz1,cz1
r0006923,68510,cz1,cz1
r0006924,68518,cz1,cz1
r0006925,68525,cz1,cz1
r0006926,68533,cz1,cz1
r0006927,68541,cz1,cz1
r0006928,68548,cz1,cz1
r0006929,68556,cz1,cz1
r0006930,68563,cz1,cz1
r0006931,68571,cz1,cz1
r0006932,68579,cz1,cz1
r0006933,68586,cz1,cz1
r0006934,68594,cz1,cz1
r0006935,68602,cz1,cz1
r0006936,68609,cz1,cz1
r0006937,68617,cz1,cz1
r0006938,68625,cz1,cz1
r0006939,68632,cz1,cz1
r0006940,68640,cz1,cz1
r0006941,68647,cz1,cz1
r0006942,68655,cz1,cz1
r0006943,68663,cz1,cz1
r0006944,68670,cz1,cz1
r0006945,68678,cz1,cz1
r0006946,68686,cz1,cz1
r0006947,68693,cz1,cz2
r0006948,68701,cz1,cz2
r0006949,68708,cz1,cz2
r0006950,68716,cz1,cz2
r0006951,68724,cz1,cz2
r0006952,68731,cz1,cz2
r0006953,68739,cz1,cz2
r0006954,68747,cz1,cz2
r0006955,68754,cz1,cz2
r0006956,68762,cz1,cz2
r0006957,68769,cz1,cz2
r0006958,68777,cz1,cz2
r0006959,68785,cz1,cz2
r0006960,68792,cz1,cz2
r0006961,68800,cz1,cz2
r0006962,68808,cz1,cz2
r0006963,68815,cz1,cz2
r0006964,68823,cz1,cz2
r0006965,68830,cz1,cz2
r0006966,68838,cz1,cz2
r0006967,68846,cz1,cz2
r0006968,68853,cz1,cz2
r0006969,68861,cz1,cz2
r0006970,68869,cz1,cz2
r0006971,68876,cz1,cz2
r0006972,68884,cz1,cz2
r0006973,68891,cz1,cz2
r0006974,68899,cz1,cz2
r0006975,68907,cz1,cz2
r0006976,68914,cz1,cz3
r0006977,68922,cz1,cz3
r0006978,68930,cz1,cz3
r0006979,68937,cz1,cz3
r0006980,68945,cz1,cz3
r0006981,68952,cz1,cz3
r0006982,68960,cz1,cz3
r0006983,68968,cz1,cz3
r0006984,68975,cz1,cz3
r0006985,68983,cz1,cz3
r0006986,68991,cz1,cz3
r0006987,68998,cz1,cz3
r0006988,69006,cz1,cz3
r0006989,69013,cz1,cz3
r0006990,69021,cz1,cz3
r0006991,69029,cz1,cz3
r0006992,69036,cz1,cz3
r0006993,69044,cz1,cz3
r0006994,69052,cz1,cz3
r0006995,69059,cz1,cz3
r0006996,69067,cz1,cz3
r0006997,69075,cz1,cz3
r0006998,69082,cz1,cz3
r0006999,69090,cz1,cz3
r0007000,69097,cz1,cz3
r0007001,69105,cz1,cz3
r0007002,69113,cz1,cz3
r0007003,69120,cz1,cz3
r0007004,69128,cz1,cz3
r0007005,69136,cz1,cz3
r0007006,69143,cz1,cz3
r0007007,69151,cz1,cz3
r0007008,69158,cz1,cz3
r0007009,69166,cz1,cz3
r0007010,69174,cz1,cz3
r0007011,69181,cz1,cz3
r0007012,69189,cz1,cz3
r0007013,69197,cz1,cz3
r0007014,69204,cz1,cz3
r0007015,69212,cz1,cz4
r0007016,69219,cz1,cz4
r0007017,69227,cz1,cz4
r0007018,69235,cz1,cz4
r0007019,69242,cz1,cz4
r0007020,69250,cz1,cz4
r0007021,69258,cz1,cz4
r0007022,69265,cz1,cz4
r0007023,69273,cz1,cz4
r0007024,69280,cz1,cz4
r0007025,69288,cz1,cz4
r0007026,69296,cz1,cz4
r0007027,69303,cz1,cz4
r0007028,69311,cz1,cz4
r0007029,69319,cz1,cz4
r0007030,69326,cz1,cz4
r0007031,69334,cz1,cz4
r0007032,69341,cz1,cz4
r0007033,69349,cz1,cz4
r0007034,69357,cz1,cz4
r0007035,69364,cz1,cz4
r0007036,69372,cz1,cz4
r0007037,69380,cz1,cz4
r0007038,69387,cz1,cz4
r0007039,69395,cz1,cz4
r0007040,69402,cz1,cz4
r0007041,69410,cz1,cz4
r0007042,69418,cz2,cz1
r0007043,69425,cz2,cz1
r0007044,69433,cz2,cz1
r0007045,69441,cz2,cz1
r0007046,69448,cz2,cz1
r0007047,69456,cz2,cz1
r0007048,69463,cz2,cz1
r0007049,69471,cz2,cz1
r0007050,69479,cz2,cz1
r0007051,69486,cz2,cz1
r0007052,69494,cz2,cz1
r0007053,69502,cz2,cz1
r0007054,69509,cz2,cz1
r0007055,69517,cz2,cz1
r0007056,69525,cz2,cz1
r0007057,69532,cz2,cz1
r0007058,69540,cz2,cz1
r0007059,69547,cz2,cz1
r0007060,69555,cz2,cz1
r0007061,69563,cz2,cz1
r0007062,69570,cz2,cz1
r0007063,69578,cz2,cz1
r0007064,69586,cz2,cz1
r0007065,69593,cz2,cz1
r0007066,69601,cz2,cz1
r0007067,69608,cz2,cz1
r0007068,69616,cz2,cz1
r0007069,69624,cz2,cz1
r0007070,69631,cz2,cz1
r0007071,69639,cz2,cz2
r0007072,69647,cz2,cz2
r0007073,69654,cz2,cz2
r0007074,69662,cz2,cz2
r0007075,69669,cz2,cz2
r0007076,69677,cz2,cz2
r0007077,69685,cz2,cz2
r0007078,69692,cz2,cz2
r0007079,69700,cz2,cz2
r0007080,69708,cz2,cz2
r0007081,69715,cz2,cz2
r0007082,69723,cz2,cz2
r0007083,69730,cz2,cz2
r0007084,69738,cz2,cz2
r0007085,69746,cz2,cz2
r0007086,69753,cz2,cz2
r0007087,69761,cz2,cz2
r0007088,69769,cz2,cz2
r0007089,69776,cz2,cz2
r0007090,69784,cz2,cz2
r0007091,69791,cz2,cz2
r0007092,69799,cz2,cz2
r0007093,69807,cz2,cz2
r0007094,69814,cz2,cz2
r0007095,69822,cz2,cz2
r0007096,69830,cz2,cz2
r0007097,69837,cz2,cz2
r0007098,69845,cz2,cz2
r0007099,69852,cz2,cz2
r0007100,69860,cz2,cz3
r0007101,69868,cz2,cz3
r0007102,69875,cz2,cz3
r0007103,69883,cz2,cz3
r0007104,69891,cz2,cz3
r0007105,69898,cz2,cz3
r0007106,69906,cz2,cz3
r0007107,69913,cz2,cz3
r0007108,69921,cz2,cz3
r0007109,69929,cz2,cz3
r0007110,69936,cz2,cz3
r0007111,69944,cz2,cz3
r0007112,69952,cz2,cz3
r0007113,69959,cz2,cz3
r0007114,69967,cz2,cz3
r0007115,69975,cz2,cz3
r0007116,69982,cz2,cz3
r0007117,69990,cz2,cz3
r0007118,69997,cz2,cz3
r0007119,70005,cz2,cz3
r0007120,70013,cz2,cz3
r0007121,70020,cz2,cz3
r0007122,70028,cz2,cz3
r0007123,70036,cz2,cz3
r0007124,70043,cz2,cz3
r0007125,70051,cz2,cz3
r0007126,70058,cz2,cz3
r0007127,70066,cz2,cz3
r0007128,70074,cz2,cz4
r0007129,70081,cz2,cz4
r0007130,70089,cz2,cz4
r0007131,70097,cz2,cz4
r0007132,70104,cz2,cz4
r0007133,70112,cz2,cz4
r0007134,70119,cz2,cz4
r0007135,70127,cz2,cz4
r0007136,70135,cz2,cz4
r0007137,70142,cz2,cz4
r0007138,70150,cz2,cz4
r0007139,70158,cz2,cz4
r0007140,70165,cz2,cz4
r0007141,70173,cz2,cz4
r0007142,70180,cz2,cz4
r0007143,70188,cz2,cz4
r0007144,70196,cz2,cz4
r0007145,70203,cz2,cz4
r0007146,70211,cz2,cz4
r0007147,70219,cz2,cz4
r0007148,70226,cz2,cz4
r0007149,70234,cz3,cz1
r0007150,70241,cz3,cz1
r0007151,70249,cz3,cz1
r0007152,70257,cz3,cz1
r0007153,70264,cz3,cz1
r0007154,70272,cz3,cz1
r0007155,70280,cz3,cz1
r0007156,70287,cz3,cz1
r0007157,70295,cz3,cz1
r0007158,70302,cz3,cz1
r0007159,70310,cz3,cz1
r0007160,70318,cz3,cz1
r0007161,70325,cz3,cz1
r0007162,70333,cz3,cz1
r0007163,70341,cz3,cz1
r0007164,70348,cz3,cz1
r0007165,70356,cz3,cz1
r0007166,70363,cz3,cz1
r0007167,70371,cz3,cz1
r0007168,70379,cz3,cz1
r0007169,70386,cz3,cz1
r0007170,70394,cz3,cz1
r0007171,70402,cz3,cz1
r0007172,70409,cz3,cz1
r0007173,70417,cz3,cz1
r0007174,70425,cz3,cz1
r0007175,70432,cz3,cz1
r0007176,70440,cz3,cz1
r0007177,70447,cz3,cz1
r0007178,70455,cz3,cz1
r0007179,70463,cz3,cz1
r0007180,70470,cz3,cz1
r0007181,70478,cz3,cz1
r0007182,70486,cz3,cz1
r0007183,70493,cz3,cz1
r0007184,70501,cz3,cz1
r0007185,70508,cz3,cz1
r0007186,70516,cz3,cz1
r0007187,70524,cz3,cz1
r0007188,70531,cz3,cz2
r0007189,70539,cz3,cz2
r0007190,70547,cz3,cz2
r0007191,70554,cz3,cz2
r0007192,70562,cz3,cz2
r0007193,70569,cz3,cz2
r0007194,70577,cz3,cz2
r0007195,70585,cz3,cz2
r0007196,70592,cz3,cz2
r0007197,70600,cz3,cz2
r0007198,70608,cz3,cz2
r0007199,70615,cz3,cz2
r0007200,70623,cz3,cz2
r0007201,70630,cz3,cz2
r0007202,70638,cz3,cz2
r0007203,70646,cz3,cz2
r0007204,70653,cz3,cz2
r0007205,70661,cz3,cz2
r0007206,70669,cz3,cz2
r0007207,70676,cz3,cz2
r0007208,70684,cz3,cz2
r0007209,70691,cz3,cz2
r0007210,70699,cz3,cz2
r0007211,70707,cz3,cz2
r0007212,70714,cz3,cz2
r0007213,70722,cz3,cz2
r0007214,70730,cz3,cz2
r0007215,70737,cz3,cz3
r0007216,70745,cz3,cz3
r0007217,70752,cz3,cz3
r0007218,70760,cz3,cz3
r0007219,70768,cz3,cz3
r0007220,70775,cz3,cz3
r0007221,70783,cz3,cz3
r0007222,70791,cz3,cz3
r0007223,70798,cz3,cz3
r0007224,70806,cz3,cz3
r0007225,70813,cz3,cz3
r0007226,70821,cz3,cz3
r0007227,70829,cz3,cz3
r0007228,70836,cz3,cz3
r0007229,70844,cz3,cz3
r0007230,70852,cz3,cz3
r0007231,70859,cz3,cz3
r0007232,70867,cz3,cz3
r0007233,70875,cz3,cz3
r0007234,70882,cz3,cz3
r0007235,70890,cz3,cz3
r0007236,70897,cz3,cz3
r0007237,70905,cz3,cz3
r0007238,70913,cz3,cz3
r0007239,70920,cz3,cz3
r0007240,70928,cz3,cz3
r0007241,70936,cz3,cz3
r0007242,70943,cz3,cz3
r0007243,70951,cz3,cz3
r0007244,70958,cz3,cz3
r0007245,70966,cz3,cz3
r0007246,70974,cz3,cz3
r0007247,70981,cz3,cz3
r0007248,70989,cz3,cz3
r0007249,70997,cz3,cz3
r0007250,71004,cz3,cz3
r0007251,71012,cz3,cz3
r0007252,71019,cz3,cz3
r0007253,71027,cz3,cz3
r0007254,71035,cz3,cz3
r0007255,71042,cz3,cz3
r0007256,71050,cz3,cz4
r0007257,71058,cz3,cz4
r0007258,71065,cz3,cz4
r0007259,71073,cz3,cz4
r0007260,71080,cz3,cz4
r0007261,71088,cz3,cz4
r0007262,71096,cz3,cz4
r0007263,71103,cz3,cz4
r0007264,71111,cz3,cz4
r0007265,71119,cz3,cz4
r0007266,71126,cz3,cz4
r0007267,71134,cz3,cz4
r0007268,71141,cz3,cz4
r0007269,71149,cz3,cz4
r0007270,71157,cz3,cz4
r0007271,71164,cz3,cz4
r0007272,71172,cz3,cz4
r0007273,71180,cz3,cz4
r0007274,71187,cz3,cz4
r0007275,71195,cz3,cz4
r0007276,71202,cz3,cz4
r0007277,71210,cz3,cz4
r0007278,71218,cz3,cz4
r0007279,71225,cz3,cz4
r0007280,71233,cz3,cz4
r0007281,71241,cz3,cz4
r0007282,71248,cz3,cz4
r0007283,71256,cz3,cz4
r0007284,71263,cz4,cz1
r0007285,71271,cz4,cz1
r0007286,71279,cz4,cz1
r0007287,71286,cz4,cz1
r0007288,71294,cz4,cz1
r0007289,71302,cz4,cz1
r0007290,71309,cz4,cz1
r0007291,71317,cz4,cz1
r0007292,71325,cz4,cz1
r0007293,71332,cz4,cz1
r0007294,71340,cz4,cz1
r0007295,71347,cz4,cz1
r0007296,71355,cz4,cz1
r0007297,71363,cz4,cz1
r0007298,71370,cz4,cz1
r0007299,71378,cz4,cz1
r0007300,71386,cz4,cz1
r0007301,71393,cz4,cz1
r0007302,71401,cz4,cz1
r0007303,71408,cz4,cz1
r0007304,71416,cz4,cz1
r0007305,71424,cz4,cz1
r0007306,71431,cz4,cz1
r0007307,71439,cz4,cz1
r0007308,71447,cz4,cz1
r0007309,71454,cz4,cz1
r0007310,71462,cz4,cz1
r0007311,71469,cz4,cz2
r0007312,71477,cz4,cz2
r0007313,71485,cz4,cz2
r0007314,71492,cz4,cz2
r0007315,71500,cz4,cz2
r0007316,71508,cz4,cz2
r0007317,71515,cz4,cz2
r0007318,71523,cz4,cz2
r0007319,71530,cz4,cz2
r0007320,71538,cz4,cz2
r0007321,71546,cz4,cz2
r0007322,71553,cz4,cz2
r0007323,71561,cz4,cz2
r0007324,71569,cz4,cz2
r0007325,71576,cz4,cz2
r0007326,71584,cz4,cz2
r0007327,71591,cz4,cz2
r0007328,71599,cz4,cz2
r0007329,71607,cz4,cz2
r0007330,71614,cz4,cz2
r0007331,71622,cz4,cz2
r0007332,71630,cz4,cz3
r0007333,71637,cz4,cz3
r0007334,71645,cz4,cz3
r0007335,71652,cz4,cz3
r0007336,71660,cz4,cz3
r0007337,71668,cz4,cz3
r0007338,71675,cz4,cz3
r0007339,71683,cz4,cz3
r0007340,71691,cz4,cz3
r0007341,71698,cz4,cz3
r0007342,71706,cz4,cz3
r0007343,71713,cz4,cz3
r0007344,71721,cz4,cz3
r0007345,71729,cz4,cz3
r0007346,71736,cz4,cz3
r0007347,71744,cz4,cz3
r0007348,71752,cz4,cz3
r0007349,71759,cz4,cz3
r0007350,71767,cz4,cz3
r0007351,71775,cz4,cz3
r0007352,71782,cz4,cz3
r0007353,71790,cz4,cz3
r0007354,71797,cz4,cz3
r0007355,71805,cz4,cz3
r0007356,71813,cz4,cz3
r0007357,71820,cz4,cz3
r0007358,71828,cz4,cz3
r0007359,71836,cz4,cz3
r0007360,71843,cz4,cz3
r0007361,71851,cz4,cz4
r0007362,71858,cz4,cz4
r0007363,71866,cz4,cz4
r0007364,71874,cz4,cz4
r0007365,71881,cz4,cz4
r0007366,71889,cz4,cz4
r0007367,71897,cz4,cz4
r0007368,71904,cz4,cz4
r0007369,71912,cz4,cz4
r0007370,71919,cz4,cz4
r0007371,71927,cz4,cz4
r0007372,71935,cz4,cz4
r0007373,71942,cz4,cz4
r0007374,71950,cz4,cz4
r0007375,71958,cz4,cz4
r0007376,71965,cz4,cz4
r0007377,71973,cz4,cz4
r0007378,71980,cz4,cz4
r0007379,71988,cz4,cz4
r0007380,71996,cz4,cz4
r0007381,72005,cz1,cz1
r0007382,72016,cz1,cz1
r0007383,72027,cz1,cz1
r0007384,72037,cz1,cz1
r0007385,72048,cz1,cz1
r0007386,72059,cz1,cz1
r0007387,72070,cz1,cz1
r0007388,72081,cz1,cz1
r0007389,72091,cz1,cz1
r0007390,72102,cz1,cz1
r0007391,72113,cz1,cz1
r0007392,72124,cz1,cz1
r0007393,72135,cz1,cz1
r0007394,72145,cz1,cz1
r0007395,72156,cz1,cz1
r0007396,72167,cz1,cz1
r0007397,72178,cz1,cz1
r0007398,72189,cz1,cz1
r0007399,72200,cz1,cz1
r0007400,72210,cz1,cz1
r0007401,72221,cz1,cz1
r0007402,72232,cz1,cz1
r0007403,72243,cz1,cz1
r0007404,72254,cz1,cz1
r0007405,72264,cz1,cz1
r0007406,72275,cz1,cz1
r0007407,72286,cz1,cz1
r0007408,72297,cz1,cz2
r0007409,72308,cz1,cz2
r0007410,72318,cz1,cz2
r0007411,72329,cz1,cz2
r0007412,72340,cz1,cz2
r0007413,72351,cz1,cz2
r0007414,72362,cz1,cz2
r0007415,72372,cz1,cz2
r0007416,72383,cz1,cz2
r0007417,72394,cz1,cz2
r0007418,72405,cz1,cz2
r0007419,72416,cz1,cz2
r0007420,72427,cz1,cz2
r0007421,72437,cz1,cz2
r0007422,72448,cz1,cz2
r0007423,72459,cz1,cz2
r0007424,72470,cz1,cz2
r0007425,72481,cz1,cz2
r0007426,72491,cz1,cz2
r0007427,72502,cz1,cz2
r0007428,72513,cz1,cz3
r0007429,72524,cz1,cz3
r0007430,72535,cz1,cz3
r0007431,72545,cz1,cz3
r0007432,72556,cz1,cz3
r0007433,72567,cz1,cz3
r0007434,72578,cz1,cz3
r0007435,72589,cz1,cz3
r0007436,72600,cz1,cz3
r0007437,72610,cz1,cz3
r0007438,72621,cz1,cz3
r0007439,72632,cz1,cz3
r0007440,72643,cz1,cz3
r0007441,72654,cz1,cz3
r0007442,72664,cz1,cz3
r0007443,72675,cz1,cz3
r0007444,72686,cz1,cz3
r0007445,72697,cz1,cz3
r0007446,72708,cz1,cz3
r0007447,72718,cz1,cz3
r0007448,72729,cz1,cz3
r0007449,72740,cz1,cz3
r0007450,72751,cz1,cz3
r0007451,72762,cz1,cz3
r0007452,72772,cz1,cz3
r0007453,72783,cz1,cz3
r0007454,72794,cz1,cz3
r0007455,72805,cz1,cz3
r0007456,72816,cz1,cz4
r0007457,72827,cz1,cz4
r0007458,72837,cz1,cz4
r0007459,72848,cz1,cz4
r0007460,72859,cz1,cz4
r0007461,72870,cz1,cz4
r0007462,72881,cz1,cz4
r0007463,72891,cz1,cz4
r0007464,72902,cz1,cz4
r0007465,72913,cz1,cz4
r0007466,72924,cz1,cz4
r0007467,72935,cz1,cz4
r0007468,72945,cz1,cz4
r0007469,72956,cz1,cz4
r0007470,72967,cz1,cz4
r0007471,72978,cz1,cz4
r0007472,72989,cz1,cz4
r0007473,73000,cz1,cz4
r0007474,73010,cz1,cz4
r0007475,73021,cz2,cz1
r0007476,73032,cz2,cz1
r0007477,73043,cz2,cz1
r0007478,73054,cz2,cz1
r0007479,73064,cz2,cz1
r0007480,73075,cz2,cz1
r0007481,73086,cz2,cz1
r0007482,73097,cz2,cz1
r0007483,73108,cz2,cz1
r0007484,73118,cz2,cz1
r0007485,73129,cz2,cz1
r0007486,73140,cz2,cz1
r0007487,73151,cz2,cz1
r0007488,73162,cz2,cz1
r0007489,73172,cz2,cz1
r0007490,73183,cz2,cz1
r0007491,73194,cz2,cz1
r0007492,73205,cz2,cz1
r0007493,73216,cz2,cz1
r0007494,73227,cz2,cz1
r0007495,73237,cz2,cz1
r0007496,73248,cz2,cz2
r0007497,73259,cz2,cz2
r0007498,73270,cz2,cz2
r0007499,73281,cz2,cz2
r0007500,73291,cz2,cz2
r0007501,73302,cz2,cz2
r0007502,73313,cz2,cz2
r0007503,73324,cz2,cz2
r0007504,73335,cz2,cz2
r0007505,73345,cz2,cz2
r0007506,73356,cz2,cz2
r0007507,73367,cz2,cz2
r0007508,73378,cz2,cz2
r0007509,73389,cz2,cz2
r0007510,73400,cz2,cz2
r0007511,73410,cz2,cz2
r0007512,73421,cz2,cz2
r0007513,73432,cz2,cz2
r0007514,73443,cz2,cz2
r0007515,73454,cz2,cz2
r0007516,73464,cz2,cz3
r0007517,73475,cz2,cz3
r0007518,73486,cz2,cz3
r0007519,73497,cz2,cz3
r0007520,73508,cz2,cz3
r0007521,73518,cz2,cz3
r0007522,73529,cz2,cz3
r0007523,73540,cz2,cz3
r0007524,73551,cz2,cz3
r0007525,73562,cz2,cz3
r0007526,73572,cz2,cz3
r0007527,73583,cz2,cz3
r0007528,73594,cz2,cz3
r0007529,73605,cz2,cz3
r0007530,73616,cz2,cz3
r0007531,73627,cz2,cz3
r0007532,73637,cz2,cz3
r0007533,73648,cz2,cz3
r0007534,73659,cz2,cz3
r0007535,73670,cz2,cz3
r0007536,73681,cz2,cz4
r0007537,73691,cz2,cz4
r0007538,73702,cz2,cz4
r0007539,73713,cz2,cz4
r0007540,73724,cz2,cz4
r0007541,73735,cz2,cz4
r0007542,73745,cz2,cz4
r0007543,73756,cz2,cz4
r0007544,73767,cz2,cz4
r0007545,73778,cz2,cz4
r0007546,73789,cz2,cz4
r0007547,73800,cz2,cz4
r0007548,73810,cz2,cz4
r0007549,73821,cz2,cz4
r0007550,73832,cz2,cz4
r0007551,73843,cz3,cz1
r0007552,73854,cz3,cz1
r0007553,73864,cz3,cz1
r0007554,73875,cz3,cz1
r0007555,73886,cz3,cz1
r0007556,73897,cz3,cz1
r0007557,73908,cz3,cz1
r0007558,73918,cz3,cz1
r0007559,73929,cz3,cz1
r0007560,73940,cz3,cz1
r0007561,73951,cz3,cz1
r0007562,73962,cz3,cz1
r0007563,73972,cz3,cz1
r0007564,73983,cz3,cz1
r0007565,73994,cz3,cz1
r0007566,74005,cz3,cz1
r0007567,74016,cz3,cz1
r0007568,74027,cz3,cz1
r0007569,74037,cz3,cz1
r0007570,74048,cz3,cz1
r0007571,74059,cz3,cz1
r0007572,74070,cz3,cz1
r0007573,74081,cz3,cz1
r0007574,74091,cz3,cz1
r0007575,74102,cz3,cz1
r0007576,74113,cz3,cz1
r0007577,74124,cz3,cz1
r0007578,74135,cz3,cz2
r0007579,74145,cz3,cz2
r0007580,74156,cz3,cz2
r0007581,74167,cz3,cz2
r0007582,74178,cz3,cz2
r0007583,74189,cz3,cz2
r0007584,74200,cz3,cz2
r0007585,74210,cz3,cz2
r0007586,74221,cz3,cz2
r0007587,74232,cz3,cz2
r0007588,74243,cz3,cz2
r0007589,74254,cz3,cz2
r0007590,74264,cz3,cz2
r0007591,74275,cz3,cz2
r0007592,74286,cz3,cz2
r0007593,74297,cz3,cz2
r0007594,74308,cz3,cz2
r0007595,74318,cz3,cz2
r0007596,74329,cz3,cz2
r0007597,74340,cz3,cz3
r0007598,74351,cz3,cz3
r0007599,74362,cz3,cz3
r0007600,74372,cz3,cz3
r0007601,74383,cz3,cz3
r0007602,74394,cz3,cz3
r0007603,74405,cz3,cz3
r0007604,74416,cz3,cz3
r0007605,74427,cz3,cz3
r0007606,74437,cz3,cz3
r0007607,74448,cz3,cz3
r0007608,74459,cz3,cz3
r0007609,74470,cz3,cz3
r0007610,74481,cz3,cz3
r0007611,74491,cz3,cz3
r0007612,74502,cz3,cz3
r0007613,74513,cz3,cz3
r0007614,74524,cz3,cz3
r0007615,74535,cz3,cz3
r0007616,74545,cz3,cz3
r0007617,74556,cz3,cz3
r0007618,74567,cz3,cz3
r0007619,74578,cz3,cz3
r0007620,74589,cz3,cz3
r0007621,74600,cz3,cz3
r0007622,74610,cz3,cz3
r0007623,74621,cz3,cz3
r0007624,74632,cz3,cz3
r0007625,74643,cz3,cz3
r0007626,74654,cz3,cz4
r0007627,74664,cz3,cz4
r0007628,74675,cz3,cz4
r0007629,74686,cz3,cz4
r0007630,74697,cz3,cz4
r0007631,74708,cz3,cz4
r0007632,74718,cz3,cz4
r0007633,74729,cz3,cz4
r0007634,74740,cz3,cz4
r0007635,74751,cz3,cz4
r0007636,74762,cz3,cz4
r0007637,74772,cz3,cz4
r0007638,74783,cz3,cz4
r0007639,74794,cz3,cz4
r0007640,74805,cz3,cz4
r0007641,74816,cz3,cz4
r0007642,74827,cz3,cz4
r0007643,74837,cz3,cz4
r0007644,74848,cz3,cz4
r0007645,74859,cz3,cz4
r0007646,74870,cz4,cz1
r0007647,74881,cz4,cz1
r0007648,74891,cz4,cz1
r0007649,74902,cz4,cz1
r0007650,74913,cz4,cz1
r0007651,74924,cz4,cz1
r0007652,74935,cz4,cz1
r0007653,74945,cz4,cz1
r0007654,74956,cz4,cz1
r0007655,74967,cz4,cz1
r0007656,74978,cz4,cz1
r0007657,74989,cz4,cz1
r0007658,75000,cz4,cz1
r0007659,75010,cz4,cz1
r0007660,75021,cz4,cz1
r0007661,75032,cz4,cz1
r0007662,75043,cz4,cz1
r0007663,75054,cz4,cz1
r0007664,75064,cz4,cz1
r0007665,75075,cz4,cz2
r0007666,75086,cz4,cz2
r0007667,75097,cz4,cz2
r0007668,75108,cz4,cz2
r0007669,75118,cz4,cz2
r0007670,75129,cz4,cz2
r0007671,75140,cz4,cz2
r0007672,75151,cz4,cz2
r0007673,75162,cz4,cz2
r0007674,75172,cz4,cz2
r0007675,75183,cz4,cz2
r0007676,75194,cz4,cz2
r0007677,75205,cz4,cz2
r0007678,75216,cz4,cz2
r0007679,75227,cz4,cz2
r0007680,75237,cz4,cz3
r0007681,75248,cz4,cz3
r0007682,75259,cz4,cz3
r0007683,75270,cz4,cz3
r0007684,75281,cz4,cz3
r0007685,75291,cz4,cz3
r0007686,75302,cz4,cz3
r0007687,75313,cz4,cz3
r0007688,75324,cz4,cz3
r0007689,75335,cz4,cz3
r0007690,75345,cz4,cz3
r0007691,75356,cz4,cz3
r0007692,75367,cz4,cz3
r0007693,75378,cz4,cz3
r0007694,75389,cz4,cz3
r0007695,75400,cz4,cz3
r0007696,75410,cz4,cz3
r0007697,75421,cz4,cz3
r0007698,75432,cz4,cz3
r0007699,75443,cz4,cz3
r0007700,75454,cz4,cz4
r0007701,75464,cz4,cz4
r0007702,75475,cz4,cz4
r0007703,75486,cz4,cz4
r0007704,75497,cz4,cz4
r0007705,75508,cz4,cz4
r0007706,75518,cz4,cz4
r0007707,75529,cz4,cz4
r0007708,75540,cz4,cz4
r0007709,75551,cz4,cz4
r0007710,75562,cz4,cz4
r0007711,75572,cz4,cz4
r0007712,75583,cz4,cz4
r0007713,75594,cz4,cz4
r0007714,75606,cz1,cz1
r0007715,75619,cz1,cz1
r0007716,75633,cz1,cz1
r0007717,75646,cz1,cz1
r0007718,75659,cz1,cz1
r0007719,75672,cz1,cz1
r0007720,75686,cz1,cz1
r0007721,75699,cz1,cz1
r0007722,75712,cz1,cz1
r0007723,75725,cz1,cz1
r0007724,75738,cz1,cz1
r0007725,75752,cz1,cz1
r0007726,75765,cz1,cz1
r0007727,75778,cz1,cz1
r0007728,75791,cz1,cz1
r0007729,75805,cz1,cz1
r0007730,75818,cz1,cz1
r0007731,75831,cz1,cz1
r0007732,75844,cz1,cz1
r0007733,75858,cz1,cz1
r0007734,75871,cz1,cz1
r0007735,75884,cz1,cz1
r0007736,75897,cz1,cz2
r0007737,75911,cz1,cz2
r0007738,75924,cz1,cz2
r0007739,75937,cz1,cz2
r0007740,75950,cz1,cz2
r0007741,75963,cz1,cz2
r0007742,75977,cz1,cz2
r0007743,75990,cz1,cz2
r0007744,76003,cz1,cz2
r0007745,76016,cz1,cz2
r0007746,76030,cz1,cz2
r0007747,76043,cz1,cz2
r0007748,76056,cz1,cz2
r0007749,76069,cz1,cz2
r0007750,76083,cz1,cz2
r0007751,76096,cz1,cz2
r0007752,76109,cz1,cz2
r0007753,76122,cz1,cz3
r0007754,76136,cz1,cz3
r0007755,76149,cz1,cz3
r0007756,76162,cz1,cz3
r0007757,76175,cz1,cz3
r0007758,76188,cz1,cz3
r0007759,76202,cz1,cz3
r0007760,76215,cz1,cz3
r0007761,76228,cz1,cz3
r0007762,76241,cz1,cz3
r0007763,76255,cz1,cz3
r0007764,76268,cz1,cz3
r0007765,76281,cz1,cz3
r0007766,76294,cz1,cz3
r0007767,76308,cz1,cz3
r0007768,76321,cz1,cz3
r0007769,76334,cz1,cz3
r0007770,76347,cz1,cz3
r0007771,76361,cz1,cz3
r0007772,76374,cz1,cz3
r0007773,76387,cz1,cz3
r0007774,76400,cz1,cz3
r0007775,76413,cz1,cz3
r0007776,76427,cz1,cz4
r0007777,76440,cz1,cz4
r0007778,76453,cz1,cz4
r0007779,76466,cz1,cz4
r0007780,76480,cz1,cz4
r0007781,76493,cz1,cz4
r0007782,76506,cz1,cz4
r0007783,76519,cz1,cz4
r0007784,76533,cz1,cz4
r0007785,76546,cz1,cz4
r0007786,76559,cz1,cz4
r0007787,76572,cz1,cz4
r0007788,76586,cz1,cz4
r0007789,76599,cz1,cz4
r0007790,76612,cz1,cz4
r0007791,76625,cz2,cz1
r0007792,76638,cz2,cz1
r0007793,76652,cz2,cz1
r0007794,76665,cz2,cz1
r0007795,76678,cz2,cz1
r0007796,76691,cz2,cz1
r0007797,76705,cz2,cz1
r0007798,76718,cz2,cz1
r0007799,76731,cz2,cz1
r0007800,76744,cz2,cz1
r0007801,76758,cz2,cz1
r0007802,76771,cz2,cz1
r0007803,76784,cz2,cz1
r0007804,76797,cz2,cz1
r0007805,76811,cz2,cz1
r0007806,76824,cz2,cz1
r0007807,76837,cz2,cz1
r0007808,76850,cz2,cz2
r0007809,76863,cz2,cz2
r0007810,76877,cz2,cz2
r0007811,76890,cz2,cz2
r0007812,76903,cz2,cz2
r0007813,76916,cz2,cz2
r0007814,76930,cz2,cz2
r0007815,76943,cz2,cz2
r0007816,76956,cz2,cz2
r0007817,76969,cz2,cz2
r0007818,76983,cz2,cz2
r0007819,76996,cz2,cz2
r0007820,77009,cz2,cz2
r0007821,77022,cz2,cz2
r0007822,77036,cz2,cz2
r0007823,77049,cz2,cz2
r0007824,77062,cz2,cz3
r0007825,77075,cz2,cz3
r0007826,77088,cz2,cz3
r0007827,77102,cz2,cz3
r0007828,77115,cz2,cz3
r0007829,77128,cz2,cz3
r0007830,77141,cz2,cz3
r0007831,77155,cz2,cz3
r0007832,77168,cz2,cz3
r0007833,77181,cz2,cz3
r0007834,77194,cz2,cz3
r0007835,77208,cz2,cz3
r0007836,77221,cz2,cz3
r0007837,77234,cz2,cz3
r0007838,77247,cz2,cz3
r0007839,77261,cz2,cz3
r0007840,77274,cz2,cz4
r0007841,77287,cz2,cz4
r0007842,77300,cz2,cz4
r0007843,77313,cz2,cz4
r0007844,77327,cz2,cz4
r0007845,77340,cz2,cz4
r0007846,77353,cz2,cz4
r0007847,77366,cz2,cz4
r0007848,77380,cz2,cz4
r0007849,77393,cz2,cz4
r0007850,77406,cz2,cz4
r0007851,77419,cz2,cz4
r0007852,77433,cz3,cz1
r0007853,77446,cz3,cz1
r0007854,77459,cz3,cz1
r0007855,77472,cz3,cz1
r0007856,77486,cz3,cz1
r0007857,77499,cz3,cz1
r0007858,77512,cz3,cz1
r0007859,77525,cz3,cz1
r0007860,77538,cz3,cz1
r0007861,77552,cz3,cz1
r0007862,77565,cz3,cz1
r0007863,77578,cz3,cz1
r0007864,77591,cz3,cz1
r0007865,77605,cz3,cz1
r0007866,77618,cz3,cz1
r0007867,77631,cz3,cz1
r0007868,77644,cz3,cz1
r0007869,77658,cz3,cz1
r0007870,77671,cz3,cz1
r0007871,77684,cz3,cz1
r0007872,77697,cz3,cz1
r0007873,77711,cz3,cz1
r0007874,77724,cz3,cz2
r0007875,77737,cz3,cz2
r0007876,77750,cz3,cz2
r0007877,77763,cz3,cz2
r0007878,77777,cz3,cz2
r0007879,77790,cz3,cz2
r0007880,77803,cz3,cz2
r0007881,77816,cz3,cz2
r0007882,77830,cz3,cz2
r0007883,77843,cz3,cz2
r0007884,77856,cz3,cz2
r0007885,77869,cz3,cz2
r0007886,77883,cz3,cz2
r0007887,77896,cz3,cz2
r0007888,77909,cz3,cz2
r0007889,77922,cz3,cz2
r0007890,77936,cz3,cz3
r0007891,77949,cz3,cz3
r0007892,77962,cz3,cz3
r0007893,77975,cz3,cz3
r0007894,77988,cz3,cz3
r0007895,78002,cz3,cz3
r0007896,78015,cz3,cz3
r0007897,78028,cz3,cz3
r0007898,78041,cz3,cz3
r0007899,78055,cz3,cz3
r0007900,78068,cz3,cz3
r0007901,78081,cz3,cz3
r0007902,78094,cz3,cz3
r0007903,78108,cz3,cz3
r0007904,78121,cz3,cz3
r0007905,78134,cz3,cz3
r0007906,78147,cz3,cz3
r0007907,78161,cz3,cz3
r0007908,78174,cz3,cz3
r0007909,78187,cz3,cz3
r0007910,78200,cz3,cz3
r0007911,78213,cz3,cz3
r0007912,78227,cz3,cz3
r0007913,78240,cz3,cz3
r0007914,78253,cz3,cz4
r0007915,78266,cz3,cz4
r0007916,78280,cz3,cz4
r0007917,78293,cz3,cz4
r0007918,78306,cz3,cz4
r0007919,78319,cz3,cz4
r0007920,78333,cz3,cz4
r0007921,78346,cz3,cz4
r0007922,78359,cz3,cz4
r0007923,78372,cz3,cz4
r0007924,78386,cz3,cz4
r0007925,78399,cz3,cz4
r0007926,78412,cz3,cz4
r0007927,78425,cz3,cz4
r0007928,78438,cz3,cz4
r0007929,78452,cz3,cz4
r0007930,78465,cz4,cz1
r0007931,78478,cz4,cz1
r0007932,78491,cz4,cz1
r0007933,78505,cz4,cz1
r0007934,78518,cz4,cz1
r0007935,78531,cz4,cz1
r0007936,78544,cz4,cz1
r0007937,78558,cz4,cz1
r0007938,78571,cz4,cz1
r0007939,78584,cz4,cz1
r0007940,78597,cz4,cz1
r0007941,78611,cz4,cz1
r0007942,78624,cz4,cz1
r0007943,78637,cz4,cz1
r0007944,78650,cz4,cz1
r0007945,78663,cz4,cz1
r0007946,78677,cz4,cz2
r0007947,78690,cz4,cz2
r0007948,78703,cz4,cz2
r0007949,78716,cz4,cz2
r0007950,78730,cz4,cz2
r0007951,78743,cz4,cz2
r0007952,78756,cz4,cz2
r0007953,78769,cz4,cz2
r0007954,78783,cz4,cz2
r0007955,78796,cz4,cz2
r0007956,78809,cz4,cz2
r0007957,78822,cz4,cz2
r0007958,78836,cz4,cz3
r0007959,78849,cz4,cz3
r0007960,78862,cz4,cz3
r0007961,78875,cz4,cz3
r0007962,78888,cz4,cz3
r0007963,78902,cz4,cz3
r0007964,78915,cz4,cz3
r0007965,78928,cz4,cz3
r0007966,78941,cz4,cz3
r0007967,78955,cz4,cz3
r0007968,78968,cz4,cz3
r0007969,78981,cz4,cz3
r0007970,78994,cz4,cz3
r0007971,79008,cz4,cz3
r0007972,79021,cz4,cz3
r0007973,79034,cz4,cz3
r0007974,79047,cz4,cz3
r0007975,79061,cz4,cz4
r0007976,79074,cz4,cz4
r0007977,79087,cz4,cz4
r0007978,79100,cz4,cz4
r0007979,79113,cz4,cz4
r0007980,79127,cz4,cz4
r0007981,79140,cz4,cz4
r0007982,79153,cz4,cz4
r0007983,79166,cz4,cz4
r0007984,79180,cz4,cz4
r0007985,79193,cz4,cz4
r0007986,79208,cz1,cz1
r0007987,79226,cz1,cz1
r0007988,79244,cz1,cz1
r0007989,79262,cz1,cz1
r0007990,79280,cz1,cz1
r0007991,79298,cz1,cz1
r0007992,79316,cz1,cz1
r0007993,79334,cz1,cz1
r0007994,79352,cz1,cz1
r0007995,79370,cz1,cz1
r0007996,79388,cz1,cz1
r0007997,79405,cz1,cz1
r0007998,79423,cz1,cz1
r0007999,79441,cz1,cz1
r0008000,79459,cz1,cz1
r0008001,79477,cz1,cz1
r0008002,79495,cz1,cz2
r0008003,79513,cz1,cz2
r0008004,79531,cz1,cz2
r0008005,79549,cz1,cz2
r0008006,79567,cz1,cz2
r0008007,79585,cz1,cz2
r0008008,79602,cz1,cz2
r0008009,79620,cz1,cz2
r0008010,79638,cz1,cz2
r0008011,79656,cz1,cz2
r0008012,79674,cz1,cz2
r0008013,79692,cz1,cz2
r0008014,79710,cz1,cz3
r0008015,79728,cz1,cz3
r0008016,79746,cz1,cz3
r0008017,79764,cz1,cz3
r0008018,79782,cz1,cz3
r0008019,79800,cz1,cz3
r0008020,79817,cz1,cz3
r0008021,79835,cz1,cz3
r0008022,79853,cz1,cz3
r0008023,79871,cz1,cz3
r0008024,79889,cz1,cz3
r0008025,79907,cz1,cz3
r0008026,79925,cz1,cz3
r0008027,79943,cz1,cz3
r0008028,79961,cz1,cz3
r0008029,79979,cz1,cz3
r0008030,79997,cz1,cz3
r0008031,80014,cz1,cz4
r0008032,80032,cz1,cz4
r0008033,80050,cz1,cz4
r0008034,80068,cz1,cz4
r0008035,80086,cz1,cz4
r0008036,80104,cz1,cz4
r0008037,80122,cz1,cz4
r0008038,80140,cz1,cz4
r0008039,80158,cz1,cz4
r0008040,80176,cz1,cz4
r0008041,80194,cz1,cz4
r0008042,80211,cz2,cz1
r0008043,80229,cz2,cz1
r0008044,80247,cz2,cz1
r0008045,80265,cz2,cz1
r0008046,80283,cz2,cz1
r0008047,80301,cz2,cz1
r0008048,80319,cz2,cz1
r0008049,80337,cz2,cz1
r0008050,80355,cz2,cz1
r0008051,80373,cz2,cz1
r0008052,80391,cz2,cz1
r0008053,80408,cz2,cz1
r0008054,80426,cz2,cz1
r0008055,80444,cz2,cz2
r0008056,80462,cz2,cz2
r0008057,80480,cz2,cz2
r0008058,80498,cz2,cz2
r0008059,80516,cz2,cz2
r0008060,80534,cz2,cz2
r0008061,80552,cz2,cz2
r0008062,80570,cz2,cz2
r0008063,80588,cz2,cz2
r0008064,80605,cz2,cz2
r0008065,80623,cz2,cz2
r0008066,80641,cz2,cz2
r0008067,80659,cz2,cz3
r0008068,80677,cz2,cz3
r0008069,80695,cz2,cz3
r0008070,80713,cz2,cz3
r0008071,80731,cz2,cz3
r0008072,80749,cz2,cz3
r0008073,80767,cz2,cz3
r0008074,80785,cz2,cz3
r0008075,80802,cz2,cz3
r0008076,80820,cz2,cz3
r0008077,80838,cz2,cz3
r0008078,80856,cz2,cz3
r0008079,80874,cz2,cz4
r0008080,80892,cz2,cz4
r0008081,80910,cz2,cz4
r0008082,80928,cz2,cz4
r0008083,80946,cz2,cz4
r0008084,80964,cz2,cz4
r0008085,80982,cz2,cz4
r0008086,81000,cz2,cz4
r0008087,81017,cz2,cz4
r0008088,81035,cz3,cz1
r0008089,81053,cz3,cz1
r0008090,81071,cz3,cz1
r0008091,81089,cz3,cz1
r0008092,81107,cz3,cz1
r0008093,81125,cz3,cz1
r0008094,81143,cz3,cz1
r0008095,81161,cz3,cz1
r0008096,81179,cz3,cz1
r0008097,81197,cz3,cz1
r0008098,81214,cz3,cz1
r0008099,81232,cz3,cz1
r0008100,81250,cz3,cz1
r0008101,81268,cz3,cz1
r0008102,81286,cz3,cz1
r0008103,81304,cz3,cz1
r0008104,81322,cz3,cz2
r0008105,81340,cz3,cz2
r0008106,81358,cz3,cz2
r0008107,81376,cz3,cz2
r0008108,81394,cz3,cz2
r0008109,81411,cz3,cz2
r0008110,81429,cz3,cz2
r0008111,81447,cz3,cz2
r0008112,81465,cz3,cz2
r0008113,81483,cz3,cz2
r0008114,81501,cz3,cz2
r0008115,81519,cz3,cz2
r0008116,81537,cz3,cz3
r0008117,81555,cz3,cz3
r0008118,81573,cz3,cz3
r0008119,81591,cz3,cz3
r0008120,81608,cz3,cz3
r0008121,81626,cz3,cz3
r0008122,81644,cz3,cz3
r0008123,81662,cz3,cz3
r0008124,81680,cz3,cz3
r0008125,81698,cz3,cz3
r0008126,81716,cz3,cz3
r0008127,81734,cz3,cz3
r0008128,81752,cz3,cz3
r0008129,81770,cz3,cz3
r0008130,81788,cz3,cz3
r0008131,81805,cz3,cz3
r0008132,81823,cz3,cz3
r0008133,81841,cz3,cz3
r0008134,81859,cz3,cz4
r0008135,81877,cz3,cz4
r0008136,81895,cz3,cz4
r0008137,81913,cz3,cz4
r0008138,81931,cz3,cz4
r0008139,81949,cz3,cz4
r0008140,81967,cz3,cz4
r0008141,81985,cz3,cz4
r0008142,82002,cz3,cz4
r0008143,82020,cz3,cz4
r0008144,82038,cz3,cz4
r0008145,82056,cz3,cz4
r0008146,82074,cz4,cz1
r0008147,82092,cz4,cz1
r0008148,82110,cz4,cz1
r0008149,82128,cz4,cz1
r0008150,82146,cz4,cz1
r0008151,82164,cz4,cz1
r0008152,82182,cz4,cz1
r0008153,82200,cz4,cz1
r0008154,82217,cz4,cz1
r0008155,82235,cz4,cz1
r0008156,82253,cz4,cz1
r0008157,82271,cz4,cz1
r0008158,82289,cz4,cz2
r0008159,82307,cz4,cz2
r0008160,82325,cz4,cz2
r0008161,82343,cz4,cz2
r0008162,82361,cz4,cz2
r0008163,82379,cz4,cz2
r0008164,82397,cz4,cz2
r0008165,82414,cz4,cz2
r0008166,82432,cz4,cz2
r0008167,82450,cz4,cz3
r0008168,82468,cz4,cz3
r0008169,82486,cz4,cz3
r0008170,82504,cz4,cz3
r0008171,82522,cz4,cz3
r0008172,82540,cz4,cz3
r0008173,82558,cz4,cz3
r0008174,82576,cz4,cz3
r0008175,82594,cz4,cz3
r0008176,82611,cz4,cz3
r0008177,82629,cz4,cz3
r0008178,82647,cz4,cz3
r0008179,82665,cz4,cz4
r0008180,82683,cz4,cz4
r0008181,82701,cz4,cz4
r0008182,82719,cz4,cz4
r0008183,82737,cz4,cz4
r0008184,82755,cz4,cz4
r0008185,82773,cz4,cz4
r0008186,82791,cz4,cz4
r0008187,82815,cz1,cz1
r0008188,82846,cz1,cz1
r0008189,82877,cz1,cz1
r0008190,82908,cz1,cz1
r0008191,82939,cz1,cz1
r0008192,82970,cz1,cz1
r0008193,83001,cz1,cz1
r0008194,83032,cz1,cz1
r0008195,83063,cz1,cz1
r0008196,83094,cz1,cz2
r0008197,83125,cz1,cz2
r0008198,83156,cz1,cz2
r0008199,83187,cz1,cz2
r0008200,83218,cz1,cz2
r0008201,83250,cz1,cz2
r0008202,83281,cz1,cz2
r0008203,83312,cz1,cz3
r0008204,83343,cz1,cz3
r0008205,83374,cz1,cz3
r0008206,83405,cz1,cz3
r0008207,83436,cz1,cz3
r0008208,83467,cz1,cz3
r0008209,83498,cz1,cz3
r0008210,83529,cz1,cz3
r0008211,83560,cz1,cz3
r0008212,83591,cz1,cz3
r0008213,83622,cz1,cz4
r0008214,83653,cz1,cz4
r0008215,83684,cz1,cz4
r0008216,83715,cz1,cz4
r0008217,83746,cz1,cz4
r0008218,83777,cz1,cz4
r0008219,83808,cz1,cz4
r0008220,83839,cz2,cz1
r0008221,83870,cz2,cz1
r0008222,83901,cz2,cz1
r0008223,83932,cz2,cz1
r0008224,83963,cz2,cz1
r0008225,83994,cz2,cz1
r0008226,84025,cz2,cz1
r0008227,84056,cz2,cz2
r0008228,84087,cz2,cz2
r0008229,84118,cz2,cz2
r0008230,84150,cz2,cz2
r0008231,84181,cz2,cz2
r0008232,84212,cz2,cz2
r0008233,84243,cz2,cz2
r0008234,84274,cz2,cz3
r0008235,84305,cz2,cz3
r0008236,84336,cz2,cz3
r0008237,84367,cz2,cz3
r0008238,84398,cz2,cz3
r0008239,84429,cz2,cz3
r0008240,84460,cz2,cz3
r0008241,84491,cz2,cz4
r0008242,84522,cz2,cz4
r0008243,84553,cz2,cz4
r0008244,84584,cz2,cz4
r0008245,84615,cz2,cz4
r0008246,84646,cz3,cz1
r0008247,84677,cz3,cz1
r0008248,84708,cz3,cz1
r0008249,84739,cz3,cz1
r0008250,84770,cz3,cz1
r0008251,84801,cz3,cz1
r0008252,84832,cz3,cz1
r0008253,84863,cz3,cz1
r0008254,84894,cz3,cz1
r0008255,84925,cz3,cz2
r0008256,84956,cz3,cz2
r0008257,84987,cz3,cz2
r0008258,85018,cz3,cz2
r0008259,85050,cz3,cz2
r0008260,85081,cz3,cz2
r0008261,85112,cz3,cz2
r0008262,85143,cz3,cz3
r0008263,85174,cz3,cz3
r0008264,85205,cz3,cz3
r0008265,85236,cz3,cz3
r0008266,85267,cz3,cz3
r0008267,85298,cz3,cz3
r0008268,85329,cz3,cz3
r0008269,85360,cz3,cz3
r0008270,85391,cz3,cz3
r0008271,85422,cz3,cz3
r0008272,85453,cz3,cz4
r0008273,85484,cz3,cz4
r0008274,85515,cz3,cz4
r0008275,85546,cz3,cz4
r0008276,85577,cz3,cz4
r0008277,85608,cz3,cz4
r0008278,85639,cz3,cz4
r0008279,85670,cz4,cz1
r0008280,85701,cz4,cz1
r0008281,85732,cz4,cz1
r0008282,85763,cz4,cz1
r0008283,85794,cz4,cz1
r0008284,85825,cz4,cz1
r0008285,85856,cz4,cz1
r0008286,85887,cz4,cz2
r0008287,85918,cz4,cz2
r0008288,85950,cz4,cz2
r0008289,85981,cz4,cz2
r0008290,86012,cz4,cz2
r0008291,86043,cz4,cz3
r0008292,86074,cz4,cz3
r0008293,86105,cz4,cz3
r0008294,86136,cz4,cz3
r0008295,86167,cz4,cz3
r0008296,86198,cz4,cz3
r0008297,86229,cz4,cz3
r0008298,86260,cz4,cz4
r0008299,86291,cz4,cz4
r0008300,86322,cz4,cz4
r0008301,86353,cz4,cz4
r0008302,86384,cz4,cz4
