request_id,request_time,origin_zone,destination_zone
r0000001,42,cz1,cz1
r0000002,128,cz1,cz1
r0000003,214,cz1,cz1
r0000004,300,cz1,cz2
r0000005,385,cz1,cz2
r0000006,471,cz1,cz2
r0000007,557,cz1,cz3
r0000008,642,cz1,cz3
r0000009,728,cz1,cz3
r0000010,814,cz1,cz4
r0000011,900,cz1,cz4
r0000012,985,cz2,cz1
r0000013,1071,cz2,cz1
r0000014,1157,cz2,cz1
r0000015,1242,cz2,cz2
r0000016,1328,cz2,cz2
r0000017,1414,cz2,cz2
r0000018,1500,cz2,cz3
r0000019,1585,cz2,cz3
r0000020,1671,cz2,cz3
r0000021,1757,cz2,cz4
r0000022,1842,cz2,cz4
r0000023,1928,cz3,cz1
r0000024,2014,cz3,cz1
r0000025,2100,cz3,cz1
r0000026,2185,cz3,cz2
r0000027,2271,cz3,cz2
r0000028,2357,cz3,cz3
r0000029,2442,cz3,cz3
r0000030,2528,cz3,cz3
r0000031,2614,cz3,cz3
r0000032,2700,cz3,cz4
r0000033,2785,cz3,cz4
r0000034,2871,cz4,cz1
r0000035,2957,cz4,cz1
r0000036,3042,cz4,cz2
r0000037,3128,cz4,cz2
r0000038,3214,cz4,cz3
r0000039,3300,cz4,cz3
r0000040,3385,cz4,cz3
r0000041,3471,cz4,cz4
r0000042,3557,cz4,cz4
r0000043,3669,cz1,cz1
r0000044,3807,cz1,cz1
r0000045,3946,cz1,cz2
r0000046,4084,cz1,cz2
r0000047,4223,cz1,cz3
r0000048,4361,cz1,cz3
r0000049,4500,cz1,cz4
r0000050,4638,cz2,cz1
r0000051,4776,cz2,cz1
r0000052,4915,cz2,cz2
r0000053,5053,cz2,cz2
r0000054,5192,cz2,cz3
r0000055,5330,cz2,cz3
r0000056,5469,cz2,cz4
r0000057,5607,cz3,cz1
r0000058,5746,cz3,cz1
r0000059,5884,cz3,cz2
r0000060,6023,cz3,cz3
r0000061,6161,cz3,cz3
r0000062,6300,cz3,cz4
r0000063,6438,cz3,cz4
r0000064,6576,cz4,cz1
r0000065,6715,cz4,cz2
r0000066,6853,cz4,cz3
r0000067,6992,cz4,cz3
r0000068,7130,cz4,cz4
r0000069,7305,cz1,cz1
r0000070,7517,cz1,cz2
r0000071,7729,cz1,cz3
r0000072,7941,cz1,cz4
r0000073,8152,cz2,cz1
r0000074,8364,cz2,cz2
r0000075,8576,cz2,cz3
r0000076,8788,cz2,cz4
r0000077,9000,cz3,cz1
r0000078,9211,cz3,cz2
r0000079,9423,cz3,cz3
r0000080,9635,cz3,cz3
r0000081,9847,cz3,cz4
r0000082,10058,cz4,cz1
r0000083,10270,cz4,cz2
r0000084,10482,cz4,cz3
r0000085,10694,cz4,cz4
r0000086,10980,cz1,cz1
r0000087,11340,cz1,cz2
r0000088,11700,cz1,cz3
r0000089,12060,cz2,cz1
r0000090,12420,cz2,cz2
r0000091,12780,cz2,cz3
r0000092,13140,cz3,cz1
r0000093,13500,cz3,cz3
r0000094,13860,cz3,cz4
r0000095,14220,cz4,cz3
r0000096,14580,cz1,cz1
r0000097,14940,cz1,cz2
r0000098,15300,cz1,cz3
r0000099,15660,cz2,cz1
r0000100,16020,cz2,cz2
r0000101,16380,cz2,cz3
r0000102,16740,cz3,cz1
r0000103,17100,cz3,cz3
r0000104,17460,cz3,cz4
r0000105,17820,cz4,cz3
r0000106,18075,cz1,cz1
r0000107,18225,cz1,cz1
r0000108,18375,cz1,cz2
r0000109,18525,cz1,cz2
r0000110,18675,cz1,cz3
r0000111,18825,cz1,cz3
r0000112,18974,cz1,cz4
r0000113,19125,cz2,cz1
r0000114,19275,cz2,cz1
r0000115,19425,cz2,cz2
r0000116,19575,cz2,cz2
r0000117,19725,cz2,cz3
r0000118,19875,cz2,cz4
r0000119,20025,cz3,cz1
r0000120,20175,cz3,cz1
r0000121,20325,cz3,cz2
r0000122,20475,cz3,cz3
r0000123,20625,cz3,cz3
r0000124,20775,cz3,cz4
r0000125,20925,cz4,cz1
r0000126,21075,cz4,cz2
r0000127,21225,cz4,cz3
r0000128,21375,cz4,cz3
r0000129,21525,cz4,cz4
r0000130,21621,cz1,cz1
r0000131,21663,cz1,cz1
r0000132,21705,cz1,cz1
r0000133,21748,cz1,cz1
r0000134,21790,cz1,cz1
r0000135,21832,cz1,cz1
r0000136,21875,cz1,cz1
r0000137,21917,cz1,cz2
r0000138,21960,cz1,cz2
r0000139,22002,cz1,cz2
r0000140,22044,cz1,cz2
r0000141,22087,cz1,cz2
r0000142,22129,cz1,cz3
r0000143,22171,cz1,cz3
r0000144,22214,cz1,cz3
r0000145,22256,cz1,cz3
r0000146,22298,cz1,cz3
r0000147,22341,cz1,cz3
r0000148,22383,cz1,cz3
r0000149,22425,cz1,cz4
r0000150,22468,cz1,cz4
r0000151,22510,cz1,cz4
r0000152,22552,cz1,cz4
r0000153,22595,cz1,cz4
r0000154,22637,cz2,cz1
r0000155,22680,cz2,cz1
r0000156,22722,cz2,cz1
r0000157,22764,cz2,cz1
r0000158,22807,cz2,cz1
r0000159,22849,cz2,cz2
r0000160,22891,cz2,cz2
r0000161,22934,cz2,cz2
r0000162,22976,cz2,cz2
r0000163,23018,cz2,cz2
r0000164,23061,cz2,cz3
r0000165,23103,cz2,cz3
r0000166,23145,cz2,cz3
r0000167,23188,cz2,cz3
r0000168,23230,cz2,cz3
r0000169,23272,cz2,cz4
r0000170,23315,cz2,cz4
r0000171,23357,cz2,cz4
r0000172,23400,cz2,cz4
r0000173,23442,cz3,cz1
r0000174,23484,cz3,cz1
r0000175,23527,cz3,cz1
r0000176,23569,cz3,cz1
r0000177,23611,cz3,cz1
r0000178,23654,cz3,cz1
r0000179,23696,cz3,cz1
r0000180,23738,cz3,cz2
r0000181,23781,cz3,cz2
r0000182,23823,cz3,cz2
r0000183,23865,cz3,cz2
r0000184,23908,cz3,cz2
r0000185,23950,cz3,cz3
r0000186,23992,cz3,cz3
r0000187,24035,cz3,cz3
r0000188,24077,cz3,cz3
r0000189,24120,cz3,cz3
r0000190,24162,cz3,cz3
r0000191,24204,cz3,cz3
r0000192,24247,cz3,cz4
r0000193,24289,cz3,cz4
r0000194,24331,cz3,cz4
r0000195,24374,cz3,cz4
r0000196,24416,cz3,cz4
r0000197,24458,cz4,cz1
r0000198,24501,cz4,cz1
r0000199,24543,cz4,cz1
r0000200,24585,cz4,cz1
r0000201,24628,cz4,cz1
r0000202,24670,cz4,cz2
r0000203,24712,cz4,cz2
r0000204,24755,cz4,cz2
r0000205,24797,cz4,cz2
r0000206,24840,cz4,cz3
r0000207,24882,cz4,cz3
r0000208,24924,cz4,cz3
r0000209,24967,cz4,cz3
r0000210,25009,cz4,cz3
r0000211,25051,cz4,cz4
r0000212,25094,cz4,cz4
r0000213,25136,cz4,cz4
r0000214,25178,cz4,cz4
r0000215,25207,cz1,cz1
r0000216,25222,cz1,cz1
r0000217,25237,cz1,cz1
r0000218,25252,cz1,cz1
r0000219,25266,cz1,cz1
r0000220,25281,cz1,cz1
r0000221,25296,cz1,cz1
r0000222,25311,cz1,cz1
r0000223,25326,cz1,cz1
r0000224,25341,cz1,cz1
r0000225,25356,cz1,cz1
r0000226,25371,cz1,cz1
r0000227,25385,cz1,cz1
r0000228,25400,cz1,cz1
r0000229,25415,cz1,cz1
r0000230,25430,cz1,cz1
r0000231,25445,cz1,cz1
r0000232,25460,cz1,cz1
r0000233,25475,cz1,cz1
r0000234,25490,cz1,cz2
r0000235,25504,cz1,cz2
r0000236,25519,cz1,cz2
r0000237,25534,cz1,cz2
r0000238,25549,cz1,cz2
r0000239,25564,cz1,cz2
r0000240,25579,cz1,cz2
r0000241,25594,cz1,cz2
r0000242,25609,cz1,cz2
r0000243,25623,cz1,cz2
r0000244,25638,cz1,cz2
r0000245,25653,cz1,cz2
r0000246,25668,cz1,cz2
r0000247,25683,cz1,cz2
r0000248,25698,cz1,cz2
r0000249,25713,cz1,cz3
r0000250,25728,cz1,cz3
r0000251,25742,cz1,cz3
r0000252,25757,cz1,cz3
r0000253,25772,cz1,cz3
r0000254,25787,cz1,cz3
r0000255,25802,cz1,cz3
r0000256,25817,cz1,cz3
r0000257,25832,cz1,cz3
r0000258,25847,cz1,cz3
r0000259,25861,cz1,cz3
r0000260,25876,cz1,cz3
r0000261,25891,cz1,cz3
r0000262,25906,cz1,cz3
r0000263,25921,cz1,cz3
r0000264,25936,cz1,cz3
r0000265,25951,cz1,cz3
r0000266,25966,cz1,cz3
r0000267,25980,cz1,cz3
r0000268,25995,cz1,cz3
r0000269,26010,cz1,cz4
r0000270,26025,cz1,cz4
r0000271,26040,cz1,cz4
r0000272,26055,cz1,cz4
r0000273,26070,cz1,cz4
r0000274,26085,cz1,cz4
r0000275,26100,cz1,cz4
r0000276,26114,cz1,cz4
r0000277,26129,cz1,cz4
r0000278,26144,cz1,cz4
r0000279,26159,cz1,cz4
r0000280,26174,cz1,cz4
r0000281,26189,cz1,cz4
r0000282,26204,cz1,cz4
r0000283,26219,cz2,cz1
r0000284,26233,cz2,cz1
r0000285,26248,cz2,cz1
r0000286,26263,cz2,cz1
r0000287,26278,cz2,cz1
r0000288,26293,cz2,cz1
r0000289,26308,cz2,cz1
r0000290,26323,cz2,cz1
r0000291,26338,cz2,cz1
r0000292,26352,cz2,cz1
r0000293,26367,cz2,cz1
r0000294,26382,cz2,cz1
r0000295,26397,cz2,cz1
r0000296,26412,cz2,cz1
r0000297,26427,cz2,cz1
r0000298,26442,cz2,cz2
r0000299,26457,cz2,cz2
r0000300,26471,cz2,cz2
r0000301,26486,cz2,cz2
r0000302,26501,cz2,cz2
r0000303,26516,cz2,cz2
r0000304,26531,cz2,cz2
r0000305,26546,cz2,cz2
r0000306,26561,cz2,cz2
r0000307,26576,cz2,cz2
r0000308,26590,cz2,cz2
r0000309,26605,cz2,cz2
r0000310,26620,cz2,cz2
r0000311,26635,cz2,cz2
r0000312,26650,cz2,cz2
r0000313,26665,cz2,cz3
r0000314,26680,cz2,cz3
r0000315,26695,cz2,cz3
r0000316,26709,cz2,cz3
r0000317,26724,cz2,cz3
r0000318,26739,cz2,cz3
r0000319,26754,cz2,cz3
r0000320,26769,cz2,cz3
r0000321,26784,cz2,cz3
r0000322,26799,cz2,cz3
r0000323,26814,cz2,cz3
r0000324,26828,cz2,cz3
r0000325,26843,cz2,cz3
r0000326,26858,cz2,cz3
r0000327,26873,cz2,cz3
r0000328,26888,cz2,cz4
r0000329,26903,cz2,cz4
r0000330,26918,cz2,cz4
r0000331,26933,cz2,cz4
r0000332,26947,cz2,cz4
r0000333,26962,cz2,cz4
r0000334,26977,cz2,cz4
r0000335,26992,cz2,cz4
r0000336,27007,cz2,cz4
r0000337,27022,cz2,cz4
r0000338,27037,cz2,cz4
r0000339,27052,cz3,cz1
r0000340,27066,cz3,cz1
r0000341,27081,cz3,cz1
r0000342,27096,cz3,cz1
r0000343,27111,cz3,cz1
r0000344,27126,cz3,cz1
r0000345,27141,cz3,cz1
r0000346,27156,cz3,cz1
r0000347,27171,cz3,cz1
r0000348,27185,cz3,cz1
r0000349,27200,cz3,cz1
r0000350,27215,cz3,cz1
r0000351,27230,cz3,cz1
r0000352,27245,cz3,cz1
r0000353,27260,cz3,cz1
r0000354,27275,cz3,cz1
r0000355,27290,cz3,cz1
r0000356,27304,cz3,cz1
r0000357,27319,cz3,cz1
r0000358,27334,cz3,cz1
r0000359,27349,cz3,cz2
r0000360,27364,cz3,cz2
r0000361,27379,cz3,cz2
r0000362,27394,cz3,cz2
r0000363,27409,cz3,cz2
r0000364,27423,cz3,cz2
r0000365,27438,cz3,cz2
r0000366,27453,cz3,cz2
r0000367,27468,cz3,cz2
r0000368,27483,cz3,cz2
r0000369,27498,cz3,cz2
r0000370,27513,cz3,cz2
r0000371,27528,cz3,cz2
r0000372,27542,cz3,cz2
r0000373,27557,cz3,cz3
r0000374,27572,cz3,cz3
r0000375,27587,cz3,cz3
r0000376,27602,cz3,cz3
r0000377,27617,cz3,cz3
r0000378,27632,cz3,cz3
r0000379,27647,cz3,cz3
r0000380,27661,cz3,cz3
r0000381,27676,cz3,cz3
r0000382,27691,cz3,cz3
r0000383,27706,cz3,cz3
r0000384,27721,cz3,cz3
r0000385,27736,cz3,cz3
r0000386,27751,cz3,cz3
r0000387,27766,cz3,cz3
r0000388,27780,cz3,cz3
r0000389,27795,cz3,cz3
r0000390,27810,cz3,cz3
r0000391,27825,cz3,cz3
r0000392,27840,cz3,cz3
r0000393,27855,cz3,cz3
r0000394,27870,cz3,cz4
r0000395,27885,cz3,cz4
r0000396,27900,cz3,cz4
r0000397,27914,cz3,cz4
r0000398,27929,cz3,cz4
r0000399,27944,cz3,cz4
r0000400,27959,cz3,cz4
r0000401,27974,cz3,cz4
r0000402,27989,cz3,cz4
r0000403,28004,cz3,cz4
r0000404,28019,cz3,cz4
r0000405,28033,cz3,cz4
r0000406,28048,cz3,cz4
r0000407,28063,cz3,cz4
r0000408,28078,cz4,cz1
r0000409,28093,cz4,cz1
r0000410,28108,cz4,cz1
r0000411,28123,cz4,cz1
r0000412,28138,cz4,cz1
r0000413,28152,cz4,cz1
r0000414,28167,cz4,cz1
r0000415,28182,cz4,cz1
r0000416,28197,cz4,cz1
r0000417,28212,cz4,cz1
r0000418,28227,cz4,cz1
r0000419,28242,cz4,cz1
r0000420,28257,cz4,cz1
r0000421,28271,cz4,cz1
r0000422,28286,cz4,cz2
r0000423,28301,cz4,cz2
r0000424,28316,cz4,cz2
r0000425,28331,cz4,cz2
r0000426,28346,cz4,cz2
r0000427,28361,cz4,cz2
r0000428,28376,cz4,cz2
r0000429,28390,cz4,cz2
r0000430,28405,cz4,cz2
r0000431,28420,cz4,cz2
r0000432,28435,cz4,cz3
r0000433,28450,cz4,cz3
r0000434,28465,cz4,cz3
r0000435,28480,cz4,cz3
r0000436,28495,cz4,cz3
r0000437,28509,cz4,cz3
r0000438,28524,cz4,cz3
r0000439,28539,cz4,cz3
r0000440,28554,cz4,cz3
r0000441,28569,cz4,cz3
r0000442,28584,cz4,cz3
r0000443,28599,cz4,cz3
r0000444,28614,cz4,cz3
r0000445,28628,cz4,cz3
r0000446,28643,cz4,cz3
r0000447,28658,cz4,cz4
r0000448,28673,cz4,cz4
r0000449,28688,cz4,cz4
r0000450,28703,cz4,cz4
r0000451,28718,cz4,cz4
r0000452,28733,cz4,cz4
r0000453,28747,cz4,cz4
r0000454,28762,cz4,cz4
r0000455,28777,cz4,cz4
r0000456,28792,cz4,cz4
r0000457,28804,cz1,cz1
r0000458,28813,cz1,cz1
r0000459,28822,cz1,cz1
r0000460,28832,cz1,cz1
r0000461,28841,cz1,cz1
r0000462,28850,cz1,cz1
r0000463,28859,cz1,cz1
r0000464,28868,cz1,cz1
r0000465,28878,cz1,cz1
r0000466,28887,cz1,cz1
r0000467,28896,cz1,cz1
r0000468,28905,cz1,cz1
r0000469,28914,cz1,cz1
r0000470,28923,cz1,cz1
r0000471,28933,cz1,cz1
r0000472,28942,cz1,cz1
r0000473,28951,cz1,cz1
r0000474,28960,cz1,cz1
r0000475,28969,cz1,cz1
r0000476,28979,cz1,cz1
r0000477,28988,cz1,cz1
r0000478,28997,cz1,cz1
r0000479,29006,cz1,cz1
r0000480,29015,cz1,cz1
r0000481,29025,cz1,cz1
r0000482,29034,cz1,cz1
r0000483,29043,cz1,cz1
r0000484,29052,cz1,cz1
r0000485,29061,cz1,cz1
r0000486,29070,cz1,cz1
r0000487,29080,cz1,cz1
r0000488,29089,cz1,cz2
r0000489,29098,cz1,cz2
r0000490,29107,cz1,cz2
r0000491,29116,cz1,cz2
r0000492,29126,cz1,cz2
r0000493,29135,cz1,cz2
r0000494,29144,cz1,cz2
r0000495,29153,cz1,cz2
r0000496,29162,cz1,cz2
r0000497,29171,cz1,cz2
r0000498,29181,cz1,cz2
r0000499,29190,cz1,cz2
r0000500,29199,cz1,cz2
r0000501,29208,cz1,cz2
r0000502,29217,cz1,cz2
r0000503,29227,cz1,cz2
r0000504,29236,cz1,cz2
r0000505,29245,cz1,cz2
r0000506,29254,cz1,cz2
r0000507,29263,cz1,cz2
r0000508,29272,cz1,cz2
r0000509,29282,cz1,cz2
r0000510,29291,cz1,cz2
r0000511,29300,cz1,cz2
r0000512,29309,cz1,cz3
r0000513,29318,cz1,cz3
r0000514,29328,cz1,cz3
r0000515,29337,cz1,cz3
r0000516,29346,cz1,cz3
r0000517,29355,cz1,cz3
r0000518,29364,cz1,cz3
r0000519,29373,cz1,cz3
r0000520,29383,cz1,cz3
r0000521,29392,cz1,cz3
r0000522,29401,cz1,cz3
r0000523,29410,cz1,cz3
r0000524,29419,cz1,cz3
r0000525,29429,cz1,cz3
r0000526,29438,cz1,cz3
r0000527,29447,cz1,cz3
r0000528,29456,cz1,cz3
r0000529,29465,cz1,cz3
r0000530,29475,cz1,cz3
r0000531,29484,cz1,cz3
r0000532,29493,cz1,cz3
r0000533,29502,cz1,cz3
r0000534,29511,cz1,cz3
r0000535,29520,cz1,cz3
r0000536,29530,cz1,cz3
r0000537,29539,cz1,cz3
r0000538,29548,cz1,cz3
r0000539,29557,cz1,cz3
r0000540,29566,cz1,cz3
r0000541,29576,cz1,cz3
r0000542,29585,cz1,cz3
r0000543,29594,cz1,cz3
r0000544,29603,cz1,cz3
r0000545,29612,cz1,cz4
r0000546,29621,cz1,cz4
r0000547,29631,cz1,cz4
r0000548,29640,cz1,cz4
r0000549,29649,cz1,cz4
r0000550,29658,cz1,cz4
r0000551,29667,cz1,cz4
r0000552,29677,cz1,cz4
r0000553,29686,cz1,cz4
r0000554,29695,cz1,cz4
r0000555,29704,cz1,cz4
r0000556,29713,cz1,cz4
r0000557,29722,cz1,cz4
r0000558,29732,cz1,cz4
r0000559,29741,cz1,cz4
r0000560,29750,cz1,cz4
r0000561,29759,cz1,cz4
r0000562,29768,cz1,cz4
r0000563,29778,cz1,cz4
r0000564,29787,cz1,cz4
r0000565,29796,cz1,cz4
r0000566,29805,cz1,cz4
r0000567,29814,cz2,cz1
r0000568,29823,cz2,cz1
r0000569,29833,cz2,cz1
r0000570,29842,cz2,cz1
r0000571,29851,cz2,cz1
r0000572,29860,cz2,cz1
r0000573,29869,cz2,cz1
r0000574,29879,cz2,cz1
r0000575,29888,cz2,cz1
r0000576,29897,cz2,cz1
r0000577,29906,cz2,cz1
r0000578,29915,cz2,cz1
r0000579,29925,cz2,cz1
r0000580,29934,cz2,cz1
r0000581,29943,cz2,cz1
r0000582,29952,cz2,cz1
r0000583,29961,cz2,cz1
r0000584,29970,cz2,cz1
r0000585,29980,cz2,cz1
r0000586,29989,cz2,cz1
r0000587,29998,cz2,cz1
r0000588,30007,cz2,cz1
r0000589,30016,cz2,cz1
r0000590,30026,cz2,cz1
r0000591,30035,cz2,cz1
r0000592,30044,cz2,cz2
r0000593,30053,cz2,cz2
r0000594,30062,cz2,cz2
r0000595,30071,cz2,cz2
r0000596,30081,cz2,cz2
r0000597,30090,cz2,cz2
r0000598,30099,cz2,cz2
r0000599,30108,cz2,cz2
r0000600,30117,cz2,cz2
r0000601,30127,cz2,cz2
r0000602,30136,cz2,cz2
r0000603,30145,cz2,cz2
r0000604,30154,cz2,cz2
r0000605,30163,cz2,cz2
r0000606,30172,cz2,cz2
r0000607,30182,cz2,cz2
r0000608,30191,cz2,cz2
r0000609,30200,cz2,cz2
r0000610,30209,cz2,cz2
r0000611,30218,cz2,cz2
r0000612,30228,cz2,cz2
r0000613,30237,cz2,cz2
r0000614,30246,cz2,cz2
r0000615,30255,cz2,cz2
r0000616,30264,cz2,cz3
r0000617,30273,cz2,cz3
r0000618,30283,cz2,cz3
r0000619,30292,cz2,cz3
r0000620,30301,cz2,cz3
r0000621,30310,cz2,cz3
r0000622,30319,cz2,cz3
r0000623,30329,cz2,cz3
r0000624,30338,cz2,cz3
r0000625,30347,cz2,cz3
r0000626,30356,cz2,cz3
r0000627,30365,cz2,cz3
r0000628,30375,cz2,cz3
r0000629,30384,cz2,cz3
r0000630,30393,cz2,cz3
r0000631,30402,cz2,cz3
r0000632,30411,cz2,cz3
r0000633,30420,cz2,cz3
r0000634,30430,cz2,cz3
r0000635,30439,cz2,cz3
r0000636,30448,cz2,cz3
r0000637,30457,cz2,cz3
r0000638,30466,cz2,cz3
r0000639,30476,cz2,cz3
r0000640,30485,cz2,cz4
r0000641,30494,cz2,cz4
r0000642,30503,cz2,cz4
r0000643,30512,cz2,cz4
r0000644,30521,cz2,cz4
r0000645,30531,cz2,cz4
r0000646,30540,cz2,cz4
r0000647,30549,cz2,cz4
r0000648,30558,cz2,cz4
r0000649,30567,cz2,cz4
r0000650,30577,cz2,cz4
r0000651,30586,cz2,cz4
r0000652,30595,cz2,cz4
r0000653,30604,cz2,cz4
r0000654,30613,cz2,cz4
r0000655,30622,cz2,cz4
r0000656,30632,cz2,cz4
r0000657,30641,cz3,cz1
r0000658,30650,cz3,cz1
r0000659,30659,cz3,cz1
r0000660,30668,cz3,cz1
r0000661,30678,cz3,cz1
r0000662,30687,cz3,cz1
r0000663,30696,cz3,cz1
r0000664,30705,cz3,cz1
r0000665,30714,cz3,cz1
r0000666,30723,cz3,cz1
r0000667,30733,cz3,cz1
r0000668,30742,cz3,cz1
r0000669,30751,cz3,cz1
r0000670,30760,cz3,cz1
r0000671,30769,cz3,cz1
r0000672,30779,cz3,cz1
r0000673,30788,cz3,cz1
r0000674,30797,cz3,cz1
r0000675,30806,cz3,cz1
r0000676,30815,cz3,cz1
r0000677,30825,cz3,cz1
r0000678,30834,cz3,cz1
r0000679,30843,cz3,cz1
r0000680,30852,cz3,cz1
r0000681,30861,cz3,cz1
r0000682,30870,cz3,cz1
r0000683,30880,cz3,cz1
r0000684,30889,cz3,cz1
r0000685,30898,cz3,cz1
r0000686,30907,cz3,cz1
r0000687,30916,cz3,cz1
r0000688,30926,cz3,cz1
r0000689,30935,cz3,cz2
r0000690,30944,cz3,cz2
r0000691,30953,cz3,cz2
r0000692,30962,cz3,cz2
r0000693,30971,cz3,cz2
r0000694,30981,cz3,cz2
r0000695,30990,cz3,cz2
r0000696,30999,cz3,cz2
r0000697,31008,cz3,cz2
r0000698,31017,cz3,cz2
r0000699,31027,cz3,cz2
r0000700,31036,cz3,cz2
r0000701,31045,cz3,cz2
r0000702,31054,cz3,cz2
r0000703,31063,cz3,cz2
r0000704,31072,cz3,cz2
r0000705,31082,cz3,cz2
r0000706,31091,cz3,cz2
r0000707,31100,cz3,cz2
r0000708,31109,cz3,cz2
r0000709,31118,cz3,cz2
r0000710,31128,cz3,cz2
r0000711,31137,cz3,cz2
r0000712,31146,cz3,cz3
r0000713,31155,cz3,cz3
r0000714,31164,cz3,cz3
r0000715,31173,cz3,cz3
r0000716,31183,cz3,cz3
r0000717,31192,cz3,cz3
r0000718,31201,cz3,cz3
r0000719,31210,cz3,cz3
r0000720,31219,cz3,cz3
r0000721,31229,cz3,cz3
r0000722,31238,cz3,cz3
r0000723,31247,cz3,cz3
r0000724,31256,cz3,cz3
r0000725,31265,cz3,cz3
r0000726,31275,cz3,cz3
r0000727,31284,cz3,cz3
r0000728,31293,cz3,cz3
r0000729,31302,cz3,cz3
r0000730,31311,cz3,cz3
r0000731,31320,cz3,cz3
r0000732,31330,cz3,cz3
r0000733,31339,cz3,cz3
r0000734,31348,cz3,cz3
r0000735,31357,cz3,cz3
r0000736,31366,cz3,cz3
r0000737,31376,cz3,cz3
r0000738,31385,cz3,cz3
r0000739,31394,cz3,cz3
r0000740,31403,cz3,cz3
r0000741,31412,cz3,cz3
r0000742,31421,cz3,cz3
r0000743,31431,cz3,cz3
r0000744,31440,cz3,cz3
r0000745,31449,cz3,cz3
r0000746,31458,cz3,cz4
r0000747,31467,cz3,cz4
r0000748,31477,cz3,cz4
r0000749,31486,cz3,cz4
r0000750,31495,cz3,cz4
r0000751,31504,cz3,cz4
r0000752,31513,cz3,cz4
r0000753,31522,cz3,cz4
r0000754,31532,cz3,cz4
r0000755,31541,cz3,cz4
r0000756,31550,cz3,cz4
r0000757,31559,cz3,cz4
r0000758,31568,cz3,cz4
r0000759,31578,cz3,cz4
r0000760,31587,cz3,cz4
r0000761,31596,cz3,cz4
r0000762,31605,cz3,cz4
r0000763,31614,cz3,cz4
r0000764,31623,cz3,cz4
r0000765,31633,cz3,cz4
r0000766,31642,cz3,cz4
r0000767,31651,cz3,cz4
r0000768,31660,cz3,cz4
r0000769,31669,cz4,cz1
r0000770,31679,cz4,cz1
r0000771,31688,cz4,cz1
r0000772,31697,cz4,cz1
r0000773,31706,cz4,cz1
r0000774,31715,cz4,cz1
r0000775,31725,cz4,cz1
r0000776,31734,cz4,cz1
r0000777,31743,cz4,cz1
r0000778,31752,cz4,cz1
r0000779,31761,cz4,cz1
r0000780,31770,cz4,cz1
r0000781,31780,cz4,cz1
r0000782,31789,cz4,cz1
r0000783,31798,cz4,cz1
r0000784,31807,cz4,cz1
r0000785,31816,cz4,cz1
r0000786,31826,cz4,cz1
r0000787,31835,cz4,cz1
r0000788,31844,cz4,cz1
r0000789,31853,cz4,cz1
r0000790,31862,cz4,cz1
r0000791,31871,cz4,cz1
r0000792,31881,cz4,cz2
r0000793,31890,cz4,cz2
r0000794,31899,cz4,cz2
r0000795,31908,cz4,cz2
r0000796,31917,cz4,cz2
r0000797,31927,cz4,cz2
r0000798,31936,cz4,cz2
r0000799,31945,cz4,cz2
r0000800,31954,cz4,cz2
r0000801,31963,cz4,cz2
r0000802,31972,cz4,cz2
r0000803,31982,cz4,cz2
r0000804,31991,cz4,cz2
r0000805,32000,cz4,cz2
r0000806,32009,cz4,cz2
r0000807,32018,cz4,cz2
r0000808,32028,cz4,cz2
r0000809,32037,cz4,cz3
r0000810,32046,cz4,cz3
r0000811,32055,cz4,cz3
r0000812,32064,cz4,cz3
r0000813,32073,cz4,cz3
r0000814,32083,cz4,cz3
r0000815,32092,cz4,cz3
r0000816,32101,cz4,cz3
r0000817,32110,cz4,cz3
r0000818,32119,cz4,cz3
r0000819,32129,cz4,cz3
r0000820,32138,cz4,cz3
r0000821,32147,cz4,cz3
r0000822,32156,cz4,cz3
r0000823,32165,cz4,cz3
r0000824,32175,cz4,cz3
r0000825,32184,cz4,cz3
r0000826,32193,cz4,cz3
r0000827,32202,cz4,cz3
r0000828,32211,cz4,cz3
r0000829,32220,cz4,cz3
r0000830,32230,cz4,cz3
r0000831,32239,cz4,cz3
r0000832,32248,cz4,cz3
r0000833,32257,cz4,cz4
r0000834,32266,cz4,cz4
r0000835,32276,cz4,cz4
r0000836,32285,cz4,cz4
r0000837,32294,cz4,cz4
r0000838,32303,cz4,cz4
r0000839,32312,cz4,cz4
r0000840,32321,cz4,cz4
r0000841,32331,cz4,cz4
r0000842,32340,cz4,cz4
r0000843,32349,cz4,cz4
r0000844,32358,cz4,cz4
r0000845,32367,cz4,cz4
r0000846,32377,cz4,cz4
r0000847,32386,cz4,cz4
r0000848,32395,cz4,cz4
r0000849,32404,cz1,cz1
r0000850,32413,cz1,cz1
r0000851,32423,cz1,cz1
r0000852,32432,cz1,cz1
r0000853,32441,cz1,cz1
r0000854,32451,cz1,cz1
r0000855,32460,cz1,cz1
r0000856,32469,cz1,cz1
r0000857,32479,cz1,cz1
r0000858,32488,cz1,cz1
r0000859,32497,cz1,cz1
r0000860,32506,cz1,cz1
r0000861,32516,cz1,cz1
r0000862,32525,cz1,cz1
r0000863,32534,cz1,cz1
r0000864,32544,cz1,cz1
r0000865,32553,cz1,cz1
r0000866,32562,cz1,cz1
r0000867,32572,cz1,cz1
r0000868,32581,cz1,cz1
r0000869,32590,cz1,cz1
r0000870,32600,cz1,cz1
r0000871,32609,cz1,cz1
r0000872,32618,cz1,cz1
r0000873,32627,cz1,cz1
r0000874,32637,cz1,cz1
r0000875,32646,cz1,cz1
r0000876,32655,cz1,cz1
r0000877,32665,cz1,cz1
r0000878,32674,cz1,cz1
r0000879,32683,cz1,cz1
r0000880,32693,cz1,cz2
r0000881,32702,cz1,cz2
r0000882,32711,cz1,cz2
r0000883,32720,cz1,cz2
r0000884,32730,cz1,cz2
r0000885,32739,cz1,cz2
r0000886,32748,cz1,cz2
r0000887,32758,cz1,cz2
r0000888,32767,cz1,cz2
r0000889,32776,cz1,cz2
r0000890,32786,cz1,cz2
r0000891,32795,cz1,cz2
r0000892,32804,cz1,cz2
r0000893,32813,cz1,cz2
r0000894,32823,cz1,cz2
r0000895,32832,cz1,cz2
r0000896,32841,cz1,cz2
r0000897,32851,cz1,cz2
r0000898,32860,cz1,cz2
r0000899,32869,cz1,cz2
r0000900,32879,cz1,cz2
r0000901,32888,cz1,cz2
r0000902,32897,cz1,cz2
r0000903,32906,cz1,cz2
r0000904,32916,cz1,cz3
r0000905,32925,cz1,cz3
r0000906,32934,cz1,cz3
r0000907,32944,cz1,cz3
r0000908,32953,cz1,cz3
r0000909,32962,cz1,cz3
r0000910,32972,cz1,cz3
r0000911,32981,cz1,cz3
r0000912,32990,cz1,cz3
r0000913,33000,cz1,cz3
r0000914,33009,cz1,cz3
r0000915,33018,cz1,cz3
r0000916,33027,cz1,cz3
r0000917,33037,cz1,cz3
r0000918,33046,cz1,cz3
r0000919,33055,cz1,cz3
r0000920,33065,cz1,cz3
r0000921,33074,cz1,cz3
r0000922,33083,cz1,cz3
r0000923,33093,cz1,cz3
r0000924,33102,cz1,cz3
r0000925,33111,cz1,cz3
r0000926,33120,cz1,cz3
r0000927,33130,cz1,cz3
r0000928,33139,cz1,cz3
r0000929,33148,cz1,cz3
r0000930,33158,cz1,cz3
r0000931,33167,cz1,cz3
r0000932,33176,cz1,cz3
r0000933,33186,cz1,cz3
r0000934,33195,cz1,cz3
r0000935,33204,cz1,cz3
r0000936,33213,cz1,cz4
r0000937,33223,cz1,cz4
r0000938,33232,cz1,cz4
r0000939,33241,cz1,cz4
r0000940,33251,cz1,cz4
r0000941,33260,cz1,cz4
r0000942,33269,cz1,cz4
r0000943,33279,cz1,cz4
r0000944,33288,cz1,cz4
r0000945,33297,cz1,cz4
r0000946,33306,cz1,cz4
r0000947,33316,cz1,cz4
r0000948,33325,cz1,cz4
r0000949,33334,cz1,cz4
r0000950,33344,cz1,cz4
r0000951,33353,cz1,cz4
r0000952,33362,cz1,cz4
r0000953,33372,cz1,cz4
r0000954,33381,cz1,cz4
r0000955,33390,cz1,cz4
r0000956,33400,cz1,cz4
r0000957,33409,cz1,cz4
r0000958,33418,cz2,cz1
r0000959,33427,cz2,cz1
r0000960,33437,cz2,cz1
r0000961,33446,cz2,cz1
r0000962,33455,cz2,cz1
r0000963,33465,cz2,cz1
r0000964,33474,cz2,cz1
r0000965,33483,cz2,cz1
r0000966,33493,cz2,cz1
r0000967,33502,cz2,cz1
r0000968,33511,cz2,cz1
r0000969,33520,cz2,cz1
r0000970,33530,cz2,cz1
r0000971,33539,cz2,cz1
r0000972,33548,cz2,cz1
r0000973,33558,cz2,cz1
r0000974,33567,cz2,cz1
r0000975,33576,cz2,cz1
r0000976,33586,cz2,cz1
r0000977,33595,cz2,cz1
r0000978,33604,cz2,cz1
r0000979,33613,cz2,cz1
r0000980,33623,cz2,cz1
r0000981,33632,cz2,cz1
r0000982,33641,cz2,cz2
r0000983,33651,cz2,cz2
r0000984,33660,cz2,cz2
r0000985,33669,cz2,cz2
r0000986,33679,cz2,cz2
r0000987,33688,cz2,cz2
r0000988,33697,cz2,cz2
r0000989,33706,cz2,cz2
r0000990,33716,cz2,cz2
r0000991,33725,cz2,cz2
r0000992,33734,cz2,cz2
r0000993,33744,cz2,cz2
r0000994,33753,cz2,cz2
r0000995,33762,cz2,cz2
r0000996,33772,cz2,cz2
r0000997,33781,cz2,cz2
r0000998,33790,cz2,cz2
r0000999,33800,cz2,cz2
r0001000,33809,cz2,cz2
r0001001,33818,cz2,cz2
r0001002,33827,cz2,cz2
r0001003,33837,cz2,cz2
r0001004,33846,cz2,cz2
r0001005,33855,cz2,cz3
r0001006,33865,cz2,cz3
r0001007,33874,cz2,cz3
r0001008,33883,cz2,cz3
r0001009,33893,cz2,cz3
r0001010,33902,cz2,cz3
r0001011,33911,cz2,cz3
r0001012,33920,cz2,cz3
r0001013,33930,cz2,cz3
r0001014,33939,cz2,cz3
r0001015,33948,cz2,cz3
r0001016,33958,cz2,cz3
r0001017,33967,cz2,cz3
r0001018,33976,cz2,cz3
r0001019,33986,cz2,cz3
r0001020,33995,cz2,cz3
r0001021,34004,cz2,cz3
r0001022,34013,cz2,cz3
r0001023,34023,cz2,cz3
r0001024,34032,cz2,cz3
r0001025,34041,cz2,cz3
r0001026,34051,cz2,cz3
r0001027,34060,cz2,cz3
r0001028,34069,cz2,cz4
r0001029,34079,cz2,cz4
r0001030,34088,cz2,cz4
r0001031,34097,cz2,cz4
r0001032,34106,cz2,cz4
r0001033,34116,cz2,cz4
r0001034,34125,cz2,cz4
r0001035,34134,cz2,cz4
r0001036,34144,cz2,cz4
r0001037,34153,cz2,cz4
r0001038,34162,cz2,cz4
r0001039,34172,cz2,cz4
r0001040,34181,cz2,cz4
r0001041,34190,cz2,cz4
r0001042,34200,cz2,cz4
r0001043,34209,cz2,cz4
r0001044,34218,cz2,cz4
r0001045,34227,cz3,cz1
r0001046,34237,cz3,cz1
r0001047,34246,cz3,cz1
r0001048,34255,cz3,cz1
r0001049,34265,cz3,cz1
r0001050,34274,cz3,cz1
r0001051,34283,cz3,cz1
r0001052,34293,cz3,cz1
r0001053,34302,cz3,cz1
r0001054,34311,cz3,cz1
r0001055,34320,cz3,cz1
r0001056,34330,cz3,cz1
r0001057,34339,cz3,cz1
r0001058,34348,cz3,cz1
r0001059,34358,cz3,cz1
r0001060,34367,cz3,cz1
r0001061,34376,cz3,cz1
r0001062,34386,cz3,cz1
r0001063,34395,cz3,cz1
r0001064,34404,cz3,cz1
r0001065,34413,cz3,cz1
r0001066,34423,cz3,cz1
r0001067,34432,cz3,cz1
r0001068,34441,cz3,cz1
r0001069,34451,cz3,cz1
r0001070,34460,cz3,cz1
r0001071,34469,cz3,cz1
r0001072,34479,cz3,cz1
r0001073,34488,cz3,cz1
r0001074,34497,cz3,cz1
r0001075,34506,cz3,cz1
r0001076,34516,cz3,cz1
r0001077,34525,cz3,cz2
r0001078,34534,cz3,cz2
r0001079,34544,cz3,cz2
r0001080,34553,cz3,cz2
r0001081,34562,cz3,cz2
r0001082,34572,cz3,cz2
r0001083,34581,cz3,cz2
r0001084,34590,cz3,cz2
r0001085,34600,cz3,cz2
r0001086,34609,cz3,cz2
r0001087,34618,cz3,cz2
r0001088,34627,cz3,cz2
r0001089,34637,cz3,cz2
r0001090,34646,cz3,cz2
r0001091,34655,cz3,cz2
r0001092,34665,cz3,cz2
r0001093,34674,cz3,cz2
r0001094,34683,cz3,cz2
r0001095,34693,cz3,cz2
r0001096,34702,cz3,cz2
r0001097,34711,cz3,cz2
r0001098,34720,cz3,cz2
r0001099,34730,cz3,cz2
r0001100,34739,cz3,cz3
r0001101,34748,cz3,cz3
r0001102,34758,cz3,cz3
r0001103,34767,cz3,cz3
r0001104,34776,cz3,cz3
r0001105,34786,cz3,cz3
r0001106,34795,cz3,cz3
r0001107,34804,cz3,cz3
r0001108,34813,cz3,cz3
r0001109,34823,cz3,cz3
r0001110,34832,cz3,cz3
r0001111,34841,cz3,cz3
r0001112,34851,cz3,cz3
r0001113,34860,cz3,cz3
r0001114,34869,cz3,cz3
r0001115,34879,cz3,cz3
r0001116,34888,cz3,cz3
r0001117,34897,cz3,cz3
r0001118,34906,cz3,cz3
r0001119,34916,cz3,cz3
r0001120,34925,cz3,cz3
r0001121,34934,cz3,cz3
r0001122,34944,cz3,cz3
r0001123,34953,cz3,cz3
r0001124,34962,cz3,cz3
r0001125,34972,cz3,cz3
r0001126,34981,cz3,cz3
r0001127,34990,cz3,cz3
r0001128,35000,cz3,cz3
r0001129,35009,cz3,cz3
r0001130,35018,cz3,cz3
r0001131,35027,cz3,cz3
r0001132,35037,cz3,cz3
r0001133,35046,cz3,cz3
r0001134,35055,cz3,cz4
r0001135,35065,cz3,cz4
r0001136,35074,cz3,cz4
r0001137,35083,cz3,cz4
r0001138,35093,cz3,cz4
r0001139,35102,cz3,cz4
r0001140,35111,cz3,cz4
r0001141,35120,cz3,cz4
r0001142,35130,cz3,cz4
r0001143,35139,cz3,cz4
r0001144,35148,cz3,cz4
r0001145,35158,cz3,cz4
r0001146,35167,cz3,cz4
r0001147,35176,cz3,cz4
r0001148,35186,cz3,cz4
r0001149,35195,cz3,cz4
r0001150,35204,cz3,cz4
r0001151,35213,cz3,cz4
r0001152,35223,cz3,cz4
r0001153,35232,cz3,cz4
r0001154,35241,cz3,cz4
r0001155,35251,cz3,cz4
r0001156,35260,cz3,cz4
r0001157,35269,cz4,cz1
r0001158,35279,cz4,cz1
r0001159,35288,cz4,cz1
r0001160,35297,cz4,cz1
r0001161,35306,cz4,cz1
r0001162,35316,cz4,cz1
r0001163,35325,cz4,cz1
r0001164,35334,cz4,cz1
r0001165,35344,cz4,cz1
r0001166,35353,cz4,cz1
r0001167,35362,cz4,cz1
r0001168,35372,cz4,cz1
r0001169,35381,cz4,cz1
r0001170,35390,cz4,cz1
r0001171,35400,cz4,cz1
r0001172,35409,cz4,cz1
r0001173,35418,cz4,cz1
r0001174,35427,cz4,cz1
r0001175,35437,cz4,cz1
r0001176,35446,cz4,cz1
r0001177,35455,cz4,cz1
r0001178,35465,cz4,cz1
r0001179,35474,cz4,cz2
r0001180,35483,cz4,cz2
r0001181,35493,cz4,cz2
r0001182,35502,cz4,cz2
r0001183,35511,cz4,cz2
r0001184,35520,cz4,cz2
r0001185,35530,cz4,cz2
r0001186,35539,cz4,cz2
r0001187,35548,cz4,cz2
r0001188,35558,cz4,cz2
r0001189,35567,cz4,cz2
r0001190,35576,cz4,cz2
r0001191,35586,cz4,cz2
r0001192,35595,cz4,cz2
r0001193,35604,cz4,cz2
r0001194,35613,cz4,cz2
r0001195,35623,cz4,cz2
r0001196,35632,cz4,cz3
r0001197,35641,cz4,cz3
r0001198,35651,cz4,cz3
r0001199,35660,cz4,cz3
r0001200,35669,cz4,cz3
r0001201,35679,cz4,cz3
r0001202,35688,cz4,cz3
r0001203,35697,cz4,cz3
r0001204,35706,cz4,cz3
r0001205,35716,cz4,cz3
r0001206,35725,cz4,cz3
r0001207,35734,cz4,cz3
r0001208,35744,cz4,cz3
r0001209,35753,cz4,cz3
r0001210,35762,cz4,cz3
r0001211,35772,cz4,cz3
r0001212,35781,cz4,cz3
r0001213,35790,cz4,cz3
r0001214,35800,cz4,cz3
r0001215,35809,cz4,cz3
r0001216,35818,cz4,cz3
r0001217,35827,cz4,cz3
r0001218,35837,cz4,cz3
r0001219,35846,cz4,cz3
r0001220,35855,cz4,cz4
r0001221,35865,cz4,cz4
r0001222,35874,cz4,cz4
r0001223,35883,cz4,cz4
r0001224,35893,cz4,cz4
r0001225,35902,cz4,cz4
r0001226,35911,cz4,cz4
r0001227,35920,cz4,cz4
r0001228,35930,cz4,cz4
r0001229,35939,cz4,cz4
r0001230,35948,cz4,cz4
r0001231,35958,cz4,cz4
r0001232,35967,cz4,cz4
r0001233,35976,cz4,cz4
r0001234,35986,cz4,cz4
r0001235,35995,cz4,cz4
r0001236,36005,cz1,cz1
r0001237,36017,cz1,cz1
r0001238,36028,cz1,cz1
r0001239,36040,cz1,cz1
r0001240,36051,cz1,cz1
r0001241,36063,cz1,cz1
r0001242,36074,cz1,cz1
r0001243,36085,cz1,cz1
r0001244,36097,cz1,cz1
r0001245,36108,cz1,cz1
r0001246,36120,cz1,cz1
r0001247,36131,cz1,cz1
r0001248,36143,cz1,cz1
r0001249,36154,cz1,cz1
r0001250,36166,cz1,cz1
r0001251,36177,cz1,cz1
r0001252,36189,cz1,cz1
r0001253,36200,cz1,cz1
r0001254,36212,cz1,cz1
r0001255,36223,cz1,cz1
r0001256,36235,cz1,cz1
r0001257,36246,cz1,cz1
r0001258,36257,cz1,cz1
r0001259,36269,cz1,cz1
r0001260,36280,cz1,cz1
r0001261,36292,cz1,cz2
r0001262,36303,cz1,cz2
r0001263,36315,cz1,cz2
r0001264,36326,cz1,cz2
r0001265,36338,cz1,cz2
r0001266,36349,cz1,cz2
r0001267,36361,cz1,cz2
r0001268,36372,cz1,cz2
r0001269,36384,cz1,cz2
r0001270,36395,cz1,cz2
r0001271,36407,cz1,cz2
r0001272,36418,cz1,cz2
r0001273,36429,cz1,cz2
r0001274,36441,cz1,cz2
r0001275,36452,cz1,cz2
r0001276,36464,cz1,cz2
r0001277,36475,cz1,cz2
r0001278,36487,cz1,cz2
r0001279,36498,cz1,cz2
r0001280,36510,cz1,cz3
r0001281,36521,cz1,cz3
r0001282,36533,cz1,cz3
r0001283,36544,cz1,cz3
r0001284,36556,cz1,cz3
r0001285,36567,cz1,cz3
r0001286,36578,cz1,cz3
r0001287,36590,cz1,cz3
r0001288,36601,cz1,cz3
r0001289,36613,cz1,cz3
r0001290,36624,cz1,cz3
r0001291,36636,cz1,cz3
r0001292,36647,cz1,cz3
r0001293,36659,cz1,cz3
r0001294,36670,cz1,cz3
r0001295,36682,cz1,cz3
r0001296,36693,cz1,cz3
r0001297,36705,cz1,cz3
r0001298,36716,cz1,cz3
r0001299,36728,cz1,cz3
r0001300,36739,cz1,cz3
r0001301,36750,cz1,cz3
r0001302,36762,cz1,cz3
r0001303,36773,cz1,cz3
r0001304,36785,cz1,cz3
r0001305,36796,cz1,cz3
r0001306,36808,cz1,cz4
r0001307,36819,cz1,cz4
r0001308,36831,cz1,cz4
r0001309,36842,cz1,cz4
r0001310,36854,cz1,cz4
r0001311,36865,cz1,cz4
r0001312,36877,cz1,cz4
r0001313,36888,cz1,cz4
r0001314,36900,cz1,cz4
r0001315,36911,cz1,cz4
r0001316,36922,cz1,cz4
r0001317,36934,cz1,cz4
r0001318,36945,cz1,cz4
r0001319,36957,cz1,cz4
r0001320,36968,cz1,cz4
r0001321,36980,cz1,cz4
r0001322,36991,cz1,cz4
r0001323,37003,cz1,cz4
r0001324,37014,cz2,cz1
r0001325,37026,cz2,cz1
r0001326,37037,cz2,cz1
r0001327,37049,cz2,cz1
r0001328,37060,cz2,cz1
r0001329,37071,cz2,cz1
r0001330,37083,cz2,cz1
r0001331,37094,cz2,cz1
r0001332,37106,cz2,cz1
r0001333,37117,cz2,cz1
r0001334,37129,cz2,cz1
r0001335,37140,cz2,cz1
r0001336,37152,cz2,cz1
r0001337,37163,cz2,cz1
r0001338,37175,cz2,cz1
r0001339,37186,cz2,cz1
r0001340,37198,cz2,cz1
r0001341,37209,cz2,cz1
r0001342,37221,cz2,cz1
r0001343,37232,cz2,cz1
r0001344,37243,cz2,cz2
r0001345,37255,cz2,cz2
r0001346,37266,cz2,cz2
r0001347,37278,cz2,cz2
r0001348,37289,cz2,cz2
r0001349,37301,cz2,cz2
r0001350,37312,cz2,cz2
r0001351,37324,cz2,cz2
r0001352,37335,cz2,cz2
r0001353,37347,cz2,cz2
r0001354,37358,cz2,cz2
r0001355,37370,cz2,cz2
r0001356,37381,cz2,cz2
r0001357,37392,cz2,cz2
r0001358,37404,cz2,cz2
r0001359,37415,cz2,cz2
r0001360,37427,cz2,cz2
r0001361,37438,cz2,cz2
r0001362,37450,cz2,cz2
r0001363,37461,cz2,cz3
r0001364,37473,cz2,cz3
r0001365,37484,cz2,cz3
r0001366,37496,cz2,cz3
r0001367,37507,cz2,cz3
r0001368,37519,cz2,cz3
r0001369,37530,cz2,cz3
r0001370,37542,cz2,cz3
r0001371,37553,cz2,cz3
r0001372,37564,cz2,cz3
r0001373,37576,cz2,cz3
r0001374,37587,cz2,cz3
r0001375,37599,cz2,cz3
r0001376,37610,cz2,cz3
r0001377,37622,cz2,cz3
r0001378,37633,cz2,cz3
r0001379,37645,cz2,cz3
r0001380,37656,cz2,cz3
r0001381,37668,cz2,cz3
r0001382,37679,cz2,cz4
r0001383,37691,cz2,cz4
r0001384,37702,cz2,cz4
r0001385,37714,cz2,cz4
r0001386,37725,cz2,cz4
r0001387,37736,cz2,cz4
r0001388,37748,cz2,cz4
r0001389,37759,cz2,cz4
r0001390,37771,cz2,cz4
r0001391,37782,cz2,cz4
r0001392,37794,cz2,cz4
r0001393,37805,cz2,cz4
r0001394,37817,cz2,cz4
r0001395,37828,cz2,cz4
r0001396,37840,cz3,cz1
r0001397,37851,cz3,cz1
r0001398,37863,cz3,cz1
r0001399,37874,cz3,cz1
r0001400,37885,cz3,cz1
r0001401,37897,cz3,cz1
r0001402,37908,cz3,cz1
r0001403,37920,cz3,cz1
r0001404,37931,cz3,cz1
r0001405,37943,cz3,cz1
r0001406,37954,cz3,cz1
r0001407,37966,cz3,cz1
r0001408,37977,cz3,cz1
r0001409,37989,cz3,cz1
r0001410,38000,cz3,cz1
r0001411,38012,cz3,cz1
r0001412,38023,cz3,cz1
r0001413,38035,cz3,cz1
r0001414,38046,cz3,cz1
r0001415,38057,cz3,cz1
r0001416,38069,cz3,cz1
r0001417,38080,cz3,cz1
r0001418,38092,cz3,cz1
r0001419,38103,cz3,cz1
r0001420,38115,cz3,cz1
r0001421,38126,cz3,cz1
r0001422,38138,cz3,cz2
r0001423,38149,cz3,cz2
r0001424,38161,cz3,cz2
r0001425,38172,cz3,cz2
r0001426,38184,cz3,cz2
r0001427,38195,cz3,cz2
r0001428,38207,cz3,cz2
r0001429,38218,cz3,cz2
r0001430,38229,cz3,cz2
r0001431,38241,cz3,cz2
r0001432,38252,cz3,cz2
r0001433,38264,cz3,cz2
r0001434,38275,cz3,cz2
r0001435,38287,cz3,cz2
r0001436,38298,cz3,cz2
r0001437,38310,cz3,cz2
r0001438,38321,cz3,cz2
r0001439,38333,cz3,cz2
r0001440,38344,cz3,cz3
r0001441,38356,cz3,cz3
r0001442,38367,cz3,cz3
r0001443,38378,cz3,cz3
r0001444,38390,cz3,cz3
r0001445,38401,cz3,cz3
r0001446,38413,cz3,cz3
r0001447,38424,cz3,cz3
r0001448,38436,cz3,cz3
r0001449,38447,cz3,cz3
r0001450,38459,cz3,cz3
r0001451,38470,cz3,cz3
r0001452,38482,cz3,cz3
r0001453,38493,cz3,cz3
r0001454,38505,cz3,cz3
r0001455,38516,cz3,cz3
r0001456,38528,cz3,cz3
r0001457,38539,cz3,cz3
r0001458,38550,cz3,cz3
r0001459,38562,cz3,cz3
r0001460,38573,cz3,cz3
r0001461,38585,cz3,cz3
r0001462,38596,cz3,cz3
r0001463,38608,cz3,cz3
r0001464,38619,cz3,cz3
r0001465,38631,cz3,cz3
r0001466,38642,cz3,cz3
r0001467,38654,cz3,cz3
r0001468,38665,cz3,cz4
r0001469,38677,cz3,cz4
r0001470,38688,cz3,cz4
r0001471,38700,cz3,cz4
r0001472,38711,cz3,cz4
r0001473,38722,cz3,cz4
r0001474,38734,cz3,cz4
r0001475,38745,cz3,cz4
r0001476,38757,cz3,cz4
r0001477,38768,cz3,cz4
r0001478,38780,cz3,cz4
r0001479,38791,cz3,cz4
r0001480,38803,cz3,cz4
r0001481,38814,cz3,cz4
r0001482,38826,cz3,cz4
r0001483,38837,cz3,cz4
r0001484,38849,cz3,cz4
r0001485,38860,cz3,cz4
r0001486,38871,cz4,cz1
r0001487,38883,cz4,cz1
r0001488,38894,cz4,cz1
r0001489,38906,cz4,cz1
r0001490,38917,cz4,cz1
r0001491,38929,cz4,cz1
r0001492,38940,cz4,cz1
r0001493,38952,cz4,cz1
r0001494,38963,cz4,cz1
r0001495,38975,cz4,cz1
r0001496,38986,cz4,cz1
r0001497,38998,cz4,cz1
r0001498,39009,cz4,cz1
r0001499,39021,cz4,cz1
r0001500,39032,cz4,cz1
r0001501,39043,cz4,cz1
r0001502,39055,cz4,cz1
r0001503,39066,cz4,cz1
r0001504,39078,cz4,cz2
r0001505,39089,cz4,cz2
r0001506,39101,cz4,cz2
r0001507,39112,cz4,cz2
r0001508,39124,cz4,cz2
r0001509,39135,cz4,cz2
r0001510,39147,cz4,cz2
r0001511,39158,cz4,cz2
r0001512,39170,cz4,cz2
r0001513,39181,cz4,cz2
r0001514,39192,cz4,cz2
r0001515,39204,cz4,cz2
r0001516,39215,cz4,cz2
r0001517,39227,cz4,cz2
r0001518,39238,cz4,cz3
r0001519,39250,cz4,cz3
r0001520,39261,cz4,cz3
r0001521,39273,cz4,cz3
r0001522,39284,cz4,cz3
r0001523,39296,cz4,cz3
r0001524,39307,cz4,cz3
r0001525,39319,cz4,cz3
r0001526,39330,cz4,cz3
r0001527,39342,cz4,cz3
r0001528,39353,cz4,cz3
r0001529,39364,cz4,cz3
r0001530,39376,cz4,cz3
r0001531,39387,cz4,cz3
r0001532,39399,cz4,cz3
r0001533,39410,cz4,cz3
r0001534,39422,cz4,cz3
r0001535,39433,cz4,cz3
r0001536,39445,cz4,cz3
r0001537,39456,cz4,cz4
r0001538,39468,cz4,cz4
r0001539,39479,cz4,cz4
r0001540,39491,cz4,cz4
r0001541,39502,cz4,cz4
r0001542,39514,cz4,cz4
r0001543,39525,cz4,cz4
r0001544,39536,cz4,cz4
r0001545,39548,cz4,cz4
r0001546,39559,cz4,cz4
r0001547,39571,cz4,cz4
r0001548,39582,cz4,cz4
r0001549,39594,cz4,cz4
r0001550,39605,cz1,cz1
r0001551,39616,cz1,cz1
r0001552,39627,cz1,cz1
r0001553,39638,cz1,cz1
r0001554,39649,cz1,cz1
r0001555,39660,cz1,cz1
r0001556,39670,cz1,cz1
r0001557,39681,cz1,cz1
r0001558,39692,cz1,cz1
r0001559,39703,cz1,cz1
r0001560,39714,cz1,cz1
r0001561,39725,cz1,cz1
r0001562,39736,cz1,cz1
r0001563,39747,cz1,cz1
r0001564,39758,cz1,cz1
r0001565,39769,cz1,cz1
r0001566,39780,cz1,cz1
r0001567,39790,cz1,cz1
r0001568,39801,cz1,cz1
r0001569,39812,cz1,cz1
r0001570,39823,cz1,cz1
r0001571,39834,cz1,cz1
r0001572,39845,cz1,cz1
r0001573,39856,cz1,cz1
r0001574,39867,cz1,cz1
r0001575,39878,cz1,cz1
r0001576,39889,cz1,cz1
r0001577,39900,cz1,cz2
r0001578,39910,cz1,cz2
r0001579,39921,cz1,cz2
r0001580,39932,cz1,cz2
r0001581,39943,cz1,cz2
r0001582,39954,cz1,cz2
r0001583,39965,cz1,cz2
r0001584,39976,cz1,cz2
r0001585,39987,cz1,cz2
r0001586,39998,cz1,cz2
r0001587,40009,cz1,cz2
r0001588,40020,cz1,cz2
r0001589,40030,cz1,cz2
r0001590,40041,cz1,cz2
r0001591,40052,cz1,cz2
r0001592,40063,cz1,cz2
r0001593,40074,cz1,cz2
r0001594,40085,cz1,cz2
r0001595,40096,cz1,cz2
r0001596,40107,cz1,cz2
r0001597,40118,cz1,cz3
r0001598,40129,cz1,cz3
r0001599,40140,cz1,cz3
r0001600,40150,cz1,cz3
r0001601,40161,cz1,cz3
r0001602,40172,cz1,cz3
r0001603,40183,cz1,cz3
r0001604,40194,cz1,cz3
r0001605,40205,cz1,cz3
r0001606,40216,cz1,cz3
r0001607,40227,cz1,cz3
r0001608,40238,cz1,cz3
r0001609,40249,cz1,cz3
r0001610,40260,cz1,cz3
r0001611,40270,cz1,cz3
r0001612,40281,cz1,cz3
r0001613,40292,cz1,cz3
r0001614,40303,cz1,cz3
r0001615,40314,cz1,cz3
r0001616,40325,cz1,cz3
r0001617,40336,cz1,cz3
r0001618,40347,cz1,cz3
r0001619,40358,cz1,cz3
r0001620,40369,cz1,cz3
r0001621,40380,cz1,cz3
r0001622,40390,cz1,cz3
r0001623,40401,cz1,cz3
r0001624,40412,cz1,cz3
r0001625,40423,cz1,cz4
r0001626,40434,cz1,cz4
r0001627,40445,cz1,cz4
r0001628,40456,cz1,cz4
r0001629,40467,cz1,cz4
r0001630,40478,cz1,cz4
r0001631,40489,cz1,cz4
r0001632,40500,cz1,cz4
r0001633,40510,cz1,cz4
r0001634,40521,cz1,cz4
r0001635,40532,cz1,cz4
r0001636,40543,cz1,cz4
r0001637,40554,cz1,cz4
r0001638,40565,cz1,cz4
r0001639,40576,cz1,cz4
r0001640,40587,cz1,cz4
r0001641,40598,cz1,cz4
r0001642,40609,cz1,cz4
r0001643,40620,cz1,cz4
r0001644,40630,cz2,cz1
r0001645,40641,cz2,cz1
r0001646,40652,cz2,cz1
r0001647,40663,cz2,cz1
r0001648,40674,cz2,cz1
r0001649,40685,cz2,cz1
r0001650,40696,cz2,cz1
r0001651,40707,cz2,cz1
r0001652,40718,cz2,cz1
r0001653,40729,cz2,cz1
r0001654,40740,cz2,cz1
r0001655,40750,cz2,cz1
r0001656,40761,cz2,cz1
r0001657,40772,cz2,cz1
r0001658,40783,cz2,cz1
r0001659,40794,cz2,cz1
r0001660,40805,cz2,cz1
r0001661,40816,cz2,cz1
r0001662,40827,cz2,cz1
r0001663,40838,cz2,cz1
r0001664,40849,cz2,cz1
r0001665,40860,cz2,cz2
r0001666,40870,cz2,cz2
r0001667,40881,cz2,cz2
r0001668,40892,cz2,cz2
r0001669,40903,cz2,cz2
r0001670,40914,cz2,cz2
r0001671,40925,cz2,cz2
r0001672,40936,cz2,cz2
r0001673,40947,cz2,cz2
r0001674,40958,cz2,cz2
r0001675,40969,cz2,cz2
r0001676,40980,cz2,cz2
r0001677,40990,cz2,cz2
r0001678,41001,cz2,cz2
r0001679,41012,cz2,cz2
r0001680,41023,cz2,cz2
r0001681,41034,cz2,cz2
r0001682,41045,cz2,cz2
r0001683,41056,cz2,cz2
r0001684,41067,cz2,cz2
r0001685,41078,cz2,cz3
r0001686,41089,cz2,cz3
r0001687,41100,cz2,cz3
r0001688,41110,cz2,cz3
r0001689,41121,cz2,cz3
r0001690,41132,cz2,cz3
r0001691,41143,cz2,cz3
r0001692,41154,cz2,cz3
r0001693,41165,cz2,cz3
r0001694,41176,cz2,cz3
r0001695,41187,cz2,cz3
r0001696,41198,cz2,cz3
r0001697,41209,cz2,cz3
r0001698,41220,cz2,cz3
r0001699,41230,cz2,cz3
r0001700,41241,cz2,cz3
r0001701,41252,cz2,cz3
r0001702,41263,cz2,cz3
r0001703,41274,cz2,cz3
r0001704,41285,cz2,cz3
r0001705,41296,cz2,cz4
r0001706,41307,cz2,cz4
r0001707,41318,cz2,cz4
r0001708,41329,cz2,cz4
r0001709,41340,cz2,cz4
r0001710,41350,cz2,cz4
r0001711,41361,cz2,cz4
r0001712,41372,cz2,cz4
r0001713,41383,cz2,cz4
r0001714,41394,cz2,cz4
r0001715,41405,cz2,cz4
r0001716,41416,cz2,cz4
r0001717,41427,cz2,cz4
r0001718,41438,cz2,cz4
r0001719,41449,cz3,cz1
r0001720,41460,cz3,cz1
r0001721,41470,cz3,cz1
r0001722,41481,cz3,cz1
r0001723,41492,cz3,cz1
r0001724,41503,cz3,cz1
r0001725,41514,cz3,cz1
r0001726,41525,cz3,cz1
r0001727,41536,cz3,cz1
r0001728,41547,cz3,cz1
r0001729,41558,cz3,cz1
r0001730,41569,cz3,cz1
r0001731,41580,cz3,cz1
r0001732,41590,cz3,cz1
r0001733,41601,cz3,cz1
r0001734,41612,cz3,cz1
r0001735,41623,cz3,cz1
r0001736,41634,cz3,cz1
r0001737,41645,cz3,cz1
r0001738,41656,cz3,cz1
r0001739,41667,cz3,cz1
r0001740,41678,cz3,cz1
r0001741,41689,cz3,cz1
r0001742,41700,cz3,cz1
r0001743,41710,cz3,cz1
r0001744,41721,cz3,cz1
r0001745,41732,cz3,cz1
r0001746,41743,cz3,cz2
r0001747,41754,cz3,cz2
r0001748,41765,cz3,cz2
r0001749,41776,cz3,cz2
r0001750,41787,cz3,cz2
r0001751,41798,cz3,cz2
r0001752,41809,cz3,cz2
r0001753,41820,cz3,cz2
r0001754,41830,cz3,cz2
r0001755,41841,cz3,cz2
r0001756,41852,cz3,cz2
r0001757,41863,cz3,cz2
r0001758,41874,cz3,cz2
r0001759,41885,cz3,cz2
r0001760,41896,cz3,cz2
r0001761,41907,cz3,cz2
r0001762,41918,cz3,cz2
r0001763,41929,cz3,cz2
r0001764,41940,cz3,cz2
r0001765,41950,cz3,cz3
r0001766,41961,cz3,cz3
r0001767,41972,cz3,cz3
r0001768,41983,cz3,cz3
r0001769,41994,cz3,cz3
r0001770,42005,cz3,cz3
r0001771,42016,cz3,cz3
r0001772,42027,cz3,cz3
r0001773,42038,cz3,cz3
r0001774,42049,cz3,cz3
r0001775,42060,cz3,cz3
r0001776,42070,cz3,cz3
r0001777,42081,cz3,cz3
r0001778,42092,cz3,cz3
r0001779,42103,cz3,cz3
r0001780,42114,cz3,cz3
r0001781,42125,cz3,cz3
r0001782,42136,cz3,cz3
r0001783,42147,cz3,cz3
r0001784,42158,cz3,cz3
r0001785,42169,cz3,cz3
r0001786,42180,cz3,cz3
r0001787,42190,cz3,cz3
r0001788,42201,cz3,cz3
r0001789,42212,cz3,cz3
r0001790,42223,cz3,cz3
r0001791,42234,cz3,cz3
r0001792,42245,cz3,cz3
r0001793,42256,cz3,cz3
r0001794,42267,cz3,cz4
r0001795,42278,cz3,cz4
r0001796,42289,cz3,cz4
r0001797,42300,cz3,cz4
r0001798,42310,cz3,cz4
r0001799,42321,cz3,cz4
r0001800,42332,cz3,cz4
r0001801,42343,cz3,cz4
r0001802,42354,cz3,cz4
r0001803,42365,cz3,cz4
r0001804,42376,cz3,cz4
r0001805,42387,cz3,cz4
r0001806,42398,cz3,cz4
r0001807,42409,cz3,cz4
r0001808,42420,cz3,cz4
r0001809,42430,cz3,cz4
r0001810,42441,cz3,cz4
r0001811,42452,cz3,cz4
r0001812,42463,cz3,cz4
r0001813,42474,cz4,cz1
r0001814,42485,cz4,cz1
r0001815,42496,cz4,cz1
r0001816,42507,cz4,cz1
r0001817,42518,cz4,cz1
r0001818,42529,cz4,cz1
r0001819,42540,cz4,cz1
r0001820,42550,cz4,cz1
r0001821,42561,cz4,cz1
r0001822,42572,cz4,cz1
r0001823,42583,cz4,cz1
r0001824,42594,cz4,cz1
r0001825,42605,cz4,cz1
r0001826,42616,cz4,cz1
r0001827,42627,cz4,cz1
r0001828,42638,cz4,cz1
r0001829,42649,cz4,cz1
r0001830,42660,cz4,cz1
r0001831,42670,cz4,cz1
r0001832,42681,cz4,cz2
r0001833,42692,cz4,cz2
r0001834,42703,cz4,cz2
r0001835,42714,cz4,cz2
r0001836,42725,cz4,cz2
r0001837,42736,cz4,cz2
r0001838,42747,cz4,cz2
r0001839,42758,cz4,cz2
r0001840,42769,cz4,cz2
r0001841,42780,cz4,cz2
r0001842,42790,cz4,cz2
r0001843,42801,cz4,cz2
r0001844,42812,cz4,cz2
r0001845,42823,cz4,cz2
r0001846,42834,cz4,cz3
r0001847,42845,cz4,cz3
r0001848,42856,cz4,cz3
r0001849,42867,cz4,cz3
r0001850,42878,cz4,cz3
r0001851,42889,cz4,cz3
r0001852,42900,cz4,cz3
r0001853,42910,cz4,cz3
r0001854,42921,cz4,cz3
r0001855,42932,cz4,cz3
r0001856,42943,cz4,cz3
r0001857,42954,cz4,cz3
r0001858,42965,cz4,cz3
r0001859,42976,cz4,cz3
r0001860,42987,cz4,cz3
r0001861,42998,cz4,cz3
r0001862,43009,cz4,cz3
r0001863,43020,cz4,cz3
r0001864,43030,cz4,cz3
r0001865,43041,cz4,cz3
r0001866,43052,cz4,cz4
r0001867,43063,cz4,cz4
r0001868,43074,cz4,cz4
r0001869,43085,cz4,cz4
r0001870,43096,cz4,cz4
r0001871,43107,cz4,cz4
r0001872,43118,cz4,cz4
r0001873,43129,cz4,cz4
r0001874,43140,cz4,cz4
r0001875,43150,cz4,cz4
r0001876,43161,cz4,cz4
r0001877,43172,cz4,cz4
r0001878,43183,cz4,cz4
r0001879,43194,cz4,cz4
r0001880,43205,cz1,cz1
r0001881,43215,cz1,cz1
r0001882,43226,cz1,cz1
r0001883,43236,cz1,cz1
r0001884,43247,cz1,cz1
r0001885,43257,cz1,cz1
r0001886,43268,cz1,cz1
r0001887,43278,cz1,cz1
r0001888,43289,cz1,cz1
r0001889,43300,cz1,cz1
r0001890,43310,cz1,cz1
r0001891,43321,cz1,cz1
r0001892,43331,cz1,cz1
r0001893,43342,cz1,cz1
r0001894,43352,cz1,cz1
r0001895,43363,cz1,cz1
r0001896,43373,cz1,cz1
r0001897,43384,cz1,cz1
r0001898,43394,cz1,cz1
r0001899,43405,cz1,cz1
r0001900,43415,cz1,cz1
r0001901,43426,cz1,cz1
r0001902,43436,cz1,cz1
r0001903,43447,cz1,cz1
r0001904,43457,cz1,cz1
r0001905,43468,cz1,cz1
r0001906,43478,cz1,cz1
r0001907,43489,cz1,cz2
r0001908,43500,cz1,cz2
r0001909,43510,cz1,cz2
r0001910,43521,cz1,cz2
r0001911,43531,cz1,cz2
r0001912,43542,cz1,cz2
r0001913,43552,cz1,cz2
r0001914,43563,cz1,cz2
r0001915,43573,cz1,cz2
r0001916,43584,cz1,cz2
r0001917,43594,cz1,cz2
r0001918,43605,cz1,cz2
r0001919,43615,cz1,cz2
r0001920,43626,cz1,cz2
r0001921,43636,cz1,cz2
r0001922,43647,cz1,cz2
r0001923,43657,cz1,cz2
r0001924,43668,cz1,cz2
r0001925,43678,cz1,cz2
r0001926,43689,cz1,cz2
r0001927,43700,cz1,cz2
r0001928,43710,cz1,cz3
r0001929,43721,cz1,cz3
r0001930,43731,cz1,cz3
r0001931,43742,cz1,cz3
r0001932,43752,cz1,cz3
r0001933,43763,cz1,cz3
r0001934,43773,cz1,cz3
r0001935,43784,cz1,cz3
r0001936,43794,cz1,cz3
r0001937,43805,cz1,cz3
r0001938,43815,cz1,cz3
r0001939,43826,cz1,cz3
r0001940,43836,cz1,cz3
r0001941,43847,cz1,cz3
r0001942,43857,cz1,cz3
r0001943,43868,cz1,cz3
r0001944,43878,cz1,cz3
r0001945,43889,cz1,cz3
r0001946,43900,cz1,cz3
r0001947,43910,cz1,cz3
r0001948,43921,cz1,cz3
r0001949,43931,cz1,cz3
r0001950,43942,cz1,cz3
r0001951,43952,cz1,cz3
r0001952,43963,cz1,cz3
r0001953,43973,cz1,cz3
r0001954,43984,cz1,cz3
r0001955,43994,cz1,cz3
r0001956,44005,cz1,cz3
r0001957,44015,cz1,cz4
r0001958,44026,cz1,cz4
r0001959,44036,cz1,cz4
r0001960,44047,cz1,cz4
r0001961,44057,cz1,cz4
r0001962,44068,cz1,cz4
r0001963,44078,cz1,cz4
r0001964,44089,cz1,cz4
r0001965,44100,cz1,cz4
r0001966,44110,cz1,cz4
r0001967,44121,cz1,cz4
r0001968,44131,cz1,cz4
r0001969,44142,cz1,cz4
r0001970,44152,cz1,cz4
r0001971,44163,cz1,cz4
r0001972,44173,cz1,cz4
r0001973,44184,cz1,cz4
r0001974,44194,cz1,cz4
r0001975,44205,cz1,cz4
r0001976,44215,cz2,cz1
r0001977,44226,cz2,cz1
r0001978,44236,cz2,cz1
r0001979,44247,cz2,cz1
r0001980,44257,cz2,cz1
r0001981,44268,cz2,cz1
r0001982,44278,cz2,cz1
r0001983,44289,cz2,cz1
r0001984,44300,cz2,cz1
r0001985,44310,cz2,cz1
r0001986,44321,cz2,cz1
r0001987,44331,cz2,cz1
r0001988,44342,cz2,cz1
r0001989,44352,cz2,cz1
r0001990,44363,cz2,cz1
r0001991,44373,cz2,cz1
r0001992,44384,cz2,cz1
r0001993,44394,cz2,cz1
r0001994,44405,cz2,cz1
r0001995,44415,cz2,cz1
r0001996,44426,cz2,cz1
r0001997,44436,cz2,cz2
r0001998,44447,cz2,cz2
r0001999,44457,cz2,cz2
r0002000,44468,cz2,cz2
r0002001,44478,cz2,cz2
r0002002,44489,cz2,cz2
r0002003,44500,cz2,cz2
r0002004,44510,cz2,cz2
r0002005,44521,cz2,cz2
r0002006,44531,cz2,cz2
r0002007,44542,cz2,cz2
r0002008,44552,cz2,cz2
r0002009,44563,cz2,cz2
r0002010,44573,cz2,cz2
r0002011,44584,cz2,cz2
r0002012,44594,cz2,cz2
r0002013,44605,cz2,cz2
r0002014,44615,cz2,cz2
r0002015,44626,cz2,cz2
r0002016,44636,cz2,cz2
r0002017,44647,cz2,cz2
r0002018,44657,cz2,cz3
r0002019,44668,cz2,cz3
r0002020,44678,cz2,cz3
r0002021,44689,cz2,cz3
r0002022,44700,cz2,cz3
r0002023,44710,cz2,cz3
r0002024,44721,cz2,cz3
r0002025,44731,cz2,cz3
r0002026,44742,cz2,cz3
r0002027,44752,cz2,cz3
r0002028,44763,cz2,cz3
r0002029,44773,cz2,cz3
r0002030,44784,cz2,cz3
r0002031,44794,cz2,cz3
r0002032,44805,cz2,cz3
r0002033,44815,cz2,cz3
r0002034,44826,cz2,cz3
r0002035,44836,cz2,cz3
r0002036,44847,cz2,cz3
r0002037,44857,cz2,cz3
r0002038,44868,cz2,cz3
r0002039,44878,cz2,cz4
r0002040,44889,cz2,cz4
r0002041,44900,cz2,cz4
r0002042,44910,cz2,cz4
r0002043,44921,cz2,cz4
r0002044,44931,cz2,cz4
r0002045,44942,cz2,cz4
r0002046,44952,cz2,cz4
r0002047,44963,cz2,cz4
r0002048,44973,cz2,cz4
r0002049,44984,cz2,cz4
r0002050,44994,cz2,cz4
r0002051,45005,cz2,cz4
r0002052,45015,cz2,cz4
r0002053,45026,cz2,cz4
r0002054,45036,cz3,cz1
r0002055,45047,cz3,cz1
r0002056,45057,cz3,cz1
r0002057,45068,cz3,cz1
r0002058,45078,cz3,cz1
r0002059,45089,cz3,cz1
r0002060,45100,cz3,cz1
r0002061,45110,cz3,cz1
r0002062,45121,cz3,cz1
r0002063,45131,cz3,cz1
r0002064,45142,cz3,cz1
r0002065,45152,cz3,cz1
r0002066,45163,cz3,cz1
r0002067,45173,cz3,cz1
r0002068,45184,cz3,cz1
r0002069,45194,cz3,cz1
r0002070,45205,cz3,cz1
r0002071,45215,cz3,cz1
r0002072,45226,cz3,cz1
r0002073,45236,cz3,cz1
r0002074,45247,cz3,cz1
r0002075,45257,cz3,cz1
r0002076,45268,cz3,cz1
r0002077,45278,cz3,cz1
r0002078,45289,cz3,cz1
r0002079,45300,cz3,cz1
r0002080,45310,cz3,cz1
r0002081,45321,cz3,cz1
r0002082,45331,cz3,cz2
r0002083,45342,cz3,cz2
r0002084,45352,cz3,cz2
r0002085,45363,cz3,cz2
r0002086,45373,cz3,cz2
r0002087,45384,cz3,cz2
r0002088,45394,cz3,cz2
r0002089,45405,cz3,cz2
r0002090,45415,cz3,cz2
r0002091,45426,cz3,cz2
r0002092,45436,cz3,cz2
r0002093,45447,cz3,cz2
r0002094,45457,cz3,cz2
r0002095,45468,cz3,cz2
r0002096,45478,cz3,cz2
r0002097,45489,cz3,cz2
r0002098,45500,cz3,cz2
r0002099,45510,cz3,cz2
r0002100,45521,cz3,cz2
r0002101,45531,cz3,cz2
r0002102,45542,cz3,cz3
r0002103,45552,cz3,cz3
r0002104,45563,cz3,cz3
r0002105,45573,cz3,cz3
r0002106,45584,cz3,cz3
r0002107,45594,cz3,cz3
r0002108,45605,cz3,cz3
r0002109,45615,cz3,cz3
r0002110,45626,cz3,cz3
r0002111,45636,cz3,cz3
r0002112,45647,cz3,cz3
r0002113,45657,cz3,cz3
r0002114,45668,cz3,cz3
r0002115,45678,cz3,cz3
r0002116,45689,cz3,cz3
r0002117,45700,cz3,cz3
r0002118,45710,cz3,cz3
r0002119,45721,cz3,cz3
r0002120,45731,cz3,cz3
r0002121,45742,cz3,cz3
r0002122,45752,cz3,cz3
r0002123,45763,cz3,cz3
r0002124,45773,cz3,cz3
r0002125,45784,cz3,cz3
r0002126,45794,cz3,cz3
r0002127,45805,cz3,cz3
r0002128,45815,cz3,cz3
r0002129,45826,cz3,cz3
r0002130,45836,cz3,cz3
r0002131,45847,cz3,cz3
r0002132,45857,cz3,cz4
r0002133,45868,cz3,cz4
r0002134,45878,cz3,cz4
r0002135,45889,cz3,cz4
r0002136,45900,cz3,cz4
r0002137,45910,cz3,cz4
r0002138,45921,cz3,cz4
r0002139,45931,cz3,cz4
r0002140,45942,cz3,cz4
r0002141,45952,cz3,cz4
r0002142,45963,cz3,cz4
r0002143,45973,cz3,cz4
r0002144,45984,cz3,cz4
r0002145,45994,cz3,cz4
r0002146,46005,cz3,cz4
r0002147,46015,cz3,cz4
r0002148,46026,cz3,cz4
r0002149,46036,cz3,cz4
r0002150,46047,cz3,cz4
r0002151,46057,cz3,cz4
r0002152,46068,cz4,cz1
r0002153,46078,cz4,cz1
r0002154,46089,cz4,cz1
r0002155,46100,cz4,cz1
r0002156,46110,cz4,cz1
r0002157,46121,cz4,cz1
r0002158,46131,cz4,cz1
r0002159,46142,cz4,cz1
r0002160,46152,cz4,cz1
r0002161,46163,cz4,cz1
r0002162,46173,cz4,cz1
r0002163,46184,cz4,cz1
r0002164,46194,cz4,cz1
r0002165,46205,cz4,cz1
r0002166,46215,cz4,cz1
r0002167,46226,cz4,cz1
r0002168,46236,cz4,cz1
r0002169,46247,cz4,cz1
r0002170,46257,cz4,cz1
r0002171,46268,cz4,cz1
r0002172,46278,cz4,cz2
r0002173,46289,cz4,cz2
r0002174,46300,cz4,cz2
r0002175,46310,cz4,cz2
r0002176,46321,cz4,cz2
r0002177,46331,cz4,cz2
r0002178,46342,cz4,cz2
r0002179,46352,cz4,cz2
r0002180,46363,cz4,cz2
r0002181,46373,cz4,cz2
r0002182,46384,cz4,cz2
r0002183,46394,cz4,cz2
r0002184,46405,cz4,cz2
r0002185,46415,cz4,cz2
r0002186,46426,cz4,cz2
r0002187,46436,cz4,cz3
r0002188,46447,cz4,cz3
r0002189,46457,cz4,cz3
r0002190,46468,cz4,cz3
r0002191,46478,cz4,cz3
r0002192,46489,cz4,cz3
r0002193,46500,cz4,cz3
r0002194,46510,cz4,cz3
r0002195,46521,cz4,cz3
r0002196,46531,cz4,cz3
r0002197,46542,cz4,cz3
r0002198,46552,cz4,cz3
r0002199,46563,cz4,cz3
r0002200,46573,cz4,cz3
r0002201,46584,cz4,cz3
r0002202,46594,cz4,cz3
r0002203,46605,cz4,cz3
r0002204,46615,cz4,cz3
r0002205,46626,cz4,cz3
r0002206,46636,cz4,cz3
r0002207,46647,cz4,cz3
r0002208,46657,cz4,cz4
r0002209,46668,cz4,cz4
r0002210,46678,cz4,cz4
r0002211,46689,cz4,cz4
r0002212,46700,cz4,cz4
r0002213,46710,cz4,cz4
r0002214,46721,cz4,cz4
r0002215,46731,cz4,cz4
r0002216,46742,cz4,cz4
r0002217,46752,cz4,cz4
r0002218,46763,cz4,cz4
r0002219,46773,cz4,cz4
r0002220,46784,cz4,cz4
r0002221,46794,cz4,cz4
r0002222,46805,cz1,cz1
r0002223,46815,cz1,cz1
r0002224,46826,cz1,cz1
r0002225,46836,cz1,cz1
r0002226,46847,cz1,cz1
r0002227,46857,cz1,cz1
r0002228,46868,cz1,cz1
r0002229,46878,cz1,cz1
r0002230,46888,cz1,cz1
r0002231,46899,cz1,cz1
r0002232,46909,cz1,cz1
r0002233,46920,cz1,cz1
r0002234,46930,cz1,cz1
r0002235,46941,cz1,cz1
r0002236,46951,cz1,cz1
r0002237,46962,cz1,cz1
r0002238,46972,cz1,cz1
r0002239,46983,cz1,cz1
r0002240,46993,cz1,cz1
r0002241,47004,cz1,cz1
r0002242,47014,cz1,cz1
r0002243,47025,cz1,cz1
r0002244,47035,cz1,cz1
r0002245,47045,cz1,cz1
r0002246,47056,cz1,cz1
r0002247,47066,cz1,cz1
r0002248,47077,cz1,cz1
r0002249,47087,cz1,cz1
r0002250,47098,cz1,cz2
r0002251,47108,cz1,cz2
r0002252,47119,cz1,cz2
r0002253,47129,cz1,cz2
r0002254,47140,cz1,cz2
r0002255,47150,cz1,cz2
r0002256,47161,cz1,cz2
r0002257,47171,cz1,cz2
r0002258,47181,cz1,cz2
r0002259,47192,cz1,cz2
r0002260,47202,cz1,cz2
r0002261,47213,cz1,cz2
r0002262,47223,cz1,cz2
r0002263,47234,cz1,cz2
r0002264,47244,cz1,cz2
r0002265,47255,cz1,cz2
r0002266,47265,cz1,cz2
r0002267,47276,cz1,cz2
r0002268,47286,cz1,cz2
r0002269,47297,cz1,cz2
r0002270,47307,cz1,cz2
r0002271,47318,cz1,cz3
r0002272,47328,cz1,cz3
r0002273,47338,cz1,cz3
r0002274,47349,cz1,cz3
r0002275,47359,cz1,cz3
r0002276,47370,cz1,cz3
r0002277,47380,cz1,cz3
r0002278,47391,cz1,cz3
r0002279,47401,cz1,cz3
r0002280,47412,cz1,cz3
r0002281,47422,cz1,cz3
r0002282,47433,cz1,cz3
r0002283,47443,cz1,cz3
r0002284,47454,cz1,cz3
r0002285,47464,cz1,cz3
r0002286,47475,cz1,cz3
r0002287,47485,cz1,cz3
r0002288,47495,cz1,cz3
r0002289,47506,cz1,cz3
r0002290,47516,cz1,cz3
r0002291,47527,cz1,cz3
r0002292,47537,cz1,cz3
r0002293,47548,cz1,cz3
r0002294,47558,cz1,cz3
r0002295,47569,cz1,cz3
r0002296,47579,cz1,cz3
r0002297,47590,cz1,cz3
r0002298,47600,cz1,cz3
r0002299,47611,cz1,cz3
r0002300,47621,cz1,cz4
r0002301,47631,cz1,cz4
r0002302,47642,cz1,cz4
r0002303,47652,cz1,cz4
r0002304,47663,cz1,cz4
r0002305,47673,cz1,cz4
r0002306,47684,cz1,cz4
r0002307,47694,cz1,cz4
r0002308,47705,cz1,cz4
r0002309,47715,cz1,cz4
r0002310,47726,cz1,cz4
r0002311,47736,cz1,cz4
r0002312,47747,cz1,cz4
r0002313,47757,cz1,cz4
r0002314,47768,cz1,cz4
r0002315,47778,cz1,cz4
r0002316,47788,cz1,cz4
r0002317,47799,cz1,cz4
r0002318,47809,cz1,cz4
r0002319,47820,cz1,cz4
r0002320,47830,cz2,cz1
r0002321,47841,cz2,cz1
r0002322,47851,cz2,cz1
r0002323,47862,cz2,cz1
r0002324,47872,cz2,cz1
r0002325,47883,cz2,cz1
r0002326,47893,cz2,cz1
r0002327,47904,cz2,cz1
r0002328,47914,cz2,cz1
r0002329,47925,cz2,cz1
r0002330,47935,cz2,cz1
r0002331,47945,cz2,cz1
r0002332,47956,cz2,cz1
r0002333,47966,cz2,cz1
r0002334,47977,cz2,cz1
r0002335,47987,cz2,cz1
r0002336,47998,cz2,cz1
r0002337,48008,cz2,cz1
r0002338,48019,cz2,cz1
r0002339,48029,cz2,cz1
r0002340,48040,cz2,cz1
r0002341,48050,cz2,cz2
r0002342,48061,cz2,cz2
r0002343,48071,cz2,cz2
r0002344,48081,cz2,cz2
r0002345,48092,cz2,cz2
r0002346,48102,cz2,cz2
r0002347,48113,cz2,cz2
r0002348,48123,cz2,cz2
r0002349,48134,cz2,cz2
r0002350,48144,cz2,cz2
r0002351,48155,cz2,cz2
r0002352,48165,cz2,cz2
r0002353,48176,cz2,cz2
r0002354,48186,cz2,cz2
r0002355,48197,cz2,cz2
r0002356,48207,cz2,cz2
r0002357,48218,cz2,cz2
r0002358,48228,cz2,cz2
r0002359,48238,cz2,cz2
r0002360,48249,cz2,cz2
r0002361,48259,cz2,cz2
r0002362,48270,cz2,cz3
r0002363,48280,cz2,cz3
r0002364,48291,cz2,cz3
r0002365,48301,cz2,cz3
r0002366,48312,cz2,cz3
r0002367,48322,cz2,cz3
r0002368,48333,cz2,cz3
r0002369,48343,cz2,cz3
r0002370,48354,cz2,cz3
r0002371,48364,cz2,cz3
r0002372,48375,cz2,cz3
r0002373,48385,cz2,cz3
r0002374,48395,cz2,cz3
r0002375,48406,cz2,cz3
r0002376,48416,cz2,cz3
r0002377,48427,cz2,cz3
r0002378,48437,cz2,cz3
r0002379,48448,cz2,cz3
r0002380,48458,cz2,cz3
r0002381,48469,cz2,cz3
r0002382,48479,cz2,cz3
r0002383,48490,cz2,cz4
r0002384,48500,cz2,cz4
r0002385,48511,cz2,cz4
r0002386,48521,cz2,cz4
r0002387,48531,cz2,cz4
r0002388,48542,cz2,cz4
r0002389,48552,cz2,cz4
r0002390,48563,cz2,cz4
r0002391,48573,cz2,cz4
r0002392,48584,cz2,cz4
r0002393,48594,cz2,cz4
r0002394,48605,cz2,cz4
r0002395,48615,cz2,cz4
r0002396,48626,cz2,cz4
r0002397,48636,cz2,cz4
r0002398,48647,cz3,cz1
r0002399,48657,cz3,cz1
r0002400,48668,cz3,cz1
r0002401,48678,cz3,cz1
r0002402,48688,cz3,cz1
r0002403,48699,cz3,cz1
r0002404,48709,cz3,cz1
r0002405,48720,cz3,cz1
r0002406,48730,cz3,cz1
r0002407,48741,cz3,cz1
r0002408,48751,cz3,cz1
r0002409,48762,cz3,cz1
r0002410,48772,cz3,cz1
r0002411,48783,cz3,cz1
r0002412,48793,cz3,cz1
r0002413,48804,cz3,cz1
r0002414,48814,cz3,cz1
r0002415,48825,cz3,cz1
r0002416,48835,cz3,cz1
r0002417,48845,cz3,cz1
r0002418,48856,cz3,cz1
r0002419,48866,cz3,cz1
r0002420,48877,cz3,cz1
r0002421,48887,cz3,cz1
r0002422,48898,cz3,cz1
r0002423,48908,cz3,cz1
r0002424,48919,cz3,cz1
r0002425,48929,cz3,cz1
r0002426,48940,cz3,cz2
r0002427,48950,cz3,cz2
r0002428,48961,cz3,cz2
r0002429,48971,cz3,cz2
r0002430,48981,cz3,cz2
r0002431,48992,cz3,cz2
r0002432,49002,cz3,cz2
r0002433,49013,cz3,cz2
r0002434,49023,cz3,cz2
r0002435,49034,cz3,cz2
r0002436,49044,cz3,cz2
r0002437,49055,cz3,cz2
r0002438,49065,cz3,cz2
r0002439,49076,cz3,cz2
r0002440,49086,cz3,cz2
r0002441,49097,cz3,cz2
r0002442,49107,cz3,cz2
r0002443,49118,cz3,cz2
r0002444,49128,cz3,cz2
r0002445,49138,cz3,cz2
r0002446,49149,cz3,cz3
r0002447,49159,cz3,cz3
r0002448,49170,cz3,cz3
r0002449,49180,cz3,cz3
r0002450,49191,cz3,cz3
r0002451,49201,cz3,cz3
r0002452,49212,cz3,cz3
r0002453,49222,cz3,cz3
r0002454,49233,cz3,cz3
r0002455,49243,cz3,cz3
r0002456,49254,cz3,cz3
r0002457,49264,cz3,cz3
r0002458,49275,cz3,cz3
r0002459,49285,cz3,cz3
r0002460,49295,cz3,cz3
r0002461,49306,cz3,cz3
r0002462,49316,cz3,cz3
r0002463,49327,cz3,cz3
r0002464,49337,cz3,cz3
r0002465,49348,cz3,cz3
r0002466,49358,cz3,cz3
r0002467,49369,cz3,cz3
r0002468,49379,cz3,cz3
r0002469,49390,cz3,cz3
r0002470,49400,cz3,cz3
r0002471,49411,cz3,cz3
r0002472,49421,cz3,cz3
r0002473,49431,cz3,cz3
r0002474,49442,cz3,cz3
r0002475,49452,cz3,cz3
r0002476,49463,cz3,cz4
r0002477,49473,cz3,cz4
r0002478,49484,cz3,cz4
r0002479,49494,cz3,cz4
r0002480,49505,cz3,cz4
r0002481,49515,cz3,cz4
r0002482,49526,cz3,cz4
r0002483,49536,cz3,cz4
r0002484,49547,cz3,cz4
r0002485,49557,cz3,cz4
r0002486,49568,cz3,cz4
r0002487,49578,cz3,cz4
r0002488,49588,cz3,cz4
r0002489,49599,cz3,cz4
r0002490,49609,cz3,cz4
r0002491,49620,cz3,cz4
r0002492,49630,cz3,cz4
r0002493,49641,cz3,cz4
r0002494,49651,cz3,cz4
r0002495,49662,cz3,cz4
r0002496,49672,cz4,cz1
r0002497,49683,cz4,cz1
r0002498,49693,cz4,cz1
r0002499,49704,cz4,cz1
r0002500,49714,cz4,cz1
r0002501,49725,cz4,cz1
r0002502,49735,cz4,cz1
r0002503,49745,cz4,cz1
r0002504,49756,cz4,cz1
r0002505,49766,cz4,cz1
r0002506,49777,cz4,cz1
r0002507,49787,cz4,cz1
r0002508,49798,cz4,cz1
r0002509,49808,cz4,cz1
r0002510,49819,cz4,cz1
r0002511,49829,cz4,cz1
r0002512,49840,cz4,cz1
r0002513,49850,cz4,cz1
r0002514,49861,cz4,cz1
r0002515,49871,cz4,cz1
r0002516,49881,cz4,cz2
r0002517,49892,cz4,cz2
r0002518,49902,cz4,cz2
r0002519,49913,cz4,cz2
r0002520,49923,cz4,cz2
r0002521,49934,cz4,cz2
r0002522,49944,cz4,cz2
r0002523,49955,cz4,cz2
r0002524,49965,cz4,cz2
r0002525,49976,cz4,cz2
r0002526,49986,cz4,cz2
r0002527,49997,cz4,cz2
r0002528,50007,cz4,cz2
r0002529,50018,cz4,cz2
r0002530,50028,cz4,cz2
r0002531,50038,cz4,cz3
r0002532,50049,cz4,cz3
r0002533,50059,cz4,cz3
r0002534,50070,cz4,cz3
r0002535,50080,cz4,cz3
r0002536,50091,cz4,cz3
r0002537,50101,cz4,cz3
r0002538,50112,cz4,cz3
r0002539,50122,cz4,cz3
r0002540,50133,cz4,cz3
r0002541,50143,cz4,cz3
r0002542,50154,cz4,cz3
r0002543,50164,cz4,cz3
r0002544,50175,cz4,cz3
r0002545,50185,cz4,cz3
r0002546,50195,cz4,cz3
r0002547,50206,cz4,cz3
r0002548,50216,cz4,cz3
r0002549,50227,cz4,cz3
r0002550,50237,cz4,cz3
r0002551,50248,cz4,cz3
r0002552,50258,cz4,cz4
r0002553,50269,cz4,cz4
r0002554,50279,cz4,cz4
r0002555,50290,cz4,cz4
r0002556,50300,cz4,cz4
r0002557,50311,cz4,cz4
r0002558,50321,cz4,cz4
r0002559,50331,cz4,cz4
r0002560,50342,cz4,cz4
r0002561,50352,cz4,cz4
r0002562,50363,cz4,cz4
r0002563,50373,cz4,cz4
r0002564,50384,cz4,cz4
r0002565,50394,cz4,cz4
r0002566,50405,cz1,cz1
r0002567,50415,cz1,cz1
r0002568,50425,cz1,cz1
r0002569,50435,cz1,cz1
r0002570,50445,cz1,cz1
r0002571,50456,cz1,cz1
r0002572,50466,cz1,cz1
r0002573,50476,cz1,cz1
r0002574,50486,cz1,cz1
r0002575,50496,cz1,cz1
r0002576,50507,cz1,cz1
r0002577,50517,cz1,cz1
r0002578,50527,cz1,cz1
r0002579,50537,cz1,cz1
r0002580,50547,cz1,cz1
r0002581,50558,cz1,cz1
r0002582,50568,cz1,cz1
r0002583,50578,cz1,cz1
r0002584,50588,cz1,cz1
r0002585,50598,cz1,cz1
r0002586,50609,cz1,cz1
r0002587,50619,cz1,cz1
r0002588,50629,cz1,cz1
r0002589,50639,cz1,cz1
r0002590,50649,cz1,cz1
r0002591,50660,cz1,cz1
r0002592,50670,cz1,cz1
r0002593,50680,cz1,cz1
r0002594,50690,cz1,cz2
r0002595,50700,cz1,cz2
r0002596,50711,cz1,cz2
r0002597,50721,cz1,cz2
r0002598,50731,cz1,cz2
r0002599,50741,cz1,cz2
r0002600,50751,cz1,cz2
r0002601,50762,cz1,cz2
r0002602,50772,cz1,cz2
r0002603,50782,cz1,cz2
r0002604,50792,cz1,cz2
r0002605,50802,cz1,cz2
r0002606,50813,cz1,cz2
r0002607,50823,cz1,cz2
r0002608,50833,cz1,cz2
r0002609,50843,cz1,cz2
r0002610,50853,cz1,cz2
r0002611,50864,cz1,cz2
r0002612,50874,cz1,cz2
r0002613,50884,cz1,cz2
r0002614,50894,cz1,cz2
r0002615,50904,cz1,cz2
r0002616,50915,cz1,cz3
r0002617,50925,cz1,cz3
r0002618,50935,cz1,cz3
r0002619,50945,cz1,cz3
r0002620,50955,cz1,cz3
r0002621,50966,cz1,cz3
r0002622,50976,cz1,cz3
r0002623,50986,cz1,cz3
r0002624,50996,cz1,cz3
r0002625,51006,cz1,cz3
r0002626,51016,cz1,cz3
r0002627,51027,cz1,cz3
r0002628,51037,cz1,cz3
r0002629,51047,cz1,cz3
r0002630,51057,cz1,cz3
r0002631,51067,cz1,cz3
r0002632,51078,cz1,cz3
r0002633,51088,cz1,cz3
r0002634,51098,cz1,cz3
r0002635,51108,cz1,cz3
r0002636,51118,cz1,cz3
r0002637,51129,cz1,cz3
r0002638,51139,cz1,cz3
r0002639,51149,cz1,cz3
r0002640,51159,cz1,cz3
r0002641,51169,cz1,cz3
r0002642,51180,cz1,cz3
r0002643,51190,cz1,cz3
r0002644,51200,cz1,cz3
r0002645,51210,cz1,cz4
r0002646,51220,cz1,cz4
r0002647,51231,cz1,cz4
r0002648,51241,cz1,cz4
r0002649,51251,cz1,cz4
r0002650,51261,cz1,cz4
r0002651,51271,cz1,cz4
r0002652,51282,cz1,cz4
r0002653,51292,cz1,cz4
r0002654,51302,cz1,cz4
r0002655,51312,cz1,cz4
r0002656,51322,cz1,cz4
r0002657,51333,cz1,cz4
r0002658,51343,cz1,cz4
r0002659,51353,cz1,cz4
r0002660,51363,cz1,cz4
r0002661,51373,cz1,cz4
r0002662,51384,cz1,cz4
r0002663,51394,cz1,cz4
r0002664,51404,cz1,cz4
r0002665,51414,cz2,cz1
r0002666,51424,cz2,cz1
r0002667,51435,cz2,cz1
r0002668,51445,cz2,cz1
r0002669,51455,cz2,cz1
r0002670,51465,cz2,cz1
r0002671,51475,cz2,cz1
r0002672,51486,cz2,cz1
r0002673,51496,cz2,cz1
r0002674,51506,cz2,cz1
r0002675,51516,cz2,cz1
r0002676,51526,cz2,cz1
r0002677,51537,cz2,cz1
r0002678,51547,cz2,cz1
r0002679,51557,cz2,cz1
r0002680,51567,cz2,cz1
r0002681,51577,cz2,cz1
r0002682,51588,cz2,cz1
r0002683,51598,cz2,cz1
r0002684,51608,cz2,cz1
r0002685,51618,cz2,cz1
r0002686,51628,cz2,cz1
r0002687,51639,cz2,cz2
r0002688,51649,cz2,cz2
r0002689,51659,cz2,cz2
r0002690,51669,cz2,cz2
r0002691,51679,cz2,cz2
r0002692,51690,cz2,cz2
r0002693,51700,cz2,cz2
r0002694,51710,cz2,cz2
r0002695,51720,cz2,cz2
r0002696,51730,cz2,cz2
r0002697,51741,cz2,cz2
r0002698,51751,cz2,cz2
r0002699,51761,cz2,cz2
r0002700,51771,cz2,cz2
r0002701,51781,cz2,cz2
r0002702,51792,cz2,cz2
r0002703,51802,cz2,cz2
r0002704,51812,cz2,cz2
r0002705,51822,cz2,cz2
r0002706,51832,cz2,cz2
r0002707,51843,cz2,cz2
r0002708,51853,cz2,cz3
r0002709,51863,cz2,cz3
r0002710,51873,cz2,cz3
r0002711,51883,cz2,cz3
r0002712,51894,cz2,cz3
r0002713,51904,cz2,cz3
r0002714,51914,cz2,cz3
r0002715,51924,cz2,cz3
r0002716,51934,cz2,cz3
r0002717,51945,cz2,cz3
r0002718,51955,cz2,cz3
r0002719,51965,cz2,cz3
r0002720,51975,cz2,cz3
r0002721,51985,cz2,cz3
r0002722,51996,cz2,cz3
r0002723,52006,cz2,cz3
r0002724,52016,cz2,cz3
r0002725,52026,cz2,cz3
r0002726,52036,cz2,cz3
r0002727,52047,cz2,cz3
r0002728,52057,cz2,cz3
r0002729,52067,cz2,cz4
r0002730,52077,cz2,cz4
r0002731,52087,cz2,cz4
r0002732,52098,cz2,cz4
r0002733,52108,cz2,cz4
r0002734,52118,cz2,cz4
r0002735,52128,cz2,cz4
r0002736,52138,cz2,cz4
r0002737,52149,cz2,cz4
r0002738,52159,cz2,cz4
r0002739,52169,cz2,cz4
r0002740,52179,cz2,cz4
r0002741,52189,cz2,cz4
r0002742,52200,cz2,cz4
r0002743,52210,cz2,cz4
r0002744,52220,cz3,cz1
r0002745,52230,cz3,cz1
r0002746,52240,cz3,cz1
r0002747,52250,cz3,cz1
r0002748,52261,cz3,cz1
r0002749,52271,cz3,cz1
r0002750,52281,cz3,cz1
r0002751,52291,cz3,cz1
r0002752,52301,cz3,cz1
r0002753,52312,cz3,cz1
r0002754,52322,cz3,cz1
r0002755,52332,cz3,cz1
r0002756,52342,cz3,cz1
r0002757,52352,cz3,cz1
r0002758,52363,cz3,cz1
r0002759,52373,cz3,cz1
r0002760,52383,cz3,cz1
r0002761,52393,cz3,cz1
r0002762,52403,cz3,cz1
r0002763,52414,cz3,cz1
r0002764,52424,cz3,cz1
r0002765,52434,cz3,cz1
r0002766,52444,cz3,cz1
r0002767,52454,cz3,cz1
r0002768,52465,cz3,cz1
r0002769,52475,cz3,cz1
r0002770,52485,cz3,cz1
r0002771,52495,cz3,cz1
r0002772,52505,cz3,cz1
r0002773,52516,cz3,cz2
r0002774,52526,cz3,cz2
r0002775,52536,cz3,cz2
r0002776,52546,cz3,cz2
r0002777,52556,cz3,cz2
r0002778,52567,cz3,cz2
r0002779,52577,cz3,cz2
r0002780,52587,cz3,cz2
r0002781,52597,cz3,cz2
r0002782,52607,cz3,cz2
r0002783,52618,cz3,cz2
r0002784,52628,cz3,cz2
r0002785,52638,cz3,cz2
r0002786,52648,cz3,cz2
r0002787,52658,cz3,cz2
r0002788,52669,cz3,cz2
r0002789,52679,cz3,cz2
r0002790,52689,cz3,cz2
r0002791,52699,cz3,cz2
r0002792,52709,cz3,cz2
r0002793,52720,cz3,cz2
r0002794,52730,cz3,cz3
r0002795,52740,cz3,cz3
r0002796,52750,cz3,cz3
r0002797,52760,cz3,cz3
r0002798,52771,cz3,cz3
r0002799,52781,cz3,cz3
r0002800,52791,cz3,cz3
r0002801,52801,cz3,cz3
r0002802,52811,cz3,cz3
r0002803,52822,cz3,cz3
r0002804,52832,cz3,cz3
r0002805,52842,cz3,cz3
r0002806,52852,cz3,cz3
r0002807,52862,cz3,cz3
r0002808,52873,cz3,cz3
r0002809,52883,cz3,cz3
r0002810,52893,cz3,cz3
r0002811,52903,cz3,cz3
r0002812,52913,cz3,cz3
r0002813,52924,cz3,cz3
r0002814,52934,cz3,cz3
r0002815,52944,cz3,cz3
r0002816,52954,cz3,cz3
r0002817,52964,cz3,cz3
r0002818,52975,cz3,cz3
r0002819,52985,cz3,cz3
r0002820,52995,cz3,cz3
r0002821,53005,cz3,cz3
r0002822,53015,cz3,cz3
r0002823,53026,cz3,cz3
r0002824,53036,cz3,cz3
r0002825,53046,cz3,cz4
r0002826,53056,cz3,cz4
r0002827,53066,cz3,cz4
r0002828,53077,cz3,cz4
r0002829,53087,cz3,cz4
r0002830,53097,cz3,cz4
r0002831,53107,cz3,cz4
r0002832,53117,cz3,cz4
r0002833,53128,cz3,cz4
r0002834,53138,cz3,cz4
r0002835,53148,cz3,cz4
r0002836,53158,cz3,cz4
r0002837,53168,cz3,cz4
r0002838,53179,cz3,cz4
r0002839,53189,cz3,cz4
r0002840,53199,cz3,cz4
r0002841,53209,cz3,cz4
r0002842,53219,cz3,cz4
r0002843,53230,cz3,cz4
r0002844,53240,cz3,cz4
r0002845,53250,cz3,cz4
r0002846,53260,cz4,cz1
r0002847,53270,cz4,cz1
r0002848,53281,cz4,cz1
r0002849,53291,cz4,cz1
r0002850,53301,cz4,cz1
r0002851,53311,cz4,cz1
r0002852,53321,cz4,cz1
r0002853,53332,cz4,cz1
r0002854,53342,cz4,cz1
r0002855,53352,cz4,cz1
r0002856,53362,cz4,cz1
r0002857,53372,cz4,cz1
r0002858,53383,cz4,cz1
r0002859,53393,cz4,cz1
r0002860,53403,cz4,cz1
r0002861,53413,cz4,cz1
r0002862,53423,cz4,cz1
r0002863,53433,cz4,cz1
r0002864,53444,cz4,cz1
r0002865,53454,cz4,cz1
r0002866,53464,cz4,cz1
r0002867,53474,cz4,cz2
r0002868,53484,cz4,cz2
r0002869,53495,cz4,cz2
r0002870,53505,cz4,cz2
r0002871,53515,cz4,cz2
r0002872,53525,cz4,cz2
r0002873,53535,cz4,cz2
r0002874,53546,cz4,cz2
r0002875,53556,cz4,cz2
r0002876,53566,cz4,cz2
r0002877,53576,cz4,cz2
r0002878,53586,cz4,cz2
r0002879,53597,cz4,cz2
r0002880,53607,cz4,cz2
r0002881,53617,cz4,cz2
r0002882,53627,cz4,cz3
r0002883,53637,cz4,cz3
r0002884,53648,cz4,cz3
r0002885,53658,cz4,cz3
r0002886,53668,cz4,cz3
r0002887,53678,cz4,cz3
r0002888,53688,cz4,cz3
r0002889,53699,cz4,cz3
r0002890,53709,cz4,cz3
r0002891,53719,cz4,cz3
r0002892,53729,cz4,cz3
r0002893,53739,cz4,cz3
r0002894,53750,cz4,cz3
r0002895,53760,cz4,cz3
r0002896,53770,cz4,cz3
r0002897,53780,cz4,cz3
r0002898,53790,cz4,cz3
r0002899,53801,cz4,cz3
r0002900,53811,cz4,cz3
r0002901,53821,cz4,cz3
r0002902,53831,cz4,cz3
r0002903,53841,cz4,cz3
r0002904,53852,cz4,cz4
r0002905,53862,cz4,cz4
r0002906,53872,cz4,cz4
r0002907,53882,cz4,cz4
r0002908,53892,cz4,cz4
r0002909,53903,cz4,cz4
r0002910,53913,cz4,cz4
r0002911,53923,cz4,cz4
r0002912,53933,cz4,cz4
r0002913,53943,cz4,cz4
r0002914,53954,cz4,cz4
r0002915,53964,cz4,cz4
r0002916,53974,cz4,cz4
r0002917,53984,cz4,cz4
r0002918,53994,cz4,cz4
r0002919,54004,cz1,cz1
r0002920,54013,cz1,cz1
r0002921,54022,cz1,cz1
r0002922,54031,cz1,cz1
r0002923,54041,cz1,cz1
r0002924,54050,cz1,cz1
r0002925,54059,cz1,cz1
r0002926,54068,cz1,cz1
r0002927,54077,cz1,cz1
r0002928,54086,cz1,cz1
r0002929,54095,cz1,cz1
r0002930,54104,cz1,cz1
r0002931,54113,cz1,cz1
r0002932,54123,cz1,cz1
r0002933,54132,cz1,cz1
r0002934,54141,cz1,cz1
r0002935,54150,cz1,cz1
r0002936,54159,cz1,cz1
r0002937,54168,cz1,cz1
r0002938,54177,cz1,cz1
r0002939,54186,cz1,cz1
r0002940,54195,cz1,cz1
r0002941,54205,cz1,cz1
r0002942,54214,cz1,cz1
r0002943,54223,cz1,cz1
r0002944,54232,cz1,cz1
r0002945,54241,cz1,cz1
r0002946,54250,cz1,cz1
r0002947,54259,cz1,cz1
r0002948,54268,cz1,cz1
r0002949,54277,cz1,cz1
r0002950,54287,cz1,cz1
r0002951,54296,cz1,cz2
r0002952,54305,cz1,cz2
r0002953,54314,cz1,cz2
r0002954,54323,cz1,cz2
r0002955,54332,cz1,cz2
r0002956,54341,cz1,cz2
r0002957,54350,cz1,cz2
r0002958,54360,cz1,cz2
r0002959,54369,cz1,cz2
r0002960,54378,cz1,cz2
r0002961,54387,cz1,cz2
r0002962,54396,cz1,cz2
r0002963,54405,cz1,cz2
r0002964,54414,cz1,cz2
r0002965,54423,cz1,cz2
r0002966,54432,cz1,cz2
r0002967,54442,cz1,cz2
r0002968,54451,cz1,cz2
r0002969,54460,cz1,cz2
r0002970,54469,cz1,cz2
r0002971,54478,cz1,cz2
r0002972,54487,cz1,cz2
r0002973,54496,cz1,cz2
r0002974,54505,cz1,cz2
r0002975,54514,cz1,cz3
r0002976,54524,cz1,cz3
r0002977,54533,cz1,cz3
r0002978,54542,cz1,cz3
r0002979,54551,cz1,cz3
r0002980,54560,cz1,cz3
r0002981,54569,cz1,cz3
r0002982,54578,cz1,cz3
r0002983,54587,cz1,cz3
r0002984,54596,cz1,cz3
r0002985,54606,cz1,cz3
r0002986,54615,cz1,cz3
r0002987,54624,cz1,cz3
r0002988,54633,cz1,cz3
r0002989,54642,cz1,cz3
r0002990,54651,cz1,cz3
r0002991,54660,cz1,cz3
r0002992,54669,cz1,cz3
r0002993,54678,cz1,cz3
r0002994,54688,cz1,cz3
r0002995,54697,cz1,cz3
r0002996,54706,cz1,cz3
r0002997,54715,cz1,cz3
r0002998,54724,cz1,cz3
r0002999,54733,cz1,cz3
r0003000,54742,cz1,cz3
r0003001,54751,cz1,cz3
r0003002,54761,cz1,cz3
r0003003,54770,cz1,cz3
r0003004,54779,cz1,cz3
r0003005,54788,cz1,cz3
r0003006,54797,cz1,cz3
r0003007,54806,cz1,cz3
r0003008,54815,cz1,cz4
r0003009,54824,cz1,cz4
r0003010,54833,cz1,cz4
r0003011,54843,cz1,cz4
r0003012,54852,cz1,cz4
r0003013,54861,cz1,cz4
r0003014,54870,cz1,cz4
r0003015,54879,cz1,cz4
r0003016,54888,cz1,cz4
r0003017,54897,cz1,cz4
r0003018,54906,cz1,cz4
r0003019,54915,cz1,cz4
r0003020,54925,cz1,cz4
r0003021,54934,cz1,cz4
r0003022,54943,cz1,cz4
r0003023,54952,cz1,cz4
r0003024,54961,cz1,cz4
r0003025,54970,cz1,cz4
r0003026,54979,cz1,cz4
r0003027,54988,cz1,cz4
r0003028,54997,cz1,cz4
r0003029,55007,cz1,cz4
r0003030,55016,cz1,cz4
r0003031,55025,cz2,cz1
r0003032,55034,cz2,cz1
r0003033,55043,cz2,cz1
r0003034,55052,cz2,cz1
r0003035,55061,cz2,cz1
r0003036,55070,cz2,cz1
r0003037,55080,cz2,cz1
r0003038,55089,cz2,cz1
r0003039,55098,cz2,cz1
r0003040,55107,cz2,cz1
r0003041,55116,cz2,cz1
r0003042,55125,cz2,cz1
r0003043,55134,cz2,cz1
r0003044,55143,cz2,cz1
r0003045,55152,cz2,cz1
r0003046,55162,cz2,cz1
r0003047,55171,cz2,cz1
r0003048,55180,cz2,cz1
r0003049,55189,cz2,cz1
r0003050,55198,cz2,cz1
r0003051,55207,cz2,cz1
r0003052,55216,cz2,cz1
r0003053,55225,cz2,cz1
r0003054,55234,cz2,cz1
r0003055,55244,cz2,cz1
r0003056,55253,cz2,cz2
r0003057,55262,cz2,cz2
r0003058,55271,cz2,cz2
r0003059,55280,cz2,cz2
r0003060,55289,cz2,cz2
r0003061,55298,cz2,cz2
r0003062,55307,cz2,cz2
r0003063,55316,cz2,cz2
r0003064,55326,cz2,cz2
r0003065,55335,cz2,cz2
r0003066,55344,cz2,cz2
r0003067,55353,cz2,cz2
r0003068,55362,cz2,cz2
r0003069,55371,cz2,cz2
r0003070,55380,cz2,cz2
r0003071,55389,cz2,cz2
r0003072,55398,cz2,cz2
r0003073,55408,cz2,cz2
r0003074,55417,cz2,cz2
r0003075,55426,cz2,cz2
r0003076,55435,cz2,cz2
r0003077,55444,cz2,cz2
r0003078,55453,cz2,cz2
r0003079,55462,cz2,cz2
r0003080,55471,cz2,cz3
r0003081,55481,cz2,cz3
r0003082,55490,cz2,cz3
r0003083,55499,cz2,cz3
r0003084,55508,cz2,cz3
r0003085,55517,cz2,cz3
r0003086,55526,cz2,cz3
r0003087,55535,cz2,cz3
r0003088,55544,cz2,cz3
r0003089,55553,cz2,cz3
r0003090,55563,cz2,cz3
r0003091,55572,cz2,cz3
r0003092,55581,cz2,cz3
r0003093,55590,cz2,cz3
r0003094,55599,cz2,cz3
r0003095,55608,cz2,cz3
r0003096,55617,cz2,cz3
r0003097,55626,cz2,cz3
r0003098,55635,cz2,cz3
r0003099,55645,cz2,cz3
r0003100,55654,cz2,cz3
r0003101,55663,cz2,cz3
r0003102,55672,cz2,cz3
r0003103,55681,cz2,cz3
r0003104,55690,cz2,cz4
r0003105,55699,cz2,cz4
r0003106,55708,cz2,cz4
r0003107,55717,cz2,cz4
r0003108,55727,cz2,cz4
r0003109,55736,cz2,cz4
r0003110,55745,cz2,cz4
r0003111,55754,cz2,cz4
r0003112,55763,cz2,cz4
r0003113,55772,cz2,cz4
r0003114,55781,cz2,cz4
r0003115,55790,cz2,cz4
r0003116,55800,cz2,cz4
r0003117,55809,cz2,cz4
r0003118,55818,cz2,cz4
r0003119,55827,cz2,cz4
r0003120,55836,cz2,cz4
r0003121,55845,cz3,cz1
r0003122,55854,cz3,cz1
r0003123,55863,cz3,cz1
r0003124,55872,cz3,cz1
r0003125,55882,cz3,cz1
r0003126,55891,cz3,cz1
r0003127,55900,cz3,cz1
r0003128,55909,cz3,cz1
r0003129,55918,cz3,cz1
r0003130,55927,cz3,cz1
r0003131,55936,cz3,cz1
r0003132,55945,cz3,cz1
r0003133,55954,cz3,cz1
r0003134,55964,cz3,cz1
r0003135,55973,cz3,cz1
r0003136,55982,cz3,cz1
r0003137,55991,cz3,cz1
r0003138,56000,cz3,cz1
r0003139,56009,cz3,cz1
r0003140,56018,cz3,cz1
r0003141,56027,cz3,cz1
r0003142,56036,cz3,cz1
r0003143,56046,cz3,cz1
r0003144,56055,cz3,cz1
r0003145,56064,cz3,cz1
r0003146,56073,cz3,cz1
r0003147,56082,cz3,cz1
r0003148,56091,cz3,cz1
r0003149,56100,cz3,cz1
r0003150,56109,cz3,cz1
r0003151,56118,cz3,cz1
r0003152,56128,cz3,cz1
r0003153,56137,cz3,cz2
r0003154,56146,cz3,cz2
r0003155,56155,cz3,cz2
r0003156,56164,cz3,cz2
r0003157,56173,cz3,cz2
r0003158,56182,cz3,cz2
r0003159,56191,cz3,cz2
r0003160,56201,cz3,cz2
r0003161,56210,cz3,cz2
r0003162,56219,cz3,cz2
r0003163,56228,cz3,cz2
r0003164,56237,cz3,cz2
r0003165,56246,cz3,cz2
r0003166,56255,cz3,cz2
r0003167,56264,cz3,cz2
r0003168,56273,cz3,cz2
r0003169,56283,cz3,cz2
r0003170,56292,cz3,cz2
r0003171,56301,cz3,cz2
r0003172,56310,cz3,cz2
r0003173,56319,cz3,cz2
r0003174,56328,cz3,cz2
r0003175,56337,cz3,cz2
r0003176,56346,cz3,cz3
r0003177,56355,cz3,cz3
r0003178,56365,cz3,cz3
r0003179,56374,cz3,cz3
r0003180,56383,cz3,cz3
r0003181,56392,cz3,cz3
r0003182,56401,cz3,cz3
r0003183,56410,cz3,cz3
r0003184,56419,cz3,cz3
r0003185,56428,cz3,cz3
r0003186,56437,cz3,cz3
r0003187,56447,cz3,cz3
r0003188,56456,cz3,cz3
r0003189,56465,cz3,cz3
r0003190,56474,cz3,cz3
r0003191,56483,cz3,cz3
r0003192,56492,cz3,cz3
r0003193,56501,cz3,cz3
r0003194,56510,cz3,cz3
r0003195,56520,cz3,cz3
r0003196,56529,cz3,cz3
r0003197,56538,cz3,cz3
r0003198,56547,cz3,cz3
r0003199,56556,cz3,cz3
r0003200,56565,cz3,cz3
r0003201,56574,cz3,cz3
r0003202,56583,cz3,cz3
r0003203,56592,cz3,cz3
r0003204,56602,cz3,cz3
r0003205,56611,cz3,cz3
r0003206,56620,cz3,cz3
r0003207,56629,cz3,cz3
r0003208,56638,cz3,cz3
r0003209,56647,cz3,cz3
r0003210,56656,cz3,cz3
r0003211,56665,cz3,cz4
r0003212,56674,cz3,cz4
r0003213,56684,cz3,cz4
r0003214,56693,cz3,cz4
r0003215,56702,cz3,cz4
r0003216,56711,cz3,cz4
r0003217,56720,cz3,cz4
r0003218,56729,cz3,cz4
r0003219,56738,cz3,cz4
r0003220,56747,cz3,cz4
r0003221,56756,cz3,cz4
r0003222,56766,cz3,cz4
r0003223,56775,cz3,cz4
r0003224,56784,cz3,cz4
r0003225,56793,cz3,cz4
r0003226,56802,cz3,cz4
r0003227,56811,cz3,cz4
r0003228,56820,cz3,cz4
r0003229,56829,cz3,cz4
r0003230,56838,cz3,cz4
r0003231,56848,cz3,cz4
r0003232,56857,cz3,cz4
r0003233,56866,cz3,cz4
r0003234,56875,cz4,cz1
r0003235,56884,cz4,cz1
r0003236,56893,cz4,cz1
r0003237,56902,cz4,cz1
r0003238,56911,cz4,cz1
r0003239,56921,cz4,cz1
r0003240,56930,cz4,cz1
r0003241,56939,cz4,cz1
r0003242,56948,cz4,cz1
r0003243,56957,cz4,cz1
r0003244,56966,cz4,cz1
r0003245,56975,cz4,cz1
r0003246,56984,cz4,cz1
r0003247,56993,cz4,cz1
r0003248,57003,cz4,cz1
r0003249,57012,cz4,cz1
r0003250,57021,cz4,cz1
r0003251,57030,cz4,cz1
r0003252,57039,cz4,cz1
r0003253,57048,cz4,cz1
r0003254,57057,cz4,cz1
r0003255,57066,cz4,cz1
r0003256,57075,cz4,cz1
r0003257,57085,cz4,cz2
r0003258,57094,cz4,cz2
r0003259,57103,cz4,cz2
r0003260,57112,cz4,cz2
r0003261,57121,cz4,cz2
r0003262,57130,cz4,cz2
r0003263,57139,cz4,cz2
r0003264,57148,cz4,cz2
r0003265,57157,cz4,cz2
r0003266,57167,cz4,cz2
r0003267,57176,cz4,cz2
r0003268,57185,cz4,cz2
r0003269,57194,cz4,cz2
r0003270,57203,cz4,cz2
r0003271,57212,cz4,cz2
r0003272,57221,cz4,cz2
r0003273,57230,cz4,cz2
r0003274,57240,cz4,cz3
r0003275,57249,cz4,cz3
r0003276,57258,cz4,cz3
r0003277,57267,cz4,cz3
r0003278,57276,cz4,cz3
r0003279,57285,cz4,cz3
r0003280,57294,cz4,cz3
r0003281,57303,cz4,cz3
r0003282,57312,cz4,cz3
r0003283,57322,cz4,cz3
r0003284,57331,cz4,cz3
r0003285,57340,cz4,cz3
r0003286,57349,cz4,cz3
r0003287,57358,cz4,cz3
r0003288,57367,cz4,cz3
r0003289,57376,cz4,cz3
r0003290,57385,cz4,cz3
r0003291,57394,cz4,cz3
r0003292,57404,cz4,cz3
r0003293,57413,cz4,cz3
r0003294,57422,cz4,cz3
r0003295,57431,cz4,cz3
r0003296,57440,cz4,cz3
r0003297,57449,cz4,cz3
r0003298,57458,cz4,cz4
r0003299,57467,cz4,cz4
r0003300,57476,cz4,cz4
r0003301,57486,cz4,cz4
r0003302,57495,cz4,cz4
r0003303,57504,cz4,cz4
r0003304,57513,cz4,cz4
r0003305,57522,cz4,cz4
r0003306,57531,cz4,cz4
r0003307,57540,cz4,cz4
r0003308,57549,cz4,cz4
r0003309,57558,cz4,cz4
r0003310,57568,cz4,cz4
r0003311,57577,cz4,cz4
r0003312,57586,cz4,cz4
r0003313,57595,cz4,cz4
r0003314,57604,cz1,cz1
r0003315,57612,cz1,cz1
r0003316,57621,cz1,cz1
r0003317,57629,cz1,cz1
r0003318,57638,cz1,cz1
r0003319,57646,cz1,cz1
r0003320,57655,cz1,cz1
r0003321,57663,cz1,cz1
r0003322,57672,cz1,cz1
r0003323,57680,cz1,cz1
r0003324,57688,cz1,cz1
r0003325,57697,cz1,cz1
r0003326,57705,cz1,cz1
r0003327,57714,cz1,cz1
r0003328,57722,cz1,cz1
r0003329,57731,cz1,cz1
r0003330,57739,cz1,cz1
r0003331,57748,cz1,cz1
r0003332,57756,cz1,cz1
r0003333,57765,cz1,cz1
r0003334,57773,cz1,cz1
r0003335,57782,cz1,cz1
r0003336,57790,cz1,cz1
r0003337,57799,cz1,cz1
r0003338,57807,cz1,cz1
r0003339,57816,cz1,cz1
r0003340,57824,cz1,cz1
r0003341,57832,cz1,cz1
r0003342,57841,cz1,cz1
r0003343,57849,cz1,cz1
r0003344,57858,cz1,cz1
r0003345,57866,cz1,cz1
r0003346,57875,cz1,cz1
r0003347,57883,cz1,cz1
r0003348,57892,cz1,cz2
r0003349,57900,cz1,cz2
r0003350,57909,cz1,cz2
r0003351,57917,cz1,cz2
r0003352,57926,cz1,cz2
r0003353,57934,cz1,cz2
r0003354,57943,cz1,cz2
r0003355,57951,cz1,cz2
r0003356,57960,cz1,cz2
r0003357,57968,cz1,cz2
r0003358,57976,cz1,cz2
r0003359,57985,cz1,cz2
r0003360,57993,cz1,cz2
r0003361,58002,cz1,cz2
r0003362,58010,cz1,cz2
r0003363,58019,cz1,cz2
r0003364,58027,cz1,cz2
r0003365,58036,cz1,cz2
r0003366,58044,cz1,cz2
r0003367,58053,cz1,cz2
r0003368,58061,cz1,cz2
r0003369,58070,cz1,cz2
r0003370,58078,cz1,cz2
r0003371,58087,cz1,cz2
r0003372,58095,cz1,cz2
r0003373,58104,cz1,cz2
r0003374,58112,cz1,cz3
r0003375,58120,cz1,cz3
r0003376,58129,cz1,cz3
r0003377,58137,cz1,cz3
r0003378,58146,cz1,cz3
r0003379,58154,cz1,cz3
r0003380,58163,cz1,cz3
r0003381,58171,cz1,cz3
r0003382,58180,cz1,cz3
r0003383,58188,cz1,cz3
r0003384,58197,cz1,cz3
r0003385,58205,cz1,cz3
r0003386,58214,cz1,cz3
r0003387,58222,cz1,cz3
r0003388,58231,cz1,cz3
r0003389,58239,cz1,cz3
r0003390,58248,cz1,cz3
r0003391,58256,cz1,cz3
r0003392,58264,cz1,cz3
r0003393,58273,cz1,cz3
r0003394,58281,cz1,cz3
r0003395,58290,cz1,cz3
r0003396,58298,cz1,cz3
r0003397,58307,cz1,cz3
r0003398,58315,cz1,cz3
r0003399,58324,cz1,cz3
r0003400,58332,cz1,cz3
r0003401,58341,cz1,cz3
r0003402,58349,cz1,cz3
r0003403,58358,cz1,cz3
r0003404,58366,cz1,cz3
r0003405,58375,cz1,cz3
r0003406,58383,cz1,cz3
r0003407,58392,cz1,cz3
r0003408,58400,cz1,cz3
r0003409,58408,cz1,cz4
r0003410,58417,cz1,cz4
r0003411,58425,cz1,cz4
r0003412,58434,cz1,cz4
r0003413,58442,cz1,cz4
r0003414,58451,cz1,cz4
r0003415,58459,cz1,cz4
r0003416,58468,cz1,cz4
r0003417,58476,cz1,cz4
r0003418,58485,cz1,cz4
r0003419,58493,cz1,cz4
r0003420,58502,cz1,cz4
r0003421,58510,cz1,cz4
r0003422,58519,cz1,cz4
r0003423,58527,cz1,cz4
r0003424,58536,cz1,cz4
r0003425,58544,cz1,cz4
r0003426,58552,cz1,cz4
r0003427,58561,cz1,cz4
r0003428,58569,cz1,cz4
r0003429,58578,cz1,cz4
r0003430,58586,cz1,cz4
r0003431,58595,cz1,cz4
r0003432,58603,cz1,cz4
r0003433,58612,cz2,cz1
r0003434,58620,cz2,cz1
r0003435,58629,cz2,cz1
r0003436,58637,cz2,cz1
r0003437,58646,cz2,cz1
r0003438,58654,cz2,cz1
r0003439,58663,cz2,cz1
r0003440,58671,cz2,cz1
r0003441,58680,cz2,cz1
r0003442,58688,cz2,cz1
r0003443,58696,cz2,cz1
r0003444,58705,cz2,cz1
r0003445,58713,cz2,cz1
r0003446,58722,cz2,cz1
r0003447,58730,cz2,cz1
r0003448,58739,cz2,cz1
r0003449,58747,cz2,cz1
r0003450,58756,cz2,cz1
r0003451,58764,cz2,cz1
r0003452,58773,cz2,cz1
r0003453,58781,cz2,cz1
r0003454,58790,cz2,cz1
r0003455,58798,cz2,cz1
r0003456,58807,cz2,cz1
r0003457,58815,cz2,cz1
r0003458,58824,cz2,cz1
r0003459,58832,cz2,cz1
r0003460,58840,cz2,cz2
r0003461,58849,cz2,cz2
r0003462,58857,cz2,cz2
r0003463,58866,cz2,cz2
r0003464,58874,cz2,cz2
r0003465,58883,cz2,cz2
r0003466,58891,cz2,cz2
r0003467,58900,cz2,cz2
r0003468,58908,cz2,cz2
r0003469,58917,cz2,cz2
r0003470,58925,cz2,cz2
r0003471,58934,cz2,cz2
r0003472,58942,cz2,cz2
r0003473,58951,cz2,cz2
r0003474,58959,cz2,cz2
r0003475,58968,cz2,cz2
r0003476,58976,cz2,cz2
r0003477,58984,cz2,cz2
r0003478,58993,cz2,cz2
r0003479,59001,cz2,cz2
r0003480,59010,cz2,cz2
r0003481,59018,cz2,cz2
r0003482,59027,cz2,cz2
r0003483,59035,cz2,cz2
r0003484,59044,cz2,cz2
r0003485,59052,cz2,cz2
r0003486,59061,cz2,cz3
r0003487,59069,cz2,cz3
r0003488,59078,cz2,cz3
r0003489,59086,cz2,cz3
r0003490,59095,cz2,cz3
r0003491,59103,cz2,cz3
r0003492,59112,cz2,cz3
r0003493,59120,cz2,cz3
r0003494,59128,cz2,cz3
r0003495,59137,cz2,cz3
r0003496,59145,cz2,cz3
r0003497,59154,cz2,cz3
r0003498,59162,cz2,cz3
r0003499,59171,cz2,cz3
r0003500,59179,cz2,cz3
r0003501,59188,cz2,cz3
r0003502,59196,cz2,cz3
r0003503,59205,cz2,cz3
r0003504,59213,cz2,cz3
r0003505,59222,cz2,cz3
r0003506,59230,cz2,cz3
r0003507,59239,cz2,cz3
r0003508,59247,cz2,cz3
r0003509,59256,cz2,cz3
r0003510,59264,cz2,cz3
r0003511,59272,cz2,cz3
r0003512,59281,cz2,cz4
r0003513,59289,cz2,cz4
r0003514,59298,cz2,cz4
r0003515,59306,cz2,cz4
r0003516,59315,cz2,cz4
r0003517,59323,cz2,cz4
r0003518,59332,cz2,cz4
r0003519,59340,cz2,cz4
r0003520,59349,cz2,cz4
r0003521,59357,cz2,cz4
r0003522,59366,cz2,cz4
r0003523,59374,cz2,cz4
r0003524,59383,cz2,cz4
r0003525,59391,cz2,cz4
r0003526,59400,cz2,cz4
r0003527,59408,cz2,cz4
r0003528,59416,cz2,cz4
r0003529,59425,cz2,cz4
r0003530,59433,cz3,cz1
r0003531,59442,cz3,cz1
r0003532,59450,cz3,cz1
r0003533,59459,cz3,cz1
r0003534,59467,cz3,cz1
r0003535,59476,cz3,cz1
r0003536,59484,cz3,cz1
r0003537,59493,cz3,cz1
r0003538,59501,cz3,cz1
r0003539,59510,cz3,cz1
r0003540,59518,cz3,cz1
r0003541,59527,cz3,cz1
r0003542,59535,cz3,cz1
r0003543,59544,cz3,cz1
r0003544,59552,cz3,cz1
r0003545,59560,cz3,cz1
r0003546,59569,cz3,cz1
r0003547,59577,cz3,cz1
r0003548,59586,cz3,cz1
r0003549,59594,cz3,cz1
r0003550,59603,cz3,cz1
r0003551,59611,cz3,cz1
r0003552,59620,cz3,cz1
r0003553,59628,cz3,cz1
r0003554,59637,cz3,cz1
r0003555,59645,cz3,cz1
r0003556,59654,cz3,cz1
r0003557,59662,cz3,cz1
r0003558,59671,cz3,cz1
r0003559,59679,cz3,cz1
r0003560,59688,cz3,cz1
r0003561,59696,cz3,cz1
r0003562,59704,cz3,cz1
r0003563,59713,cz3,cz1
r0003564,59721,cz3,cz1
r0003565,59730,cz3,cz2
r0003566,59738,cz3,cz2
r0003567,59747,cz3,cz2
r0003568,59755,cz3,cz2
r0003569,59764,cz3,cz2
r0003570,59772,cz3,cz2
r0003571,59781,cz3,cz2
r0003572,59789,cz3,cz2
r0003573,59798,cz3,cz2
r0003574,59806,cz3,cz2
r0003575,59815,cz3,cz2
r0003576,59823,cz3,cz2
r0003577,59832,cz3,cz2
r0003578,59840,cz3,cz2
r0003579,59848,cz3,cz2
r0003580,59857,cz3,cz2
r0003581,59865,cz3,cz2
r0003582,59874,cz3,cz2
r0003583,59882,cz3,cz2
r0003584,59891,cz3,cz2
r0003585,59899,cz3,cz2
r0003586,59908,cz3,cz2
r0003587,59916,cz3,cz2
r0003588,59925,cz3,cz2
r0003589,59933,cz3,cz2
r0003590,59942,cz3,cz3
r0003591,59950,cz3,cz3
r0003592,59959,cz3,cz3
r0003593,59967,cz3,cz3
r0003594,59976,cz3,cz3
r0003595,59984,cz3,cz3
r0003596,59992,cz3,cz3
r0003597,60001,cz3,cz3
r0003598,60009,cz3,cz3
r0003599,60018,cz3,cz3
r0003600,60026,cz3,cz3
r0003601,60035,cz3,cz3
r0003602,60043,cz3,cz3
r0003603,60052,cz3,cz3
r0003604,60060,cz3,cz3
r0003605,60069,cz3,cz3
r0003606,60077,cz3,cz3
r0003607,60086,cz3,cz3
r0003608,60094,cz3,cz3
r0003609,60103,cz3,cz3
r0003610,60111,cz3,cz3
r0003611,60120,cz3,cz3
r0003612,60128,cz3,cz3
r0003613,60136,cz3,cz3
r0003614,60145,cz3,cz3
r0003615,60153,cz3,cz3
r0003616,60162,cz3,cz3
r0003617,60170,cz3,cz3
r0003618,60179,cz3,cz3
r0003619,60187,cz3,cz3
r0003620,60196,cz3,cz3
r0003621,60204,cz3,cz3
r0003622,60213,cz3,cz3
r0003623,60221,cz3,cz3
r0003624,60230,cz3,cz3
r0003625,60238,cz3,cz3
r0003626,60247,cz3,cz3
r0003627,60255,cz3,cz4
r0003628,60264,cz3,cz4
r0003629,60272,cz3,cz4
r0003630,60280,cz3,cz4
r0003631,60289,cz3,cz4
r0003632,60297,cz3,cz4
r0003633,60306,cz3,cz4
r0003634,60314,cz3,cz4
r0003635,60323,cz3,cz4
r0003636,60331,cz3,cz4
r0003637,60340,cz3,cz4
r0003638,60348,cz3,cz4
r0003639,60357,cz3,cz4
r0003640,60365,cz3,cz4
r0003641,60374,cz3,cz4
r0003642,60382,cz3,cz4
r0003643,60391,cz3,cz4
r0003644,60399,cz3,cz4
r0003645,60408,cz3,cz4
r0003646,60416,cz3,cz4
r0003647,60424,cz3,cz4
r0003648,60433,cz3,cz4
r0003649,60441,cz3,cz4
r0003650,60450,cz3,cz4
r0003651,60458,cz3,cz4
r0003652,60467,cz4,cz1
r0003653,60475,cz4,cz1
r0003654,60484,cz4,cz1
r0003655,60492,cz4,cz1
r0003656,60501,cz4,cz1
r0003657,60509,cz4,cz1
r0003658,60518,cz4,cz1
r0003659,60526,cz4,cz1
r0003660,60535,cz4,cz1
r0003661,60543,cz4,cz1
r0003662,60552,cz4,cz1
r0003663,60560,cz4,cz1
r0003664,60568,cz4,cz1
r0003665,60577,cz4,cz1
r0003666,60585,cz4,cz1
r0003667,60594,cz4,cz1
r0003668,60602,cz4,cz1
r0003669,60611,cz4,cz1
r0003670,60619,cz4,cz1
r0003671,60628,cz4,cz1
r0003672,60636,cz4,cz1
r0003673,60645,cz4,cz1
r0003674,60653,cz4,cz1
r0003675,60662,cz4,cz1
r0003676,60670,cz4,cz1
r0003677,60679,cz4,cz2
r0003678,60687,cz4,cz2
r0003679,60696,cz4,cz2
r0003680,60704,cz4,cz2
r0003681,60712,cz4,cz2
r0003682,60721,cz4,cz2
r0003683,60729,cz4,cz2
r0003684,60738,cz4,cz2
r0003685,60746,cz4,cz2
r0003686,60755,cz4,cz2
r0003687,60763,cz4,cz2
r0003688,60772,cz4,cz2
r0003689,60780,cz4,cz2
r0003690,60789,cz4,cz2
r0003691,60797,cz4,cz2
r0003692,60806,cz4,cz2
r0003693,60814,cz4,cz2
r0003694,60823,cz4,cz2
r0003695,60831,cz4,cz3
r0003696,60840,cz4,cz3
r0003697,60848,cz4,cz3
r0003698,60856,cz4,cz3
r0003699,60865,cz4,cz3
r0003700,60873,cz4,cz3
r0003701,60882,cz4,cz3
r0003702,60890,cz4,cz3
r0003703,60899,cz4,cz3
r0003704,60907,cz4,cz3
r0003705,60916,cz4,cz3
r0003706,60924,cz4,cz3
r0003707,60933,cz4,cz3
r0003708,60941,cz4,cz3
r0003709,60950,cz4,cz3
r0003710,60958,cz4,cz3
r0003711,60967,cz4,cz3
r0003712,60975,cz4,cz3
r0003713,60984,cz4,cz3
r0003714,60992,cz4,cz3
r0003715,61000,cz4,cz3
r0003716,61009,cz4,cz3
r0003717,61017,cz4,cz3
r0003718,61026,cz4,cz3
r0003719,61034,cz4,cz3
r0003720,61043,cz4,cz3
r0003721,61051,cz4,cz4
r0003722,61060,cz4,cz4
r0003723,61068,cz4,cz4
r0003724,61077,cz4,cz4
r0003725,61085,cz4,cz4
r0003726,61094,cz4,cz4
r0003727,61102,cz4,cz4
r0003728,61111,cz4,cz4
r0003729,61119,cz4,cz4
r0003730,61128,cz4,cz4
r0003731,61136,cz4,cz4
r0003732,61144,cz4,cz4
r0003733,61153,cz4,cz4
r0003734,61161,cz4,cz4
r0003735,61170,cz4,cz4
r0003736,61178,cz4,cz4
r0003737,61187,cz4,cz4
r0003738,61195,cz4,cz4
r0003739,61204,cz1,cz1
r0003740,61212,cz1,cz1
r0003741,61220,cz1,cz1
r0003742,61228,cz1,cz1
r0003743,61236,cz1,cz1
r0003744,61244,cz1,cz1
r0003745,61252,cz1,cz1
r0003746,61260,cz1,cz1
r0003747,61268,cz1,cz1
r0003748,61276,cz1,cz1
r0003749,61284,cz1,cz1
r0003750,61292,cz1,cz1
r0003751,61300,cz1,cz1
r0003752,61308,cz1,cz1
r0003753,61316,cz1,cz1
r0003754,61324,cz1,cz1
r0003755,61332,cz1,cz1
r0003756,61340,cz1,cz1
r0003757,61348,cz1,cz1
r0003758,61356,cz1,cz1
r0003759,61364,cz1,cz1
r0003760,61372,cz1,cz1
r0003761,61380,cz1,cz1
r0003762,61388,cz1,cz1
r0003763,61396,cz1,cz1
r0003764,61404,cz1,cz1
r0003765,61412,cz1,cz1
r0003766,61420,cz1,cz1
r0003767,61428,cz1,cz1
r0003768,61436,cz1,cz1
r0003769,61444,cz1,cz1
r0003770,61452,cz1,cz1
r0003771,61460,cz1,cz1
r0003772,61468,cz1,cz1
r0003773,61476,cz1,cz1
r0003774,61484,cz1,cz1
r0003775,61492,cz1,cz2
r0003776,61500,cz1,cz2
r0003777,61508,cz1,cz2
r0003778,61516,cz1,cz2
r0003779,61524,cz1,cz2
r0003780,61532,cz1,cz2
r0003781,61540,cz1,cz2
r0003782,61548,cz1,cz2
r0003783,61556,cz1,cz2
r0003784,61564,cz1,cz2
r0003785,61572,cz1,cz2
r0003786,61580,cz1,cz2
r0003787,61588,cz1,cz2
r0003788,61596,cz1,cz2
r0003789,61604,cz1,cz2
r0003790,61612,cz1,cz2
r0003791,61620,cz1,cz2
r0003792,61628,cz1,cz2
r0003793,61636,cz1,cz2
r0003794,61644,cz1,cz2
r0003795,61652,cz1,cz2
r0003796,61659,cz1,cz2
r0003797,61668,cz1,cz2
r0003798,61675,cz1,cz2
r0003799,61684,cz1,cz2
r0003800,61691,cz1,cz2
r0003801,61700,cz1,cz2
r0003802,61708,cz1,cz2
r0003803,61716,cz1,cz3
r0003804,61724,cz1,cz3
r0003805,61732,cz1,cz3
r0003806,61740,cz1,cz3
r0003807,61748,cz1,cz3
r0003808,61756,cz1,cz3
r0003809,61764,cz1,cz3
r0003810,61772,cz1,cz3
r0003811,61780,cz1,cz3
r0003812,61788,cz1,cz3
r0003813,61796,cz1,cz3
r0003814,61804,cz1,cz3
r0003815,61812,cz1,cz3
r0003816,61820,cz1,cz3
r0003817,61828,cz1,cz3
r0003818,61836,cz1,cz3
r0003819,61844,cz1,cz3
r0003820,61852,cz1,cz3
r0003821,61860,cz1,cz3
r0003822,61868,cz1,cz3
r0003823,61876,cz1,cz3
r0003824,61884,cz1,cz3
r0003825,61892,cz1,cz3
r0003826,61900,cz1,cz3
r0003827,61908,cz1,cz3
r0003828,61916,cz1,cz3
r0003829,61924,cz1,cz3
r0003830,61932,cz1,cz3
r0003831,61940,cz1,cz3
r0003832,61948,cz1,cz3
r0003833,61956,cz1,cz3
r0003834,61964,cz1,cz3
r0003835,61972,cz1,cz3
r0003836,61980,cz1,cz3
r0003837,61988,cz1,cz3
r0003838,61996,cz1,cz3
r0003839,62004,cz1,cz3
r0003840,62012,cz1,cz3
r0003841,62020,cz1,cz4
r0003842,62028,cz1,cz4
r0003843,62036,cz1,cz4
r0003844,62044,cz1,cz4
r0003845,62052,cz1,cz4
r0003846,62060,cz1,cz4
r0003847,62068,cz1,cz4
r0003848,62076,cz1,cz4
r0003849,62084,cz1,cz4
r0003850,62092,cz1,cz4
r0003851,62100,cz1,cz4
r0003852,62108,cz1,cz4
r0003853,62115,cz1,cz4
r0003854,62124,cz1,cz4
r0003855,62132,cz1,cz4
r0003856,62140,cz1,cz4
r0003857,62147,cz1,cz4
r0003858,62156,cz1,cz4
r0003859,62164,cz1,cz4
r0003860,62172,cz1,cz4
r0003861,62179,cz1,cz4
r0003862,62188,cz1,cz4
r0003863,62196,cz1,cz4
r0003864,62204,cz1,cz4
r0003865,62211,cz1,cz4
r0003866,62220,cz1,cz4
r0003867,62228,cz2,cz1
r0003868,62236,cz2,cz1
r0003869,62244,cz2,cz1
r0003870,62252,cz2,cz1
r0003871,62260,cz2,cz1
r0003872,62268,cz2,cz1
r0003873,62276,cz2,cz1
r0003874,62284,cz2,cz1
r0003875,62292,cz2,cz1
r0003876,62300,cz2,cz1
r0003877,62308,cz2,cz1
r0003878,62316,cz2,cz1
r0003879,62324,cz2,cz1
r0003880,62332,cz2,cz1
r0003881,62340,cz2,cz1
r0003882,62348,cz2,cz1
r0003883,62356,cz2,cz1
r0003884,62364,cz2,cz1
r0003885,62372,cz2,cz1
r0003886,62380,cz2,cz1
r0003887,62388,cz2,cz1
r0003888,62396,cz2,cz1
r0003889,62404,cz2,cz1
r0003890,62412,cz2,cz1
r0003891,62420,cz2,cz1
r0003892,62428,cz2,cz1
r0003893,62436,cz2,cz1
r0003894,62444,cz2,cz1
r0003895,62452,cz2,cz2
r0003896,62460,cz2,cz2
r0003897,62468,cz2,cz2
r0003898,62476,cz2,cz2
r0003899,62484,cz2,cz2
r0003900,62492,cz2,cz2
r0003901,62500,cz2,cz2
r0003902,62508,cz2,cz2
r0003903,62516,cz2,cz2
r0003904,62524,cz2,cz2
r0003905,62532,cz2,cz2
r0003906,62540,cz2,cz2
r0003907,62548,cz2,cz2
r0003908,62556,cz2,cz2
r0003909,62564,cz2,cz2
r0003910,62572,cz2,cz2
r0003911,62580,cz2,cz2
r0003912,62588,cz2,cz2
r0003913,62596,cz2,cz2
r0003914,62604,cz2,cz2
r0003915,62612,cz2,cz2
r0003916,62620,cz2,cz2
r0003917,62628,cz2,cz2
r0003918,62636,cz2,cz2
r0003919,62644,cz2,cz2
r0003920,62652,cz2,cz2
r0003921,62660,cz2,cz2
r0003922,62668,cz2,cz3
r0003923,62676,cz2,cz3
r0003924,62684,cz2,cz3
r0003925,62692,cz2,cz3
r0003926,62700,cz2,cz3
r0003927,62708,cz2,cz3
r0003928,62716,cz2,cz3
r0003929,62724,cz2,cz3
r0003930,62732,cz2,cz3
r0003931,62740,cz2,cz3
r0003932,62748,cz2,cz3
r0003933,62756,cz2,cz3
r0003934,62764,cz2,cz3
r0003935,62772,cz2,cz3
r0003936,62780,cz2,cz3
r0003937,62788,cz2,cz3
r0003938,62796,cz2,cz3
r0003939,62804,cz2,cz3
r0003940,62812,cz2,cz3
r0003941,62820,cz2,cz3
r0003942,62828,cz2,cz3
r0003943,62836,cz2,cz3
r0003944,62844,cz2,cz3
r0003945,62852,cz2,cz3
r0003946,62860,cz2,cz3
r0003947,62868,cz2,cz3
r0003948,62876,cz2,cz3
r0003949,62884,cz2,cz4
r0003950,62892,cz2,cz4
r0003951,62900,cz2,cz4
r0003952,62908,cz2,cz4
r0003953,62916,cz2,cz4
r0003954,62924,cz2,cz4
r0003955,62932,cz2,cz4
r0003956,62940,cz2,cz4
r0003957,62948,cz2,cz4
r0003958,62956,cz2,cz4
r0003959,62964,cz2,cz4
r0003960,62972,cz2,cz4
r0003961,62980,cz2,cz4
r0003962,62988,cz2,cz4
r0003963,62996,cz2,cz4
r0003964,63003,cz2,cz4
r0003965,63011,cz2,cz4
r0003966,63020,cz2,cz4
r0003967,63028,cz2,cz4
r0003968,63036,cz2,cz4
r0003969,63044,cz3,cz1
r0003970,63052,cz3,cz1
r0003971,63060,cz3,cz1
r0003972,63067,cz3,cz1
r0003973,63076,cz3,cz1
r0003974,63084,cz3,cz1
r0003975,63092,cz3,cz1
r0003976,63100,cz3,cz1
r0003977,63108,cz3,cz1
r0003978,63116,cz3,cz1
r0003979,63124,cz3,cz1
r0003980,63131,cz3,cz1
r0003981,63140,cz3,cz1
r0003982,63148,cz3,cz1
r0003983,63156,cz3,cz1
r0003984,63164,cz3,cz1
r0003985,63172,cz3,cz1
r0003986,63180,cz3,cz1
r0003987,63187,cz3,cz1
r0003988,63195,cz3,cz1
r0003989,63204,cz3,cz1
r0003990,63212,cz3,cz1
r0003991,63220,cz3,cz1
r0003992,63228,cz3,cz1
r0003993,63236,cz3,cz1
r0003994,63244,cz3,cz1
r0003995,63252,cz3,cz1
r0003996,63260,cz3,cz1
r0003997,63268,cz3,cz1
r0003998,63276,cz3,cz1
r0003999,63284,cz3,cz1
r0004000,63292,cz3,cz1
r0004001,63300,cz3,cz1
r0004002,63308,cz3,cz1
r0004003,63316,cz3,cz1
r0004004,63324,cz3,cz1
r0004005,63332,cz3,cz1
r0004006,63340,cz3,cz2
r0004007,63348,cz3,cz2
r0004008,63356,cz3,cz2
r0004009,63364,cz3,cz2
r0004010,63372,cz3,cz2
r0004011,63380,cz3,cz2
r0004012,63388,cz3,cz2
r0004013,63396,cz3,cz2
r0004014,63404,cz3,cz2
r0004015,63412,cz3,cz2
r0004016,63420,cz3,cz2
r0004017,63428,cz3,cz2
r0004018,63436,cz3,cz2
r0004019,63444,cz3,cz2
r0004020,63452,cz3,cz2
r0004021,63460,cz3,cz2
r0004022,63468,cz3,cz2
r0004023,63476,cz3,cz2
r0004024,63484,cz3,cz2
r0004025,63492,cz3,cz2
r0004026,63500,cz3,cz2
r0004027,63508,cz3,cz2
r0004028,63516,cz3,cz2
r0004029,63524,cz3,cz2
r0004030,63532,cz3,cz2
r0004031,63540,cz3,cz2
r0004032,63548,cz3,cz3
r0004033,63556,cz3,cz3
r0004034,63564,cz3,cz3
r0004035,63572,cz3,cz3
r0004036,63580,cz3,cz3
r0004037,63588,cz3,cz3
r0004038,63596,cz3,cz3
r0004039,63604,cz3,cz3
r0004040,63612,cz3,cz3
r0004041,63620,cz3,cz3
r0004042,63628,cz3,cz3
r0004043,63636,cz3,cz3
r0004044,63644,cz3,cz3
r0004045,63652,cz3,cz3
r0004046,63660,cz3,cz3
r0004047,63668,cz3,cz3
r0004048,63676,cz3,cz3
r0004049,63684,cz3,cz3
r0004050,63692,cz3,cz3
r0004051,63700,cz3,cz3
r0004052,63708,cz3,cz3
r0004053,63716,cz3,cz3
r0004054,63724,cz3,cz3
r0004055,63732,cz3,cz3
r0004056,63740,cz3,cz3
r0004057,63748,cz3,cz3
r0004058,63756,cz3,cz3
r0004059,63764,cz3,cz3
r0004060,63772,cz3,cz3
r0004061,63780,cz3,cz3
r0004062,63788,cz3,cz3
r0004063,63796,cz3,cz3
r0004064,63804,cz3,cz3
r0004065,63812,cz3,cz3
r0004066,63820,cz3,cz3
r0004067,63828,cz3,cz3
r0004068,63836,cz3,cz3
r0004069,63844,cz3,cz3
r0004070,63852,cz3,cz3
r0004071,63860,cz3,cz4
r0004072,63868,cz3,cz4
r0004073,63876,cz3,cz4
r0004074,63884,cz3,cz4
r0004075,63892,cz3,cz4
r0004076,63900,cz3,cz4
r0004077,63908,cz3,cz4
r0004078,63916,cz3,cz4
r0004079,63924,cz3,cz4
r0004080,63932,cz3,cz4
r0004081,63940,cz3,cz4
r0004082,63948,cz3,cz4
r0004083,63956,cz3,cz4
r0004084,63964,cz3,cz4
r0004085,63972,cz3,cz4
r0004086,63980,cz3,cz4
r0004087,63988,cz3,cz4
r0004088,63996,cz3,cz4
r0004089,64004,cz3,cz4
r0004090,64012,cz3,cz4
r0004091,64020,cz3,cz4
r0004092,64028,cz3,cz4
r0004093,64036,cz3,cz4
r0004094,64044,cz3,cz4
r0004095,64052,cz3,cz4
r0004096,64060,cz3,cz4
r0004097,64068,cz4,cz1
r0004098,64076,cz4,cz1
r0004099,64084,cz4,cz1
r0004100,64092,cz4,cz1
r0004101,64100,cz4,cz1
r0004102,64108,cz4,cz1
r0004103,64116,cz4,cz1
r0004104,64124,cz4,cz1
r0004105,64132,cz4,cz1
r0004106,64140,cz4,cz1
r0004107,64148,cz4,cz1
r0004108,64156,cz4,cz1
r0004109,64164,cz4,cz1
r0004110,64172,cz4,cz1
r0004111,64180,cz4,cz1
r0004112,64188,cz4,cz1
r0004113,64196,cz4,cz1
r0004114,64204,cz4,cz1
r0004115,64212,cz4,cz1
r0004116,64220,cz4,cz1
r0004117,64228,cz4,cz1
r0004118,64236,cz4,cz1
r0004119,64244,cz4,cz1
r0004120,64252,cz4,cz1
r0004121,64260,cz4,cz1
r0004122,64268,cz4,cz1
r0004123,64276,cz4,cz2
r0004124,64284,cz4,cz2
r0004125,64292,cz4,cz2
r0004126,64300,cz4,cz2
r0004127,64308,cz4,cz2
r0004128,64316,cz4,cz2
r0004129,64324,cz4,cz2
r0004130,64332,cz4,cz2
r0004131,64340,cz4,cz2
r0004132,64348,cz4,cz2
r0004133,64356,cz4,cz2
r0004134,64364,cz4,cz2
r0004135,64372,cz4,cz2
r0004136,64380,cz4,cz2
r0004137,64388,cz4,cz2
r0004138,64396,cz4,cz2
r0004139,64404,cz4,cz2
r0004140,64412,cz4,cz2
r0004141,64420,cz4,cz2
r0004142,64428,cz4,cz2
r0004143,64436,cz4,cz3
r0004144,64444,cz4,cz3
r0004145,64452,cz4,cz3
r0004146,64460,cz4,cz3
r0004147,64468,cz4,cz3
r0004148,64476,cz4,cz3
r0004149,64484,cz4,cz3
r0004150,64492,cz4,cz3
r0004151,64500,cz4,cz3
r0004152,64508,cz4,cz3
r0004153,64516,cz4,cz3
r0004154,64524,cz4,cz3
r0004155,64532,cz4,cz3
r0004156,64540,cz4,cz3
r0004157,64548,cz4,cz3
r0004158,64556,cz4,cz3
r0004159,64564,cz4,cz3
r0004160,64572,cz4,cz3
r0004161,64580,cz4,cz3
r0004162,64588,cz4,cz3
r0004163,64596,cz4,cz3
r0004164,64604,cz4,cz3
r0004165,64612,cz4,cz3
r0004166,64620,cz4,cz3
r0004167,64628,cz4,cz3
r0004168,64636,cz4,cz3
r0004169,64644,cz4,cz3
r0004170,64652,cz4,cz4
r0004171,64660,cz4,cz4
r0004172,64668,cz4,cz4
r0004173,64676,cz4,cz4
r0004174,64684,cz4,cz4
r0004175,64692,cz4,cz4
r0004176,64700,cz4,cz4
r0004177,64708,cz4,cz4
r0004178,64716,cz4,cz4
r0004179,64724,cz4,cz4
r0004180,64732,cz4,cz4
r0004181,64740,cz4,cz4
r0004182,64748,cz4,cz4
r0004183,64756,cz4,cz4
r0004184,64764,cz4,cz4
r0004185,64772,cz4,cz4
r0004186,64780,cz4,cz4
r0004187,64788,cz4,cz4
r0004188,64796,cz4,cz4
r0004189,64804,cz1,cz1
r0004190,64812,cz1,cz1
r0004191,64821,cz1,cz1
r0004192,64830,cz1,cz1
r0004193,64838,cz1,cz1
r0004194,64847,cz1,cz1
r0004195,64856,cz1,cz1
r0004196,64864,cz1,cz1
r0004197,64873,cz1,cz1
r0004198,64882,cz1,cz1
r0004199,64890,cz1,cz1
r0004200,64899,cz1,cz1
r0004201,64907,cz1,cz1
r0004202,64916,cz1,cz1
r0004203,64925,cz1,cz1
r0004204,64933,cz1,cz1
r0004205,64942,cz1,cz1
r0004206,64951,cz1,cz1
r0004207,64959,cz1,cz1
r0004208,64968,cz1,cz1
r0004209,64976,cz1,cz1
r0004210,64985,cz1,cz1
r0004211,64994,cz1,cz1
r0004212,65002,cz1,cz1
r0004213,65011,cz1,cz1
r0004214,65020,cz1,cz1
r0004215,65028,cz1,cz1
r0004216,65037,cz1,cz1
r0004217,65046,cz1,cz1
r0004218,65054,cz1,cz1
r0004219,65063,cz1,cz1
r0004220,65071,cz1,cz1
r0004221,65080,cz1,cz1
r0004222,65089,cz1,cz1
r0004223,65097,cz1,cz2
r0004224,65106,cz1,cz2
r0004225,65115,cz1,cz2
r0004226,65123,cz1,cz2
r0004227,65132,cz1,cz2
r0004228,65141,cz1,cz2
r0004229,65149,cz1,cz2
r0004230,65158,cz1,cz2
r0004231,65166,cz1,cz2
r0004232,65175,cz1,cz2
r0004233,65184,cz1,cz2
r0004234,65192,cz1,cz2
r0004235,65201,cz1,cz2
r0004236,65210,cz1,cz2
r0004237,65218,cz1,cz2
r0004238,65227,cz1,cz2
r0004239,65235,cz1,cz2
r0004240,65244,cz1,cz2
r0004241,65253,cz1,cz2
r0004242,65261,cz1,cz2
r0004243,65270,cz1,cz2
r0004244,65279,cz1,cz2
r0004245,65287,cz1,cz2
r0004246,65296,cz1,cz2
r0004247,65305,cz1,cz2
r0004248,65313,cz1,cz2
r0004249,65322,cz1,cz3
r0004250,65330,cz1,cz3
r0004251,65339,cz1,cz3
r0004252,65348,cz1,cz3
r0004253,65356,cz1,cz3
r0004254,65365,cz1,cz3
r0004255,65374,cz1,cz3
r0004256,65382,cz1,cz3
r0004257,65391,cz1,cz3
r0004258,65400,cz1,cz3
r0004259,65408,cz1,cz3
r0004260,65417,cz1,cz3
r0004261,65425,cz1,cz3
r0004262,65434,cz1,cz3
r0004263,65443,cz1,cz3
r0004264,65451,cz1,cz3
r0004265,65460,cz1,cz3
r0004266,65469,cz1,cz3
r0004267,65477,cz1,cz3
r0004268,65486,cz1,cz3
r0004269,65494,cz1,cz3
r0004270,65503,cz1,cz3
r0004271,65512,cz1,cz3
r0004272,65520,cz1,cz3
r0004273,65529,cz1,cz3
r0004274,65538,cz1,cz3
r0004275,65546,cz1,cz3
r0004276,65555,cz1,cz3
r0004277,65564,cz1,cz3
r0004278,65572,cz1,cz3
r0004279,65581,cz1,cz3
r0004280,65589,cz1,cz3
r0004281,65598,cz1,cz3
r0004282,65607,cz1,cz3
r0004283,65615,cz1,cz3
r0004284,65624,cz1,cz4
r0004285,65633,cz1,cz4
r0004286,65641,cz1,cz4
r0004287,65650,cz1,cz4
r0004288,65658,cz1,cz4
r0004289,65667,cz1,cz4
r0004290,65676,cz1,cz4
r0004291,65684,cz1,cz4
r0004292,65693,cz1,cz4
r0004293,65702,cz1,cz4
r0004294,65710,cz1,cz4
r0004295,65719,cz1,cz4
r0004296,65728,cz1,cz4
r0004297,65736,cz1,cz4
r0004298,65745,cz1,cz4
r0004299,65753,cz1,cz4
r0004300,65762,cz1,cz4
r0004301,65771,cz1,cz4
r0004302,65779,cz1,cz4
r0004303,65788,cz1,cz4
r0004304,65797,cz1,cz4
r0004305,65805,cz1,cz4
r0004306,65814,cz1,cz4
r0004307,65823,cz1,cz4
r0004308,65831,cz2,cz1
r0004309,65840,cz2,cz1
r0004310,65848,cz2,cz1
r0004311,65857,cz2,cz1
r0004312,65866,cz2,cz1
r0004313,65874,cz2,cz1
r0004314,65883,cz2,cz1
r0004315,65892,cz2,cz1
r0004316,65900,cz2,cz1
r0004317,65909,cz2,cz1
r0004318,65917,cz2,cz1
r0004319,65926,cz2,cz1
r0004320,65935,cz2,cz1
r0004321,65943,cz2,cz1
r0004322,65952,cz2,cz1
r0004323,65961,cz2,cz1
r0004324,65969,cz2,cz1
r0004325,65978,cz2,cz1
r0004326,65987,cz2,cz1
r0004327,65995,cz2,cz1
r0004328,66004,cz2,cz1
r0004329,66012,cz2,cz1
r0004330,66021,cz2,cz1
r0004331,66030,cz2,cz1
r0004332,66038,cz2,cz1
r0004333,66047,cz2,cz1
r0004334,66056,cz2,cz2
r0004335,66064,cz2,cz2
r0004336,66073,cz2,cz2
r0004337,66082,cz2,cz2
r0004338,66090,cz2,cz2
r0004339,66099,cz2,cz2
r0004340,66107,cz2,cz2
r0004341,66116,cz2,cz2
r0004342,66125,cz2,cz2
r0004343,66133,cz2,cz2
r0004344,66142,cz2,cz2
r0004345,66151,cz2,cz2
r0004346,66159,cz2,cz2
r0004347,66168,cz2,cz2
r0004348,66176,cz2,cz2
r0004349,66185,cz2,cz2
r0004350,66194,cz2,cz2
r0004351,66202,cz2,cz2
r0004352,66211,cz2,cz2
r0004353,66220,cz2,cz2
r0004354,66228,cz2,cz2
r0004355,66237,cz2,cz2
r0004356,66246,cz2,cz2
r0004357,66254,cz2,cz2
r0004358,66263,cz2,cz2
r0004359,66271,cz2,cz3
r0004360,66280,cz2,cz3
r0004361,66289,cz2,cz3
r0004362,66297,cz2,cz3
r0004363,66306,cz2,cz3
r0004364,66315,cz2,cz3
r0004365,66323,cz2,cz3
r0004366,66332,cz2,cz3
r0004367,66341,cz2,cz3
r0004368,66349,cz2,cz3
r0004369,66358,cz2,cz3
r0004370,66366,cz2,cz3
r0004371,66375,cz2,cz3
r0004372,66384,cz2,cz3
r0004373,66392,cz2,cz3
r0004374,66401,cz2,cz3
r0004375,66410,cz2,cz3
r0004376,66418,cz2,cz3
r0004377,66427,cz2,cz3
r0004378,66435,cz2,cz3
r0004379,66444,cz2,cz3
r0004380,66453,cz2,cz3
r0004381,66461,cz2,cz3
r0004382,66470,cz2,cz3
r0004383,66479,cz2,cz3
r0004384,66487,cz2,cz4
r0004385,66496,cz2,cz4
r0004386,66505,cz2,cz4
r0004387,66513,cz2,cz4
r0004388,66522,cz2,cz4
r0004389,66530,cz2,cz4
r0004390,66539,cz2,cz4
r0004391,66548,cz2,cz4
r0004392,66556,cz2,cz4
r0004393,66565,cz2,cz4
r0004394,66574,cz2,cz4
r0004395,66582,cz2,cz4
r0004396,66591,cz2,cz4
r0004397,66600,cz2,cz4
r0004398,66608,cz2,cz4
r0004399,66617,cz2,cz4
r0004400,66625,cz2,cz4
r0004401,66634,cz2,cz4
r0004402,66643,cz3,cz1
r0004403,66651,cz3,cz1
r0004404,66660,cz3,cz1
r0004405,66669,cz3,cz1
r0004406,66677,cz3,cz1
r0004407,66686,cz3,cz1
r0004408,66694,cz3,cz1
r0004409,66703,cz3,cz1
r0004410,66712,cz3,cz1
r0004411,66720,cz3,cz1
r0004412,66729,cz3,cz1
r0004413,66738,cz3,cz1
r0004414,66746,cz3,cz1
r0004415,66755,cz3,cz1
r0004416,66764,cz3,cz1
r0004417,66772,cz3,cz1
r0004418,66781,cz3,cz1
r0004419,66789,cz3,cz1
r0004420,66798,cz3,cz1
r0004421,66807,cz3,cz1
r0004422,66815,cz3,cz1
r0004423,66824,cz3,cz1
r0004424,66833,cz3,cz1
r0004425,66841,cz3,cz1
r0004426,66850,cz3,cz1
r0004427,66858,cz3,cz1
r0004428,66867,cz3,cz1
r0004429,66876,cz3,cz1
r0004430,66884,cz3,cz1
r0004431,66893,cz3,cz1
r0004432,66902,cz3,cz1
r0004433,66910,cz3,cz1
r0004434,66919,cz3,cz1
r0004435,66928,cz3,cz1
r0004436,66936,cz3,cz2
r0004437,66945,cz3,cz2
r0004438,66953,cz3,cz2
r0004439,66962,cz3,cz2
r0004440,66971,cz3,cz2
r0004441,66979,cz3,cz2
r0004442,66988,cz3,cz2
r0004443,66997,cz3,cz2
r0004444,67005,cz3,cz2
r0004445,67014,cz3,cz2
r0004446,67023,cz3,cz2
r0004447,67031,cz3,cz2
r0004448,67040,cz3,cz2
r0004449,67048,cz3,cz2
r0004450,67057,cz3,cz2
r0004451,67066,cz3,cz2
r0004452,67074,cz3,cz2
r0004453,67083,cz3,cz2
r0004454,67092,cz3,cz2
r0004455,67100,cz3,cz2
r0004456,67109,cz3,cz2
r0004457,67117,cz3,cz2
r0004458,67126,cz3,cz2
r0004459,67135,cz3,cz2
r0004460,67143,cz3,cz3
r0004461,67152,cz3,cz3
r0004462,67161,cz3,cz3
r0004463,67169,cz3,cz3
r0004464,67178,cz3,cz3
r0004465,67187,cz3,cz3
r0004466,67195,cz3,cz3
r0004467,67204,cz3,cz3
r0004468,67212,cz3,cz3
r0004469,67221,cz3,cz3
r0004470,67230,cz3,cz3
r0004471,67238,cz3,cz3
r0004472,67247,cz3,cz3
r0004473,67256,cz3,cz3
r0004474,67264,cz3,cz3
r0004475,67273,cz3,cz3
r0004476,67282,cz3,cz3
r0004477,67290,cz3,cz3
r0004478,67299,cz3,cz3
r0004479,67307,cz3,cz3
r0004480,67316,cz3,cz3
r0004481,67325,cz3,cz3
r0004482,67333,cz3,cz3
r0004483,67342,cz3,cz3
r0004484,67351,cz3,cz3
r0004485,67359,cz3,cz3
r0004486,67368,cz3,cz3
r0004487,67376,cz3,cz3
r0004488,67385,cz3,cz3
r0004489,67394,cz3,cz3
r0004490,67402,cz3,cz3
r0004491,67411,cz3,cz3
r0004492,67420,cz3,cz3
r0004493,67428,cz3,cz3
r0004494,67437,cz3,cz3
r0004495,67446,cz3,cz3
r0004496,67454,cz3,cz3
r0004497,67463,cz3,cz4
r0004498,67471,cz3,cz4
r0004499,67480,cz3,cz4
r0004500,67489,cz3,cz4
r0004501,67497,cz3,cz4
r0004502,67506,cz3,cz4
r0004503,67515,cz3,cz4
r0004504,67523,cz3,cz4
r0004505,67532,cz3,cz4
r0004506,67541,cz3,cz4
r0004507,67549,cz3,cz4
r0004508,67558,cz3,cz4
r0004509,67566,cz3,cz4
r0004510,67575,cz3,cz4
r0004511,67584,cz3,cz4
r0004512,67592,cz3,cz4
r0004513,67601,cz3,cz4
r0004514,67610,cz3,cz4
r0004515,67618,cz3,cz4
r0004516,67627,cz3,cz4
r0004517,67635,cz3,cz4
r0004518,67644,cz3,cz4
r0004519,67653,cz3,cz4
r0004520,67661,cz3,cz4
r0004521,67670,cz3,cz4
r0004522,67679,cz4,cz1
r0004523,67687,cz4,cz1
r0004524,67696,cz4,cz1
r0004525,67705,cz4,cz1
r0004526,67713,cz4,cz1
r0004527,67722,cz4,cz1
r0004528,67730,cz4,cz1
r0004529,67739,cz4,cz1
r0004530,67748,cz4,cz1
r0004531,67756,cz4,cz1
r0004532,67765,cz4,cz1
r0004533,67774,cz4,cz1
r0004534,67782,cz4,cz1
r0004535,67791,cz4,cz1
r0004536,67800,cz4,cz1
r0004537,67808,cz4,cz1
r0004538,67817,cz4,cz1
r0004539,67825,cz4,cz1
r0004540,67834,cz4,cz1
r0004541,67843,cz4,cz1
r0004542,67851,cz4,cz1
r0004543,67860,cz4,cz1
r0004544,67869,cz4,cz1
r0004545,67877,cz4,cz1
r0004546,67886,cz4,cz2
r0004547,67894,cz4,cz2
r0004548,67903,cz4,cz2
r0004549,67912,cz4,cz2
r0004550,67920,cz4,cz2
r0004551,67929,cz4,cz2
r0004552,67938,cz4,cz2
r0004553,67946,cz4,cz2
r0004554,67955,cz4,cz2
r0004555,67964,cz4,cz2
r0004556,67972,cz4,cz2
r0004557,67981,cz4,cz2
r0004558,67989,cz4,cz2
r0004559,67998,cz4,cz2
r0004560,68007,cz4,cz2
r0004561,68015,cz4,cz2
r0004562,68024,cz4,cz2
r0004563,68033,cz4,cz2
r0004564,68041,cz4,cz3
r0004565,68050,cz4,cz3
r0004566,68058,cz4,cz3
r0004567,68067,cz4,cz3
r0004568,68076,cz4,cz3
r0004569,68084,cz4,cz3
r0004570,68093,cz4,cz3
r0004571,68102,cz4,cz3
r0004572,68110,cz4,cz3
r0004573,68119,cz4,cz3
r0004574,68128,cz4,cz3
r0004575,68136,cz4,cz3
r0004576,68145,cz4,cz3
r0004577,68153,cz4,cz3
r0004578,68162,cz4,cz3
r0004579,68171,cz4,cz3
r0004580,68179,cz4,cz3
r0004581,68188,cz4,cz3
r0004582,68197,cz4,cz3
r0004583,68205,cz4,cz3
r0004584,68214,cz4,cz3
r0004585,68223,cz4,cz3
r0004586,68231,cz4,cz3
r0004587,68240,cz4,cz3
r0004588,68248,cz4,cz3
r0004589,68257,cz4,cz4
r0004590,68266,cz4,cz4
r0004591,68274,cz4,cz4
r0004592,68283,cz4,cz4
r0004593,68292,cz4,cz4
r0004594,68300,cz4,cz4
r0004595,68309,cz4,cz4
r0004596,68317,cz4,cz4
r0004597,68326,cz4,cz4
r0004598,68335,cz4,cz4
r0004599,68343,cz4,cz4
r0004600,68352,cz4,cz4
r0004601,68361,cz4,cz4
r0004602,68369,cz4,cz4
r0004603,68378,cz4,cz4
r0004604,68387,cz4,cz4
r0004605,68395,cz4,cz4
r0004606,68405,cz1,cz1
r0004607,68417,cz1,cz1
r0004608,68428,cz1,cz1
r0004609,68440,cz1,cz1
r0004610,68451,cz1,cz1
r0004611,68462,cz1,cz1
r0004612,68474,cz1,cz1
r0004613,68485,cz1,cz1
r0004614,68497,cz1,cz1
r0004615,68508,cz1,cz1
r0004616,68520,cz1,cz1
r0004617,68531,cz1,cz1
r0004618,68542,cz1,cz1
r0004619,68554,cz1,cz1
r0004620,68565,cz1,cz1
r0004621,68577,cz1,cz1
r0004622,68588,cz1,cz1
r0004623,68600,cz1,cz1
r0004624,68611,cz1,cz1
r0004625,68622,cz1,cz1
r0004626,68634,cz1,cz1
r0004627,68645,cz1,cz1
r0004628,68657,cz1,cz1
r0004629,68668,cz1,cz1
r0004630,68680,cz1,cz1
r0004631,68691,cz1,cz2
r0004632,68702,cz1,cz2
r0004633,68714,cz1,cz2
r0004634,68725,cz1,cz2
r0004635,68737,cz1,cz2
r0004636,68748,cz1,cz2
r0004637,68760,cz1,cz2
r0004638,68771,cz1,cz2
r0004639,68782,cz1,cz2
r0004640,68794,cz1,cz2
r0004641,68805,cz1,cz2
r0004642,68817,cz1,cz2
r0004643,68828,cz1,cz2
r0004644,68840,cz1,cz2
r0004645,68851,cz1,cz2
r0004646,68862,cz1,cz2
r0004647,68874,cz1,cz2
r0004648,68885,cz1,cz2
r0004649,68897,cz1,cz2
r0004650,68908,cz1,cz3
r0004651,68920,cz1,cz3
r0004652,68931,cz1,cz3
r0004653,68942,cz1,cz3
r0004654,68954,cz1,cz3
r0004655,68965,cz1,cz3
r0004656,68977,cz1,cz3
r0004657,68988,cz1,cz3
r0004658,69000,cz1,cz3
r0004659,69011,cz1,cz3
r0004660,69022,cz1,cz3
r0004661,69034,cz1,cz3
r0004662,69045,cz1,cz3
r0004663,69057,cz1,cz3
r0004664,69068,cz1,cz3
r0004665,69080,cz1,cz3
r0004666,69091,cz1,cz3
r0004667,69102,cz1,cz3
r0004668,69114,cz1,cz3
r0004669,69125,cz1,cz3
r0004670,69137,cz1,cz3
r0004671,69148,cz1,cz3
r0004672,69160,cz1,cz3
r0004673,69171,cz1,cz3
r0004674,69182,cz1,cz3
r0004675,69194,cz1,cz3
r0004676,69205,cz1,cz4
r0004677,69217,cz1,cz4
r0004678,69228,cz1,cz4
r0004679,69240,cz1,cz4
r0004680,69251,cz1,cz4
r0004681,69262,cz1,cz4
r0004682,69274,cz1,cz4
r0004683,69285,cz1,cz4
r0004684,69297,cz1,cz4
r0004685,69308,cz1,cz4
r0004686,69319,cz1,cz4
r0004687,69331,cz1,cz4
r0004688,69342,cz1,cz4
r0004689,69354,cz1,cz4
r0004690,69365,cz1,cz4
r0004691,69377,cz1,cz4
r0004692,69388,cz1,cz4
r0004693,69400,cz1,cz4
r0004694,69411,cz2,cz1
r0004695,69422,cz2,cz1
r0004696,69434,cz2,cz1
r0004697,69445,cz2,cz1
r0004698,69457,cz2,cz1
r0004699,69468,cz2,cz1
r0004700,69480,cz2,cz1
r0004701,69491,cz2,cz1
r0004702,69502,cz2,cz1
r0004703,69514,cz2,cz1
r0004704,69525,cz2,cz1
r0004705,69537,cz2,cz1
r0004706,69548,cz2,cz1
r0004707,69560,cz2,cz1
r0004708,69571,cz2,cz1
r0004709,69582,cz2,cz1
r0004710,69594,cz2,cz1
r0004711,69605,cz2,cz1
r0004712,69617,cz2,cz1
r0004713,69628,cz2,cz1
r0004714,69640,cz2,cz2
r0004715,69651,cz2,cz2
r0004716,69662,cz2,cz2
r0004717,69674,cz2,cz2
r0004718,69685,cz2,cz2
r0004719,69697,cz2,cz2
r0004720,69708,cz2,cz2
r0004721,69720,cz2,cz2
r0004722,69731,cz2,cz2
r0004723,69742,cz2,cz2
r0004724,69754,cz2,cz2
r0004725,69765,cz2,cz2
r0004726,69777,cz2,cz2
r0004727,69788,cz2,cz2
r0004728,69800,cz2,cz2
r0004729,69811,cz2,cz2
r0004730,69822,cz2,cz2
r0004731,69834,cz2,cz2
r0004732,69845,cz2,cz2
r0004733,69857,cz2,cz3
r0004734,69868,cz2,cz3
r0004735,69880,cz2,cz3
r0004736,69891,cz2,cz3
r0004737,69902,cz2,cz3
r0004738,69914,cz2,cz3
r0004739,69925,cz2,cz3
r0004740,69937,cz2,cz3
r0004741,69948,cz2,cz3
r0004742,69960,cz2,cz3
r0004743,69971,cz2,cz3
r0004744,69982,cz2,cz3
r0004745,69994,cz2,cz3
r0004746,70005,cz2,cz3
r0004747,70017,cz2,cz3
r0004748,70028,cz2,cz3
r0004749,70040,cz2,cz3
r0004750,70051,cz2,cz3
r0004751,70062,cz2,cz3
r0004752,70074,cz2,cz4
r0004753,70085,cz2,cz4
r0004754,70097,cz2,cz4
r0004755,70108,cz2,cz4
r0004756,70120,cz2,cz4
r0004757,70131,cz2,cz4
r0004758,70142,cz2,cz4
r0004759,70154,cz2,cz4
r0004760,70165,cz2,cz4
r0004761,70177,cz2,cz4
r0004762,70188,cz2,cz4
r0004763,70200,cz2,cz4
r0004764,70211,cz2,cz4
r0004765,70222,cz2,cz4
r0004766,70234,cz3,cz1
r0004767,70245,cz3,cz1
r0004768,70257,cz3,cz1
r0004769,70268,cz3,cz1
r0004770,70280,cz3,cz1
r0004771,70291,cz3,cz1
r0004772,70302,cz3,cz1
r0004773,70314,cz3,cz1
r0004774,70325,cz3,cz1
r0004775,70337,cz3,cz1
r0004776,70348,cz3,cz1
r0004777,70359,cz3,cz1
r0004778,70371,cz3,cz1
r0004779,70382,cz3,cz1
r0004780,70394,cz3,cz1
r0004781,70405,cz3,cz1
r0004782,70417,cz3,cz1
r0004783,70428,cz3,cz1
r0004784,70440,cz3,cz1
r0004785,70451,cz3,cz1
r0004786,70462,cz3,cz1
r0004787,70474,cz3,cz1
r0004788,70485,cz3,cz1
r0004789,70497,cz3,cz1
r0004790,70508,cz3,cz1
r0004791,70520,cz3,cz1
r0004792,70531,cz3,cz2
r0004793,70542,cz3,cz2
r0004794,70554,cz3,cz2
r0004795,70565,cz3,cz2
r0004796,70577,cz3,cz2
r0004797,70588,cz3,cz2
r0004798,70600,cz3,cz2
r0004799,70611,cz3,cz2
r0004800,70622,cz3,cz2
r0004801,70634,cz3,cz2
r0004802,70645,cz3,cz2
r0004803,70657,cz3,cz2
r0004804,70668,cz3,cz2
r0004805,70680,cz3,cz2
r0004806,70691,cz3,cz2
r0004807,70702,cz3,cz2
r0004808,70714,cz3,cz2
r0004809,70725,cz3,cz2
r0004810,70737,cz3,cz3
r0004811,70748,cz3,cz3
r0004812,70760,cz3,cz3
r0004813,70771,cz3,cz3
r0004814,70782,cz3,cz3
r0004815,70794,cz3,cz3
r0004816,70805,cz3,cz3
r0004817,70817,cz3,cz3
r0004818,70828,cz3,cz3
r0004819,70840,cz3,cz3
r0004820,70851,cz3,cz3
r0004821,70862,cz3,cz3
r0004822,70874,cz3,cz3
r0004823,70885,cz3,cz3
r0004824,70897,cz3,cz3
r0004825,70908,cz3,cz3
r0004826,70920,cz3,cz3
r0004827,70931,cz3,cz3
r0004828,70942,cz3,cz3
r0004829,70954,cz3,cz3
r0004830,70965,cz3,cz3
r0004831,70977,cz3,cz3
r0004832,70988,cz3,cz3
r0004833,71000,cz3,cz3
r0004834,71011,cz3,cz3
r0004835,71022,cz3,cz3
r0004836,71034,cz3,cz3
r0004837,71045,cz3,cz3
r0004838,71057,cz3,cz4
r0004839,71068,cz3,cz4
r0004840,71080,cz3,cz4
r0004841,71091,cz3,cz4
r0004842,71102,cz3,cz4
r0004843,71114,cz3,cz4
r0004844,71125,cz3,cz4
r0004845,71137,cz3,cz4
r0004846,71148,cz3,cz4
r0004847,71160,cz3,cz4
r0004848,71171,cz3,cz4
r0004849,71182,cz3,cz4
r0004850,71194,cz3,cz4
r0004851,71205,cz3,cz4
r0004852,71217,cz3,cz4
r0004853,71228,cz3,cz4
r0004854,71240,cz3,cz4
r0004855,71251,cz3,cz4
r0004856,71262,cz3,cz4
r0004857,71274,cz4,cz1
r0004858,71285,cz4,cz1
r0004859,71297,cz4,cz1
r0004860,71308,cz4,cz1
r0004861,71320,cz4,cz1
r0004862,71331,cz4,cz1
r0004863,71342,cz4,cz1
r0004864,71354,cz4,cz1
r0004865,71365,cz4,cz1
r0004866,71377,cz4,cz1
r0004867,71388,cz4,cz1
r0004868,71400,cz4,cz1
r0004869,71411,cz4,cz1
r0004870,71422,cz4,cz1
r0004871,71434,cz4,cz1
r0004872,71445,cz4,cz1
r0004873,71457,cz4,cz1
r0004874,71468,cz4,cz1
r0004875,71480,cz4,cz2
r0004876,71491,cz4,cz2
r0004877,71502,cz4,cz2
r0004878,71514,cz4,cz2
r0004879,71525,cz4,cz2
r0004880,71537,cz4,cz2
r0004881,71548,cz4,cz2
r0004882,71560,cz4,cz2
r0004883,71571,cz4,cz2
r0004884,71582,cz4,cz2
r0004885,71594,cz4,cz2
r0004886,71605,cz4,cz2
r0004887,71617,cz4,cz2
r0004888,71628,cz4,cz2
r0004889,71640,cz4,cz3
r0004890,71651,cz4,cz3
r0004891,71662,cz4,cz3
r0004892,71674,cz4,cz3
r0004893,71685,cz4,cz3
r0004894,71697,cz4,cz3
r0004895,71708,cz4,cz3
r0004896,71720,cz4,cz3
r0004897,71731,cz4,cz3
r0004898,71742,cz4,cz3
r0004899,71754,cz4,cz3
r0004900,71765,cz4,cz3
r0004901,71777,cz4,cz3
r0004902,71788,cz4,cz3
r0004903,71800,cz4,cz3
r0004904,71811,cz4,cz3
r0004905,71822,cz4,cz3
r0004906,71834,cz4,cz3
r0004907,71845,cz4,cz3
r0004908,71857,cz4,cz4
r0004909,71868,cz4,cz4
r0004910,71880,cz4,cz4
r0004911,71891,cz4,cz4
r0004912,71902,cz4,cz4
r0004913,71914,cz4,cz4
r0004914,71925,cz4,cz4
r0004915,71937,cz4,cz4
r0004916,71948,cz4,cz4
r0004917,71960,cz4,cz4
r0004918,71971,cz4,cz4
r0004919,71982,cz4,cz4
r0004920,71994,cz4,cz4
r0004921,72008,cz1,cz1
r0004922,72024,cz1,cz1
r0004923,72040,cz1,cz1
r0004924,72056,cz1,cz1
r0004925,72072,cz1,cz1
r0004926,72089,cz1,cz1
r0004927,72105,cz1,cz1
r0004928,72121,cz1,cz1
r0004929,72137,cz1,cz1
r0004930,72154,cz1,cz1
r0004931,72170,cz1,cz1
r0004932,72186,cz1,cz1
r0004933,72202,cz1,cz1
r0004934,72218,cz1,cz1
r0004935,72235,cz1,cz1
r0004936,72251,cz1,cz1
r0004937,72267,cz1,cz1
r0004938,72283,cz1,cz1
r0004939,72300,cz1,cz2
r0004940,72316,cz1,cz2
r0004941,72332,cz1,cz2
r0004942,72348,cz1,cz2
r0004943,72364,cz1,cz2
r0004944,72381,cz1,cz2
r0004945,72397,cz1,cz2
r0004946,72413,cz1,cz2
r0004947,72429,cz1,cz2
r0004948,72445,cz1,cz2
r0004949,72462,cz1,cz2
r0004950,72478,cz1,cz2
r0004951,72494,cz1,cz2
r0004952,72510,cz1,cz2
r0004953,72527,cz1,cz3
r0004954,72543,cz1,cz3
r0004955,72559,cz1,cz3
r0004956,72575,cz1,cz3
r0004957,72591,cz1,cz3
r0004958,72608,cz1,cz3
r0004959,72624,cz1,cz3
r0004960,72640,cz1,cz3
r0004961,72656,cz1,cz3
r0004962,72672,cz1,cz3
r0004963,72689,cz1,cz3
r0004964,72705,cz1,cz3
r0004965,72721,cz1,cz3
r0004966,72737,cz1,cz3
r0004967,72754,cz1,cz3
r0004968,72770,cz1,cz3
r0004969,72786,cz1,cz3
r0004970,72802,cz1,cz3
r0004971,72818,cz1,cz4
r0004972,72835,cz1,cz4
r0004973,72851,cz1,cz4
r0004974,72867,cz1,cz4
r0004975,72883,cz1,cz4
r0004976,72900,cz1,cz4
r0004977,72916,cz1,cz4
r0004978,72932,cz1,cz4
r0004979,72948,cz1,cz4
r0004980,72964,cz1,cz4
r0004981,72981,cz1,cz4
r0004982,72997,cz1,cz4
r0004983,73013,cz1,cz4
r0004984,73029,cz2,cz1
r0004985,73045,cz2,cz1
r0004986,73062,cz2,cz1
r0004987,73078,cz2,cz1
r0004988,73094,cz2,cz1
r0004989,73110,cz2,cz1
r0004990,73127,cz2,cz1
r0004991,73143,cz2,cz1
r0004992,73159,cz2,cz1
r0004993,73175,cz2,cz1
r0004994,73191,cz2,cz1
r0004995,73208,cz2,cz1
r0004996,73224,cz2,cz1
r0004997,73240,cz2,cz1
r0004998,73256,cz2,cz2
r0004999,73272,cz2,cz2
r0005000,73289,cz2,cz2
r0005001,73305,cz2,cz2
r0005002,73321,cz2,cz2
r0005003,73337,cz2,cz2
r0005004,73354,cz2,cz2
r0005005,73370,cz2,cz2
r0005006,73386,cz2,cz2
r0005007,73402,cz2,cz2
r0005008,73418,cz2,cz2
r0005009,73435,cz2,cz2
r0005010,73451,cz2,cz2
r0005011,73467,cz2,cz3
r0005012,73483,cz2,cz3
r0005013,73500,cz2,cz3
r0005014,73516,cz2,cz3
r0005015,73532,cz2,cz3
r0005016,73548,cz2,cz3
r0005017,73564,cz2,cz3
r0005018,73581,cz2,cz3
r0005019,73597,cz2,cz3
r0005020,73613,cz2,cz3
r0005021,73629,cz2,cz3
r0005022,73645,cz2,cz3
r0005023,73662,cz2,cz3
r0005024,73678,cz2,cz4
r0005025,73694,cz2,cz4
r0005026,73710,cz2,cz4
r0005027,73727,cz2,cz4
r0005028,73743,cz2,cz4
r0005029,73759,cz2,cz4
r0005030,73775,cz2,cz4
r0005031,73791,cz2,cz4
r0005032,73808,cz2,cz4
r0005033,73824,cz2,cz4
r0005034,73840,cz3,cz1
r0005035,73856,cz3,cz1
r0005036,73872,cz3,cz1
r0005037,73889,cz3,cz1
r0005038,73905,cz3,cz1
r0005039,73921,cz3,cz1
r0005040,73937,cz3,cz1
r0005041,73954,cz3,cz1
r0005042,73970,cz3,cz1
r0005043,73986,cz3,cz1
r0005044,74002,cz3,cz1
r0005045,74018,cz3,cz1
r0005046,74035,cz3,cz1
r0005047,74051,cz3,cz1
r0005048,74067,cz3,cz1
r0005049,74083,cz3,cz1
r0005050,74100,cz3,cz1
r0005051,74116,cz3,cz1
r0005052,74132,cz3,cz2
r0005053,74148,cz3,cz2
r0005054,74164,cz3,cz2
r0005055,74181,cz3,cz2
r0005056,74197,cz3,cz2
r0005057,74213,cz3,cz2
r0005058,74229,cz3,cz2
r0005059,74245,cz3,cz2
r0005060,74262,cz3,cz2
r0005061,74278,cz3,cz2
r0005062,74294,cz3,cz2
r0005063,74310,cz3,cz2
r0005064,74327,cz3,cz2
r0005065,74343,cz3,cz3
r0005066,74359,cz3,cz3
r0005067,74375,cz3,cz3
r0005068,74391,cz3,cz3
r0005069,74408,cz3,cz3
r0005070,74424,cz3,cz3
r0005071,74440,cz3,cz3
r0005072,74456,cz3,cz3
r0005073,74472,cz3,cz3
r0005074,74489,cz3,cz3
r0005075,74505,cz3,cz3
r0005076,74521,cz3,cz3
r0005077,74537,cz3,cz3
r0005078,74554,cz3,cz3
r0005079,74570,cz3,cz3
r0005080,74586,cz3,cz3
r0005081,74602,cz3,cz3
r0005082,74618,cz3,cz3
r0005083,74635,cz3,cz3
r0005084,74651,cz3,cz4
r0005085,74667,cz3,cz4
r0005086,74683,cz3,cz4
r0005087,74700,cz3,cz4
r0005088,74716,cz3,cz4
r0005089,74732,cz3,cz4
r0005090,74748,cz3,cz4
r0005091,74764,cz3,cz4
r0005092,74781,cz3,cz4
r0005093,74797,cz3,cz4
r0005094,74813,cz3,cz4
r0005095,74829,cz3,cz4
r0005096,74845,cz3,cz4
r0005097,74862,cz4,cz1
r0005098,74878,cz4,cz1
r0005099,74894,cz4,cz1
r0005100,74910,cz4,cz1
r0005101,74927,cz4,cz1
r0005102,74943,cz4,cz1
r0005103,74959,cz4,cz1
r0005104,74975,cz4,cz1
r0005105,74991,cz4,cz1
r0005106,75008,cz4,cz1
r0005107,75024,cz4,cz1
r0005108,75040,cz4,cz1
r0005109,75056,cz4,cz1
r0005110,75072,cz4,cz2
r0005111,75089,cz4,cz2
r0005112,75105,cz4,cz2
r0005113,75121,cz4,cz2
r0005114,75137,cz4,cz2
r0005115,75154,cz4,cz2
r0005116,75170,cz4,cz2
r0005117,75186,cz4,cz2
r0005118,75202,cz4,cz2
r0005119,75218,cz4,cz2
r0005120,75235,cz4,cz3
r0005121,75251,cz4,cz3
r0005122,75267,cz4,cz3
r0005123,75283,cz4,cz3
r0005124,75300,cz4,cz3
r0005125,75316,cz4,cz3
r0005126,75332,cz4,cz3
r0005127,75348,cz4,cz3
r0005128,75364,cz4,cz3
r0005129,75381,cz4,cz3
r0005130,75397,cz4,cz3
r0005131,75413,cz4,cz3
r0005132,75429,cz4,cz3
r0005133,75445,cz4,cz3
r0005134,75462,cz4,cz4
r0005135,75478,cz4,cz4
r0005136,75494,cz4,cz4
r0005137,75510,cz4,cz4
r0005138,75527,cz4,cz4
r0005139,75543,cz4,cz4
r0005140,75559,cz4,cz4
r0005141,75575,cz4,cz4
r0005142,75591,cz4,cz4
r0005143,75609,cz1,cz1
r0005144,75629,cz1,cz1
r0005145,75649,cz1,cz1
r0005146,75669,cz1,cz1
r0005147,75689,cz1,cz1
r0005148,75709,cz1,cz1
r0005149,75729,cz1,cz1
r0005150,75749,cz1,cz1
r0005151,75769,cz1,cz1
r0005152,75788,cz1,cz1
r0005153,75808,cz1,cz1
r0005154,75828,cz1,cz1
r0005155,75848,cz1,cz1
r0005156,75868,cz1,cz1
r0005157,75888,cz1,cz2
r0005158,75908,cz1,cz2
r0005159,75928,cz1,cz2
r0005160,75948,cz1,cz2
r0005161,75967,cz1,cz2
r0005162,75987,cz1,cz2
r0005163,76007,cz1,cz2
r0005164,76027,cz1,cz2
r0005165,76047,cz1,cz2
r0005166,76067,cz1,cz2
r0005167,76087,cz1,cz2
r0005168,76107,cz1,cz3
r0005169,76127,cz1,cz3
r0005170,76146,cz1,cz3
r0005171,76166,cz1,cz3
r0005172,76186,cz1,cz3
r0005173,76206,cz1,cz3
r0005174,76226,cz1,cz3
r0005175,76246,cz1,cz3
r0005176,76266,cz1,cz3
r0005177,76286,cz1,cz3
r0005178,76306,cz1,cz3
r0005179,76325,cz1,cz3
r0005180,76345,cz1,cz3
r0005181,76365,cz1,cz3
r0005182,76385,cz1,cz3
r0005183,76405,cz1,cz4
r0005184,76425,cz1,cz4
r0005185,76445,cz1,cz4
r0005186,76465,cz1,cz4
r0005187,76485,cz1,cz4
r0005188,76504,cz1,cz4
r0005189,76524,cz1,cz4
r0005190,76544,cz1,cz4
r0005191,76564,cz1,cz4
r0005192,76584,cz1,cz4
r0005193,76604,cz2,cz1
r0005194,76624,cz2,cz1
r0005195,76644,cz2,cz1
r0005196,76664,cz2,cz1
r0005197,76683,cz2,cz1
r0005198,76703,cz2,cz1
r0005199,76723,cz2,cz1
r0005200,76743,cz2,cz1
r0005201,76763,cz2,cz1
r0005202,76783,cz2,cz1
r0005203,76803,cz2,cz1
r0005204,76823,cz2,cz2
r0005205,76843,cz2,cz2
r0005206,76862,cz2,cz2
r0005207,76882,cz2,cz2
r0005208,76902,cz2,cz2
r0005209,76922,cz2,cz2
r0005210,76942,cz2,cz2
r0005211,76962,cz2,cz2
r0005212,76982,cz2,cz2
r0005213,77002,cz2,cz2
r0005214,77022,cz2,cz2
r0005215,77041,cz2,cz3
r0005216,77061,cz2,cz3
r0005217,77081,cz2,cz3
r0005218,77101,cz2,cz3
r0005219,77121,cz2,cz3
r0005220,77141,cz2,cz3
r0005221,77161,cz2,cz3
r0005222,77181,cz2,cz3
r0005223,77201,cz2,cz3
r0005224,77220,cz2,cz3
r0005225,77240,cz2,cz3
r0005226,77260,cz2,cz4
r0005227,77280,cz2,cz4
r0005228,77300,cz2,cz4
r0005229,77320,cz2,cz4
r0005230,77340,cz2,cz4
r0005231,77360,cz2,cz4
r0005232,77380,cz2,cz4
r0005233,77400,cz2,cz4
r0005234,77419,cz3,cz1
r0005235,77439,cz3,cz1
r0005236,77459,cz3,cz1
r0005237,77479,cz3,cz1
r0005238,77499,cz3,cz1
r0005239,77519,cz3,cz1
r0005240,77539,cz3,cz1
r0005241,77559,cz3,cz1
r0005242,77579,cz3,cz1
r0005243,77598,cz3,cz1
r0005244,77618,cz3,cz1
r0005245,77638,cz3,cz1
r0005246,77658,cz3,cz1
r0005247,77678,cz3,cz1
r0005248,77698,cz3,cz1
r0005249,77718,cz3,cz2
r0005250,77738,cz3,cz2
r0005251,77758,cz3,cz2
r0005252,77777,cz3,cz2
r0005253,77797,cz3,cz2
r0005254,77817,cz3,cz2
r0005255,77837,cz3,cz2
r0005256,77857,cz3,cz2
r0005257,77877,cz3,cz2
r0005258,77897,cz3,cz2
r0005259,77917,cz3,cz2
r0005260,77937,cz3,cz3
r0005261,77956,cz3,cz3
r0005262,77976,cz3,cz3
r0005263,77996,cz3,cz3
r0005264,78016,cz3,cz3
r0005265,78036,cz3,cz3
r0005266,78056,cz3,cz3
r0005267,78076,cz3,cz3
r0005268,78096,cz3,cz3
r0005269,78116,cz3,cz3
r0005270,78135,cz3,cz3
r0005271,78155,cz3,cz3
r0005272,78175,cz3,cz3
r0005273,78195,cz3,cz3
r0005274,78215,cz3,cz3
r0005275,78235,cz3,cz3
r0005276,78255,cz3,cz4
r0005277,78275,cz3,cz4
r0005278,78295,cz3,cz4
r0005279,78314,cz3,cz4
r0005280,78334,cz3,cz4
r0005281,78354,cz3,cz4
r0005282,78374,cz3,cz4
r0005283,78394,cz3,cz4
r0005284,78414,cz3,cz4
r0005285,78434,cz3,cz4
r0005286,78454,cz3,cz4
r0005287,78474,cz4,cz1
r0005288,78493,cz4,cz1
r0005289,78513,cz4,cz1
r0005290,78533,cz4,cz1
r0005291,78553,cz4,cz1
r0005292,78573,cz4,cz1
r0005293,78593,cz4,cz1
r0005294,78613,cz4,cz1
r0005295,78633,cz4,cz1
r0005296,78653,cz4,cz1
r0005297,78672,cz4,cz2
r0005298,78692,cz4,cz2
r0005299,78712,cz4,cz2
r0005300,78732,cz4,cz2
r0005301,78752,cz4,cz2
r0005302,78772,cz4,cz2
r0005303,78792,cz4,cz2
r0005304,78812,cz4,cz2
r0005305,78832,cz4,cz3
r0005306,78851,cz4,cz3
r0005307,78871,cz4,cz3
r0005308,78891,cz4,cz3
r0005309,78911,cz4,cz3
r0005310,78931,cz4,cz3
r0005311,78951,cz4,cz3
r0005312,78971,cz4,cz3
r0005313,78991,cz4,cz3
r0005314,79011,cz4,cz3
r0005315,79030,cz4,cz3
r0005316,79050,cz4,cz4
r0005317,79070,cz4,cz4
r0005318,79090,cz4,cz4
r0005319,79110,cz4,cz4
r0005320,79130,cz4,cz4
r0005321,79150,cz4,cz4
r0005322,79170,cz4,cz4
r0005323,79190,cz4,cz4
r0005324,79213,cz1,cz1
r0005325,79240,cz1,cz1
r0005326,79267,cz1,cz1
r0005327,79294,cz1,cz1
r0005328,79320,cz1,cz1
r0005329,79347,cz1,cz1
r0005330,79374,cz1,cz1
r0005331,79401,cz1,cz1
r0005332,79428,cz1,cz1
r0005333,79455,cz1,cz1
r0005334,79482,cz1,cz1
r0005335,79508,cz1,cz2
r0005336,79535,cz1,cz2
r0005337,79562,cz1,cz2
r0005338,79589,cz1,cz2
r0005339,79616,cz1,cz2
r0005340,79643,cz1,cz2
r0005341,79670,cz1,cz2
r0005342,79697,cz1,cz2
r0005343,79723,cz1,cz3
r0005344,79750,cz1,cz3
r0005345,79777,cz1,cz3
r0005346,79804,cz1,cz3
r0005347,79831,cz1,cz3
r0005348,79858,cz1,cz3
r0005349,79885,cz1,cz3
r0005350,79911,cz1,cz3
r0005351,79938,cz1,cz3
r0005352,79965,cz1,cz3
r0005353,79992,cz1,cz3
r0005354,80019,cz1,cz4
r0005355,80046,cz1,cz4
r0005356,80073,cz1,cz4
r0005357,80100,cz1,cz4
r0005358,80126,cz1,cz4
r0005359,80153,cz1,cz4
r0005360,80180,cz1,cz4
r0005361,80207,cz1,cz4
r0005362,80234,cz2,cz1
r0005363,80261,cz2,cz1
r0005364,80288,cz2,cz1
r0005365,80314,cz2,cz1
r0005366,80341,cz2,cz1
r0005367,80368,cz2,cz1
r0005368,80395,cz2,cz1
r0005369,80422,cz2,cz1
r0005370,80449,cz2,cz2
r0005371,80476,cz2,cz2
r0005372,80502,cz2,cz2
r0005373,80529,cz2,cz2
r0005374,80556,cz2,cz2
r0005375,80583,cz2,cz2
r0005376,80610,cz2,cz2
r0005377,80637,cz2,cz2
r0005378,80664,cz2,cz3
r0005379,80691,cz2,cz3
r0005380,80717,cz2,cz3
r0005381,80744,cz2,cz3
r0005382,80771,cz2,cz3
r0005383,80798,cz2,cz3
r0005384,80825,cz2,cz3
r0005385,80852,cz2,cz3
r0005386,80879,cz2,cz4
r0005387,80905,cz2,cz4
r0005388,80932,cz2,cz4
r0005389,80959,cz2,cz4
r0005390,80986,cz2,cz4
r0005391,81013,cz2,cz4
r0005392,81040,cz3,cz1
r0005393,81067,cz3,cz1
r0005394,81094,cz3,cz1
r0005395,81120,cz3,cz1
r0005396,81147,cz3,cz1
r0005397,81174,cz3,cz1
r0005398,81201,cz3,cz1
r0005399,81228,cz3,cz1
r0005400,81255,cz3,cz1
r0005401,81282,cz3,cz1
r0005402,81308,cz3,cz1
r0005403,81335,cz3,cz2
r0005404,81362,cz3,cz2
r0005405,81389,cz3,cz2
r0005406,81416,cz3,cz2
r0005407,81443,cz3,cz2
r0005408,81470,cz3,cz2
r0005409,81497,cz3,cz2
r0005410,81523,cz3,cz2
r0005411,81550,cz3,cz3
r0005412,81577,cz3,cz3
r0005413,81604,cz3,cz3
r0005414,81631,cz3,cz3
r0005415,81658,cz3,cz3
r0005416,81685,cz3,cz3
r0005417,81711,cz3,cz3
r0005418,81738,cz3,cz3
r0005419,81765,cz3,cz3
r0005420,81792,cz3,cz3
r0005421,81819,cz3,cz3
r0005422,81846,cz3,cz3
r0005423,81873,cz3,cz4
r0005424,81900,cz3,cz4
r0005425,81926,cz3,cz4
r0005426,81953,cz3,cz4
r0005427,81980,cz3,cz4
r0005428,82007,cz3,cz4
r0005429,82034,cz3,cz4
r0005430,82061,cz3,cz4
r0005431,82088,cz4,cz1
r0005432,82114,cz4,cz1
r0005433,82141,cz4,cz1
r0005434,82168,cz4,cz1
r0005435,82195,cz4,cz1
r0005436,82222,cz4,cz1
r0005437,82249,cz4,cz1
r0005438,82276,cz4,cz1
r0005439,82302,cz4,cz2
r0005440,82329,cz4,cz2
r0005441,82356,cz4,cz2
r0005442,82383,cz4,cz2
r0005443,82410,cz4,cz2
r0005444,82437,cz4,cz2
r0005445,82464,cz4,cz3
r0005446,82491,cz4,cz3
r0005447,82517,cz4,cz3
r0005448,82544,cz4,cz3
r0005449,82571,cz4,cz3
r0005450,82598,cz4,cz3
r0005451,82625,cz4,cz3
r0005452,82652,cz4,cz3
r0005453,82679,cz4,cz4
r0005454,82705,cz4,cz4
r0005455,82732,cz4,cz4
r0005456,82759,cz4,cz4
r0005457,82786,cz4,cz4
r0005458,82823,cz1,cz1
r0005459,82869,cz1,cz1
r0005460,82915,cz1,cz1
r0005461,82961,cz1,cz1
r0005462,83007,cz1,cz1
r0005463,83053,cz1,cz1
r0005464,83100,cz1,cz2
r0005465,83146,cz1,cz2
r0005466,83192,cz1,cz2
r0005467,83238,cz1,cz2
r0005468,83284,cz1,cz2
r0005469,83330,cz1,cz3
r0005470,83376,cz1,cz3
r0005471,83423,cz1,cz3
r0005472,83469,cz1,cz3
r0005473,83515,cz1,cz3
r0005474,83561,cz1,cz3
r0005475,83607,cz1,cz4
r0005476,83653,cz1,cz4
r0005477,83700,cz1,cz4
r0005478,83746,cz1,cz4
r0005479,83792,cz2,cz1
r0005480,83838,cz2,cz1
r0005481,83884,cz2,cz1
r0005482,83930,cz2,cz1
r0005483,83976,cz2,cz1
r0005484,84023,cz2,cz2
r0005485,84069,cz2,cz2
r0005486,84115,cz2,cz2
r0005487,84161,cz2,cz2
r0005488,84207,cz2,cz2
r0005489,84253,cz2,cz3
r0005490,84300,cz2,cz3
r0005491,84346,cz2,cz3
r0005492,84392,cz2,cz3
r0005493,84438,cz2,cz3
r0005494,84484,cz2,cz4
r0005495,84530,cz2,cz4
r0005496,84576,cz2,cz4
r0005497,84623,cz3,cz1
r0005498,84669,cz3,cz1
r0005499,84715,cz3,cz1
r0005500,84761,cz3,cz1
r0005501,84807,cz3,cz1
r0005502,84853,cz3,cz1
r0005503,84900,cz3,cz2
r0005504,84946,cz3,cz2
r0005505,84992,cz3,cz2
r0005506,85038,cz3,cz2
r0005507,85084,cz3,cz2
r0005508,85130,cz3,cz3
r0005509,85176,cz3,cz3
r0005510,85223,cz3,cz3
r0005511,85269,cz3,cz3
r0005512,85315,cz3,cz3
r0005513,85361,cz3,cz3
r0005514,85407,cz3,cz3
r0005515,85453,cz3,cz4
r0005516,85500,cz3,cz4
r0005517,85546,cz3,cz4
r0005518,85592,cz3,cz4
r0005519,85638,cz3,cz4
r0005520,85684,cz4,cz1
r0005521,85730,cz4,cz1
r0005522,85776,cz4,cz1
r0005523,85823,cz4,cz1
r0005524,85869,cz4,cz1
r0005525,85915,cz4,cz2
r0005526,85961,cz4,cz2
r0005527,86007,cz4,cz2
r0005528,86053,cz4,cz3
r0005529,86100,cz4,cz3
r0005530,86146,cz4,cz3
r0005531,86192,cz4,cz3
r0005532,86238,cz4,cz3
r0005533,86284,cz4,cz4
r0005534,86330,cz4,cz4
r0005535,86376,cz4,cz4
