request_id,request_time,origin_zone,destination_zone
r0000001,8,cz1,cz1
r0000002,25,cz1,cz1
r0000003,43,cz1,cz1
r0000004,60,cz1,cz1
r0000005,77,cz1,cz1
r0000006,94,cz1,cz1
r0000007,111,cz1,cz1
r0000008,129,cz1,cz1
r0000009,146,cz1,cz1
r0000010,163,cz1,cz1
r0000011,180,cz1,cz1
r0000012,198,cz1,cz1
r0000013,215,cz1,cz1
r0000014,232,cz1,cz1
r0000015,249,cz1,cz1
r0000016,266,cz1,cz1
r0000017,284,cz1,cz1
r0000018,301,cz1,cz2
r0000019,318,cz1,cz2
r0000020,335,cz1,cz2
r0000021,353,cz1,cz2
r0000022,370,cz1,cz2
r0000023,387,cz1,cz2
r0000024,404,cz1,cz2
r0000025,422,cz1,cz2
r0000026,439,cz1,cz2
r0000027,456,cz1,cz2
r0000028,473,cz1,cz2
r0000029,490,cz1,cz2
r0000030,508,cz1,cz2
r0000031,525,cz1,cz3
r0000032,542,cz1,cz3
r0000033,559,cz1,cz3
r0000034,577,cz1,cz3
r0000035,594,cz1,cz3
r0000036,611,cz1,cz3
r0000037,628,cz1,cz3
r0000038,645,cz1,cz3
r0000039,663,cz1,cz3
r0000040,680,cz1,cz3
r0000041,697,cz1,cz3
r0000042,714,cz1,cz3
r0000043,732,cz1,cz3
r0000044,749,cz1,cz3
r0000045,766,cz1,cz3
r0000046,783,cz1,cz3
r0000047,800,cz1,cz3
r0000048,818,cz1,cz4
r0000049,835,cz1,cz4
r0000050,852,cz1,cz4
r0000051,869,cz1,cz4
r0000052,887,cz1,cz4
r0000053,904,cz1,cz4
r0000054,921,cz1,cz4
r0000055,938,cz1,cz4
r0000056,955,cz1,cz4
r0000057,973,cz1,cz4
r0000058,990,cz1,cz4
r0000059,1007,cz1,cz4
r0000060,1024,cz2,cz1
r0000061,1042,cz2,cz1
r0000062,1059,cz2,cz1
r0000063,1076,cz2,cz1
r0000064,1093,cz2,cz1
r0000065,1111,cz2,cz1
r0000066,1128,cz2,cz1
r0000067,1145,cz2,cz1
r0000068,1162,cz2,cz1
r0000069,1179,cz2,cz1
r0000070,1197,cz2,cz1
r0000071,1214,cz2,cz1
r0000072,1231,cz2,cz1
r0000073,1248,cz2,cz2
r0000074,1266,cz2,cz2
r0000075,1283,cz2,cz2
r0000076,1300,cz2,cz2
r0000077,1317,cz2,cz2
r0000078,1334,cz2,cz2
r0000079,1352,cz2,cz2
r0000080,1369,cz2,cz2
r0000081,1386,cz2,cz2
r0000082,1403,cz2,cz2
r0000083,1421,cz2,cz2
r0000084,1438,cz2,cz2
r0000085,1455,cz2,cz2
r0000086,1472,cz2,cz3
r0000087,1489,cz2,cz3
r0000088,1507,cz2,cz3
r0000089,1524,cz2,cz3
r0000090,1541,cz2,cz3
r0000091,1558,cz2,cz3
r0000092,1576,cz2,cz3
r0000093,1593,cz2,cz3
r0000094,1610,cz2,cz3
r0000095,1627,cz2,cz3
r0000096,1644,cz2,cz3
r0000097,1662,cz2,cz3
r0000098,1679,cz2,cz3
r0000099,1696,cz2,cz4
r0000100,1713,cz2,cz4
r0000101,1731,cz2,cz4
r0000102,1748,cz2,cz4
r0000103,1765,cz2,cz4
r0000104,1782,cz2,cz4
r0000105,1800,cz2,cz4
r0000106,1817,cz2,cz4
r0000107,1834,cz2,cz4
r0000108,1851,cz3,cz1
r0000109,1868,cz3,cz1
r0000110,1886,cz3,cz1
r0000111,1903,cz3,cz1
r0000112,1920,cz3,cz1
r0000113,1937,cz3,cz1
r0000114,1955,cz3,cz1
r0000115,1972,cz3,cz1
r0000116,1989,cz3,cz1
r0000117,2006,cz3,cz1
r0000118,2023,cz3,cz1
r0000119,2041,cz3,cz1
r0000120,2058,cz3,cz1
r0000121,2075,cz3,cz1
r0000122,2092,cz3,cz1
r0000123,2110,cz3,cz1
r0000124,2127,cz3,cz1
r0000125,2144,cz3,cz2
r0000126,2161,cz3,cz2
r0000127,2178,cz3,cz2
r0000128,2196,cz3,cz2
r0000129,2213,cz3,cz2
r0000130,2230,cz3,cz2
r0000131,2247,cz3,cz2
r0000132,2265,cz3,cz2
r0000133,2282,cz3,cz2
r0000134,2299,cz3,cz2
r0000135,2316,cz3,cz2
r0000136,2333,cz3,cz2
r0000137,2351,cz3,cz3
r0000138,2368,cz3,cz3
r0000139,2385,cz3,cz3
r0000140,2402,cz3,cz3
r0000141,2420,cz3,cz3
r0000142,2437,cz3,cz3
r0000143,2454,cz3,cz3
r0000144,2471,cz3,cz3
r0000145,2488,cz3,cz3
r0000146,2506,cz3,cz3
r0000147,2523,cz3,cz3
r0000148,2540,cz3,cz3
r0000149,2557,cz3,cz3
r0000150,2575,cz3,cz3
r0000151,2592,cz3,cz3
r0000152,2609,cz3,cz3
r0000153,2626,cz3,cz3
r0000154,2644,cz3,cz3
r0000155,2661,cz3,cz4
r0000156,2678,cz3,cz4
r0000157,2695,cz3,cz4
r0000158,2712,cz3,cz4
r0000159,2730,cz3,cz4
r0000160,2747,cz3,cz4
r0000161,2764,cz3,cz4
r0000162,2781,cz3,cz4
r0000163,2799,cz3,cz4
r0000164,2816,cz3,cz4
r0000165,2833,cz3,cz4
r0000166,2850,cz3,cz4
r0000167,2867,cz4,cz1
r0000168,2885,cz4,cz1
r0000169,2902,cz4,cz1
r0000170,2919,cz4,cz1
r0000171,2936,cz4,cz1
r0000172,2954,cz4,cz1
r0000173,2971,cz4,cz1
r0000174,2988,cz4,cz1
r0000175,3005,cz4,cz1
r0000176,3022,cz4,cz1
r0000177,3040,cz4,cz1
r0000178,3057,cz4,cz1
r0000179,3074,cz4,cz2
r0000180,3091,cz4,cz2
r0000181,3109,cz4,cz2
r0000182,3126,cz4,cz2
r0000183,3143,cz4,cz2
r0000184,3160,cz4,cz2
r0000185,3177,cz4,cz2
r0000186,3195,cz4,cz2
r0000187,3212,cz4,cz2
r0000188,3229,cz4,cz3
r0000189,3246,cz4,cz3
r0000190,3264,cz4,cz3
r0000191,3281,cz4,cz3
r0000192,3298,cz4,cz3
r0000193,3315,cz4,cz3
r0000194,3333,cz4,cz3
r0000195,3350,cz4,cz3
r0000196,3367,cz4,cz3
r0000197,3384,cz4,cz3
r0000198,3401,cz4,cz3
r0000199,3419,cz4,cz3
r0000200,3436,cz4,cz3
r0000201,3453,cz4,cz4
r0000202,3470,cz4,cz4
r0000203,3488,cz4,cz4
r0000204,3505,cz4,cz4
r0000205,3522,cz4,cz4
r0000206,3539,cz4,cz4
r0000207,3556,cz4,cz4
r0000208,3574,cz4,cz4
r0000209,3591,cz4,cz4
r0000210,3613,cz1,cz1
r0000211,3641,cz1,cz1
r0000212,3669,cz1,cz1
r0000213,3697,cz1,cz1
r0000214,3725,cz1,cz1
r0000215,3753,cz1,cz1
r0000216,3781,cz1,cz1
r0000217,3809,cz1,cz1
r0000218,3837,cz1,cz1
r0000219,3865,cz1,cz1
r0000220,3893,cz1,cz2
r0000221,3920,cz1,cz2
r0000222,3948,cz1,cz2
r0000223,3976,cz1,cz2
r0000224,4004,cz1,cz2
r0000225,4032,cz1,cz2
r0000226,4060,cz1,cz2
r0000227,4088,cz1,cz2
r0000228,4116,cz1,cz3
r0000229,4144,cz1,cz3
r0000230,4172,cz1,cz3
r0000231,4200,cz1,cz3
r0000232,4227,cz1,cz3
r0000233,4255,cz1,cz3
r0000234,4283,cz1,cz3
r0000235,4311,cz1,cz3
r0000236,4339,cz1,cz3
r0000237,4367,cz1,cz3
r0000238,4395,cz1,cz3
r0000239,4423,cz1,cz4
r0000240,4451,cz1,cz4
r0000241,4479,cz1,cz4
r0000242,4506,cz1,cz4
r0000243,4534,cz1,cz4
r0000244,4562,cz1,cz4
r0000245,4590,cz1,cz4
r0000246,4618,cz2,cz1
r0000247,4646,cz2,cz1
r0000248,4674,cz2,cz1
r0000249,4702,cz2,cz1
r0000250,4730,cz2,cz1
r0000251,4758,cz2,cz1
r0000252,4786,cz2,cz1
r0000253,4813,cz2,cz1
r0000254,4841,cz2,cz2
r0000255,4869,cz2,cz2
r0000256,4897,cz2,cz2
r0000257,4925,cz2,cz2
r0000258,4953,cz2,cz2
r0000259,4981,cz2,cz2
r0000260,5009,cz2,cz2
r0000261,5037,cz2,cz2
r0000262,5065,cz2,cz3
r0000263,5093,cz2,cz3
r0000264,5120,cz2,cz3
r0000265,5148,cz2,cz3
r0000266,5176,cz2,cz3
r0000267,5204,cz2,cz3
r0000268,5232,cz2,cz3
r0000269,5260,cz2,cz3
r0000270,5288,cz2,cz4
r0000271,5316,cz2,cz4
r0000272,5344,cz2,cz4
r0000273,5372,cz2,cz4
r0000274,5400,cz2,cz4
r0000275,5427,cz2,cz4
r0000276,5455,cz3,cz1
r0000277,5483,cz3,cz1
r0000278,5511,cz3,cz1
r0000279,5539,cz3,cz1
r0000280,5567,cz3,cz1
r0000281,5595,cz3,cz1
r0000282,5623,cz3,cz1
r0000283,5651,cz3,cz1
r0000284,5679,cz3,cz1
r0000285,5706,cz3,cz1
r0000286,5734,cz3,cz1
r0000287,5762,cz3,cz2
r0000288,5790,cz3,cz2
r0000289,5818,cz3,cz2
r0000290,5846,cz3,cz2
r0000291,5874,cz3,cz2
r0000292,5902,cz3,cz2
r0000293,5930,cz3,cz2
r0000294,5958,cz3,cz3
r0000295,5986,cz3,cz3
r0000296,6013,cz3,cz3
r0000297,6041,cz3,cz3
r0000298,6069,cz3,cz3
r0000299,6097,cz3,cz3
r0000300,6125,cz3,cz3
r0000301,6153,cz3,cz3
r0000302,6181,cz3,cz3
r0000303,6209,cz3,cz3
r0000304,6237,cz3,cz3
r0000305,6265,cz3,cz4
r0000306,6293,cz3,cz4
r0000307,6320,cz3,cz4
r0000308,6348,cz3,cz4
r0000309,6376,cz3,cz4
r0000310,6404,cz3,cz4
r0000311,6432,cz3,cz4
r0000312,6460,cz3,cz4
r0000313,6488,cz4,cz1
r0000314,6516,cz4,cz1
r0000315,6544,cz4,cz1
r0000316,6572,cz4,cz1
r0000317,6600,cz4,cz1
r0000318,6627,cz4,cz1
r0000319,6655,cz4,cz1
r0000320,6683,cz4,cz2
r0000321,6711,cz4,cz2
r0000322,6739,cz4,cz2
r0000323,6767,cz4,cz2
r0000324,6795,cz4,cz2
r0000325,6823,cz4,cz2
r0000326,6851,cz4,cz3
r0000327,6879,cz4,cz3
r0000328,6906,cz4,cz3
r0000329,6934,cz4,cz3
r0000330,6962,cz4,cz3
r0000331,6990,cz4,cz3
r0000332,7018,cz4,cz3
r0000333,7046,cz4,cz3
r0000334,7074,cz4,cz4
r0000335,7102,cz4,cz4
r0000336,7130,cz4,cz4
r0000337,7158,cz4,cz4
r0000338,7186,cz4,cz4
r0000339,7221,cz1,cz1
r0000340,7265,cz1,cz1
r0000341,7308,cz1,cz1
r0000342,7351,cz1,cz1
r0000343,7395,cz1,cz1
r0000344,7438,cz1,cz1
r0000345,7481,cz1,cz1
r0000346,7525,cz1,cz2
r0000347,7568,cz1,cz2
r0000348,7612,cz1,cz2
r0000349,7655,cz1,cz2
r0000350,7698,cz1,cz2
r0000351,7742,cz1,cz3
r0000352,7785,cz1,cz3
r0000353,7828,cz1,cz3
r0000354,7872,cz1,cz3
r0000355,7915,cz1,cz3
r0000356,7959,cz1,cz3
r0000357,8002,cz1,cz3
r0000358,8045,cz1,cz4
r0000359,8089,cz1,cz4
r0000360,8132,cz1,cz4
r0000361,8175,cz1,cz4
r0000362,8219,cz1,cz4
r0000363,8262,cz2,cz1
r0000364,8306,cz2,cz1
r0000365,8349,cz2,cz1
r0000366,8392,cz2,cz1
r0000367,8436,cz2,cz1
r0000368,8479,cz2,cz2
r0000369,8522,cz2,cz2
r0000370,8566,cz2,cz2
r0000371,8609,cz2,cz2
r0000372,8653,cz2,cz2
r0000373,8696,cz2,cz3
r0000374,8739,cz2,cz3
r0000375,8783,cz2,cz3
r0000376,8826,cz2,cz3
r0000377,8869,cz2,cz3
r0000378,8913,cz2,cz4
r0000379,8956,cz2,cz4
r0000380,9000,cz2,cz4
r0000381,9043,cz2,cz4
r0000382,9086,cz3,cz1
r0000383,9130,cz3,cz1
r0000384,9173,cz3,cz1
r0000385,9216,cz3,cz1
r0000386,9260,cz3,cz1
r0000387,9303,cz3,cz1
r0000388,9346,cz3,cz1
r0000389,9390,cz3,cz2
r0000390,9433,cz3,cz2
r0000391,9477,cz3,cz2
r0000392,9520,cz3,cz2
r0000393,9563,cz3,cz2
r0000394,9607,cz3,cz3
r0000395,9650,cz3,cz3
r0000396,9693,cz3,cz3
r0000397,9737,cz3,cz3
r0000398,9780,cz3,cz3
r0000399,9824,cz3,cz3
r0000400,9867,cz3,cz3
r0000401,9910,cz3,cz4
r0000402,9954,cz3,cz4
r0000403,9997,cz3,cz4
r0000404,10040,cz3,cz4
r0000405,10084,cz3,cz4
r0000406,10127,cz4,cz1
r0000407,10171,cz4,cz1
r0000408,10214,cz4,cz1
r0000409,10257,cz4,cz1
r0000410,10301,cz4,cz1
r0000411,10344,cz4,cz2
r0000412,10387,cz4,cz2
r0000413,10431,cz4,cz2
r0000414,10474,cz4,cz3
r0000415,10518,cz4,cz3
r0000416,10561,cz4,cz3
r0000417,10604,cz4,cz3
r0000418,10648,cz4,cz3
r0000419,10691,cz4,cz4
r0000420,10734,cz4,cz4
r0000421,10778,cz4,cz4
r0000422,10836,cz1,cz1
r0000423,10910,cz1,cz1
r0000424,10983,cz1,cz1
r0000425,11057,cz1,cz1
r0000426,11130,cz1,cz2
r0000427,11204,cz1,cz2
r0000428,11277,cz1,cz2
r0000429,11351,cz1,cz3
r0000430,11424,cz1,cz3
r0000431,11497,cz1,cz3
r0000432,11571,cz1,cz3
r0000433,11644,cz1,cz4
r0000434,11718,cz1,cz4
r0000435,11791,cz1,cz4
r0000436,11865,cz2,cz1
r0000437,11938,cz2,cz1
r0000438,12012,cz2,cz1
r0000439,12085,cz2,cz2
r0000440,12159,cz2,cz2
r0000441,12232,cz2,cz2
r0000442,12306,cz2,cz3
r0000443,12379,cz2,cz3
r0000444,12453,cz2,cz3
r0000445,12526,cz2,cz4
r0000446,12600,cz2,cz4
r0000447,12673,cz3,cz1
r0000448,12746,cz3,cz1
r0000449,12820,cz3,cz1
r0000450,12893,cz3,cz1
r0000451,12967,cz3,cz2
r0000452,13040,cz3,cz2
r0000453,13114,cz3,cz2
r0000454,13187,cz3,cz3
r0000455,13261,cz3,cz3
r0000456,13334,cz3,cz3
r0000457,13408,cz3,cz3
r0000458,13481,cz3,cz4
r0000459,13555,cz3,cz4
r0000460,13628,cz3,cz4
r0000461,13702,cz4,cz1
r0000462,13775,cz4,cz1
r0000463,13848,cz4,cz1
r0000464,13922,cz4,cz2
r0000465,13995,cz4,cz2
r0000466,14069,cz4,cz3
r0000467,14142,cz4,cz3
r0000468,14216,cz4,cz3
r0000469,14289,cz4,cz4
r0000470,14363,cz4,cz4
r0000471,14435,cz1,cz1
r0000472,14505,cz1,cz1
r0000473,14576,cz1,cz1
r0000474,14647,cz1,cz1
r0000475,14717,cz1,cz2
r0000476,14788,cz1,cz2
r0000477,14858,cz1,cz2
r0000478,14929,cz1,cz3
r0000479,15000,cz1,cz3
r0000480,15070,cz1,cz3
r0000481,15141,cz1,cz3
r0000482,15211,cz1,cz3
r0000483,15282,cz1,cz4
r0000484,15352,cz1,cz4
r0000485,15423,cz1,cz4
r0000486,15494,cz2,cz1
r0000487,15564,cz2,cz1
r0000488,15635,cz2,cz1
r0000489,15705,cz2,cz2
r0000490,15776,cz2,cz2
r0000491,15847,cz2,cz2
r0000492,15917,cz2,cz3
r0000493,15988,cz2,cz3
r0000494,16058,cz2,cz3
r0000495,16129,cz2,cz4
r0000496,16200,cz2,cz4
r0000497,16270,cz3,cz1
r0000498,16341,cz3,cz1
r0000499,16411,cz3,cz1
r0000500,16482,cz3,cz1
r0000501,16552,cz3,cz2
r0000502,16623,cz3,cz2
r0000503,16694,cz3,cz2
r0000504,16764,cz3,cz3
r0000505,16835,cz3,cz3
r0000506,16905,cz3,cz3
r0000507,16976,cz3,cz3
r0000508,17047,cz3,cz3
r0000509,17117,cz3,cz4
r0000510,17188,cz3,cz4
r0000511,17258,cz3,cz4
r0000512,17329,cz4,cz1
r0000513,17400,cz4,cz1
r0000514,17470,cz4,cz1
r0000515,17541,cz4,cz2
r0000516,17611,cz4,cz2
r0000517,17682,cz4,cz3
r0000518,17752,cz4,cz3
r0000519,17823,cz4,cz3
r0000520,17894,cz4,cz4
r0000521,17964,cz4,cz4
r0000522,18015,cz1,cz1
r0000523,18045,cz1,cz1
r0000524,18075,cz1,cz1
r0000525,18105,cz1,cz1
r0000526,18136,cz1,cz1
r0000527,18166,cz1,cz1
r0000528,18196,cz1,cz1
r0000529,18226,cz1,cz1
r0000530,18257,cz1,cz1
r0000531,18287,cz1,cz1
r0000532,18317,cz1,cz2
r0000533,18347,cz1,cz2
r0000534,18378,cz1,cz2
r0000535,18408,cz1,cz2
r0000536,18438,cz1,cz2
r0000537,18468,cz1,cz2
r0000538,18499,cz1,cz2
r0000539,18529,cz1,cz3
r0000540,18559,cz1,cz3
r0000541,18589,cz1,cz3
r0000542,18620,cz1,cz3
r0000543,18650,cz1,cz3
r0000544,18680,cz1,cz3
r0000545,18710,cz1,cz3
r0000546,18741,cz1,cz3
r0000547,18771,cz1,cz3
r0000548,18801,cz1,cz3
r0000549,18831,cz1,cz4
r0000550,18862,cz1,cz4
r0000551,18892,cz1,cz4
r0000552,18922,cz1,cz4
r0000553,18952,cz1,cz4
r0000554,18983,cz1,cz4
r0000555,19013,cz1,cz4
r0000556,19043,cz2,cz1
r0000557,19073,cz2,cz1
r0000558,19104,cz2,cz1
r0000559,19134,cz2,cz1
r0000560,19164,cz2,cz1
r0000561,19194,cz2,cz1
r0000562,19225,cz2,cz1
r0000563,19255,cz2,cz2
r0000564,19285,cz2,cz2
r0000565,19315,cz2,cz2
r0000566,19346,cz2,cz2
r0000567,19376,cz2,cz2
r0000568,19406,cz2,cz2
r0000569,19436,cz2,cz2
r0000570,19467,cz2,cz3
r0000571,19497,cz2,cz3
r0000572,19527,cz2,cz3
r0000573,19557,cz2,cz3
r0000574,19588,cz2,cz3
r0000575,19618,cz2,cz3
r0000576,19648,cz2,cz3
r0000577,19678,cz2,cz4
r0000578,19709,cz2,cz4
r0000579,19739,cz2,cz4
r0000580,19769,cz2,cz4
r0000581,19800,cz2,cz4
r0000582,19830,cz3,cz1
r0000583,19860,cz3,cz1
r0000584,19890,cz3,cz1
r0000585,19921,cz3,cz1
r0000586,19951,cz3,cz1
r0000587,19981,cz3,cz1
r0000588,20011,cz3,cz1
r0000589,20042,cz3,cz1
r0000590,20072,cz3,cz1
r0000591,20102,cz3,cz1
r0000592,20132,cz3,cz2
r0000593,20163,cz3,cz2
r0000594,20193,cz3,cz2
r0000595,20223,cz3,cz2
r0000596,20253,cz3,cz2
r0000597,20284,cz3,cz2
r0000598,20314,cz3,cz2
r0000599,20344,cz3,cz3
r0000600,20374,cz3,cz3
r0000601,20405,cz3,cz3
r0000602,20435,cz3,cz3
r0000603,20465,cz3,cz3
r0000604,20495,cz3,cz3
r0000605,20526,cz3,cz3
r0000606,20556,cz3,cz3
r0000607,20586,cz3,cz3
r0000608,20616,cz3,cz3
r0000609,20647,cz3,cz3
r0000610,20677,cz3,cz4
r0000611,20707,cz3,cz4
r0000612,20737,cz3,cz4
r0000613,20768,cz3,cz4
r0000614,20798,cz3,cz4
r0000615,20828,cz3,cz4
r0000616,20858,cz3,cz4
r0000617,20889,cz4,cz1
r0000618,20919,cz4,cz1
r0000619,20949,cz4,cz1
r0000620,20979,cz4,cz1
r0000621,21010,cz4,cz1
r0000622,21040,cz4,cz1
r0000623,21070,cz4,cz1
r0000624,21100,cz4,cz2
r0000625,21131,cz4,cz2
r0000626,21161,cz4,cz2
r0000627,21191,cz4,cz2
r0000628,21221,cz4,cz2
r0000629,21252,cz4,cz3
r0000630,21282,cz4,cz3
r0000631,21312,cz4,cz3
r0000632,21342,cz4,cz3
r0000633,21373,cz4,cz3
r0000634,21403,cz4,cz3
r0000635,21433,cz4,cz3
r0000636,21463,cz4,cz4
r0000637,21494,cz4,cz4
r0000638,21524,cz4,cz4
r0000639,21554,cz4,cz4
r0000640,21584,cz4,cz4
r0000641,21604,cz1,cz1
r0000642,21612,cz1,cz1
r0000643,21621,cz1,cz1
r0000644,21629,cz1,cz1
r0000645,21637,cz1,cz1
r0000646,21646,cz1,cz1
r0000647,21654,cz1,cz1
r0000648,21663,cz1,cz1
r0000649,21671,cz1,cz1
r0000650,21679,cz1,cz1
r0000651,21688,cz1,cz1
r0000652,21696,cz1,cz1
r0000653,21705,cz1,cz1
r0000654,21713,cz1,cz1
r0000655,21721,cz1,cz1
r0000656,21730,cz1,cz1
r0000657,21738,cz1,cz1
r0000658,21747,cz1,cz1
r0000659,21755,cz1,cz1
r0000660,21764,cz1,cz1
r0000661,21772,cz1,cz1
r0000662,21780,cz1,cz1
r0000663,21789,cz1,cz1
r0000664,21797,cz1,cz1
r0000665,21806,cz1,cz1
r0000666,21814,cz1,cz1
r0000667,21822,cz1,cz1
r0000668,21831,cz1,cz1
r0000669,21839,cz1,cz1
r0000670,21848,cz1,cz1
r0000671,21856,cz1,cz1
r0000672,21864,cz1,cz1
r0000673,21873,cz1,cz1
r0000674,21881,cz1,cz1
r0000675,21890,cz1,cz2
r0000676,21898,cz1,cz2
r0000677,21907,cz1,cz2
r0000678,21915,cz1,cz2
r0000679,21923,cz1,cz2
r0000680,21932,cz1,cz2
r0000681,21940,cz1,cz2
r0000682,21949,cz1,cz2
r0000683,21957,cz1,cz2
r0000684,21965,cz1,cz2
r0000685,21974,cz1,cz2
r0000686,21982,cz1,cz2
r0000687,21991,cz1,cz2
r0000688,21999,cz1,cz2
r0000689,22007,cz1,cz2
r0000690,22016,cz1,cz2
r0000691,22024,cz1,cz2
r0000692,22033,cz1,cz2
r0000693,22041,cz1,cz2
r0000694,22050,cz1,cz2
r0000695,22058,cz1,cz2
r0000696,22066,cz1,cz2
r0000697,22075,cz1,cz2
r0000698,22083,cz1,cz2
r0000699,22092,cz1,cz2
r0000700,22100,cz1,cz2
r0000701,22108,cz1,cz3
r0000702,22117,cz1,cz3
r0000703,22125,cz1,cz3
r0000704,22134,cz1,cz3
r0000705,22142,cz1,cz3
r0000706,22150,cz1,cz3
r0000707,22159,cz1,cz3
r0000708,22167,cz1,cz3
r0000709,22176,cz1,cz3
r0000710,22184,cz1,cz3
r0000711,22192,cz1,cz3
r0000712,22201,cz1,cz3
r0000713,22209,cz1,cz3
r0000714,22218,cz1,cz3
r0000715,22226,cz1,cz3
r0000716,22235,cz1,cz3
r0000717,22243,cz1,cz3
r0000718,22251,cz1,cz3
r0000719,22260,cz1,cz3
r0000720,22268,cz1,cz3
r0000721,22277,cz1,cz3
r0000722,22285,cz1,cz3
r0000723,22293,cz1,cz3
r0000724,22302,cz1,cz3
r0000725,22310,cz1,cz3
r0000726,22319,cz1,cz3
r0000727,22327,cz1,cz3
r0000728,22335,cz1,cz3
r0000729,22344,cz1,cz3
r0000730,22352,cz1,cz3
r0000731,22361,cz1,cz3
r0000732,22369,cz1,cz3
r0000733,22378,cz1,cz3
r0000734,22386,cz1,cz3
r0000735,22394,cz1,cz3
r0000736,22403,cz1,cz3
r0000737,22411,cz1,cz4
r0000738,22420,cz1,cz4
r0000739,22428,cz1,cz4
r0000740,22436,cz1,cz4
r0000741,22445,cz1,cz4
r0000742,22453,cz1,cz4
r0000743,22462,cz1,cz4
r0000744,22470,cz1,cz4
r0000745,22478,cz1,cz4
r0000746,22487,cz1,cz4
r0000747,22495,cz1,cz4
r0000748,22504,cz1,cz4
r0000749,22512,cz1,cz4
r0000750,22521,cz1,cz4
r0000751,22529,cz1,cz4
r0000752,22537,cz1,cz4
r0000753,22546,cz1,cz4
r0000754,22554,cz1,cz4
r0000755,22563,cz1,cz4
r0000756,22571,cz1,cz4
r0000757,22579,cz1,cz4
r0000758,22588,cz1,cz4
r0000759,22596,cz1,cz4
r0000760,22605,cz1,cz4
r0000761,22613,cz2,cz1
r0000762,22621,cz2,cz1
r0000763,22630,cz2,cz1
r0000764,22638,cz2,cz1
r0000765,22647,cz2,cz1
r0000766,22655,cz2,cz1
r0000767,22664,cz2,cz1
r0000768,22672,cz2,cz1
r0000769,22680,cz2,cz1
r0000770,22689,cz2,cz1
r0000771,22697,cz2,cz1
r0000772,22706,cz2,cz1
r0000773,22714,cz2,cz1
r0000774,22722,cz2,cz1
r0000775,22731,cz2,cz1
r0000776,22739,cz2,cz1
r0000777,22748,cz2,cz1
r0000778,22756,cz2,cz1
r0000779,22764,cz2,cz1
r0000780,22773,cz2,cz1
r0000781,22781,cz2,cz1
r0000782,22790,cz2,cz1
r0000783,22798,cz2,cz1
r0000784,22807,cz2,cz1
r0000785,22815,cz2,cz1
r0000786,22823,cz2,cz1
r0000787,22832,cz2,cz1
r0000788,22840,cz2,cz2
r0000789,22849,cz2,cz2
r0000790,22857,cz2,cz2
r0000791,22865,cz2,cz2
r0000792,22874,cz2,cz2
r0000793,22882,cz2,cz2
r0000794,22891,cz2,cz2
r0000795,22899,cz2,cz2
r0000796,22907,cz2,cz2
r0000797,22916,cz2,cz2
r0000798,22924,cz2,cz2
r0000799,22933,cz2,cz2
r0000800,22941,cz2,cz2
r0000801,22950,cz2,cz2
r0000802,22958,cz2,cz2
r0000803,22966,cz2,cz2
r0000804,22975,cz2,cz2
r0000805,22983,cz2,cz2
r0000806,22992,cz2,cz2
r0000807,23000,cz2,cz2
r0000808,23008,cz2,cz2
r0000809,23017,cz2,cz2
r0000810,23025,cz2,cz2
r0000811,23034,cz2,cz2
r0000812,23042,cz2,cz2
r0000813,23050,cz2,cz2
r0000814,23059,cz2,cz3
r0000815,23067,cz2,cz3
r0000816,23076,cz2,cz3
r0000817,23084,cz2,cz3
r0000818,23092,cz2,cz3
r0000819,23101,cz2,cz3
r0000820,23109,cz2,cz3
r0000821,23118,cz2,cz3
r0000822,23126,cz2,cz3
r0000823,23135,cz2,cz3
r0000824,23143,cz2,cz3
r0000825,23151,cz2,cz3
r0000826,23160,cz2,cz3
r0000827,23168,cz2,cz3
r0000828,23177,cz2,cz3
r0000829,23185,cz2,cz3
r0000830,23193,cz2,cz3
r0000831,23202,cz2,cz3
r0000832,23210,cz2,cz3
r0000833,23219,cz2,cz3
r0000834,23227,cz2,cz3
r0000835,23235,cz2,cz3
r0000836,23244,cz2,cz3
r0000837,23252,cz2,cz3
r0000838,23261,cz2,cz3
r0000839,23269,cz2,cz3
r0000840,23278,cz2,cz4
r0000841,23286,cz2,cz4
r0000842,23294,cz2,cz4
r0000843,23303,cz2,cz4
r0000844,23311,cz2,cz4
r0000845,23320,cz2,cz4
r0000846,23328,cz2,cz4
r0000847,23336,cz2,cz4
r0000848,23345,cz2,cz4
r0000849,23353,cz2,cz4
r0000850,23362,cz2,cz4
r0000851,23370,cz2,cz4
r0000852,23378,cz2,cz4
r0000853,23387,cz2,cz4
r0000854,23395,cz2,cz4
r0000855,23404,cz2,cz4
r0000856,23412,cz2,cz4
r0000857,23421,cz2,cz4
r0000858,23429,cz2,cz4
r0000859,23437,cz3,cz1
r0000860,23446,cz3,cz1
r0000861,23454,cz3,cz1
r0000862,23463,cz3,cz1
r0000863,23471,cz3,cz1
r0000864,23479,cz3,cz1
r0000865,23488,cz3,cz1
r0000866,23496,cz3,cz1
r0000867,23505,cz3,cz1
r0000868,23513,cz3,cz1
r0000869,23521,cz3,cz1
r0000870,23530,cz3,cz1
r0000871,23538,cz3,cz1
r0000872,23547,cz3,cz1
r0000873,23555,cz3,cz1
r0000874,23564,cz3,cz1
r0000875,23572,cz3,cz1
r0000876,23580,cz3,cz1
r0000877,23589,cz3,cz1
r0000878,23597,cz3,cz1
r0000879,23606,cz3,cz1
r0000880,23614,cz3,cz1
r0000881,23622,cz3,cz1
r0000882,23631,cz3,cz1
r0000883,23639,cz3,cz1
r0000884,23648,cz3,cz1
r0000885,23656,cz3,cz1
r0000886,23664,cz3,cz1
r0000887,23673,cz3,cz1
r0000888,23681,cz3,cz1
r0000889,23690,cz3,cz1
r0000890,23698,cz3,cz1
r0000891,23707,cz3,cz1
r0000892,23715,cz3,cz1
r0000893,23723,cz3,cz1
r0000894,23732,cz3,cz2
r0000895,23740,cz3,cz2
r0000896,23749,cz3,cz2
r0000897,23757,cz3,cz2
r0000898,23765,cz3,cz2
r0000899,23774,cz3,cz2
r0000900,23782,cz3,cz2
r0000901,23791,cz3,cz2
r0000902,23799,cz3,cz2
r0000903,23807,cz3,cz2
r0000904,23816,cz3,cz2
r0000905,23824,cz3,cz2
r0000906,23833,cz3,cz2
r0000907,23841,cz3,cz2
r0000908,23850,cz3,cz2
r0000909,23858,cz3,cz2
r0000910,23866,cz3,cz2
r0000911,23875,cz3,cz2
r0000912,23883,cz3,cz2
r0000913,23892,cz3,cz2
r0000914,23900,cz3,cz2
r0000915,23908,cz3,cz2
r0000916,23917,cz3,cz2
r0000917,23925,cz3,cz2
r0000918,23934,cz3,cz2
r0000919,23942,cz3,cz3
r0000920,23950,cz3,cz3
r0000921,23959,cz3,cz3
r0000922,23967,cz3,cz3
r0000923,23976,cz3,cz3
r0000924,23984,cz3,cz3
r0000925,23992,cz3,cz3
r0000926,24001,cz3,cz3
r0000927,24009,cz3,cz3
r0000928,24018,cz3,cz3
r0000929,24026,cz3,cz3
r0000930,24035,cz3,cz3
r0000931,24043,cz3,cz3
r0000932,24051,cz3,cz3
r0000933,24060,cz3,cz3
r0000934,24068,cz3,cz3
r0000935,24077,cz3,cz3
r0000936,24085,cz3,cz3
r0000937,24093,cz3,cz3
r0000938,24102,cz3,cz3
r0000939,24110,cz3,cz3
r0000940,24119,cz3,cz3
r0000941,24127,cz3,cz3
r0000942,24135,cz3,cz3
r0000943,24144,cz3,cz3
r0000944,24152,cz3,cz3
r0000945,24161,cz3,cz3
r0000946,24169,cz3,cz3
r0000947,24178,cz3,cz3
r0000948,24186,cz3,cz3
r0000949,24194,cz3,cz3
r0000950,24203,cz3,cz3
r0000951,24211,cz3,cz3
r0000952,24220,cz3,cz3
r0000953,24228,cz3,cz3
r0000954,24236,cz3,cz3
r0000955,24245,cz3,cz3
r0000956,24253,cz3,cz4
r0000957,24262,cz3,cz4
r0000958,24270,cz3,cz4
r0000959,24278,cz3,cz4
r0000960,24287,cz3,cz4
r0000961,24295,cz3,cz4
r0000962,24304,cz3,cz4
r0000963,24312,cz3,cz4
r0000964,24321,cz3,cz4
r0000965,24329,cz3,cz4
r0000966,24337,cz3,cz4
r0000967,24346,cz3,cz4
r0000968,24354,cz3,cz4
r0000969,24363,cz3,cz4
r0000970,24371,cz3,cz4
r0000971,24379,cz3,cz4
r0000972,24388,cz3,cz4
r0000973,24396,cz3,cz4
r0000974,24405,cz3,cz4
r0000975,24413,cz3,cz4
r0000976,24421,cz3,cz4
r0000977,24430,cz3,cz4
r0000978,24438,cz3,cz4
r0000979,24447,cz3,cz4
r0000980,24455,cz3,cz4
r0000981,24464,cz4,cz1
r0000982,24472,cz4,cz1
r0000983,24480,cz4,cz1
r0000984,24489,cz4,cz1
r0000985,24497,cz4,cz1
r0000986,24506,cz4,cz1
r0000987,24514,cz4,cz1
r0000988,24522,cz4,cz1
r0000989,24531,cz4,cz1
r0000990,24539,cz4,cz1
r0000991,24548,cz4,cz1
r0000992,24556,cz4,cz1
r0000993,24564,cz4,cz1
r0000994,24573,cz4,cz1
r0000995,24581,cz4,cz1
r0000996,24590,cz4,cz1
r0000997,24598,cz4,cz1
r0000998,24607,cz4,cz1
r0000999,24615,cz4,cz1
r0001000,24623,cz4,cz1
r0001001,24632,cz4,cz1
r0001002,24640,cz4,cz1
r0001003,24649,cz4,cz1
r0001004,24657,cz4,cz1
r0001005,24665,cz4,cz1
r0001006,24674,cz4,cz2
r0001007,24682,cz4,cz2
r0001008,24691,cz4,cz2
r0001009,24699,cz4,cz2
r0001010,24707,cz4,cz2
r0001011,24716,cz4,cz2
r0001012,24724,cz4,cz2
r0001013,24733,cz4,cz2
r0001014,24741,cz4,cz2
r0001015,24750,cz4,cz2
r0001016,24758,cz4,cz2
r0001017,24766,cz4,cz2
r0001018,24775,cz4,cz2
r0001019,24783,cz4,cz2
r0001020,24792,cz4,cz2
r0001021,24800,cz4,cz2
r0001022,24808,cz4,cz2
r0001023,24817,cz4,cz2
r0001024,24825,cz4,cz2
r0001025,24834,cz4,cz3
r0001026,24842,cz4,cz3
r0001027,24850,cz4,cz3
r0001028,24859,cz4,cz3
r0001029,24867,cz4,cz3
r0001030,24876,cz4,cz3
r0001031,24884,cz4,cz3
r0001032,24892,cz4,cz3
r0001033,24901,cz4,cz3
r0001034,24909,cz4,cz3
r0001035,24918,cz4,cz3
r0001036,24926,cz4,cz3
r0001037,24935,cz4,cz3
r0001038,24943,cz4,cz3
r0001039,24951,cz4,cz3
r0001040,24960,cz4,cz3
r0001041,24968,cz4,cz3
r0001042,24977,cz4,cz3
r0001043,24985,cz4,cz3
r0001044,24993,cz4,cz3
r0001045,25002,cz4,cz3
r0001046,25010,cz4,cz3
r0001047,25019,cz4,cz3
r0001048,25027,cz4,cz3
r0001049,25035,cz4,cz3
r0001050,25044,cz4,cz3
r0001051,25052,cz4,cz4
r0001052,25061,cz4,cz4
r0001053,25069,cz4,cz4
r0001054,25078,cz4,cz4
r0001055,25086,cz4,cz4
r0001056,25094,cz4,cz4
r0001057,25103,cz4,cz4
r0001058,25111,cz4,cz4
r0001059,25120,cz4,cz4
r0001060,25128,cz4,cz4
r0001061,25136,cz4,cz4
r0001062,25145,cz4,cz4
r0001063,25153,cz4,cz4
r0001064,25162,cz4,cz4
r0001065,25170,cz4,cz4
r0001066,25178,cz4,cz4
r0001067,25187,cz4,cz4
r0001068,25195,cz4,cz4
r0001069,25201,cz1,cz1
r0001070,25204,cz1,cz1
r0001071,25207,cz1,cz1
r0001072,25210,cz1,cz1
r0001073,25213,cz1,cz1
r0001074,25216,cz1,cz1
r0001075,25219,cz1,cz1
r0001076,25222,cz1,cz1
r0001077,25225,cz1,cz1
r0001078,25228,cz1,cz1
r0001079,25231,cz1,cz1
r0001080,25234,cz1,cz1
r0001081,25237,cz1,cz1
r0001082,25240,cz1,cz1
r0001083,25243,cz1,cz1
r0001084,25246,cz1,cz1
r0001085,25249,cz1,cz1
r0001086,25251,cz1,cz1
r0001087,25254,cz1,cz1
r0001088,25257,cz1,cz1
r0001089,25260,cz1,cz1
r0001090,25263,cz1,cz1
r0001091,25266,cz1,cz1
r0001092,25269,cz1,cz1
r0001093,25272,cz1,cz1
r0001094,25275,cz1,cz1
r0001095,25278,cz1,cz1
r0001096,25281,cz1,cz1
r0001097,25284,cz1,cz1
r0001098,25287,cz1,cz1
r0001099,25290,cz1,cz1
r0001100,25293,cz1,cz1
r0001101,25296,cz1,cz1
r0001102,25299,cz1,cz1
r0001103,25302,cz1,cz1
r0001104,25305,cz1,cz1
r0001105,25308,cz1,cz1
r0001106,25311,cz1,cz1
r0001107,25314,cz1,cz1
r0001108,25317,cz1,cz1
r0001109,25320,cz1,cz1
r0001110,25323,cz1,cz1
r0001111,25326,cz1,cz1
r0001112,25329,cz1,cz1
r0001113,25332,cz1,cz1
r0001114,25335,cz1,cz1
r0001115,25338,cz1,cz1
r0001116,25341,cz1,cz1
r0001117,25344,cz1,cz1
r0001118,25347,cz1,cz1
r0001119,25350,cz1,cz1
r0001120,25352,cz1,cz1
r0001121,25355,cz1,cz1
r0001122,25358,cz1,cz1
r0001123,25361,cz1,cz1
r0001124,25364,cz1,cz1
r0001125,25367,cz1,cz1
r0001126,25370,cz1,cz1
r0001127,25373,cz1,cz1
r0001128,25376,cz1,cz1
r0001129,25379,cz1,cz1
r0001130,25382,cz1,cz1
r0001131,25385,cz1,cz1
r0001132,25388,cz1,cz1
r0001133,25391,cz1,cz1
r0001134,25394,cz1,cz1
r0001135,25397,cz1,cz1
r0001136,25400,cz1,cz1
r0001137,25403,cz1,cz1
r0001138,25406,cz1,cz1
r0001139,25409,cz1,cz1
r0001140,25412,cz1,cz1
r0001141,25415,cz1,cz1
r0001142,25418,cz1,cz1
r0001143,25421,cz1,cz1
r0001144,25424,cz1,cz1
r0001145,25427,cz1,cz1
r0001146,25430,cz1,cz1
r0001147,25433,cz1,cz1
r0001148,25436,cz1,cz1
r0001149,25439,cz1,cz1
r0001150,25442,cz1,cz1
r0001151,25445,cz1,cz1
r0001152,25448,cz1,cz1
r0001153,25450,cz1,cz1
r0001154,25453,cz1,cz1
r0001155,25456,cz1,cz1
r0001156,25459,cz1,cz1
r0001157,25462,cz1,cz1
r0001158,25465,cz1,cz1
r0001159,25468,cz1,cz1
r0001160,25471,cz1,cz1
r0001161,25474,cz1,cz1
r0001162,25477,cz1,cz1
r0001163,25480,cz1,cz1
r0001164,25483,cz1,cz1
r0001165,25486,cz1,cz1
r0001166,25489,cz1,cz2
r0001167,25492,cz1,cz2
r0001168,25495,cz1,cz2
r0001169,25498,cz1,cz2
r0001170,25501,cz1,cz2
r0001171,25504,cz1,cz2
r0001172,25507,cz1,cz2
r0001173,25510,cz1,cz2
r0001174,25513,cz1,cz2
r0001175,25516,cz1,cz2
r0001176,25519,cz1,cz2
r0001177,25522,cz1,cz2
r0001178,25525,cz1,cz2
r0001179,25528,cz1,cz2
r0001180,25531,cz1,cz2
r0001181,25534,cz1,cz2
r0001182,25537,cz1,cz2
r0001183,25540,cz1,cz2
r0001184,25543,cz1,cz2
r0001185,25546,cz1,cz2
r0001186,25549,cz1,cz2
r0001187,25551,cz1,cz2
r0001188,25554,cz1,cz2
r0001189,25557,cz1,cz2
r0001190,25560,cz1,cz2
r0001191,25563,cz1,cz2
r0001192,25566,cz1,cz2
r0001193,25569,cz1,cz2
r0001194,25572,cz1,cz2
r0001195,25575,cz1,cz2
r0001196,25578,cz1,cz2
r0001197,25581,cz1,cz2
r0001198,25584,cz1,cz2
r0001199,25587,cz1,cz2
r0001200,25590,cz1,cz2
r0001201,25593,cz1,cz2
r0001202,25596,cz1,cz2
r0001203,25599,cz1,cz2
r0001204,25602,cz1,cz2
r0001205,25605,cz1,cz2
r0001206,25608,cz1,cz2
r0001207,25611,cz1,cz2
r0001208,25614,cz1,cz2
r0001209,25617,cz1,cz2
r0001210,25620,cz1,cz2
r0001211,25623,cz1,cz2
r0001212,25626,cz1,cz2
r0001213,25629,cz1,cz2
r0001214,25632,cz1,cz2
r0001215,25635,cz1,cz2
r0001216,25638,cz1,cz2
r0001217,25641,cz1,cz2
r0001218,25644,cz1,cz2
r0001219,25647,cz1,cz2
r0001220,25650,cz1,cz2
r0001221,25652,cz1,cz2
r0001222,25655,cz1,cz2
r0001223,25658,cz1,cz2
r0001224,25661,cz1,cz2
r0001225,25664,cz1,cz2
r0001226,25667,cz1,cz2
r0001227,25670,cz1,cz2
r0001228,25673,cz1,cz2
r0001229,25676,cz1,cz2
r0001230,25679,cz1,cz2
r0001231,25682,cz1,cz2
r0001232,25685,cz1,cz2
r0001233,25688,cz1,cz2
r0001234,25691,cz1,cz2
r0001235,25694,cz1,cz2
r0001236,25697,cz1,cz2
r0001237,25700,cz1,cz2
r0001238,25703,cz1,cz2
r0001239,25706,cz1,cz2
r0001240,25709,cz1,cz3
r0001241,25712,cz1,cz3
r0001242,25715,cz1,cz3
r0001243,25718,cz1,cz3
r0001244,25721,cz1,cz3
r0001245,25724,cz1,cz3
r0001246,25727,cz1,cz3
r0001247,25730,cz1,cz3
r0001248,25733,cz1,cz3
r0001249,25736,cz1,cz3
r0001250,25739,cz1,cz3
r0001251,25742,cz1,cz3
r0001252,25745,cz1,cz3
r0001253,25748,cz1,cz3
r0001254,25750,cz1,cz3
r0001255,25753,cz1,cz3
r0001256,25756,cz1,cz3
r0001257,25759,cz1,cz3
r0001258,25762,cz1,cz3
r0001259,25765,cz1,cz3
r0001260,25768,cz1,cz3
r0001261,25771,cz1,cz3
r0001262,25774,cz1,cz3
r0001263,25777,cz1,cz3
r0001264,25780,cz1,cz3
r0001265,25783,cz1,cz3
r0001266,25786,cz1,cz3
r0001267,25789,cz1,cz3
r0001268,25792,cz1,cz3
r0001269,25795,cz1,cz3
r0001270,25798,cz1,cz3
r0001271,25801,cz1,cz3
r0001272,25804,cz1,cz3
r0001273,25807,cz1,cz3
r0001274,25810,cz1,cz3
r0001275,25813,cz1,cz3
r0001276,25816,cz1,cz3
r0001277,25819,cz1,cz3
r0001278,25822,cz1,cz3
r0001279,25825,cz1,cz3
r0001280,25828,cz1,cz3
r0001281,25831,cz1,cz3
r0001282,25834,cz1,cz3
r0001283,25837,cz1,cz3
r0001284,25840,cz1,cz3
r0001285,25843,cz1,cz3
r0001286,25846,cz1,cz3
r0001287,25849,cz1,cz3
r0001288,25851,cz1,cz3
r0001289,25854,cz1,cz3
r0001290,25857,cz1,cz3
r0001291,25860,cz1,cz3
r0001292,25863,cz1,cz3
r0001293,25866,cz1,cz3
r0001294,25869,cz1,cz3
r0001295,25872,cz1,cz3
r0001296,25875,cz1,cz3
r0001297,25878,cz1,cz3
r0001298,25881,cz1,cz3
r0001299,25884,cz1,cz3
r0001300,25887,cz1,cz3
r0001301,25890,cz1,cz3
r0001302,25893,cz1,cz3
r0001303,25896,cz1,cz3
r0001304,25899,cz1,cz3
r0001305,25902,cz1,cz3
r0001306,25905,cz1,cz3
r0001307,25908,cz1,cz3
r0001308,25911,cz1,cz3
r0001309,25914,cz1,cz3
r0001310,25917,cz1,cz3
r0001311,25920,cz1,cz3
r0001312,25923,cz1,cz3
r0001313,25926,cz1,cz3
r0001314,25929,cz1,cz3
r0001315,25932,cz1,cz3
r0001316,25935,cz1,cz3
r0001317,25938,cz1,cz3
r0001318,25941,cz1,cz3
r0001319,25944,cz1,cz3
r0001320,25947,cz1,cz3
r0001321,25950,cz1,cz3
r0001322,25952,cz1,cz3
r0001323,25955,cz1,cz3
r0001324,25958,cz1,cz3
r0001325,25961,cz1,cz3
r0001326,25964,cz1,cz3
r0001327,25967,cz1,cz3
r0001328,25970,cz1,cz3
r0001329,25973,cz1,cz3
r0001330,25976,cz1,cz3
r0001331,25979,cz1,cz3
r0001332,25982,cz1,cz3
r0001333,25985,cz1,cz3
r0001334,25988,cz1,cz3
r0001335,25991,cz1,cz3
r0001336,25994,cz1,cz3
r0001337,25997,cz1,cz3
r0001338,26000,cz1,cz3
r0001339,26003,cz1,cz3
r0001340,26006,cz1,cz3
r0001341,26009,cz1,cz4
r0001342,26012,cz1,cz4
r0001343,26015,cz1,cz4
r0001344,26018,cz1,cz4
r0001345,26021,cz1,cz4
r0001346,26024,cz1,cz4
r0001347,26027,cz1,cz4
r0001348,26030,cz1,cz4
r0001349,26033,cz1,cz4
r0001350,26036,cz1,cz4
r0001351,26039,cz1,cz4
r0001352,26042,cz1,cz4
r0001353,26045,cz1,cz4
r0001354,26048,cz1,cz4
r0001355,26050,cz1,cz4
r0001356,26053,cz1,cz4
r0001357,26056,cz1,cz4
r0001358,26059,cz1,cz4
r0001359,26062,cz1,cz4
r0001360,26065,cz1,cz4
r0001361,26068,cz1,cz4
r0001362,26071,cz1,cz4
r0001363,26074,cz1,cz4
r0001364,26077,cz1,cz4
r0001365,26080,cz1,cz4
r0001366,26083,cz1,cz4
r0001367,26086,cz1,cz4
r0001368,26089,cz1,cz4
r0001369,26092,cz1,cz4
r0001370,26095,cz1,cz4
r0001371,26098,cz1,cz4
r0001372,26101,cz1,cz4
r0001373,26104,cz1,cz4
r0001374,26107,cz1,cz4
r0001375,26110,cz1,cz4
r0001376,26113,cz1,cz4
r0001377,26116,cz1,cz4
r0001378,26119,cz1,cz4
r0001379,26122,cz1,cz4
r0001380,26125,cz1,cz4
r0001381,26128,cz1,cz4
r0001382,26131,cz1,cz4
r0001383,26134,cz1,cz4
r0001384,26137,cz1,cz4
r0001385,26140,cz1,cz4
r0001386,26143,cz1,cz4
r0001387,26146,cz1,cz4
r0001388,26149,cz1,cz4
r0001389,26151,cz1,cz4
r0001390,26154,cz1,cz4
r0001391,26157,cz1,cz4
r0001392,26160,cz1,cz4
r0001393,26163,cz1,cz4
r0001394,26166,cz1,cz4
r0001395,26169,cz1,cz4
r0001396,26172,cz1,cz4
r0001397,26175,cz1,cz4
r0001398,26178,cz1,cz4
r0001399,26181,cz1,cz4
r0001400,26184,cz1,cz4
r0001401,26187,cz1,cz4
r0001402,26190,cz1,cz4
r0001403,26193,cz1,cz4
r0001404,26196,cz1,cz4
r0001405,26199,cz1,cz4
r0001406,26202,cz1,cz4
r0001407,26205,cz1,cz4
r0001408,26208,cz1,cz4
r0001409,26211,cz1,cz4
r0001410,26214,cz2,cz1
r0001411,26217,cz2,cz1
r0001412,26220,cz2,cz1
r0001413,26223,cz2,cz1
r0001414,26226,cz2,cz1
r0001415,26229,cz2,cz1
r0001416,26232,cz2,cz1
r0001417,26235,cz2,cz1
r0001418,26238,cz2,cz1
r0001419,26241,cz2,cz1
r0001420,26244,cz2,cz1
r0001421,26247,cz2,cz1
r0001422,26250,cz2,cz1
r0001423,26252,cz2,cz1
r0001424,26255,cz2,cz1
r0001425,26258,cz2,cz1
r0001426,26261,cz2,cz1
r0001427,26264,cz2,cz1
r0001428,26267,cz2,cz1
r0001429,26270,cz2,cz1
r0001430,26273,cz2,cz1
r0001431,26276,cz2,cz1
r0001432,26279,cz2,cz1
r0001433,26282,cz2,cz1
r0001434,26285,cz2,cz1
r0001435,26288,cz2,cz1
r0001436,26291,cz2,cz1
r0001437,26294,cz2,cz1
r0001438,26297,cz2,cz1
r0001439,26300,cz2,cz1
r0001440,26303,cz2,cz1
r0001441,26306,cz2,cz1
r0001442,26309,cz2,cz1
r0001443,26312,cz2,cz1
r0001444,26315,cz2,cz1
r0001445,26318,cz2,cz1
r0001446,26321,cz2,cz1
r0001447,26324,cz2,cz1
r0001448,26327,cz2,cz1
r0001449,26330,cz2,cz1
r0001450,26333,cz2,cz1
r0001451,26336,cz2,cz1
r0001452,26339,cz2,cz1
r0001453,26342,cz2,cz1
r0001454,26345,cz2,cz1
r0001455,26348,cz2,cz1
r0001456,26350,cz2,cz1
r0001457,26353,cz2,cz1
r0001458,26356,cz2,cz1
r0001459,26359,cz2,cz1
r0001460,26362,cz2,cz1
r0001461,26365,cz2,cz1
r0001462,26368,cz2,cz1
r0001463,26371,cz2,cz1
r0001464,26374,cz2,cz1
r0001465,26377,cz2,cz1
r0001466,26380,cz2,cz1
r0001467,26383,cz2,cz1
r0001468,26386,cz2,cz1
r0001469,26389,cz2,cz1
r0001470,26392,cz2,cz1
r0001471,26395,cz2,cz1
r0001472,26398,cz2,cz1
r0001473,26401,cz2,cz1
r0001474,26404,cz2,cz1
r0001475,26407,cz2,cz1
r0001476,26410,cz2,cz1
r0001477,26413,cz2,cz1
r0001478,26416,cz2,cz1
r0001479,26419,cz2,cz1
r0001480,26422,cz2,cz1
r0001481,26425,cz2,cz1
r0001482,26428,cz2,cz1
r0001483,26431,cz2,cz1
r0001484,26434,cz2,cz1
r0001485,26437,cz2,cz1
r0001486,26440,cz2,cz2
r0001487,26443,cz2,cz2
r0001488,26446,cz2,cz2
r0001489,26449,cz2,cz2
r0001490,26451,cz2,cz2
r0001491,26454,cz2,cz2
r0001492,26457,cz2,cz2
r0001493,26460,cz2,cz2
r0001494,26463,cz2,cz2
r0001495,26466,cz2,cz2
r0001496,26469,cz2,cz2
r0001497,26472,cz2,cz2
r0001498,26475,cz2,cz2
r0001499,26478,cz2,cz2
r0001500,26481,cz2,cz2
r0001501,26484,cz2,cz2
r0001502,26487,cz2,cz2
r0001503,26490,cz2,cz2
r0001504,26493,cz2,cz2
r0001505,26496,cz2,cz2
r0001506,26499,cz2,cz2
r0001507,26502,cz2,cz2
r0001508,26505,cz2,cz2
r0001509,26508,cz2,cz2
r0001510,26511,cz2,cz2
r0001511,26514,cz2,cz2
r0001512,26517,cz2,cz2
r0001513,26520,cz2,cz2
r0001514,26523,cz2,cz2
r0001515,26526,cz2,cz2
r0001516,26529,cz2,cz2
r0001517,26532,cz2,cz2
r0001518,26535,cz2,cz2
r0001519,26538,cz2,cz2
r0001520,26541,cz2,cz2
r0001521,26544,cz2,cz2
r0001522,26547,cz2,cz2
r0001523,26550,cz2,cz2
r0001524,26552,cz2,cz2
r0001525,26555,cz2,cz2
r0001526,26558,cz2,cz2
r0001527,26561,cz2,cz2
r0001528,26564,cz2,cz2
r0001529,26567,cz2,cz2
r0001530,26570,cz2,cz2
r0001531,26573,cz2,cz2
r0001532,26576,cz2,cz2
r0001533,26579,cz2,cz2
r0001534,26582,cz2,cz2
r0001535,26585,cz2,cz2
r0001536,26588,cz2,cz2
r0001537,26591,cz2,cz2
r0001538,26594,cz2,cz2
r0001539,26597,cz2,cz2
r0001540,26600,cz2,cz2
r0001541,26603,cz2,cz2
r0001542,26606,cz2,cz2
r0001543,26609,cz2,cz2
r0001544,26612,cz2,cz2
r0001545,26615,cz2,cz2
r0001546,26618,cz2,cz2
r0001547,26621,cz2,cz2
r0001548,26624,cz2,cz2
r0001549,26627,cz2,cz2
r0001550,26630,cz2,cz2
r0001551,26633,cz2,cz2
r0001552,26636,cz2,cz2
r0001553,26639,cz2,cz2
r0001554,26642,cz2,cz2
r0001555,26645,cz2,cz2
r0001556,26648,cz2,cz2
r0001557,26650,cz2,cz2
r0001558,26653,cz2,cz2
r0001559,26656,cz2,cz3
r0001560,26659,cz2,cz3
r0001561,26662,cz2,cz3
r0001562,26665,cz2,cz3
r0001563,26668,cz2,cz3
r0001564,26671,cz2,cz3
r0001565,26674,cz2,cz3
r0001566,26677,cz2,cz3
r0001567,26680,cz2,cz3
r0001568,26683,cz2,cz3
r0001569,26686,cz2,cz3
r0001570,26689,cz2,cz3
r0001571,26692,cz2,cz3
r0001572,26695,cz2,cz3
r0001573,26698,cz2,cz3
r0001574,26701,cz2,cz3
r0001575,26704,cz2,cz3
r0001576,26707,cz2,cz3
r0001577,26710,cz2,cz3
r0001578,26713,cz2,cz3
r0001579,26716,cz2,cz3
r0001580,26719,cz2,cz3
r0001581,26722,cz2,cz3
r0001582,26725,cz2,cz3
r0001583,26728,cz2,cz3
r0001584,26731,cz2,cz3
r0001585,26734,cz2,cz3
r0001586,26737,cz2,cz3
r0001587,26740,cz2,cz3
r0001588,26743,cz2,cz3
r0001589,26746,cz2,cz3
r0001590,26749,cz2,cz3
r0001591,26751,cz2,cz3
r0001592,26754,cz2,cz3
r0001593,26757,cz2,cz3
r0001594,26760,cz2,cz3
r0001595,26763,cz2,cz3
r0001596,26766,cz2,cz3
r0001597,26769,cz2,cz3
r0001598,26772,cz2,cz3
r0001599,26775,cz2,cz3
r0001600,26778,cz2,cz3
r0001601,26781,cz2,cz3
r0001602,26784,cz2,cz3
r0001603,26787,cz2,cz3
r0001604,26790,cz2,cz3
r0001605,26793,cz2,cz3
r0001606,26796,cz2,cz3
r0001607,26799,cz2,cz3
r0001608,26802,cz2,cz3
r0001609,26805,cz2,cz3
r0001610,26808,cz2,cz3
r0001611,26811,cz2,cz3
r0001612,26814,cz2,cz3
r0001613,26817,cz2,cz3
r0001614,26820,cz2,cz3
r0001615,26823,cz2,cz3
r0001616,26826,cz2,cz3
r0001617,26829,cz2,cz3
r0001618,26832,cz2,cz3
r0001619,26835,cz2,cz3
r0001620,26838,cz2,cz3
r0001621,26841,cz2,cz3
r0001622,26844,cz2,cz3
r0001623,26847,cz2,cz3
r0001624,26850,cz2,cz3
r0001625,26852,cz2,cz3
r0001626,26855,cz2,cz3
r0001627,26858,cz2,cz3
r0001628,26861,cz2,cz3
r0001629,26864,cz2,cz3
r0001630,26867,cz2,cz3
r0001631,26870,cz2,cz3
r0001632,26873,cz2,cz4
r0001633,26876,cz2,cz4
r0001634,26879,cz2,cz4
r0001635,26882,cz2,cz4
r0001636,26885,cz2,cz4
r0001637,26888,cz2,cz4
r0001638,26891,cz2,cz4
r0001639,26894,cz2,cz4
r0001640,26897,cz2,cz4
r0001641,26900,cz2,cz4
r0001642,26903,cz2,cz4
r0001643,26906,cz2,cz4
r0001644,26909,cz2,cz4
r0001645,26912,cz2,cz4
r0001646,26915,cz2,cz4
r0001647,26918,cz2,cz4
r0001648,26921,cz2,cz4
r0001649,26924,cz2,cz4
r0001650,26927,cz2,cz4
r0001651,26930,cz2,cz4
r0001652,26933,cz2,cz4
r0001653,26936,cz2,cz4
r0001654,26939,cz2,cz4
r0001655,26942,cz2,cz4
r0001656,26945,cz2,cz4
r0001657,26948,cz2,cz4
r0001658,26950,cz2,cz4
r0001659,26953,cz2,cz4
r0001660,26956,cz2,cz4
r0001661,26959,cz2,cz4
r0001662,26962,cz2,cz4
r0001663,26965,cz2,cz4
r0001664,26968,cz2,cz4
r0001665,26971,cz2,cz4
r0001666,26974,cz2,cz4
r0001667,26977,cz2,cz4
r0001668,26980,cz2,cz4
r0001669,26983,cz2,cz4
r0001670,26986,cz2,cz4
r0001671,26989,cz2,cz4
r0001672,26992,cz2,cz4
r0001673,26995,cz2,cz4
r0001674,26998,cz2,cz4
r0001675,27001,cz2,cz4
r0001676,27004,cz2,cz4
r0001677,27007,cz2,cz4
r0001678,27010,cz2,cz4
r0001679,27013,cz2,cz4
r0001680,27016,cz2,cz4
r0001681,27019,cz2,cz4
r0001682,27022,cz2,cz4
r0001683,27025,cz2,cz4
r0001684,27028,cz2,cz4
r0001685,27031,cz3,cz1
r0001686,27034,cz3,cz1
r0001687,27037,cz3,cz1
r0001688,27040,cz3,cz1
r0001689,27043,cz3,cz1
r0001690,27046,cz3,cz1
r0001691,27049,cz3,cz1
r0001692,27051,cz3,cz1
r0001693,27054,cz3,cz1
r0001694,27057,cz3,cz1
r0001695,27060,cz3,cz1
r0001696,27063,cz3,cz1
r0001697,27066,cz3,cz1
r0001698,27069,cz3,cz1
r0001699,27072,cz3,cz1
r0001700,27075,cz3,cz1
r0001701,27078,cz3,cz1
r0001702,27081,cz3,cz1
r0001703,27084,cz3,cz1
r0001704,27087,cz3,cz1
r0001705,27090,cz3,cz1
r0001706,27093,cz3,cz1
r0001707,27096,cz3,cz1
r0001708,27099,cz3,cz1
r0001709,27102,cz3,cz1
r0001710,27105,cz3,cz1
r0001711,27108,cz3,cz1
r0001712,27111,cz3,cz1
r0001713,27114,cz3,cz1
r0001714,27117,cz3,cz1
r0001715,27120,cz3,cz1
r0001716,27123,cz3,cz1
r0001717,27126,cz3,cz1
r0001718,27129,cz3,cz1
r0001719,27132,cz3,cz1
r0001720,27135,cz3,cz1
r0001721,27138,cz3,cz1
r0001722,27141,cz3,cz1
r0001723,27144,cz3,cz1
r0001724,27147,cz3,cz1
r0001725,27149,cz3,cz1
r0001726,27152,cz3,cz1
r0001727,27155,cz3,cz1
r0001728,27158,cz3,cz1
r0001729,27161,cz3,cz1
r0001730,27164,cz3,cz1
r0001731,27167,cz3,cz1
r0001732,27170,cz3,cz1
r0001733,27173,cz3,cz1
r0001734,27176,cz3,cz1
r0001735,27179,cz3,cz1
r0001736,27182,cz3,cz1
r0001737,27185,cz3,cz1
r0001738,27188,cz3,cz1
r0001739,27191,cz3,cz1
r0001740,27194,cz3,cz1
r0001741,27197,cz3,cz1
r0001742,27200,cz3,cz1
r0001743,27203,cz3,cz1
r0001744,27206,cz3,cz1
r0001745,27209,cz3,cz1
r0001746,27212,cz3,cz1
r0001747,27215,cz3,cz1
r0001748,27218,cz3,cz1
r0001749,27221,cz3,cz1
r0001750,27224,cz3,cz1
r0001751,27227,cz3,cz1
r0001752,27230,cz3,cz1
r0001753,27233,cz3,cz1
r0001754,27236,cz3,cz1
r0001755,27239,cz3,cz1
r0001756,27242,cz3,cz1
r0001757,27245,cz3,cz1
r0001758,27248,cz3,cz1
r0001759,27250,cz3,cz1
r0001760,27253,cz3,cz1
r0001761,27256,cz3,cz1
r0001762,27259,cz3,cz1
r0001763,27262,cz3,cz1
r0001764,27265,cz3,cz1
r0001765,27268,cz3,cz1
r0001766,27271,cz3,cz1
r0001767,27274,cz3,cz1
r0001768,27277,cz3,cz1
r0001769,27280,cz3,cz1
r0001770,27283,cz3,cz1
r0001771,27286,cz3,cz1
r0001772,27289,cz3,cz1
r0001773,27292,cz3,cz1
r0001774,27295,cz3,cz1
r0001775,27298,cz3,cz1
r0001776,27301,cz3,cz1
r0001777,27304,cz3,cz1
r0001778,27307,cz3,cz1
r0001779,27310,cz3,cz1
r0001780,27313,cz3,cz1
r0001781,27316,cz3,cz1
r0001782,27319,cz3,cz1
r0001783,27322,cz3,cz1
r0001784,27325,cz3,cz1
r0001785,27328,cz3,cz2
r0001786,27331,cz3,cz2
r0001787,27334,cz3,cz2
r0001788,27337,cz3,cz2
r0001789,27340,cz3,cz2
r0001790,27343,cz3,cz2
r0001791,27346,cz3,cz2
r0001792,27349,cz3,cz2
r0001793,27351,cz3,cz2
r0001794,27354,cz3,cz2
r0001795,27357,cz3,cz2
r0001796,27360,cz3,cz2
r0001797,27363,cz3,cz2
r0001798,27366,cz3,cz2
r0001799,27369,cz3,cz2
r0001800,27372,cz3,cz2
r0001801,27375,cz3,cz2
r0001802,27378,cz3,cz2
r0001803,27381,cz3,cz2
r0001804,27384,cz3,cz2
r0001805,27387,cz3,cz2
r0001806,27390,cz3,cz2
r0001807,27393,cz3,cz2
r0001808,27396,cz3,cz2
r0001809,27399,cz3,cz2
r0001810,27402,cz3,cz2
r0001811,27405,cz3,cz2
r0001812,27408,cz3,cz2
r0001813,27411,cz3,cz2
r0001814,27414,cz3,cz2
r0001815,27417,cz3,cz2
r0001816,27420,cz3,cz2
r0001817,27423,cz3,cz2
r0001818,27426,cz3,cz2
r0001819,27429,cz3,cz2
r0001820,27432,cz3,cz2
r0001821,27435,cz3,cz2
r0001822,27438,cz3,cz2
r0001823,27441,cz3,cz2
r0001824,27444,cz3,cz2
r0001825,27447,cz3,cz2
r0001826,27450,cz3,cz2
r0001827,27452,cz3,cz2
r0001828,27455,cz3,cz2
r0001829,27458,cz3,cz2
r0001830,27461,cz3,cz2
r0001831,27464,cz3,cz2
r0001832,27467,cz3,cz2
r0001833,27470,cz3,cz2
r0001834,27473,cz3,cz2
r0001835,27476,cz3,cz2
r0001836,27479,cz3,cz2
r0001837,27482,cz3,cz2
r0001838,27485,cz3,cz2
r0001839,27488,cz3,cz2
r0001840,27491,cz3,cz2
r0001841,27494,cz3,cz2
r0001842,27497,cz3,cz2
r0001843,27500,cz3,cz2
r0001844,27503,cz3,cz2
r0001845,27506,cz3,cz2
r0001846,27509,cz3,cz2
r0001847,27512,cz3,cz2
r0001848,27515,cz3,cz2
r0001849,27518,cz3,cz2
r0001850,27521,cz3,cz2
r0001851,27524,cz3,cz2
r0001852,27527,cz3,cz2
r0001853,27530,cz3,cz2
r0001854,27533,cz3,cz2
r0001855,27536,cz3,cz2
r0001856,27539,cz3,cz3
r0001857,27542,cz3,cz3
r0001858,27545,cz3,cz3
r0001859,27548,cz3,cz3
r0001860,27550,cz3,cz3
r0001861,27553,cz3,cz3
r0001862,27556,cz3,cz3
r0001863,27559,cz3,cz3
r0001864,27562,cz3,cz3
r0001865,27565,cz3,cz3
r0001866,27568,cz3,cz3
r0001867,27571,cz3,cz3
r0001868,27574,cz3,cz3
r0001869,27577,cz3,cz3
r0001870,27580,cz3,cz3
r0001871,27583,cz3,cz3
r0001872,27586,cz3,cz3
r0001873,27589,cz3,cz3
r0001874,27592,cz3,cz3
r0001875,27595,cz3,cz3
r0001876,27598,cz3,cz3
r0001877,27601,cz3,cz3
r0001878,27604,cz3,cz3
r0001879,27607,cz3,cz3
r0001880,27610,cz3,cz3
r0001881,27613,cz3,cz3
r0001882,27616,cz3,cz3
r0001883,27619,cz3,cz3
r0001884,27622,cz3,cz3
r0001885,27625,cz3,cz3
r0001886,27628,cz3,cz3
r0001887,27631,cz3,cz3
r0001888,27634,cz3,cz3
r0001889,27637,cz3,cz3
r0001890,27640,cz3,cz3
r0001891,27643,cz3,cz3
r0001892,27646,cz3,cz3
r0001893,27649,cz3,cz3
r0001894,27651,cz3,cz3
r0001895,27654,cz3,cz3
r0001896,27657,cz3,cz3
r0001897,27660,cz3,cz3
r0001898,27663,cz3,cz3
r0001899,27666,cz3,cz3
r0001900,27669,cz3,cz3
r0001901,27672,cz3,cz3
r0001902,27675,cz3,cz3
r0001903,27678,cz3,cz3
r0001904,27681,cz3,cz3
r0001905,27684,cz3,cz3
r0001906,27687,cz3,cz3
r0001907,27690,cz3,cz3
r0001908,27693,cz3,cz3
r0001909,27696,cz3,cz3
r0001910,27699,cz3,cz3
r0001911,27702,cz3,cz3
r0001912,27705,cz3,cz3
r0001913,27708,cz3,cz3
r0001914,27711,cz3,cz3
r0001915,27714,cz3,cz3
r0001916,27717,cz3,cz3
r0001917,27720,cz3,cz3
r0001918,27723,cz3,cz3
r0001919,27726,cz3,cz3
r0001920,27729,cz3,cz3
r0001921,27732,cz3,cz3
r0001922,27735,cz3,cz3
r0001923,27738,cz3,cz3
r0001924,27741,cz3,cz3
r0001925,27744,cz3,cz3
r0001926,27747,cz3,cz3
r0001927,27750,cz3,cz3
r0001928,27752,cz3,cz3
r0001929,27755,cz3,cz3
r0001930,27758,cz3,cz3
r0001931,27761,cz3,cz3
r0001932,27764,cz3,cz3
r0001933,27767,cz3,cz3
r0001934,27770,cz3,cz3
r0001935,27773,cz3,cz3
r0001936,27776,cz3,cz3
r0001937,27779,cz3,cz3
r0001938,27782,cz3,cz3
r0001939,27785,cz3,cz3
r0001940,27788,cz3,cz3
r0001941,27791,cz3,cz3
r0001942,27794,cz3,cz3
r0001943,27797,cz3,cz3
r0001944,27800,cz3,cz3
r0001945,27803,cz3,cz3
r0001946,27806,cz3,cz3
r0001947,27809,cz3,cz3
r0001948,27812,cz3,cz3
r0001949,27815,cz3,cz3
r0001950,27818,cz3,cz3
r0001951,27821,cz3,cz3
r0001952,27824,cz3,cz3
r0001953,27827,cz3,cz3
r0001954,27830,cz3,cz3
r0001955,27833,cz3,cz3
r0001956,27836,cz3,cz3
r0001957,27839,cz3,cz3
r0001958,27842,cz3,cz3
r0001959,27845,cz3,cz3
r0001960,27848,cz3,cz3
r0001961,27850,cz3,cz3
r0001962,27853,cz3,cz4
r0001963,27856,cz3,cz4
r0001964,27859,cz3,cz4
r0001965,27862,cz3,cz4
r0001966,27865,cz3,cz4
r0001967,27868,cz3,cz4
r0001968,27871,cz3,cz4
r0001969,27874,cz3,cz4
r0001970,27877,cz3,cz4
r0001971,27880,cz3,cz4
r0001972,27883,cz3,cz4
r0001973,27886,cz3,cz4
r0001974,27889,cz3,cz4
r0001975,27892,cz3,cz4
r0001976,27895,cz3,cz4
r0001977,27898,cz3,cz4
r0001978,27901,cz3,cz4
r0001979,27904,cz3,cz4
r0001980,27907,cz3,cz4
r0001981,27910,cz3,cz4
r0001982,27913,cz3,cz4
r0001983,27916,cz3,cz4
r0001984,27919,cz3,cz4
r0001985,27922,cz3,cz4
r0001986,27925,cz3,cz4
r0001987,27928,cz3,cz4
r0001988,27931,cz3,cz4
r0001989,27934,cz3,cz4
r0001990,27937,cz3,cz4
r0001991,27940,cz3,cz4
r0001992,27943,cz3,cz4
r0001993,27946,cz3,cz4
r0001994,27949,cz3,cz4
r0001995,27951,cz3,cz4
r0001996,27954,cz3,cz4
r0001997,27957,cz3,cz4
r0001998,27960,cz3,cz4
r0001999,27963,cz3,cz4
r0002000,27966,cz3,cz4
r0002001,27969,cz3,cz4
r0002002,27972,cz3,cz4
r0002003,27975,cz3,cz4
r0002004,27978,cz3,cz4
r0002005,27981,cz3,cz4
r0002006,27984,cz3,cz4
r0002007,27987,cz3,cz4
r0002008,27990,cz3,cz4
r0002009,27993,cz3,cz4
r0002010,27996,cz3,cz4
r0002011,27999,cz3,cz4
r0002012,28002,cz3,cz4
r0002013,28005,cz3,cz4
r0002014,28008,cz3,cz4
r0002015,28011,cz3,cz4
r0002016,28014,cz3,cz4
r0002017,28017,cz3,cz4
r0002018,28020,cz3,cz4
r0002019,28023,cz3,cz4
r0002020,28026,cz3,cz4
r0002021,28029,cz3,cz4
r0002022,28032,cz3,cz4
r0002023,28035,cz3,cz4
r0002024,28038,cz3,cz4
r0002025,28041,cz3,cz4
r0002026,28044,cz3,cz4
r0002027,28047,cz3,cz4
r0002028,28050,cz3,cz4
r0002029,28052,cz3,cz4
r0002030,28055,cz3,cz4
r0002031,28058,cz3,cz4
r0002032,28061,cz3,cz4
r0002033,28064,cz4,cz1
r0002034,28067,cz4,cz1
r0002035,28070,cz4,cz1
r0002036,28073,cz4,cz1
r0002037,28076,cz4,cz1
r0002038,28079,cz4,cz1
r0002039,28082,cz4,cz1
r0002040,28085,cz4,cz1
r0002041,28088,cz4,cz1
r0002042,28091,cz4,cz1
r0002043,28094,cz4,cz1
r0002044,28097,cz4,cz1
r0002045,28100,cz4,cz1
r0002046,28103,cz4,cz1
r0002047,28106,cz4,cz1
r0002048,28109,cz4,cz1
r0002049,28112,cz4,cz1
r0002050,28115,cz4,cz1
r0002051,28118,cz4,cz1
r0002052,28121,cz4,cz1
r0002053,28124,cz4,cz1
r0002054,28127,cz4,cz1
r0002055,28130,cz4,cz1
r0002056,28133,cz4,cz1
r0002057,28136,cz4,cz1
r0002058,28139,cz4,cz1
r0002059,28142,cz4,cz1
r0002060,28145,cz4,cz1
r0002061,28148,cz4,cz1
r0002062,28150,cz4,cz1
r0002063,28153,cz4,cz1
r0002064,28156,cz4,cz1
r0002065,28159,cz4,cz1
r0002066,28162,cz4,cz1
r0002067,28165,cz4,cz1
r0002068,28168,cz4,cz1
r0002069,28171,cz4,cz1
r0002070,28174,cz4,cz1
r0002071,28177,cz4,cz1
r0002072,28180,cz4,cz1
r0002073,28183,cz4,cz1
r0002074,28186,cz4,cz1
r0002075,28189,cz4,cz1
r0002076,28192,cz4,cz1
r0002077,28195,cz4,cz1
r0002078,28198,cz4,cz1
r0002079,28201,cz4,cz1
r0002080,28204,cz4,cz1
r0002081,28207,cz4,cz1
r0002082,28210,cz4,cz1
r0002083,28213,cz4,cz1
r0002084,28216,cz4,cz1
r0002085,28219,cz4,cz1
r0002086,28222,cz4,cz1
r0002087,28225,cz4,cz1
r0002088,28228,cz4,cz1
r0002089,28231,cz4,cz1
r0002090,28234,cz4,cz1
r0002091,28237,cz4,cz1
r0002092,28240,cz4,cz1
r0002093,28243,cz4,cz1
r0002094,28246,cz4,cz1
r0002095,28249,cz4,cz1
r0002096,28251,cz4,cz1
r0002097,28254,cz4,cz1
r0002098,28257,cz4,cz1
r0002099,28260,cz4,cz1
r0002100,28263,cz4,cz1
r0002101,28266,cz4,cz1
r0002102,28269,cz4,cz1
r0002103,28272,cz4,cz2
r0002104,28275,cz4,cz2
r0002105,28278,cz4,cz2
r0002106,28281,cz4,cz2
r0002107,28284,cz4,cz2
r0002108,28287,cz4,cz2
r0002109,28290,cz4,cz2
r0002110,28293,cz4,cz2
r0002111,28296,cz4,cz2
r0002112,28299,cz4,cz2
r0002113,28302,cz4,cz2
r0002114,28305,cz4,cz2
r0002115,28308,cz4,cz2
r0002116,28311,cz4,cz2
r0002117,28314,cz4,cz2
r0002118,28317,cz4,cz2
r0002119,28320,cz4,cz2
r0002120,28323,cz4,cz2
r0002121,28326,cz4,cz2
r0002122,28329,cz4,cz2
r0002123,28332,cz4,cz2
r0002124,28335,cz4,cz2
r0002125,28338,cz4,cz2
r0002126,28341,cz4,cz2
r0002127,28344,cz4,cz2
r0002128,28347,cz4,cz2
r0002129,28350,cz4,cz2
r0002130,28352,cz4,cz2
r0002131,28355,cz4,cz2
r0002132,28358,cz4,cz2
r0002133,28361,cz4,cz2
r0002134,28364,cz4,cz2
r0002135,28367,cz4,cz2
r0002136,28370,cz4,cz2
r0002137,28373,cz4,cz2
r0002138,28376,cz4,cz2
r0002139,28379,cz4,cz2
r0002140,28382,cz4,cz2
r0002141,28385,cz4,cz2
r0002142,28388,cz4,cz2
r0002143,28391,cz4,cz2
r0002144,28394,cz4,cz2
r0002145,28397,cz4,cz2
r0002146,28400,cz4,cz2
r0002147,28403,cz4,cz2
r0002148,28406,cz4,cz2
r0002149,28409,cz4,cz2
r0002150,28412,cz4,cz2
r0002151,28415,cz4,cz2
r0002152,28418,cz4,cz2
r0002153,28421,cz4,cz2
r0002154,28424,cz4,cz2
r0002155,28427,cz4,cz2
r0002156,28430,cz4,cz3
r0002157,28433,cz4,cz3
r0002158,28436,cz4,cz3
r0002159,28439,cz4,cz3
r0002160,28442,cz4,cz3
r0002161,28445,cz4,cz3
r0002162,28448,cz4,cz3
r0002163,28450,cz4,cz3
r0002164,28453,cz4,cz3
r0002165,28456,cz4,cz3
r0002166,28459,cz4,cz3
r0002167,28462,cz4,cz3
r0002168,28465,cz4,cz3
r0002169,28468,cz4,cz3
r0002170,28471,cz4,cz3
r0002171,28474,cz4,cz3
r0002172,28477,cz4,cz3
r0002173,28480,cz4,cz3
r0002174,28483,cz4,cz3
r0002175,28486,cz4,cz3
r0002176,28489,cz4,cz3
r0002177,28492,cz4,cz3
r0002178,28495,cz4,cz3
r0002179,28498,cz4,cz3
r0002180,28501,cz4,cz3
r0002181,28504,cz4,cz3
r0002182,28507,cz4,cz3
r0002183,28510,cz4,cz3
r0002184,28513,cz4,cz3
r0002185,28516,cz4,cz3
r0002186,28519,cz4,cz3
r0002187,28522,cz4,cz3
r0002188,28525,cz4,cz3
r0002189,28528,cz4,cz3
r0002190,28531,cz4,cz3
r0002191,28534,cz4,cz3
r0002192,28537,cz4,cz3
r0002193,28540,cz4,cz3
r0002194,28543,cz4,cz3
r0002195,28546,cz4,cz3
r0002196,28549,cz4,cz3
r0002197,28551,cz4,cz3
r0002198,28554,cz4,cz3
r0002199,28557,cz4,cz3
r0002200,28560,cz4,cz3
r0002201,28563,cz4,cz3
r0002202,28566,cz4,cz3
r0002203,28569,cz4,cz3
r0002204,28572,cz4,cz3
r0002205,28575,cz4,cz3
r0002206,28578,cz4,cz3
r0002207,28581,cz4,cz3
r0002208,28584,cz4,cz3
r0002209,28587,cz4,cz3
r0002210,28590,cz4,cz3
r0002211,28593,cz4,cz3
r0002212,28596,cz4,cz3
r0002213,28599,cz4,cz3
r0002214,28602,cz4,cz3
r0002215,28605,cz4,cz3
r0002216,28608,cz4,cz3
r0002217,28611,cz4,cz3
r0002218,28614,cz4,cz3
r0002219,28617,cz4,cz3
r0002220,28620,cz4,cz3
r0002221,28623,cz4,cz3
r0002222,28626,cz4,cz3
r0002223,28629,cz4,cz3
r0002224,28632,cz4,cz3
r0002225,28635,cz4,cz3
r0002226,28638,cz4,cz3
r0002227,28641,cz4,cz3
r0002228,28644,cz4,cz3
r0002229,28647,cz4,cz3
r0002230,28650,cz4,cz4
r0002231,28652,cz4,cz4
r0002232,28655,cz4,cz4
r0002233,28658,cz4,cz4
r0002234,28661,cz4,cz4
r0002235,28664,cz4,cz4
r0002236,28667,cz4,cz4
r0002237,28670,cz4,cz4
r0002238,28673,cz4,cz4
r0002239,28676,cz4,cz4
r0002240,28679,cz4,cz4
r0002241,28682,cz4,cz4
r0002242,28685,cz4,cz4
r0002243,28688,cz4,cz4
r0002244,28691,cz4,cz4
r0002245,28694,cz4,cz4
r0002246,28697,cz4,cz4
r0002247,28700,cz4,cz4
r0002248,28703,cz4,cz4
r0002249,28706,cz4,cz4
r0002250,28709,cz4,cz4
r0002251,28712,cz4,cz4
r0002252,28715,cz4,cz4
r0002253,28718,cz4,cz4
r0002254,28721,cz4,cz4
r0002255,28724,cz4,cz4
r0002256,28727,cz4,cz4
r0002257,28730,cz4,cz4
r0002258,28733,cz4,cz4
r0002259,28736,cz4,cz4
r0002260,28739,cz4,cz4
r0002261,28742,cz4,cz4
r0002262,28745,cz4,cz4
r0002263,28748,cz4,cz4
r0002264,28750,cz4,cz4
r0002265,28753,cz4,cz4
r0002266,28756,cz4,cz4
r0002267,28759,cz4,cz4
r0002268,28762,cz4,cz4
r0002269,28765,cz4,cz4
r0002270,28768,cz4,cz4
r0002271,28771,cz4,cz4
r0002272,28774,cz4,cz4
r0002273,28777,cz4,cz4
r0002274,28780,cz4,cz4
r0002275,28783,cz4,cz4
r0002276,28786,cz4,cz4
r0002277,28789,cz4,cz4
r0002278,28792,cz4,cz4
r0002279,28795,cz4,cz4
r0002280,28798,cz4,cz4
r0002281,28800,cz1,cz1
r0002282,28802,cz1,cz1
r0002283,28804,cz1,cz1
r0002284,28806,cz1,cz1
r0002285,28808,cz1,cz1
r0002286,28810,cz1,cz1
r0002287,28811,cz1,cz1
r0002288,28813,cz1,cz1
r0002289,28815,cz1,cz1
r0002290,28817,cz1,cz1
r0002291,28819,cz1,cz1
r0002292,28821,cz1,cz1
r0002293,28822,cz1,cz1
r0002294,28824,cz1,cz1
r0002295,28826,cz1,cz1
r0002296,28828,cz1,cz1
r0002297,28830,cz1,cz1
r0002298,28832,cz1,cz1
r0002299,28833,cz1,cz1
r0002300,28835,cz1,cz1
r0002301,28837,cz1,cz1
r0002302,28839,cz1,cz1
r0002303,28841,cz1,cz1
r0002304,28843,cz1,cz1
r0002305,28845,cz1,cz1
r0002306,28846,cz1,cz1
r0002307,28848,cz1,cz1
r0002308,28850,cz1,cz1
r0002309,28852,cz1,cz1
r0002310,28854,cz1,cz1
r0002311,28856,cz1,cz1
r0002312,28857,cz1,cz1
r0002313,28859,cz1,cz1
r0002314,28861,cz1,cz1
r0002315,28863,cz1,cz1
r0002316,28865,cz1,cz1
r0002317,28867,cz1,cz1
r0002318,28868,cz1,cz1
r0002319,28870,cz1,cz1
r0002320,28872,cz1,cz1
r0002321,28874,cz1,cz1
r0002322,28876,cz1,cz1
r0002323,28878,cz1,cz1
r0002324,28879,cz1,cz1
r0002325,28881,cz1,cz1
r0002326,28883,cz1,cz1
r0002327,28885,cz1,cz1
r0002328,28887,cz1,cz1
r0002329,28889,cz1,cz1
r0002330,28890,cz1,cz1
r0002331,28892,cz1,cz1
r0002332,28894,cz1,cz1
r0002333,28896,cz1,cz1
r0002334,28898,cz1,cz1
r0002335,28900,cz1,cz1
r0002336,28901,cz1,cz1
r0002337,28903,cz1,cz1
r0002338,28905,cz1,cz1
r0002339,28907,cz1,cz1
r0002340,28909,cz1,cz1
r0002341,28911,cz1,cz1
r0002342,28912,cz1,cz1
r0002343,28914,cz1,cz1
r0002344,28916,cz1,cz1
r0002345,28918,cz1,cz1
r0002346,28920,cz1,cz1
r0002347,28922,cz1,cz1
r0002348,28923,cz1,cz1
r0002349,28925,cz1,cz1
r0002350,28927,cz1,cz1
r0002351,28929,cz1,cz1
r0002352,28931,cz1,cz1
r0002353,28933,cz1,cz1
r0002354,28935,cz1,cz1
r0002355,28936,cz1,cz1
r0002356,28938,cz1,cz1
r0002357,28940,cz1,cz1
r0002358,28942,cz1,cz1
r0002359,28944,cz1,cz1
r0002360,28946,cz1,cz1
r0002361,28947,cz1,cz1
r0002362,28949,cz1,cz1
r0002363,28951,cz1,cz1
r0002364,28953,cz1,cz1
r0002365,28955,cz1,cz1
r0002366,28957,cz1,cz1
r0002367,28958,cz1,cz1
r0002368,28960,cz1,cz1
r0002369,28962,cz1,cz1
r0002370,28964,cz1,cz1
r0002371,28966,cz1,cz1
r0002372,28968,cz1,cz1
r0002373,28969,cz1,cz1
r0002374,28971,cz1,cz1
r0002375,28973,cz1,cz1
r0002376,28975,cz1,cz1
r0002377,28977,cz1,cz1
r0002378,28979,cz1,cz1
r0002379,28980,cz1,cz1
r0002380,28982,cz1,cz1
r0002381,28984,cz1,cz1
r0002382,28986,cz1,cz1
r0002383,28988,cz1,cz1
r0002384,28990,cz1,cz1
r0002385,28991,cz1,cz1
r0002386,28993,cz1,cz1
r0002387,28995,cz1,cz1
r0002388,28997,cz1,cz1
r0002389,28999,cz1,cz1
r0002390,29001,cz1,cz1
r0002391,29002,cz1,cz1
r0002392,29004,cz1,cz1
r0002393,29006,cz1,cz1
r0002394,29008,cz1,cz1
r0002395,29010,cz1,cz1
r0002396,29012,cz1,cz1
r0002397,29013,cz1,cz1
r0002398,29015,cz1,cz1
r0002399,29017,cz1,cz1
r0002400,29019,cz1,cz1
r0002401,29021,cz1,cz1
r0002402,29023,cz1,cz1
r0002403,29025,cz1,cz1
r0002404,29026,cz1,cz1
r0002405,29028,cz1,cz1
r0002406,29030,cz1,cz1
r0002407,29032,cz1,cz1
r0002408,29034,cz1,cz1
r0002409,29036,cz1,cz1
r0002410,29037,cz1,cz1
r0002411,29039,cz1,cz1
r0002412,29041,cz1,cz1
r0002413,29043,cz1,cz1
r0002414,29045,cz1,cz1
r0002415,29047,cz1,cz1
r0002416,29048,cz1,cz1
r0002417,29050,cz1,cz1
r0002418,29052,cz1,cz1
r0002419,29054,cz1,cz1
r0002420,29056,cz1,cz1
r0002421,29058,cz1,cz1
r0002422,29059,cz1,cz1
r0002423,29061,cz1,cz1
r0002424,29063,cz1,cz1
r0002425,29065,cz1,cz1
r0002426,29067,cz1,cz1
r0002427,29069,cz1,cz1
r0002428,29070,cz1,cz1
r0002429,29072,cz1,cz1
r0002430,29074,cz1,cz1
r0002431,29076,cz1,cz1
r0002432,29078,cz1,cz1
r0002433,29080,cz1,cz1
r0002434,29081,cz1,cz1
r0002435,29083,cz1,cz1
r0002436,29085,cz1,cz1
r0002437,29087,cz1,cz1
r0002438,29089,cz1,cz2
r0002439,29091,cz1,cz2
r0002440,29092,cz1,cz2
r0002441,29094,cz1,cz2
r0002442,29096,cz1,cz2
r0002443,29098,cz1,cz2
r0002444,29100,cz1,cz2
r0002445,29102,cz1,cz2
r0002446,29103,cz1,cz2
r0002447,29105,cz1,cz2
r0002448,29107,cz1,cz2
r0002449,29109,cz1,cz2
r0002450,29111,cz1,cz2
r0002451,29113,cz1,cz2
r0002452,29115,cz1,cz2
r0002453,29116,cz1,cz2
r0002454,29118,cz1,cz2
r0002455,29120,cz1,cz2
r0002456,29122,cz1,cz2
r0002457,29124,cz1,cz2
r0002458,29126,cz1,cz2
r0002459,29127,cz1,cz2
r0002460,29129,cz1,cz2
r0002461,29131,cz1,cz2
r0002462,29133,cz1,cz2
r0002463,29135,cz1,cz2
r0002464,29137,cz1,cz2
r0002465,29138,cz1,cz2
r0002466,29140,cz1,cz2
r0002467,29142,cz1,cz2
r0002468,29144,cz1,cz2
r0002469,29146,cz1,cz2
r0002470,29148,cz1,cz2
r0002471,29149,cz1,cz2
r0002472,29151,cz1,cz2
r0002473,29153,cz1,cz2
r0002474,29155,cz1,cz2
r0002475,29157,cz1,cz2
r0002476,29159,cz1,cz2
r0002477,29160,cz1,cz2
r0002478,29162,cz1,cz2
r0002479,29164,cz1,cz2
r0002480,29166,cz1,cz2
r0002481,29168,cz1,cz2
r0002482,29170,cz1,cz2
r0002483,29171,cz1,cz2
r0002484,29173,cz1,cz2
r0002485,29175,cz1,cz2
r0002486,29177,cz1,cz2
r0002487,29179,cz1,cz2
r0002488,29181,cz1,cz2
r0002489,29182,cz1,cz2
r0002490,29184,cz1,cz2
r0002491,29186,cz1,cz2
r0002492,29188,cz1,cz2
r0002493,29190,cz1,cz2
r0002494,29192,cz1,cz2
r0002495,29193,cz1,cz2
r0002496,29195,cz1,cz2
r0002497,29197,cz1,cz2
r0002498,29199,cz1,cz2
r0002499,29201,cz1,cz2
r0002500,29203,cz1,cz2
r0002501,29205,cz1,cz2
r0002502,29206,cz1,cz2
r0002503,29208,cz1,cz2
r0002504,29210,cz1,cz2
r0002505,29212,cz1,cz2
r0002506,29214,cz1,cz2
r0002507,29216,cz1,cz2
r0002508,29217,cz1,cz2
r0002509,29219,cz1,cz2
r0002510,29221,cz1,cz2
r0002511,29223,cz1,cz2
r0002512,29225,cz1,cz2
r0002513,29227,cz1,cz2
r0002514,29228,cz1,cz2
r0002515,29230,cz1,cz2
r0002516,29232,cz1,cz2
r0002517,29234,cz1,cz2
r0002518,29236,cz1,cz2
r0002519,29238,cz1,cz2
r0002520,29239,cz1,cz2
r0002521,29241,cz1,cz2
r0002522,29243,cz1,cz2
r0002523,29245,cz1,cz2
r0002524,29247,cz1,cz2
r0002525,29249,cz1,cz2
r0002526,29250,cz1,cz2
r0002527,29252,cz1,cz2
r0002528,29254,cz1,cz2
r0002529,29256,cz1,cz2
r0002530,29258,cz1,cz2
r0002531,29260,cz1,cz2
r0002532,29261,cz1,cz2
r0002533,29263,cz1,cz2
r0002534,29265,cz1,cz2
r0002535,29267,cz1,cz2
r0002536,29269,cz1,cz2
r0002537,29271,cz1,cz2
r0002538,29272,cz1,cz2
r0002539,29274,cz1,cz2
r0002540,29276,cz1,cz2
r0002541,29278,cz1,cz2
r0002542,29280,cz1,cz2
r0002543,29282,cz1,cz2
r0002544,29283,cz1,cz2
r0002545,29285,cz1,cz2
r0002546,29287,cz1,cz2
r0002547,29289,cz1,cz2
r0002548,29291,cz1,cz2
r0002549,29293,cz1,cz2
r0002550,29295,cz1,cz2
r0002551,29296,cz1,cz2
r0002552,29298,cz1,cz2
r0002553,29300,cz1,cz2
r0002554,29302,cz1,cz2
r0002555,29304,cz1,cz2
r0002556,29306,cz1,cz2
r0002557,29307,cz1,cz2
r0002558,29309,cz1,cz3
r0002559,29311,cz1,cz3
r0002560,29313,cz1,cz3
r0002561,29315,cz1,cz3
r0002562,29317,cz1,cz3
r0002563,29318,cz1,cz3
r0002564,29320,cz1,cz3
r0002565,29322,cz1,cz3
r0002566,29324,cz1,cz3
r0002567,29326,cz1,cz3
r0002568,29328,cz1,cz3
r0002569,29329,cz1,cz3
r0002570,29331,cz1,cz3
r0002571,29333,cz1,cz3
r0002572,29335,cz1,cz3
r0002573,29337,cz1,cz3
r0002574,29339,cz1,cz3
r0002575,29340,cz1,cz3
r0002576,29342,cz1,cz3
r0002577,29344,cz1,cz3
r0002578,29346,cz1,cz3
r0002579,29348,cz1,cz3
r0002580,29350,cz1,cz3
r0002581,29351,cz1,cz3
r0002582,29353,cz1,cz3
r0002583,29355,cz1,cz3
r0002584,29357,cz1,cz3
r0002585,29359,cz1,cz3
r0002586,29361,cz1,cz3
r0002587,29362,cz1,cz3
r0002588,29364,cz1,cz3
r0002589,29366,cz1,cz3
r0002590,29368,cz1,cz3
r0002591,29370,cz1,cz3
r0002592,29372,cz1,cz3
r0002593,29373,cz1,cz3
r0002594,29375,cz1,cz3
r0002595,29377,cz1,cz3
r0002596,29379,cz1,cz3
r0002597,29381,cz1,cz3
r0002598,29383,cz1,cz3
r0002599,29385,cz1,cz3
r0002600,29386,cz1,cz3
r0002601,29388,cz1,cz3
r0002602,29390,cz1,cz3
r0002603,29392,cz1,cz3
r0002604,29394,cz1,cz3
r0002605,29396,cz1,cz3
r0002606,29397,cz1,cz3
r0002607,29399,cz1,cz3
r0002608,29401,cz1,cz3
r0002609,29403,cz1,cz3
r0002610,29405,cz1,cz3
r0002611,29407,cz1,cz3
r0002612,29408,cz1,cz3
r0002613,29410,cz1,cz3
r0002614,29412,cz1,cz3
r0002615,29414,cz1,cz3
r0002616,29416,cz1,cz3
r0002617,29418,cz1,cz3
r0002618,29419,cz1,cz3
r0002619,29421,cz1,cz3
r0002620,29423,cz1,cz3
r0002621,29425,cz1,cz3
r0002622,29427,cz1,cz3
r0002623,29429,cz1,cz3
r0002624,29430,cz1,cz3
r0002625,29432,cz1,cz3
r0002626,29434,cz1,cz3
r0002627,29436,cz1,cz3
r0002628,29438,cz1,cz3
r0002629,29440,cz1,cz3
r0002630,29441,cz1,cz3
r0002631,29443,cz1,cz3
r0002632,29445,cz1,cz3
r0002633,29447,cz1,cz3
r0002634,29449,cz1,cz3
r0002635,29451,cz1,cz3
r0002636,29452,cz1,cz3
r0002637,29454,cz1,cz3
r0002638,29456,cz1,cz3
r0002639,29458,cz1,cz3
r0002640,29460,cz1,cz3
r0002641,29462,cz1,cz3
r0002642,29463,cz1,cz3
r0002643,29465,cz1,cz3
r0002644,29467,cz1,cz3
r0002645,29469,cz1,cz3
r0002646,29471,cz1,cz3
r0002647,29473,cz1,cz3
r0002648,29475,cz1,cz3
r0002649,29476,cz1,cz3
r0002650,29478,cz1,cz3
r0002651,29480,cz1,cz3
r0002652,29482,cz1,cz3
r0002653,29484,cz1,cz3
r0002654,29486,cz1,cz3
r0002655,29487,cz1,cz3
r0002656,29489,cz1,cz3
r0002657,29491,cz1,cz3
r0002658,29493,cz1,cz3
r0002659,29495,cz1,cz3
r0002660,29497,cz1,cz3
r0002661,29498,cz1,cz3
r0002662,29500,cz1,cz3
r0002663,29502,cz1,cz3
r0002664,29504,cz1,cz3
r0002665,29506,cz1,cz3
r0002666,29508,cz1,cz3
r0002667,29509,cz1,cz3
r0002668,29511,cz1,cz3
r0002669,29513,cz1,cz3
r0002670,29515,cz1,cz3
r0002671,29517,cz1,cz3
r0002672,29519,cz1,cz3
r0002673,29520,cz1,cz3
r0002674,29522,cz1,cz3
r0002675,29524,cz1,cz3
r0002676,29526,cz1,cz3
r0002677,29528,cz1,cz3
r0002678,29530,cz1,cz3
r0002679,29531,cz1,cz3
r0002680,29533,cz1,cz3
r0002681,29535,cz1,cz3
r0002682,29537,cz1,cz3
r0002683,29539,cz1,cz3
r0002684,29541,cz1,cz3
r0002685,29542,cz1,cz3
r0002686,29544,cz1,cz3
r0002687,29546,cz1,cz3
r0002688,29548,cz1,cz3
r0002689,29550,cz1,cz3
r0002690,29552,cz1,cz3
r0002691,29553,cz1,cz3
r0002692,29555,cz1,cz3
r0002693,29557,cz1,cz3
r0002694,29559,cz1,cz3
r0002695,29561,cz1,cz3
r0002696,29563,cz1,cz3
r0002697,29565,cz1,cz3
r0002698,29566,cz1,cz3
r0002699,29568,cz1,cz3
r0002700,29570,cz1,cz3
r0002701,29572,cz1,cz3
r0002702,29574,cz1,cz3
r0002703,29576,cz1,cz3
r0002704,29577,cz1,cz3
r0002705,29579,cz1,cz3
r0002706,29581,cz1,cz3
r0002707,29583,cz1,cz3
r0002708,29585,cz1,cz3
r0002709,29587,cz1,cz3
r0002710,29588,cz1,cz3
r0002711,29590,cz1,cz3
r0002712,29592,cz1,cz3
r0002713,29594,cz1,cz3
r0002714,29596,cz1,cz3
r0002715,29598,cz1,cz3
r0002716,29599,cz1,cz3
r0002717,29601,cz1,cz3
r0002718,29603,cz1,cz3
r0002719,29605,cz1,cz3
r0002720,29607,cz1,cz3
r0002721,29609,cz1,cz4
r0002722,29610,cz1,cz4
r0002723,29612,cz1,cz4
r0002724,29614,cz1,cz4
r0002725,29616,cz1,cz4
r0002726,29618,cz1,cz4
r0002727,29620,cz1,cz4
r0002728,29621,cz1,cz4
r0002729,29623,cz1,cz4
r0002730,29625,cz1,cz4
r0002731,29627,cz1,cz4
r0002732,29629,cz1,cz4
r0002733,29631,cz1,cz4
r0002734,29632,cz1,cz4
r0002735,29634,cz1,cz4
r0002736,29636,cz1,cz4
r0002737,29638,cz1,cz4
r0002738,29640,cz1,cz4
r0002739,29642,cz1,cz4
r0002740,29643,cz1,cz4
r0002741,29645,cz1,cz4
r0002742,29647,cz1,cz4
r0002743,29649,cz1,cz4
r0002744,29651,cz1,cz4
r0002745,29653,cz1,cz4
r0002746,29655,cz1,cz4
r0002747,29656,cz1,cz4
r0002748,29658,cz1,cz4
r0002749,29660,cz1,cz4
r0002750,29662,cz1,cz4
r0002751,29664,cz1,cz4
r0002752,29666,cz1,cz4
r0002753,29667,cz1,cz4
r0002754,29669,cz1,cz4
r0002755,29671,cz1,cz4
r0002756,29673,cz1,cz4
r0002757,29675,cz1,cz4
r0002758,29677,cz1,cz4
r0002759,29678,cz1,cz4
r0002760,29680,cz1,cz4
r0002761,29682,cz1,cz4
r0002762,29684,cz1,cz4
r0002763,29686,cz1,cz4
r0002764,29688,cz1,cz4
r0002765,29689,cz1,cz4
r0002766,29691,cz1,cz4
r0002767,29693,cz1,cz4
r0002768,29695,cz1,cz4
r0002769,29697,cz1,cz4
r0002770,29699,cz1,cz4
r0002771,29700,cz1,cz4
r0002772,29702,cz1,cz4
r0002773,29704,cz1,cz4
r0002774,29706,cz1,cz4
r0002775,29708,cz1,cz4
r0002776,29710,cz1,cz4
r0002777,29711,cz1,cz4
r0002778,29713,cz1,cz4
r0002779,29715,cz1,cz4
r0002780,29717,cz1,cz4
r0002781,29719,cz1,cz4
r0002782,29721,cz1,cz4
r0002783,29722,cz1,cz4
r0002784,29724,cz1,cz4
r0002785,29726,cz1,cz4
r0002786,29728,cz1,cz4
r0002787,29730,cz1,cz4
r0002788,29732,cz1,cz4
r0002789,29733,cz1,cz4
r0002790,29735,cz1,cz4
r0002791,29737,cz1,cz4
r0002792,29739,cz1,cz4
r0002793,29741,cz1,cz4
r0002794,29743,cz1,cz4
r0002795,29745,cz1,cz4
r0002796,29746,cz1,cz4
r0002797,29748,cz1,cz4
r0002798,29750,cz1,cz4
r0002799,29752,cz1,cz4
r0002800,29754,cz1,cz4
r0002801,29756,cz1,cz4
r0002802,29757,cz1,cz4
r0002803,29759,cz1,cz4
r0002804,29761,cz1,cz4
r0002805,29763,cz1,cz4
r0002806,29765,cz1,cz4
r0002807,29767,cz1,cz4
r0002808,29768,cz1,cz4
r0002809,29770,cz1,cz4
r0002810,29772,cz1,cz4
r0002811,29774,cz1,cz4
r0002812,29776,cz1,cz4
r0002813,29778,cz1,cz4
r0002814,29779,cz1,cz4
r0002815,29781,cz1,cz4
r0002816,29783,cz1,cz4
r0002817,29785,cz1,cz4
r0002818,29787,cz1,cz4
r0002819,29789,cz1,cz4
r0002820,29790,cz1,cz4
r0002821,29792,cz1,cz4
r0002822,29794,cz1,cz4
r0002823,29796,cz1,cz4
r0002824,29798,cz1,cz4
r0002825,29800,cz1,cz4
r0002826,29801,cz1,cz4
r0002827,29803,cz1,cz4
r0002828,29805,cz1,cz4
r0002829,29807,cz1,cz4
r0002830,29809,cz1,cz4
r0002831,29811,cz1,cz4
r0002832,29812,cz1,cz4
r0002833,29814,cz2,cz1
r0002834,29816,cz2,cz1
r0002835,29818,cz2,cz1
r0002836,29820,cz2,cz1
r0002837,29822,cz2,cz1
r0002838,29823,cz2,cz1
r0002839,29825,cz2,cz1
r0002840,29827,cz2,cz1
r0002841,29829,cz2,cz1
r0002842,29831,cz2,cz1
r0002843,29833,cz2,cz1
r0002844,29835,cz2,cz1
r0002845,29836,cz2,cz1
r0002846,29838,cz2,cz1
r0002847,29840,cz2,cz1
r0002848,29842,cz2,cz1
r0002849,29844,cz2,cz1
r0002850,29846,cz2,cz1
r0002851,29847,cz2,cz1
r0002852,29849,cz2,cz1
r0002853,29851,cz2,cz1
r0002854,29853,cz2,cz1
r0002855,29855,cz2,cz1
r0002856,29857,cz2,cz1
r0002857,29858,cz2,cz1
r0002858,29860,cz2,cz1
r0002859,29862,cz2,cz1
r0002860,29864,cz2,cz1
r0002861,29866,cz2,cz1
r0002862,29868,cz2,cz1
r0002863,29869,cz2,cz1
r0002864,29871,cz2,cz1
r0002865,29873,cz2,cz1
r0002866,29875,cz2,cz1
r0002867,29877,cz2,cz1
r0002868,29879,cz2,cz1
r0002869,29880,cz2,cz1
r0002870,29882,cz2,cz1
r0002871,29884,cz2,cz1
r0002872,29886,cz2,cz1
r0002873,29888,cz2,cz1
r0002874,29890,cz2,cz1
r0002875,29891,cz2,cz1
r0002876,29893,cz2,cz1
r0002877,29895,cz2,cz1
r0002878,29897,cz2,cz1
r0002879,29899,cz2,cz1
r0002880,29901,cz2,cz1
r0002881,29902,cz2,cz1
r0002882,29904,cz2,cz1
r0002883,29906,cz2,cz1
r0002884,29908,cz2,cz1
r0002885,29910,cz2,cz1
r0002886,29912,cz2,cz1
r0002887,29913,cz2,cz1
r0002888,29915,cz2,cz1
r0002889,29917,cz2,cz1
r0002890,29919,cz2,cz1
r0002891,29921,cz2,cz1
r0002892,29923,cz2,cz1
r0002893,29925,cz2,cz1
r0002894,29926,cz2,cz1
r0002895,29928,cz2,cz1
r0002896,29930,cz2,cz1
r0002897,29932,cz2,cz1
r0002898,29934,cz2,cz1
r0002899,29936,cz2,cz1
r0002900,29937,cz2,cz1
r0002901,29939,cz2,cz1
r0002902,29941,cz2,cz1
r0002903,29943,cz2,cz1
r0002904,29945,cz2,cz1
r0002905,29947,cz2,cz1
r0002906,29948,cz2,cz1
r0002907,29950,cz2,cz1
r0002908,29952,cz2,cz1
r0002909,29954,cz2,cz1
r0002910,29956,cz2,cz1
r0002911,29958,cz2,cz1
r0002912,29959,cz2,cz1
r0002913,29961,cz2,cz1
r0002914,29963,cz2,cz1
r0002915,29965,cz2,cz1
r0002916,29967,cz2,cz1
r0002917,29969,cz2,cz1
r0002918,29970,cz2,cz1
r0002919,29972,cz2,cz1
r0002920,29974,cz2,cz1
r0002921,29976,cz2,cz1
r0002922,29978,cz2,cz1
r0002923,29980,cz2,cz1
r0002924,29981,cz2,cz1
r0002925,29983,cz2,cz1
r0002926,29985,cz2,cz1
r0002927,29987,cz2,cz1
r0002928,29989,cz2,cz1
r0002929,29991,cz2,cz1
r0002930,29992,cz2,cz1
r0002931,29994,cz2,cz1
r0002932,29996,cz2,cz1
r0002933,29998,cz2,cz1
r0002934,30000,cz2,cz1
r0002935,30002,cz2,cz1
r0002936,30003,cz2,cz1
r0002937,30005,cz2,cz1
r0002938,30007,cz2,cz1
r0002939,30009,cz2,cz1
r0002940,30011,cz2,cz1
r0002941,30013,cz2,cz1
r0002942,30015,cz2,cz1
r0002943,30016,cz2,cz1
r0002944,30018,cz2,cz1
r0002945,30020,cz2,cz1
r0002946,30022,cz2,cz1
r0002947,30024,cz2,cz1
r0002948,30026,cz2,cz1
r0002949,30027,cz2,cz1
r0002950,30029,cz2,cz1
r0002951,30031,cz2,cz1
r0002952,30033,cz2,cz1
r0002953,30035,cz2,cz1
r0002954,30037,cz2,cz1
r0002955,30038,cz2,cz1
r0002956,30040,cz2,cz2
r0002957,30042,cz2,cz2
r0002958,30044,cz2,cz2
r0002959,30046,cz2,cz2
r0002960,30048,cz2,cz2
r0002961,30049,cz2,cz2
r0002962,30051,cz2,cz2
r0002963,30053,cz2,cz2
r0002964,30055,cz2,cz2
r0002965,30057,cz2,cz2
r0002966,30059,cz2,cz2
r0002967,30060,cz2,cz2
r0002968,30062,cz2,cz2
r0002969,30064,cz2,cz2
r0002970,30066,cz2,cz2
r0002971,30068,cz2,cz2
r0002972,30070,cz2,cz2
r0002973,30071,cz2,cz2
r0002974,30073,cz2,cz2
r0002975,30075,cz2,cz2
r0002976,30077,cz2,cz2
r0002977,30079,cz2,cz2
r0002978,30081,cz2,cz2
r0002979,30082,cz2,cz2
r0002980,30084,cz2,cz2
r0002981,30086,cz2,cz2
r0002982,30088,cz2,cz2
r0002983,30090,cz2,cz2
r0002984,30092,cz2,cz2
r0002985,30093,cz2,cz2
r0002986,30095,cz2,cz2
r0002987,30097,cz2,cz2
r0002988,30099,cz2,cz2
r0002989,30101,cz2,cz2
r0002990,30103,cz2,cz2
r0002991,30105,cz2,cz2
r0002992,30106,cz2,cz2
r0002993,30108,cz2,cz2
r0002994,30110,cz2,cz2
r0002995,30112,cz2,cz2
r0002996,30114,cz2,cz2
r0002997,30116,cz2,cz2
r0002998,30117,cz2,cz2
r0002999,30119,cz2,cz2
r0003000,30121,cz2,cz2
r0003001,30123,cz2,cz2
r0003002,30125,cz2,cz2
r0003003,30127,cz2,cz2
r0003004,30128,cz2,cz2
r0003005,30130,cz2,cz2
r0003006,30132,cz2,cz2
r0003007,30134,cz2,cz2
r0003008,30136,cz2,cz2
r0003009,30138,cz2,cz2
r0003010,30139,cz2,cz2
r0003011,30141,cz2,cz2
r0003012,30143,cz2,cz2
r0003013,30145,cz2,cz2
r0003014,30147,cz2,cz2
r0003015,30149,cz2,cz2
r0003016,30150,cz2,cz2
r0003017,30152,cz2,cz2
r0003018,30154,cz2,cz2
r0003019,30156,cz2,cz2
r0003020,30158,cz2,cz2
r0003021,30160,cz2,cz2
r0003022,30161,cz2,cz2
r0003023,30163,cz2,cz2
r0003024,30165,cz2,cz2
r0003025,30167,cz2,cz2
r0003026,30169,cz2,cz2
r0003027,30171,cz2,cz2
r0003028,30172,cz2,cz2
r0003029,30174,cz2,cz2
r0003030,30176,cz2,cz2
r0003031,30178,cz2,cz2
r0003032,30180,cz2,cz2
r0003033,30182,cz2,cz2
r0003034,30183,cz2,cz2
r0003035,30185,cz2,cz2
r0003036,30187,cz2,cz2
r0003037,30189,cz2,cz2
r0003038,30191,cz2,cz2
r0003039,30193,cz2,cz2
r0003040,30195,cz2,cz2
r0003041,30196,cz2,cz2
r0003042,30198,cz2,cz2
r0003043,30200,cz2,cz2
r0003044,30202,cz2,cz2
r0003045,30204,cz2,cz2
r0003046,30206,cz2,cz2
r0003047,30207,cz2,cz2
r0003048,30209,cz2,cz2
r0003049,30211,cz2,cz2
r0003050,30213,cz2,cz2
r0003051,30215,cz2,cz2
r0003052,30217,cz2,cz2
r0003053,30218,cz2,cz2
r0003054,30220,cz2,cz2
r0003055,30222,cz2,cz2
r0003056,30224,cz2,cz2
r0003057,30226,cz2,cz2
r0003058,30228,cz2,cz2
r0003059,30229,cz2,cz2
r0003060,30231,cz2,cz2
r0003061,30233,cz2,cz2
r0003062,30235,cz2,cz2
r0003063,30237,cz2,cz2
r0003064,30239,cz2,cz2
r0003065,30240,cz2,cz2
r0003066,30242,cz2,cz2
r0003067,30244,cz2,cz2
r0003068,30246,cz2,cz2
r0003069,30248,cz2,cz2
r0003070,30250,cz2,cz2
r0003071,30251,cz2,cz2
r0003072,30253,cz2,cz2
r0003073,30255,cz2,cz2
r0003074,30257,cz2,cz2
r0003075,30259,cz2,cz3
r0003076,30261,cz2,cz3
r0003077,30262,cz2,cz3
r0003078,30264,cz2,cz3
r0003079,30266,cz2,cz3
r0003080,30268,cz2,cz3
r0003081,30270,cz2,cz3
r0003082,30272,cz2,cz3
r0003083,30273,cz2,cz3
r0003084,30275,cz2,cz3
r0003085,30277,cz2,cz3
r0003086,30279,cz2,cz3
r0003087,30281,cz2,cz3
r0003088,30283,cz2,cz3
r0003089,30285,cz2,cz3
r0003090,30286,cz2,cz3
r0003091,30288,cz2,cz3
r0003092,30290,cz2,cz3
r0003093,30292,cz2,cz3
r0003094,30294,cz2,cz3
r0003095,30296,cz2,cz3
r0003096,30297,cz2,cz3
r0003097,30299,cz2,cz3
r0003098,30301,cz2,cz3
r0003099,30303,cz2,cz3
r0003100,30305,cz2,cz3
r0003101,30307,cz2,cz3
r0003102,30308,cz2,cz3
r0003103,30310,cz2,cz3
r0003104,30312,cz2,cz3
r0003105,30314,cz2,cz3
r0003106,30316,cz2,cz3
r0003107,30318,cz2,cz3
r0003108,30319,cz2,cz3
r0003109,30321,cz2,cz3
r0003110,30323,cz2,cz3
r0003111,30325,cz2,cz3
r0003112,30327,cz2,cz3
r0003113,30329,cz2,cz3
r0003114,30330,cz2,cz3
r0003115,30332,cz2,cz3
r0003116,30334,cz2,cz3
r0003117,30336,cz2,cz3
r0003118,30338,cz2,cz3
r0003119,30340,cz2,cz3
r0003120,30341,cz2,cz3
r0003121,30343,cz2,cz3
r0003122,30345,cz2,cz3
r0003123,30347,cz2,cz3
r0003124,30349,cz2,cz3
r0003125,30351,cz2,cz3
r0003126,30352,cz2,cz3
r0003127,30354,cz2,cz3
r0003128,30356,cz2,cz3
r0003129,30358,cz2,cz3
r0003130,30360,cz2,cz3
r0003131,30362,cz2,cz3
r0003132,30363,cz2,cz3
r0003133,30365,cz2,cz3
r0003134,30367,cz2,cz3
r0003135,30369,cz2,cz3
r0003136,30371,cz2,cz3
r0003137,30373,cz2,cz3
r0003138,30375,cz2,cz3
r0003139,30376,cz2,cz3
r0003140,30378,cz2,cz3
r0003141,30380,cz2,cz3
r0003142,30382,cz2,cz3
r0003143,30384,cz2,cz3
r0003144,30386,cz2,cz3
r0003145,30387,cz2,cz3
r0003146,30389,cz2,cz3
r0003147,30391,cz2,cz3
r0003148,30393,cz2,cz3
r0003149,30395,cz2,cz3
r0003150,30397,cz2,cz3
r0003151,30398,cz2,cz3
r0003152,30400,cz2,cz3
r0003153,30402,cz2,cz3
r0003154,30404,cz2,cz3
r0003155,30406,cz2,cz3
r0003156,30408,cz2,cz3
r0003157,30409,cz2,cz3
r0003158,30411,cz2,cz3
r0003159,30413,cz2,cz3
r0003160,30415,cz2,cz3
r0003161,30417,cz2,cz3
r0003162,30419,cz2,cz3
r0003163,30420,cz2,cz3
r0003164,30422,cz2,cz3
r0003165,30424,cz2,cz3
r0003166,30426,cz2,cz3
r0003167,30428,cz2,cz3
r0003168,30430,cz2,cz3
r0003169,30431,cz2,cz3
r0003170,30433,cz2,cz3
r0003171,30435,cz2,cz3
r0003172,30437,cz2,cz3
r0003173,30439,cz2,cz3
r0003174,30441,cz2,cz3
r0003175,30442,cz2,cz3
r0003176,30444,cz2,cz3
r0003177,30446,cz2,cz3
r0003178,30448,cz2,cz3
r0003179,30450,cz2,cz3
r0003180,30452,cz2,cz3
r0003181,30453,cz2,cz3
r0003182,30455,cz2,cz3
r0003183,30457,cz2,cz3
r0003184,30459,cz2,cz3
r0003185,30461,cz2,cz3
r0003186,30463,cz2,cz3
r0003187,30465,cz2,cz3
r0003188,30466,cz2,cz3
r0003189,30468,cz2,cz3
r0003190,30470,cz2,cz3
r0003191,30472,cz2,cz3
r0003192,30474,cz2,cz3
r0003193,30476,cz2,cz4
r0003194,30477,cz2,cz4
r0003195,30479,cz2,cz4
r0003196,30481,cz2,cz4
r0003197,30483,cz2,cz4
r0003198,30485,cz2,cz4
r0003199,30487,cz2,cz4
r0003200,30488,cz2,cz4
r0003201,30490,cz2,cz4
r0003202,30492,cz2,cz4
r0003203,30494,cz2,cz4
r0003204,30496,cz2,cz4
r0003205,30498,cz2,cz4
r0003206,30499,cz2,cz4
r0003207,30501,cz2,cz4
r0003208,30503,cz2,cz4
r0003209,30505,cz2,cz4
r0003210,30507,cz2,cz4
r0003211,30509,cz2,cz4
r0003212,30510,cz2,cz4
r0003213,30512,cz2,cz4
r0003214,30514,cz2,cz4
r0003215,30516,cz2,cz4
r0003216,30518,cz2,cz4
r0003217,30520,cz2,cz4
r0003218,30521,cz2,cz4
r0003219,30523,cz2,cz4
r0003220,30525,cz2,cz4
r0003221,30527,cz2,cz4
r0003222,30529,cz2,cz4
r0003223,30531,cz2,cz4
r0003224,30532,cz2,cz4
r0003225,30534,cz2,cz4
r0003226,30536,cz2,cz4
r0003227,30538,cz2,cz4
r0003228,30540,cz2,cz4
r0003229,30542,cz2,cz4
r0003230,30543,cz2,cz4
r0003231,30545,cz2,cz4
r0003232,30547,cz2,cz4
r0003233,30549,cz2,cz4
r0003234,30551,cz2,cz4
r0003235,30553,cz2,cz4
r0003236,30555,cz2,cz4
r0003237,30556,cz2,cz4
r0003238,30558,cz2,cz4
r0003239,30560,cz2,cz4
r0003240,30562,cz2,cz4
r0003241,30564,cz2,cz4
r0003242,30566,cz2,cz4
r0003243,30567,cz2,cz4
r0003244,30569,cz2,cz4
r0003245,30571,cz2,cz4
r0003246,30573,cz2,cz4
r0003247,30575,cz2,cz4
r0003248,30577,cz2,cz4
r0003249,30578,cz2,cz4
r0003250,30580,cz2,cz4
r0003251,30582,cz2,cz4
r0003252,30584,cz2,cz4
r0003253,30586,cz2,cz4
r0003254,30588,cz2,cz4
r0003255,30589,cz2,cz4
r0003256,30591,cz2,cz4
r0003257,30593,cz2,cz4
r0003258,30595,cz2,cz4
r0003259,30597,cz2,cz4
r0003260,30599,cz2,cz4
r0003261,30600,cz2,cz4
r0003262,30602,cz2,cz4
r0003263,30604,cz2,cz4
r0003264,30606,cz2,cz4
r0003265,30608,cz2,cz4
r0003266,30610,cz2,cz4
r0003267,30611,cz2,cz4
r0003268,30613,cz2,cz4
r0003269,30615,cz2,cz4
r0003270,30617,cz2,cz4
r0003271,30619,cz2,cz4
r0003272,30621,cz2,cz4
r0003273,30622,cz2,cz4
r0003274,30624,cz2,cz4
r0003275,30626,cz2,cz4
r0003276,30628,cz2,cz4
r0003277,30630,cz2,cz4
r0003278,30632,cz2,cz4
r0003279,30633,cz3,cz1
r0003280,30635,cz3,cz1
r0003281,30637,cz3,cz1
r0003282,30639,cz3,cz1
r0003283,30641,cz3,cz1
r0003284,30643,cz3,cz1
r0003285,30644,cz3,cz1
r0003286,30646,cz3,cz1
r0003287,30648,cz3,cz1
r0003288,30650,cz3,cz1
r0003289,30652,cz3,cz1
r0003290,30654,cz3,cz1
r0003291,30656,cz3,cz1
r0003292,30657,cz3,cz1
r0003293,30659,cz3,cz1
r0003294,30661,cz3,cz1
r0003295,30663,cz3,cz1
r0003296,30665,cz3,cz1
r0003297,30667,cz3,cz1
r0003298,30668,cz3,cz1
r0003299,30670,cz3,cz1
r0003300,30672,cz3,cz1
r0003301,30674,cz3,cz1
r0003302,30676,cz3,cz1
r0003303,30678,cz3,cz1
r0003304,30679,cz3,cz1
r0003305,30681,cz3,cz1
r0003306,30683,cz3,cz1
r0003307,30685,cz3,cz1
r0003308,30687,cz3,cz1
r0003309,30689,cz3,cz1
r0003310,30690,cz3,cz1
r0003311,30692,cz3,cz1
r0003312,30694,cz3,cz1
r0003313,30696,cz3,cz1
r0003314,30698,cz3,cz1
r0003315,30700,cz3,cz1
r0003316,30701,cz3,cz1
r0003317,30703,cz3,cz1
r0003318,30705,cz3,cz1
r0003319,30707,cz3,cz1
r0003320,30709,cz3,cz1
r0003321,30711,cz3,cz1
r0003322,30712,cz3,cz1
r0003323,30714,cz3,cz1
r0003324,30716,cz3,cz1
r0003325,30718,cz3,cz1
r0003326,30720,cz3,cz1
r0003327,30722,cz3,cz1
r0003328,30723,cz3,cz1
r0003329,30725,cz3,cz1
r0003330,30727,cz3,cz1
r0003331,30729,cz3,cz1
r0003332,30731,cz3,cz1
r0003333,30733,cz3,cz1
r0003334,30735,cz3,cz1
r0003335,30736,cz3,cz1
r0003336,30738,cz3,cz1
r0003337,30740,cz3,cz1
r0003338,30742,cz3,cz1
r0003339,30744,cz3,cz1
r0003340,30746,cz3,cz1
r0003341,30747,cz3,cz1
r0003342,30749,cz3,cz1
r0003343,30751,cz3,cz1
r0003344,30753,cz3,cz1
r0003345,30755,cz3,cz1
r0003346,30757,cz3,cz1
r0003347,30758,cz3,cz1
r0003348,30760,cz3,cz1
r0003349,30762,cz3,cz1
r0003350,30764,cz3,cz1
r0003351,30766,cz3,cz1
r0003352,30768,cz3,cz1
r0003353,30769,cz3,cz1
r0003354,30771,cz3,cz1
r0003355,30773,cz3,cz1
r0003356,30775,cz3,cz1
r0003357,30777,cz3,cz1
r0003358,30779,cz3,cz1
r0003359,30780,cz3,cz1
r0003360,30782,cz3,cz1
r0003361,30784,cz3,cz1
r0003362,30786,cz3,cz1
r0003363,30788,cz3,cz1
r0003364,30790,cz3,cz1
r0003365,30791,cz3,cz1
r0003366,30793,cz3,cz1
r0003367,30795,cz3,cz1
r0003368,30797,cz3,cz1
r0003369,30799,cz3,cz1
r0003370,30801,cz3,cz1
r0003371,30802,cz3,cz1
r0003372,30804,cz3,cz1
r0003373,30806,cz3,cz1
r0003374,30808,cz3,cz1
r0003375,30810,cz3,cz1
r0003376,30812,cz3,cz1
r0003377,30813,cz3,cz1
r0003378,30815,cz3,cz1
r0003379,30817,cz3,cz1
r0003380,30819,cz3,cz1
r0003381,30821,cz3,cz1
r0003382,30823,cz3,cz1
r0003383,30825,cz3,cz1
r0003384,30826,cz3,cz1
r0003385,30828,cz3,cz1
r0003386,30830,cz3,cz1
r0003387,30832,cz3,cz1
r0003388,30834,cz3,cz1
r0003389,30836,cz3,cz1
r0003390,30837,cz3,cz1
r0003391,30839,cz3,cz1
r0003392,30841,cz3,cz1
r0003393,30843,cz3,cz1
r0003394,30845,cz3,cz1
r0003395,30847,cz3,cz1
r0003396,30848,cz3,cz1
r0003397,30850,cz3,cz1
r0003398,30852,cz3,cz1
r0003399,30854,cz3,cz1
r0003400,30856,cz3,cz1
r0003401,30858,cz3,cz1
r0003402,30859,cz3,cz1
r0003403,30861,cz3,cz1
r0003404,30863,cz3,cz1
r0003405,30865,cz3,cz1
r0003406,30867,cz3,cz1
r0003407,30869,cz3,cz1
r0003408,30870,cz3,cz1
r0003409,30872,cz3,cz1
r0003410,30874,cz3,cz1
r0003411,30876,cz3,cz1
r0003412,30878,cz3,cz1
r0003413,30880,cz3,cz1
r0003414,30881,cz3,cz1
r0003415,30883,cz3,cz1
r0003416,30885,cz3,cz1
r0003417,30887,cz3,cz1
r0003418,30889,cz3,cz1
r0003419,30891,cz3,cz1
r0003420,30892,cz3,cz1
r0003421,30894,cz3,cz1
r0003422,30896,cz3,cz1
r0003423,30898,cz3,cz1
r0003424,30900,cz3,cz1
r0003425,30902,cz3,cz1
r0003426,30903,cz3,cz1
r0003427,30905,cz3,cz1
r0003428,30907,cz3,cz1
r0003429,30909,cz3,cz1
r0003430,30911,cz3,cz1
r0003431,30913,cz3,cz1
r0003432,30915,cz3,cz1
r0003433,30916,cz3,cz1
r0003434,30918,cz3,cz1
r0003435,30920,cz3,cz1
r0003436,30922,cz3,cz1
r0003437,30924,cz3,cz1
r0003438,30926,cz3,cz1
r0003439,30927,cz3,cz1
r0003440,30929,cz3,cz2
r0003441,30931,cz3,cz2
r0003442,30933,cz3,cz2
r0003443,30935,cz3,cz2
r0003444,30937,cz3,cz2
r0003445,30938,cz3,cz2
r0003446,30940,cz3,cz2
r0003447,30942,cz3,cz2
r0003448,30944,cz3,cz2
r0003449,30946,cz3,cz2
r0003450,30948,cz3,cz2
r0003451,30949,cz3,cz2
r0003452,30951,cz3,cz2
r0003453,30953,cz3,cz2
r0003454,30955,cz3,cz2
r0003455,30957,cz3,cz2
r0003456,30959,cz3,cz2
r0003457,30960,cz3,cz2
r0003458,30962,cz3,cz2
r0003459,30964,cz3,cz2
r0003460,30966,cz3,cz2
r0003461,30968,cz3,cz2
r0003462,30970,cz3,cz2
r0003463,30971,cz3,cz2
r0003464,30973,cz3,cz2
r0003465,30975,cz3,cz2
r0003466,30977,cz3,cz2
r0003467,30979,cz3,cz2
r0003468,30981,cz3,cz2
r0003469,30982,cz3,cz2
r0003470,30984,cz3,cz2
r0003471,30986,cz3,cz2
r0003472,30988,cz3,cz2
r0003473,30990,cz3,cz2
r0003474,30992,cz3,cz2
r0003475,30993,cz3,cz2
r0003476,30995,cz3,cz2
r0003477,30997,cz3,cz2
r0003478,30999,cz3,cz2
r0003479,31001,cz3,cz2
r0003480,31003,cz3,cz2
r0003481,31005,cz3,cz2
r0003482,31006,cz3,cz2
r0003483,31008,cz3,cz2
r0003484,31010,cz3,cz2
r0003485,31012,cz3,cz2
r0003486,31014,cz3,cz2
r0003487,31016,cz3,cz2
r0003488,31017,cz3,cz2
r0003489,31019,cz3,cz2
r0003490,31021,cz3,cz2
r0003491,31023,cz3,cz2
r0003492,31025,cz3,cz2
r0003493,31027,cz3,cz2
r0003494,31028,cz3,cz2
r0003495,31030,cz3,cz2
r0003496,31032,cz3,cz2
r0003497,31034,cz3,cz2
r0003498,31036,cz3,cz2
r0003499,31038,cz3,cz2
r0003500,31039,cz3,cz2
r0003501,31041,cz3,cz2
r0003502,31043,cz3,cz2
r0003503,31045,cz3,cz2
r0003504,31047,cz3,cz2
r0003505,31049,cz3,cz2
r0003506,31050,cz3,cz2
r0003507,31052,cz3,cz2
r0003508,31054,cz3,cz2
r0003509,31056,cz3,cz2
r0003510,31058,cz3,cz2
r0003511,31060,cz3,cz2
r0003512,31061,cz3,cz2
r0003513,31063,cz3,cz2
r0003514,31065,cz3,cz2
r0003515,31067,cz3,cz2
r0003516,31069,cz3,cz2
r0003517,31071,cz3,cz2
r0003518,31072,cz3,cz2
r0003519,31074,cz3,cz2
r0003520,31076,cz3,cz2
r0003521,31078,cz3,cz2
r0003522,31080,cz3,cz2
r0003523,31082,cz3,cz2
r0003524,31083,cz3,cz2
r0003525,31085,cz3,cz2
r0003526,31087,cz3,cz2
r0003527,31089,cz3,cz2
r0003528,31091,cz3,cz2
r0003529,31093,cz3,cz2
r0003530,31095,cz3,cz2
r0003531,31096,cz3,cz2
r0003532,31098,cz3,cz2
r0003533,31100,cz3,cz2
r0003534,31102,cz3,cz2
r0003535,31104,cz3,cz2
r0003536,31106,cz3,cz2
r0003537,31107,cz3,cz2
r0003538,31109,cz3,cz2
r0003539,31111,cz3,cz2
r0003540,31113,cz3,cz2
r0003541,31115,cz3,cz2
r0003542,31117,cz3,cz2
r0003543,31118,cz3,cz2
r0003544,31120,cz3,cz2
r0003545,31122,cz3,cz2
r0003546,31124,cz3,cz2
r0003547,31126,cz3,cz2
r0003548,31128,cz3,cz2
r0003549,31129,cz3,cz2
r0003550,31131,cz3,cz2
r0003551,31133,cz3,cz2
r0003552,31135,cz3,cz2
r0003553,31137,cz3,cz2
r0003554,31139,cz3,cz3
r0003555,31140,cz3,cz3
r0003556,31142,cz3,cz3
r0003557,31144,cz3,cz3
r0003558,31146,cz3,cz3
r0003559,31148,cz3,cz3
r0003560,31150,cz3,cz3
r0003561,31151,cz3,cz3
r0003562,31153,cz3,cz3
r0003563,31155,cz3,cz3
r0003564,31157,cz3,cz3
r0003565,31159,cz3,cz3
r0003566,31161,cz3,cz3
r0003567,31162,cz3,cz3
r0003568,31164,cz3,cz3
r0003569,31166,cz3,cz3
r0003570,31168,cz3,cz3
r0003571,31170,cz3,cz3
r0003572,31172,cz3,cz3
r0003573,31173,cz3,cz3
r0003574,31175,cz3,cz3
r0003575,31177,cz3,cz3
r0003576,31179,cz3,cz3
r0003577,31181,cz3,cz3
r0003578,31183,cz3,cz3
r0003579,31185,cz3,cz3
r0003580,31186,cz3,cz3
r0003581,31188,cz3,cz3
r0003582,31190,cz3,cz3
r0003583,31192,cz3,cz3
r0003584,31194,cz3,cz3
r0003585,31196,cz3,cz3
r0003586,31197,cz3,cz3
r0003587,31199,cz3,cz3
r0003588,31201,cz3,cz3
r0003589,31203,cz3,cz3
r0003590,31205,cz3,cz3
r0003591,31207,cz3,cz3
r0003592,31208,cz3,cz3
r0003593,31210,cz3,cz3
r0003594,31212,cz3,cz3
r0003595,31214,cz3,cz3
r0003596,31216,cz3,cz3
r0003597,31218,cz3,cz3
r0003598,31219,cz3,cz3
r0003599,31221,cz3,cz3
r0003600,31223,cz3,cz3
r0003601,31225,cz3,cz3
r0003602,31227,cz3,cz3
r0003603,31229,cz3,cz3
r0003604,31230,cz3,cz3
r0003605,31232,cz3,cz3
r0003606,31234,cz3,cz3
r0003607,31236,cz3,cz3
r0003608,31238,cz3,cz3
r0003609,31240,cz3,cz3
r0003610,31241,cz3,cz3
r0003611,31243,cz3,cz3
r0003612,31245,cz3,cz3
r0003613,31247,cz3,cz3
r0003614,31249,cz3,cz3
r0003615,31251,cz3,cz3
r0003616,31252,cz3,cz3
r0003617,31254,cz3,cz3
r0003618,31256,cz3,cz3
r0003619,31258,cz3,cz3
r0003620,31260,cz3,cz3
r0003621,31262,cz3,cz3
r0003622,31263,cz3,cz3
r0003623,31265,cz3,cz3
r0003624,31267,cz3,cz3
r0003625,31269,cz3,cz3
r0003626,31271,cz3,cz3
r0003627,31273,cz3,cz3
r0003628,31275,cz3,cz3
r0003629,31276,cz3,cz3
r0003630,31278,cz3,cz3
r0003631,31280,cz3,cz3
r0003632,31282,cz3,cz3
r0003633,31284,cz3,cz3
r0003634,31286,cz3,cz3
r0003635,31287,cz3,cz3
r0003636,31289,cz3,cz3
r0003637,31291,cz3,cz3
r0003638,31293,cz3,cz3
r0003639,31295,cz3,cz3
r0003640,31297,cz3,cz3
r0003641,31298,cz3,cz3
r0003642,31300,cz3,cz3
r0003643,31302,cz3,cz3
r0003644,31304,cz3,cz3
r0003645,31306,cz3,cz3
r0003646,31308,cz3,cz3
r0003647,31309,cz3,cz3
r0003648,31311,cz3,cz3
r0003649,31313,cz3,cz3
r0003650,31315,cz3,cz3
r0003651,31317,cz3,cz3
r0003652,31319,cz3,cz3
r0003653,31320,cz3,cz3
r0003654,31322,cz3,cz3
r0003655,31324,cz3,cz3
r0003656,31326,cz3,cz3
r0003657,31328,cz3,cz3
r0003658,31330,cz3,cz3
r0003659,31331,cz3,cz3
r0003660,31333,cz3,cz3
r0003661,31335,cz3,cz3
r0003662,31337,cz3,cz3
r0003663,31339,cz3,cz3
r0003664,31341,cz3,cz3
r0003665,31342,cz3,cz3
r0003666,31344,cz3,cz3
r0003667,31346,cz3,cz3
r0003668,31348,cz3,cz3
r0003669,31350,cz3,cz3
r0003670,31352,cz3,cz3
r0003671,31353,cz3,cz3
r0003672,31355,cz3,cz3
r0003673,31357,cz3,cz3
r0003674,31359,cz3,cz3
r0003675,31361,cz3,cz3
r0003676,31363,cz3,cz3
r0003677,31365,cz3,cz3
r0003678,31366,cz3,cz3
r0003679,31368,cz3,cz3
r0003680,31370,cz3,cz3
r0003681,31372,cz3,cz3
r0003682,31374,cz3,cz3
r0003683,31376,cz3,cz3
r0003684,31377,cz3,cz3
r0003685,31379,cz3,cz3
r0003686,31381,cz3,cz3
r0003687,31383,cz3,cz3
r0003688,31385,cz3,cz3
r0003689,31387,cz3,cz3
r0003690,31388,cz3,cz3
r0003691,31390,cz3,cz3
r0003692,31392,cz3,cz3
r0003693,31394,cz3,cz3
r0003694,31396,cz3,cz3
r0003695,31398,cz3,cz3
r0003696,31399,cz3,cz3
r0003697,31401,cz3,cz3
r0003698,31403,cz3,cz3
r0003699,31405,cz3,cz3
r0003700,31407,cz3,cz3
r0003701,31409,cz3,cz3
r0003702,31410,cz3,cz3
r0003703,31412,cz3,cz3
r0003704,31414,cz3,cz3
r0003705,31416,cz3,cz3
r0003706,31418,cz3,cz3
r0003707,31420,cz3,cz3
r0003708,31421,cz3,cz3
r0003709,31423,cz3,cz3
r0003710,31425,cz3,cz3
r0003711,31427,cz3,cz3
r0003712,31429,cz3,cz3
r0003713,31431,cz3,cz3
r0003714,31432,cz3,cz3
r0003715,31434,cz3,cz3
r0003716,31436,cz3,cz3
r0003717,31438,cz3,cz3
r0003718,31440,cz3,cz3
r0003719,31442,cz3,cz3
r0003720,31443,cz3,cz3
r0003721,31445,cz3,cz3
r0003722,31447,cz3,cz3
r0003723,31449,cz3,cz3
r0003724,31451,cz3,cz3
r0003725,31453,cz3,cz3
r0003726,31455,cz3,cz4
r0003727,31456,cz3,cz4
r0003728,31458,cz3,cz4
r0003729,31460,cz3,cz4
r0003730,31462,cz3,cz4
r0003731,31464,cz3,cz4
r0003732,31466,cz3,cz4
r0003733,31467,cz3,cz4
r0003734,31469,cz3,cz4
r0003735,31471,cz3,cz4
r0003736,31473,cz3,cz4
r0003737,31475,cz3,cz4
r0003738,31477,cz3,cz4
r0003739,31478,cz3,cz4
r0003740,31480,cz3,cz4
r0003741,31482,cz3,cz4
r0003742,31484,cz3,cz4
r0003743,31486,cz3,cz4
r0003744,31488,cz3,cz4
r0003745,31489,cz3,cz4
r0003746,31491,cz3,cz4
r0003747,31493,cz3,cz4
r0003748,31495,cz3,cz4
r0003749,31497,cz3,cz4
r0003750,31499,cz3,cz4
r0003751,31500,cz3,cz4
r0003752,31502,cz3,cz4
r0003753,31504,cz3,cz4
r0003754,31506,cz3,cz4
r0003755,31508,cz3,cz4
r0003756,31510,cz3,cz4
r0003757,31511,cz3,cz4
r0003758,31513,cz3,cz4
r0003759,31515,cz3,cz4
r0003760,31517,cz3,cz4
r0003761,31519,cz3,cz4
r0003762,31521,cz3,cz4
r0003763,31522,cz3,cz4
r0003764,31524,cz3,cz4
r0003765,31526,cz3,cz4
r0003766,31528,cz3,cz4
r0003767,31530,cz3,cz4
r0003768,31532,cz3,cz4
r0003769,31533,cz3,cz4
r0003770,31535,cz3,cz4
r0003771,31537,cz3,cz4
r0003772,31539,cz3,cz4
r0003773,31541,cz3,cz4
r0003774,31543,cz3,cz4
r0003775,31545,cz3,cz4
r0003776,31546,cz3,cz4
r0003777,31548,cz3,cz4
r0003778,31550,cz3,cz4
r0003779,31552,cz3,cz4
r0003780,31554,cz3,cz4
r0003781,31556,cz3,cz4
r0003782,31557,cz3,cz4
r0003783,31559,cz3,cz4
r0003784,31561,cz3,cz4
r0003785,31563,cz3,cz4
r0003786,31565,cz3,cz4
r0003787,31567,cz3,cz4
r0003788,31568,cz3,cz4
r0003789,31570,cz3,cz4
r0003790,31572,cz3,cz4
r0003791,31574,cz3,cz4
r0003792,31576,cz3,cz4
r0003793,31578,cz3,cz4
r0003794,31579,cz3,cz4
r0003795,31581,cz3,cz4
r0003796,31583,cz3,cz4
r0003797,31585,cz3,cz4
r0003798,31587,cz3,cz4
r0003799,31589,cz3,cz4
r0003800,31590,cz3,cz4
r0003801,31592,cz3,cz4
r0003802,31594,cz3,cz4
r0003803,31596,cz3,cz4
r0003804,31598,cz3,cz4
r0003805,31600,cz3,cz4
r0003806,31601,cz3,cz4
r0003807,31603,cz3,cz4
r0003808,31605,cz3,cz4
r0003809,31607,cz3,cz4
r0003810,31609,cz3,cz4
r0003811,31611,cz3,cz4
r0003812,31612,cz3,cz4
r0003813,31614,cz3,cz4
r0003814,31616,cz3,cz4
r0003815,31618,cz3,cz4
r0003816,31620,cz3,cz4
r0003817,31622,cz3,cz4
r0003818,31623,cz3,cz4
r0003819,31625,cz3,cz4
r0003820,31627,cz3,cz4
r0003821,31629,cz3,cz4
r0003822,31631,cz3,cz4
r0003823,31633,cz3,cz4
r0003824,31635,cz3,cz4
r0003825,31636,cz3,cz4
r0003826,31638,cz3,cz4
r0003827,31640,cz3,cz4
r0003828,31642,cz3,cz4
r0003829,31644,cz3,cz4
r0003830,31646,cz3,cz4
r0003831,31647,cz3,cz4
r0003832,31649,cz3,cz4
r0003833,31651,cz3,cz4
r0003834,31653,cz3,cz4
r0003835,31655,cz3,cz4
r0003836,31657,cz3,cz4
r0003837,31658,cz3,cz4
r0003838,31660,cz3,cz4
r0003839,31662,cz3,cz4
r0003840,31664,cz3,cz4
r0003841,31666,cz4,cz1
r0003842,31668,cz4,cz1
r0003843,31669,cz4,cz1
r0003844,31671,cz4,cz1
r0003845,31673,cz4,cz1
r0003846,31675,cz4,cz1
r0003847,31677,cz4,cz1
r0003848,31679,cz4,cz1
r0003849,31680,cz4,cz1
r0003850,31682,cz4,cz1
r0003851,31684,cz4,cz1
r0003852,31686,cz4,cz1
r0003853,31688,cz4,cz1
r0003854,31690,cz4,cz1
r0003855,31691,cz4,cz1
r0003856,31693,cz4,cz1
r0003857,31695,cz4,cz1
r0003858,31697,cz4,cz1
r0003859,31699,cz4,cz1
r0003860,31701,cz4,cz1
r0003861,31702,cz4,cz1
r0003862,31704,cz4,cz1
r0003863,31706,cz4,cz1
r0003864,31708,cz4,cz1
r0003865,31710,cz4,cz1
r0003866,31712,cz4,cz1
r0003867,31713,cz4,cz1
r0003868,31715,cz4,cz1
r0003869,31717,cz4,cz1
r0003870,31719,cz4,cz1
r0003871,31721,cz4,cz1
r0003872,31723,cz4,cz1
r0003873,31725,cz4,cz1
r0003874,31726,cz4,cz1
r0003875,31728,cz4,cz1
r0003876,31730,cz4,cz1
r0003877,31732,cz4,cz1
r0003878,31734,cz4,cz1
r0003879,31736,cz4,cz1
r0003880,31737,cz4,cz1
r0003881,31739,cz4,cz1
r0003882,31741,cz4,cz1
r0003883,31743,cz4,cz1
r0003884,31745,cz4,cz1
r0003885,31747,cz4,cz1
r0003886,31748,cz4,cz1
r0003887,31750,cz4,cz1
r0003888,31752,cz4,cz1
r0003889,31754,cz4,cz1
r0003890,31756,cz4,cz1
r0003891,31758,cz4,cz1
r0003892,31759,cz4,cz1
r0003893,31761,cz4,cz1
r0003894,31763,cz4,cz1
r0003895,31765,cz4,cz1
r0003896,31767,cz4,cz1
r0003897,31769,cz4,cz1
r0003898,31770,cz4,cz1
r0003899,31772,cz4,cz1
r0003900,31774,cz4,cz1
r0003901,31776,cz4,cz1
r0003902,31778,cz4,cz1
r0003903,31780,cz4,cz1
r0003904,31781,cz4,cz1
r0003905,31783,cz4,cz1
r0003906,31785,cz4,cz1
r0003907,31787,cz4,cz1
r0003908,31789,cz4,cz1
r0003909,31791,cz4,cz1
r0003910,31792,cz4,cz1
r0003911,31794,cz4,cz1
r0003912,31796,cz4,cz1
r0003913,31798,cz4,cz1
r0003914,31800,cz4,cz1
r0003915,31802,cz4,cz1
r0003916,31803,cz4,cz1
r0003917,31805,cz4,cz1
r0003918,31807,cz4,cz1
r0003919,31809,cz4,cz1
r0003920,31811,cz4,cz1
r0003921,31813,cz4,cz1
r0003922,31815,cz4,cz1
r0003923,31816,cz4,cz1
r0003924,31818,cz4,cz1
r0003925,31820,cz4,cz1
r0003926,31822,cz4,cz1
r0003927,31824,cz4,cz1
r0003928,31826,cz4,cz1
r0003929,31827,cz4,cz1
r0003930,31829,cz4,cz1
r0003931,31831,cz4,cz1
r0003932,31833,cz4,cz1
r0003933,31835,cz4,cz1
r0003934,31837,cz4,cz1
r0003935,31838,cz4,cz1
r0003936,31840,cz4,cz1
r0003937,31842,cz4,cz1
r0003938,31844,cz4,cz1
r0003939,31846,cz4,cz1
r0003940,31848,cz4,cz1
r0003941,31849,cz4,cz1
r0003942,31851,cz4,cz1
r0003943,31853,cz4,cz1
r0003944,31855,cz4,cz1
r0003945,31857,cz4,cz1
r0003946,31859,cz4,cz1
r0003947,31860,cz4,cz1
r0003948,31862,cz4,cz1
r0003949,31864,cz4,cz1
r0003950,31866,cz4,cz1
r0003951,31868,cz4,cz1
r0003952,31870,cz4,cz1
r0003953,31871,cz4,cz1
r0003954,31873,cz4,cz1
r0003955,31875,cz4,cz2
r0003956,31877,cz4,cz2
r0003957,31879,cz4,cz2
r0003958,31881,cz4,cz2
r0003959,31882,cz4,cz2
r0003960,31884,cz4,cz2
r0003961,31886,cz4,cz2
r0003962,31888,cz4,cz2
r0003963,31890,cz4,cz2
r0003964,31892,cz4,cz2
r0003965,31893,cz4,cz2
r0003966,31895,cz4,cz2
r0003967,31897,cz4,cz2
r0003968,31899,cz4,cz2
r0003969,31901,cz4,cz2
r0003970,31903,cz4,cz2
r0003971,31905,cz4,cz2
r0003972,31906,cz4,cz2
r0003973,31908,cz4,cz2
r0003974,31910,cz4,cz2
r0003975,31912,cz4,cz2
r0003976,31914,cz4,cz2
r0003977,31916,cz4,cz2
r0003978,31917,cz4,cz2
r0003979,31919,cz4,cz2
r0003980,31921,cz4,cz2
r0003981,31923,cz4,cz2
r0003982,31925,cz4,cz2
r0003983,31927,cz4,cz2
r0003984,31928,cz4,cz2
r0003985,31930,cz4,cz2
r0003986,31932,cz4,cz2
r0003987,31934,cz4,cz2
r0003988,31936,cz4,cz2
r0003989,31938,cz4,cz2
r0003990,31939,cz4,cz2
r0003991,31941,cz4,cz2
r0003992,31943,cz4,cz2
r0003993,31945,cz4,cz2
r0003994,31947,cz4,cz2
r0003995,31949,cz4,cz2
r0003996,31950,cz4,cz2
r0003997,31952,cz4,cz2
r0003998,31954,cz4,cz2
r0003999,31956,cz4,cz2
r0004000,31958,cz4,cz2
r0004001,31960,cz4,cz2
r0004002,31961,cz4,cz2
r0004003,31963,cz4,cz2
r0004004,31965,cz4,cz2
r0004005,31967,cz4,cz2
r0004006,31969,cz4,cz2
r0004007,31971,cz4,cz2
r0004008,31972,cz4,cz2
r0004009,31974,cz4,cz2
r0004010,31976,cz4,cz2
r0004011,31978,cz4,cz2
r0004012,31980,cz4,cz2
r0004013,31982,cz4,cz2
r0004014,31983,cz4,cz2
r0004015,31985,cz4,cz2
r0004016,31987,cz4,cz2
r0004017,31989,cz4,cz2
r0004018,31991,cz4,cz2
r0004019,31993,cz4,cz2
r0004020,31995,cz4,cz2
r0004021,31996,cz4,cz2
r0004022,31998,cz4,cz2
r0004023,32000,cz4,cz2
r0004024,32002,cz4,cz2
r0004025,32004,cz4,cz2
r0004026,32006,cz4,cz2
r0004027,32007,cz4,cz2
r0004028,32009,cz4,cz2
r0004029,32011,cz4,cz2
r0004030,32013,cz4,cz2
r0004031,32015,cz4,cz2
r0004032,32017,cz4,cz2
r0004033,32018,cz4,cz2
r0004034,32020,cz4,cz2
r0004035,32022,cz4,cz2
r0004036,32024,cz4,cz2
r0004037,32026,cz4,cz2
r0004038,32028,cz4,cz2
r0004039,32029,cz4,cz2
r0004040,32031,cz4,cz3
r0004041,32033,cz4,cz3
r0004042,32035,cz4,cz3
r0004043,32037,cz4,cz3
r0004044,32039,cz4,cz3
r0004045,32040,cz4,cz3
r0004046,32042,cz4,cz3
r0004047,32044,cz4,cz3
r0004048,32046,cz4,cz3
r0004049,32048,cz4,cz3
r0004050,32050,cz4,cz3
r0004051,32051,cz4,cz3
r0004052,32053,cz4,cz3
r0004053,32055,cz4,cz3
r0004054,32057,cz4,cz3
r0004055,32059,cz4,cz3
r0004056,32061,cz4,cz3
r0004057,32062,cz4,cz3
r0004058,32064,cz4,cz3
r0004059,32066,cz4,cz3
r0004060,32068,cz4,cz3
r0004061,32070,cz4,cz3
r0004062,32072,cz4,cz3
r0004063,32073,cz4,cz3
r0004064,32075,cz4,cz3
r0004065,32077,cz4,cz3
r0004066,32079,cz4,cz3
r0004067,32081,cz4,cz3
r0004068,32083,cz4,cz3
r0004069,32085,cz4,cz3
r0004070,32086,cz4,cz3
r0004071,32088,cz4,cz3
r0004072,32090,cz4,cz3
r0004073,32092,cz4,cz3
r0004074,32094,cz4,cz3
r0004075,32096,cz4,cz3
r0004076,32097,cz4,cz3
r0004077,32099,cz4,cz3
r0004078,32101,cz4,cz3
r0004079,32103,cz4,cz3
r0004080,32105,cz4,cz3
r0004081,32107,cz4,cz3
r0004082,32108,cz4,cz3
r0004083,32110,cz4,cz3
r0004084,32112,cz4,cz3
r0004085,32114,cz4,cz3
r0004086,32116,cz4,cz3
r0004087,32118,cz4,cz3
r0004088,32119,cz4,cz3
r0004089,32121,cz4,cz3
r0004090,32123,cz4,cz3
r0004091,32125,cz4,cz3
r0004092,32127,cz4,cz3
r0004093,32129,cz4,cz3
r0004094,32130,cz4,cz3
r0004095,32132,cz4,cz3
r0004096,32134,cz4,cz3
r0004097,32136,cz4,cz3
r0004098,32138,cz4,cz3
r0004099,32140,cz4,cz3
r0004100,32141,cz4,cz3
r0004101,32143,cz4,cz3
r0004102,32145,cz4,cz3
r0004103,32147,cz4,cz3
r0004104,32149,cz4,cz3
r0004105,32151,cz4,cz3
r0004106,32152,cz4,cz3
r0004107,32154,cz4,cz3
r0004108,32156,cz4,cz3
r0004109,32158,cz4,cz3
r0004110,32160,cz4,cz3
r0004111,32162,cz4,cz3
r0004112,32163,cz4,cz3
r0004113,32165,cz4,cz3
r0004114,32167,cz4,cz3
r0004115,32169,cz4,cz3
r0004116,32171,cz4,cz3
r0004117,32173,cz4,cz3
r0004118,32175,cz4,cz3
r0004119,32176,cz4,cz3
r0004120,32178,cz4,cz3
r0004121,32180,cz4,cz3
r0004122,32182,cz4,cz3
r0004123,32184,cz4,cz3
r0004124,32186,cz4,cz3
r0004125,32187,cz4,cz3
r0004126,32189,cz4,cz3
r0004127,32191,cz4,cz3
r0004128,32193,cz4,cz3
r0004129,32195,cz4,cz3
r0004130,32197,cz4,cz3
r0004131,32198,cz4,cz3
r0004132,32200,cz4,cz3
r0004133,32202,cz4,cz3
r0004134,32204,cz4,cz3
r0004135,32206,cz4,cz3
r0004136,32208,cz4,cz3
r0004137,32209,cz4,cz3
r0004138,32211,cz4,cz3
r0004139,32213,cz4,cz3
r0004140,32215,cz4,cz3
r0004141,32217,cz4,cz3
r0004142,32219,cz4,cz3
r0004143,32220,cz4,cz3
r0004144,32222,cz4,cz3
r0004145,32224,cz4,cz3
r0004146,32226,cz4,cz3
r0004147,32228,cz4,cz3
r0004148,32230,cz4,cz3
r0004149,32231,cz4,cz3
r0004150,32233,cz4,cz3
r0004151,32235,cz4,cz3
r0004152,32237,cz4,cz3
r0004153,32239,cz4,cz3
r0004154,32241,cz4,cz3
r0004155,32242,cz4,cz3
r0004156,32244,cz4,cz3
r0004157,32246,cz4,cz3
r0004158,32248,cz4,cz3
r0004159,32250,cz4,cz4
r0004160,32252,cz4,cz4
r0004161,32253,cz4,cz4
r0004162,32255,cz4,cz4
r0004163,32257,cz4,cz4
r0004164,32259,cz4,cz4
r0004165,32261,cz4,cz4
r0004166,32263,cz4,cz4
r0004167,32265,cz4,cz4
r0004168,32266,cz4,cz4
r0004169,32268,cz4,cz4
r0004170,32270,cz4,cz4
r0004171,32272,cz4,cz4
r0004172,32274,cz4,cz4
r0004173,32276,cz4,cz4
r0004174,32277,cz4,cz4
r0004175,32279,cz4,cz4
r0004176,32281,cz4,cz4
r0004177,32283,cz4,cz4
r0004178,32285,cz4,cz4
r0004179,32287,cz4,cz4
r0004180,32288,cz4,cz4
r0004181,32290,cz4,cz4
r0004182,32292,cz4,cz4
r0004183,32294,cz4,cz4
r0004184,32296,cz4,cz4
r0004185,32298,cz4,cz4
r0004186,32299,cz4,cz4
r0004187,32301,cz4,cz4
r0004188,32303,cz4,cz4
r0004189,32305,cz4,cz4
r0004190,32307,cz4,cz4
r0004191,32309,cz4,cz4
r0004192,32310,cz4,cz4
r0004193,32312,cz4,cz4
r0004194,32314,cz4,cz4
r0004195,32316,cz4,cz4
r0004196,32318,cz4,cz4
r0004197,32320,cz4,cz4
r0004198,32321,cz4,cz4
r0004199,32323,cz4,cz4
r0004200,32325,cz4,cz4
r0004201,32327,cz4,cz4
r0004202,32329,cz4,cz4
r0004203,32331,cz4,cz4
r0004204,32332,cz4,cz4
r0004205,32334,cz4,cz4
r0004206,32336,cz4,cz4
r0004207,32338,cz4,cz4
r0004208,32340,cz4,cz4
r0004209,32342,cz4,cz4
r0004210,32343,cz4,cz4
r0004211,32345,cz4,cz4
r0004212,32347,cz4,cz4
r0004213,32349,cz4,cz4
r0004214,32351,cz4,cz4
r0004215,32353,cz4,cz4
r0004216,32355,cz4,cz4
r0004217,32356,cz4,cz4
r0004218,32358,cz4,cz4
r0004219,32360,cz4,cz4
r0004220,32362,cz4,cz4
r0004221,32364,cz4,cz4
r0004222,32366,cz4,cz4
r0004223,32367,cz4,cz4
r0004224,32369,cz4,cz4
r0004225,32371,cz4,cz4
r0004226,32373,cz4,cz4
r0004227,32375,cz4,cz4
r0004228,32377,cz4,cz4
r0004229,32378,cz4,cz4
r0004230,32380,cz4,cz4
r0004231,32382,cz4,cz4
r0004232,32384,cz4,cz4
r0004233,32386,cz4,cz4
r0004234,32388,cz4,cz4
r0004235,32389,cz4,cz4
r0004236,32391,cz4,cz4
r0004237,32393,cz4,cz4
r0004238,32395,cz4,cz4
r0004239,32397,cz4,cz4
r0004240,32399,cz4,cz4
r0004241,32400,cz1,cz1
r0004242,32402,cz1,cz1
r0004243,32404,cz1,cz1
r0004244,32406,cz1,cz1
r0004245,32408,cz1,cz1
r0004246,32410,cz1,cz1
r0004247,32412,cz1,cz1
r0004248,32413,cz1,cz1
r0004249,32415,cz1,cz1
r0004250,32417,cz1,cz1
r0004251,32419,cz1,cz1
r0004252,32421,cz1,cz1
r0004253,32423,cz1,cz1
r0004254,32425,cz1,cz1
r0004255,32426,cz1,cz1
r0004256,32428,cz1,cz1
r0004257,32430,cz1,cz1
r0004258,32432,cz1,cz1
r0004259,32434,cz1,cz1
r0004260,32436,cz1,cz1
r0004261,32438,cz1,cz1
r0004262,32439,cz1,cz1
r0004263,32441,cz1,cz1
r0004264,32443,cz1,cz1
r0004265,32445,cz1,cz1
r0004266,32447,cz1,cz1
r0004267,32449,cz1,cz1
r0004268,32451,cz1,cz1
r0004269,32452,cz1,cz1
r0004270,32454,cz1,cz1
r0004271,32456,cz1,cz1
r0004272,32458,cz1,cz1
r0004273,32460,cz1,cz1
r0004274,32462,cz1,cz1
r0004275,32464,cz1,cz1
r0004276,32465,cz1,cz1
r0004277,32467,cz1,cz1
r0004278,32469,cz1,cz1
r0004279,32471,cz1,cz1
r0004280,32473,cz1,cz1
r0004281,32475,cz1,cz1
r0004282,32477,cz1,cz1
r0004283,32478,cz1,cz1
r0004284,32480,cz1,cz1
r0004285,32482,cz1,cz1
r0004286,32484,cz1,cz1
r0004287,32486,cz1,cz1
r0004288,32488,cz1,cz1
r0004289,32490,cz1,cz1
r0004290,32491,cz1,cz1
r0004291,32493,cz1,cz1
r0004292,32495,cz1,cz1
r0004293,32497,cz1,cz1
r0004294,32499,cz1,cz1
r0004295,32501,cz1,cz1
r0004296,32503,cz1,cz1
r0004297,32505,cz1,cz1
r0004298,32506,cz1,cz1
r0004299,32508,cz1,cz1
r0004300,32510,cz1,cz1
r0004301,32512,cz1,cz1
r0004302,32514,cz1,cz1
r0004303,32516,cz1,cz1
r0004304,32518,cz1,cz1
r0004305,32519,cz1,cz1
r0004306,32521,cz1,cz1
r0004307,32523,cz1,cz1
r0004308,32525,cz1,cz1
r0004309,32527,cz1,cz1
r0004310,32529,cz1,cz1
r0004311,32531,cz1,cz1
r0004312,32532,cz1,cz1
r0004313,32534,cz1,cz1
r0004314,32536,cz1,cz1
r0004315,32538,cz1,cz1
r0004316,32540,cz1,cz1
r0004317,32542,cz1,cz1
r0004318,32544,cz1,cz1
r0004319,32545,cz1,cz1
r0004320,32547,cz1,cz1
r0004321,32549,cz1,cz1
r0004322,32551,cz1,cz1
r0004323,32553,cz1,cz1
r0004324,32555,cz1,cz1
r0004325,32557,cz1,cz1
r0004326,32558,cz1,cz1
r0004327,32560,cz1,cz1
r0004328,32562,cz1,cz1
r0004329,32564,cz1,cz1
r0004330,32566,cz1,cz1
r0004331,32568,cz1,cz1
r0004332,32570,cz1,cz1
r0004333,32571,cz1,cz1
r0004334,32573,cz1,cz1
r0004335,32575,cz1,cz1
r0004336,32577,cz1,cz1
r0004337,32579,cz1,cz1
r0004338,32581,cz1,cz1
r0004339,32583,cz1,cz1
r0004340,32584,cz1,cz1
r0004341,32586,cz1,cz1
r0004342,32588,cz1,cz1
r0004343,32590,cz1,cz1
r0004344,32592,cz1,cz1
r0004345,32594,cz1,cz1
r0004346,32596,cz1,cz1
r0004347,32597,cz1,cz1
r0004348,32599,cz1,cz1
r0004349,32601,cz1,cz1
r0004350,32603,cz1,cz1
r0004351,32605,cz1,cz1
r0004352,32607,cz1,cz1
r0004353,32609,cz1,cz1
r0004354,32610,cz1,cz1
r0004355,32612,cz1,cz1
r0004356,32614,cz1,cz1
r0004357,32616,cz1,cz1
r0004358,32618,cz1,cz1
r0004359,32620,cz1,cz1
r0004360,32622,cz1,cz1
r0004361,32623,cz1,cz1
r0004362,32625,cz1,cz1
r0004363,32627,cz1,cz1
r0004364,32629,cz1,cz1
r0004365,32631,cz1,cz1
r0004366,32633,cz1,cz1
r0004367,32635,cz1,cz1
r0004368,32636,cz1,cz1
r0004369,32638,cz1,cz1
r0004370,32640,cz1,cz1
r0004371,32642,cz1,cz1
r0004372,32644,cz1,cz1
r0004373,32646,cz1,cz1
r0004374,32648,cz1,cz1
r0004375,32649,cz1,cz1
r0004376,32651,cz1,cz1
r0004377,32653,cz1,cz1
r0004378,32655,cz1,cz1
r0004379,32657,cz1,cz1
r0004380,32659,cz1,cz1
r0004381,32661,cz1,cz1
r0004382,32662,cz1,cz1
r0004383,32664,cz1,cz1
r0004384,32666,cz1,cz1
r0004385,32668,cz1,cz1
r0004386,32670,cz1,cz1
r0004387,32672,cz1,cz1
r0004388,32674,cz1,cz1
r0004389,32675,cz1,cz1
r0004390,32677,cz1,cz1
r0004391,32679,cz1,cz1
r0004392,32681,cz1,cz1
r0004393,32683,cz1,cz1
r0004394,32685,cz1,cz1
r0004395,32687,cz1,cz1
r0004396,32689,cz1,cz2
r0004397,32690,cz1,cz2
r0004398,32692,cz1,cz2
r0004399,32694,cz1,cz2
r0004400,32696,cz1,cz2
r0004401,32698,cz1,cz2
r0004402,32700,cz1,cz2
r0004403,32702,cz1,cz2
r0004404,32703,cz1,cz2
r0004405,32705,cz1,cz2
r0004406,32707,cz1,cz2
r0004407,32709,cz1,cz2
r0004408,32711,cz1,cz2
r0004409,32713,cz1,cz2
r0004410,32715,cz1,cz2
r0004411,32716,cz1,cz2
r0004412,32718,cz1,cz2
r0004413,32720,cz1,cz2
r0004414,32722,cz1,cz2
r0004415,32724,cz1,cz2
r0004416,32726,cz1,cz2
r0004417,32728,cz1,cz2
r0004418,32729,cz1,cz2
r0004419,32731,cz1,cz2
r0004420,32733,cz1,cz2
r0004421,32735,cz1,cz2
r0004422,32737,cz1,cz2
r0004423,32739,cz1,cz2
r0004424,32741,cz1,cz2
r0004425,32742,cz1,cz2
r0004426,32744,cz1,cz2
r0004427,32746,cz1,cz2
r0004428,32748,cz1,cz2
r0004429,32750,cz1,cz2
r0004430,32752,cz1,cz2
r0004431,32754,cz1,cz2
r0004432,32755,cz1,cz2
r0004433,32757,cz1,cz2
r0004434,32759,cz1,cz2
r0004435,32761,cz1,cz2
r0004436,32763,cz1,cz2
r0004437,32765,cz1,cz2
r0004438,32767,cz1,cz2
r0004439,32768,cz1,cz2
r0004440,32770,cz1,cz2
r0004441,32772,cz1,cz2
r0004442,32774,cz1,cz2
r0004443,32776,cz1,cz2
r0004444,32778,cz1,cz2
r0004445,32780,cz1,cz2
r0004446,32781,cz1,cz2
r0004447,32783,cz1,cz2
r0004448,32785,cz1,cz2
r0004449,32787,cz1,cz2
r0004450,32789,cz1,cz2
r0004451,32791,cz1,cz2
r0004452,32793,cz1,cz2
r0004453,32794,cz1,cz2
r0004454,32796,cz1,cz2
r0004455,32798,cz1,cz2
r0004456,32800,cz1,cz2
r0004457,32802,cz1,cz2
r0004458,32804,cz1,cz2
r0004459,32806,cz1,cz2
r0004460,32807,cz1,cz2
r0004461,32809,cz1,cz2
r0004462,32811,cz1,cz2
r0004463,32813,cz1,cz2
r0004464,32815,cz1,cz2
r0004465,32817,cz1,cz2
r0004466,32819,cz1,cz2
r0004467,32820,cz1,cz2
r0004468,32822,cz1,cz2
r0004469,32824,cz1,cz2
r0004470,32826,cz1,cz2
r0004471,32828,cz1,cz2
r0004472,32830,cz1,cz2
r0004473,32832,cz1,cz2
r0004474,32833,cz1,cz2
r0004475,32835,cz1,cz2
r0004476,32837,cz1,cz2
r0004477,32839,cz1,cz2
r0004478,32841,cz1,cz2
r0004479,32843,cz1,cz2
r0004480,32845,cz1,cz2
r0004481,32846,cz1,cz2
r0004482,32848,cz1,cz2
r0004483,32850,cz1,cz2
r0004484,32852,cz1,cz2
r0004485,32854,cz1,cz2
r0004486,32856,cz1,cz2
r0004487,32858,cz1,cz2
r0004488,32859,cz1,cz2
r0004489,32861,cz1,cz2
r0004490,32863,cz1,cz2
r0004491,32865,cz1,cz2
r0004492,32867,cz1,cz2
r0004493,32869,cz1,cz2
r0004494,32871,cz1,cz2
r0004495,32872,cz1,cz2
r0004496,32874,cz1,cz2
r0004497,32876,cz1,cz2
r0004498,32878,cz1,cz2
r0004499,32880,cz1,cz2
r0004500,32882,cz1,cz2
r0004501,32884,cz1,cz2
r0004502,32886,cz1,cz2
r0004503,32887,cz1,cz2
r0004504,32889,cz1,cz2
r0004505,32891,cz1,cz2
r0004506,32893,cz1,cz2
r0004507,32895,cz1,cz2
r0004508,32897,cz1,cz2
r0004509,32899,cz1,cz2
r0004510,32900,cz1,cz2
r0004511,32902,cz1,cz2
r0004512,32904,cz1,cz2
r0004513,32906,cz1,cz2
r0004514,32908,cz1,cz2
r0004515,32910,cz1,cz3
r0004516,32912,cz1,cz3
r0004517,32913,cz1,cz3
r0004518,32915,cz1,cz3
r0004519,32917,cz1,cz3
r0004520,32919,cz1,cz3
r0004521,32921,cz1,cz3
r0004522,32923,cz1,cz3
r0004523,32925,cz1,cz3
r0004524,32926,cz1,cz3
r0004525,32928,cz1,cz3
r0004526,32930,cz1,cz3
r0004527,32932,cz1,cz3
r0004528,32934,cz1,cz3
r0004529,32936,cz1,cz3
r0004530,32938,cz1,cz3
r0004531,32939,cz1,cz3
r0004532,32941,cz1,cz3
r0004533,32943,cz1,cz3
r0004534,32945,cz1,cz3
r0004535,32947,cz1,cz3
r0004536,32949,cz1,cz3
r0004537,32951,cz1,cz3
r0004538,32952,cz1,cz3
r0004539,32954,cz1,cz3
r0004540,32956,cz1,cz3
r0004541,32958,cz1,cz3
r0004542,32960,cz1,cz3
r0004543,32962,cz1,cz3
r0004544,32964,cz1,cz3
r0004545,32965,cz1,cz3
r0004546,32967,cz1,cz3
r0004547,32969,cz1,cz3
r0004548,32971,cz1,cz3
r0004549,32973,cz1,cz3
r0004550,32975,cz1,cz3
r0004551,32977,cz1,cz3
r0004552,32978,cz1,cz3
r0004553,32980,cz1,cz3
r0004554,32982,cz1,cz3
r0004555,32984,cz1,cz3
r0004556,32986,cz1,cz3
r0004557,32988,cz1,cz3
r0004558,32990,cz1,cz3
r0004559,32991,cz1,cz3
r0004560,32993,cz1,cz3
r0004561,32995,cz1,cz3
r0004562,32997,cz1,cz3
r0004563,32999,cz1,cz3
r0004564,33001,cz1,cz3
r0004565,33003,cz1,cz3
r0004566,33004,cz1,cz3
r0004567,33006,cz1,cz3
r0004568,33008,cz1,cz3
r0004569,33010,cz1,cz3
r0004570,33012,cz1,cz3
r0004571,33014,cz1,cz3
r0004572,33016,cz1,cz3
r0004573,33017,cz1,cz3
r0004574,33019,cz1,cz3
r0004575,33021,cz1,cz3
r0004576,33023,cz1,cz3
r0004577,33025,cz1,cz3
r0004578,33027,cz1,cz3
r0004579,33029,cz1,cz3
r0004580,33030,cz1,cz3
r0004581,33032,cz1,cz3
r0004582,33034,cz1,cz3
r0004583,33036,cz1,cz3
r0004584,33038,cz1,cz3
r0004585,33040,cz1,cz3
r0004586,33042,cz1,cz3
r0004587,33043,cz1,cz3
r0004588,33045,cz1,cz3
r0004589,33047,cz1,cz3
r0004590,33049,cz1,cz3
r0004591,33051,cz1,cz3
r0004592,33053,cz1,cz3
r0004593,33055,cz1,cz3
r0004594,33056,cz1,cz3
r0004595,33058,cz1,cz3
r0004596,33060,cz1,cz3
r0004597,33062,cz1,cz3
r0004598,33064,cz1,cz3
r0004599,33066,cz1,cz3
r0004600,33068,cz1,cz3
r0004601,33070,cz1,cz3
r0004602,33071,cz1,cz3
r0004603,33073,cz1,cz3
r0004604,33075,cz1,cz3
r0004605,33077,cz1,cz3
r0004606,33079,cz1,cz3
r0004607,33081,cz1,cz3
r0004608,33083,cz1,cz3
r0004609,33084,cz1,cz3
r0004610,33086,cz1,cz3
r0004611,33088,cz1,cz3
r0004612,33090,cz1,cz3
r0004613,33092,cz1,cz3
r0004614,33094,cz1,cz3
r0004615,33096,cz1,cz3
r0004616,33097,cz1,cz3
r0004617,33099,cz1,cz3
r0004618,33101,cz1,cz3
r0004619,33103,cz1,cz3
r0004620,33105,cz1,cz3
r0004621,33107,cz1,cz3
r0004622,33109,cz1,cz3
r0004623,33110,cz1,cz3
r0004624,33112,cz1,cz3
r0004625,33114,cz1,cz3
r0004626,33116,cz1,cz3
r0004627,33118,cz1,cz3
r0004628,33120,cz1,cz3
r0004629,33122,cz1,cz3
r0004630,33123,cz1,cz3
r0004631,33125,cz1,cz3
r0004632,33127,cz1,cz3
r0004633,33129,cz1,cz3
r0004634,33131,cz1,cz3
r0004635,33133,cz1,cz3
r0004636,33135,cz1,cz3
r0004637,33136,cz1,cz3
r0004638,33138,cz1,cz3
r0004639,33140,cz1,cz3
r0004640,33142,cz1,cz3
r0004641,33144,cz1,cz3
r0004642,33146,cz1,cz3
r0004643,33148,cz1,cz3
r0004644,33149,cz1,cz3
r0004645,33151,cz1,cz3
r0004646,33153,cz1,cz3
r0004647,33155,cz1,cz3
r0004648,33157,cz1,cz3
r0004649,33159,cz1,cz3
r0004650,33161,cz1,cz3
r0004651,33162,cz1,cz3
r0004652,33164,cz1,cz3
r0004653,33166,cz1,cz3
r0004654,33168,cz1,cz3
r0004655,33170,cz1,cz3
r0004656,33172,cz1,cz3
r0004657,33174,cz1,cz3
r0004658,33175,cz1,cz3
r0004659,33177,cz1,cz3
r0004660,33179,cz1,cz3
r0004661,33181,cz1,cz3
r0004662,33183,cz1,cz3
r0004663,33185,cz1,cz3
r0004664,33187,cz1,cz3
r0004665,33188,cz1,cz3
r0004666,33190,cz1,cz3
r0004667,33192,cz1,cz3
r0004668,33194,cz1,cz3
r0004669,33196,cz1,cz3
r0004670,33198,cz1,cz3
r0004671,33200,cz1,cz3
r0004672,33201,cz1,cz3
r0004673,33203,cz1,cz3
r0004674,33205,cz1,cz3
r0004675,33207,cz1,cz3
r0004676,33209,cz1,cz3
r0004677,33211,cz1,cz4
r0004678,33213,cz1,cz4
r0004679,33214,cz1,cz4
r0004680,33216,cz1,cz4
r0004681,33218,cz1,cz4
r0004682,33220,cz1,cz4
r0004683,33222,cz1,cz4
r0004684,33224,cz1,cz4
r0004685,33226,cz1,cz4
r0004686,33227,cz1,cz4
r0004687,33229,cz1,cz4
r0004688,33231,cz1,cz4
r0004689,33233,cz1,cz4
r0004690,33235,cz1,cz4
r0004691,33237,cz1,cz4
r0004692,33239,cz1,cz4
r0004693,33240,cz1,cz4
r0004694,33242,cz1,cz4
r0004695,33244,cz1,cz4
r0004696,33246,cz1,cz4
r0004697,33248,cz1,cz4
r0004698,33250,cz1,cz4
r0004699,33252,cz1,cz4
r0004700,33254,cz1,cz4
r0004701,33255,cz1,cz4
r0004702,33257,cz1,cz4
r0004703,33259,cz1,cz4
r0004704,33261,cz1,cz4
r0004705,33263,cz1,cz4
r0004706,33265,cz1,cz4
r0004707,33267,cz1,cz4
r0004708,33268,cz1,cz4
r0004709,33270,cz1,cz4
r0004710,33272,cz1,cz4
r0004711,33274,cz1,cz4
r0004712,33276,cz1,cz4
r0004713,33278,cz1,cz4
r0004714,33280,cz1,cz4
r0004715,33281,cz1,cz4
r0004716,33283,cz1,cz4
r0004717,33285,cz1,cz4
r0004718,33287,cz1,cz4
r0004719,33289,cz1,cz4
r0004720,33291,cz1,cz4
r0004721,33293,cz1,cz4
r0004722,33294,cz1,cz4
r0004723,33296,cz1,cz4
r0004724,33298,cz1,cz4
r0004725,33300,cz1,cz4
r0004726,33302,cz1,cz4
r0004727,33304,cz1,cz4
r0004728,33306,cz1,cz4
r0004729,33307,cz1,cz4
r0004730,33309,cz1,cz4
r0004731,33311,cz1,cz4
r0004732,33313,cz1,cz4
r0004733,33315,cz1,cz4
r0004734,33317,cz1,cz4
r0004735,33319,cz1,cz4
r0004736,33320,cz1,cz4
r0004737,33322,cz1,cz4
r0004738,33324,cz1,cz4
r0004739,33326,cz1,cz4
r0004740,33328,cz1,cz4
r0004741,33330,cz1,cz4
r0004742,33332,cz1,cz4
r0004743,33333,cz1,cz4
r0004744,33335,cz1,cz4
r0004745,33337,cz1,cz4
r0004746,33339,cz1,cz4
r0004747,33341,cz1,cz4
r0004748,33343,cz1,cz4
r0004749,33345,cz1,cz4
r0004750,33346,cz1,cz4
r0004751,33348,cz1,cz4
r0004752,33350,cz1,cz4
r0004753,33352,cz1,cz4
r0004754,33354,cz1,cz4
r0004755,33356,cz1,cz4
r0004756,33358,cz1,cz4
r0004757,33359,cz1,cz4
r0004758,33361,cz1,cz4
r0004759,33363,cz1,cz4
r0004760,33365,cz1,cz4
r0004761,33367,cz1,cz4
r0004762,33369,cz1,cz4
r0004763,33371,cz1,cz4
r0004764,33372,cz1,cz4
r0004765,33374,cz1,cz4
r0004766,33376,cz1,cz4
r0004767,33378,cz1,cz4
r0004768,33380,cz1,cz4
r0004769,33382,cz1,cz4
r0004770,33384,cz1,cz4
r0004771,33385,cz1,cz4
r0004772,33387,cz1,cz4
r0004773,33389,cz1,cz4
r0004774,33391,cz1,cz4
r0004775,33393,cz1,cz4
r0004776,33395,cz1,cz4
r0004777,33397,cz1,cz4
r0004778,33398,cz1,cz4
r0004779,33400,cz1,cz4
r0004780,33402,cz1,cz4
r0004781,33404,cz1,cz4
r0004782,33406,cz1,cz4
r0004783,33408,cz1,cz4
r0004784,33410,cz1,cz4
r0004785,33411,cz1,cz4
r0004786,33413,cz1,cz4
r0004787,33415,cz2,cz1
r0004788,33417,cz2,cz1
r0004789,33419,cz2,cz1
r0004790,33421,cz2,cz1
r0004791,33423,cz2,cz1
r0004792,33424,cz2,cz1
r0004793,33426,cz2,cz1
r0004794,33428,cz2,cz1
r0004795,33430,cz2,cz1
r0004796,33432,cz2,cz1
r0004797,33434,cz2,cz1
r0004798,33436,cz2,cz1
r0004799,33437,cz2,cz1
r0004800,33439,cz2,cz1
r0004801,33441,cz2,cz1
r0004802,33443,cz2,cz1
r0004803,33445,cz2,cz1
r0004804,33447,cz2,cz1
r0004805,33449,cz2,cz1
r0004806,33451,cz2,cz1
r0004807,33452,cz2,cz1
r0004808,33454,cz2,cz1
r0004809,33456,cz2,cz1
r0004810,33458,cz2,cz1
r0004811,33460,cz2,cz1
r0004812,33462,cz2,cz1
r0004813,33464,cz2,cz1
r0004814,33465,cz2,cz1
r0004815,33467,cz2,cz1
r0004816,33469,cz2,cz1
r0004817,33471,cz2,cz1
r0004818,33473,cz2,cz1
r0004819,33475,cz2,cz1
r0004820,33477,cz2,cz1
r0004821,33478,cz2,cz1
r0004822,33480,cz2,cz1
r0004823,33482,cz2,cz1
r0004824,33484,cz2,cz1
r0004825,33486,cz2,cz1
r0004826,33488,cz2,cz1
r0004827,33490,cz2,cz1
r0004828,33491,cz2,cz1
r0004829,33493,cz2,cz1
r0004830,33495,cz2,cz1
r0004831,33497,cz2,cz1
r0004832,33499,cz2,cz1
r0004833,33501,cz2,cz1
r0004834,33503,cz2,cz1
r0004835,33504,cz2,cz1
r0004836,33506,cz2,cz1
r0004837,33508,cz2,cz1
r0004838,33510,cz2,cz1
r0004839,33512,cz2,cz1
r0004840,33514,cz2,cz1
r0004841,33516,cz2,cz1
r0004842,33517,cz2,cz1
r0004843,33519,cz2,cz1
r0004844,33521,cz2,cz1
r0004845,33523,cz2,cz1
r0004846,33525,cz2,cz1
r0004847,33527,cz2,cz1
r0004848,33529,cz2,cz1
r0004849,33530,cz2,cz1
r0004850,33532,cz2,cz1
r0004851,33534,cz2,cz1
r0004852,33536,cz2,cz1
r0004853,33538,cz2,cz1
r0004854,33540,cz2,cz1
r0004855,33542,cz2,cz1
r0004856,33543,cz2,cz1
r0004857,33545,cz2,cz1
r0004858,33547,cz2,cz1
r0004859,33549,cz2,cz1
r0004860,33551,cz2,cz1
r0004861,33553,cz2,cz1
r0004862,33555,cz2,cz1
r0004863,33556,cz2,cz1
r0004864,33558,cz2,cz1
r0004865,33560,cz2,cz1
r0004866,33562,cz2,cz1
r0004867,33564,cz2,cz1
r0004868,33566,cz2,cz1
r0004869,33568,cz2,cz1
r0004870,33569,cz2,cz1
r0004871,33571,cz2,cz1
r0004872,33573,cz2,cz1
r0004873,33575,cz2,cz1
r0004874,33577,cz2,cz1
r0004875,33579,cz2,cz1
r0004876,33581,cz2,cz1
r0004877,33582,cz2,cz1
r0004878,33584,cz2,cz1
r0004879,33586,cz2,cz1
r0004880,33588,cz2,cz1
r0004881,33590,cz2,cz1
r0004882,33592,cz2,cz1
r0004883,33594,cz2,cz1
r0004884,33595,cz2,cz1
r0004885,33597,cz2,cz1
r0004886,33599,cz2,cz1
r0004887,33601,cz2,cz1
r0004888,33603,cz2,cz1
r0004889,33605,cz2,cz1
r0004890,33607,cz2,cz1
r0004891,33608,cz2,cz1
r0004892,33610,cz2,cz1
r0004893,33612,cz2,cz1
r0004894,33614,cz2,cz1
r0004895,33616,cz2,cz1
r0004896,33618,cz2,cz1
r0004897,33620,cz2,cz1
r0004898,33621,cz2,cz1
r0004899,33623,cz2,cz1
r0004900,33625,cz2,cz1
r0004901,33627,cz2,cz1
r0004902,33629,cz2,cz1
r0004903,33631,cz2,cz1
r0004904,33633,cz2,cz1
r0004905,33635,cz2,cz1
r0004906,33636,cz2,cz1
r0004907,33638,cz2,cz1
r0004908,33640,cz2,cz2
r0004909,33642,cz2,cz2
r0004910,33644,cz2,cz2
r0004911,33646,cz2,cz2
r0004912,33648,cz2,cz2
r0004913,33649,cz2,cz2
r0004914,33651,cz2,cz2
r0004915,33653,cz2,cz2
r0004916,33655,cz2,cz2
r0004917,33657,cz2,cz2
r0004918,33659,cz2,cz2
r0004919,33661,cz2,cz2
r0004920,33662,cz2,cz2
r0004921,33664,cz2,cz2
r0004922,33666,cz2,cz2
r0004923,33668,cz2,cz2
r0004924,33670,cz2,cz2
r0004925,33672,cz2,cz2
r0004926,33674,cz2,cz2
r0004927,33675,cz2,cz2
r0004928,33677,cz2,cz2
r0004929,33679,cz2,cz2
r0004930,33681,cz2,cz2
r0004931,33683,cz2,cz2
r0004932,33685,cz2,cz2
r0004933,33687,cz2,cz2
r0004934,33688,cz2,cz2
r0004935,33690,cz2,cz2
r0004936,33692,cz2,cz2
r0004937,33694,cz2,cz2
r0004938,33696,cz2,cz2
r0004939,33698,cz2,cz2
r0004940,33700,cz2,cz2
r0004941,33701,cz2,cz2
r0004942,33703,cz2,cz2
r0004943,33705,cz2,cz2
r0004944,33707,cz2,cz2
r0004945,33709,cz2,cz2
r0004946,33711,cz2,cz2
r0004947,33713,cz2,cz2
r0004948,33714,cz2,cz2
r0004949,33716,cz2,cz2
r0004950,33718,cz2,cz2
r0004951,33720,cz2,cz2
r0004952,33722,cz2,cz2
r0004953,33724,cz2,cz2
r0004954,33726,cz2,cz2
r0004955,33727,cz2,cz2
r0004956,33729,cz2,cz2
r0004957,33731,cz2,cz2
r0004958,33733,cz2,cz2
r0004959,33735,cz2,cz2
r0004960,33737,cz2,cz2
r0004961,33739,cz2,cz2
r0004962,33740,cz2,cz2
r0004963,33742,cz2,cz2
r0004964,33744,cz2,cz2
r0004965,33746,cz2,cz2
r0004966,33748,cz2,cz2
r0004967,33750,cz2,cz2
r0004968,33752,cz2,cz2
r0004969,33753,cz2,cz2
r0004970,33755,cz2,cz2
r0004971,33757,cz2,cz2
r0004972,33759,cz2,cz2
r0004973,33761,cz2,cz2
r0004974,33763,cz2,cz2
r0004975,33765,cz2,cz2
r0004976,33766,cz2,cz2
r0004977,33768,cz2,cz2
r0004978,33770,cz2,cz2
r0004979,33772,cz2,cz2
r0004980,33774,cz2,cz2
r0004981,33776,cz2,cz2
r0004982,33778,cz2,cz2
r0004983,33779,cz2,cz2
r0004984,33781,cz2,cz2
r0004985,33783,cz2,cz2
r0004986,33785,cz2,cz2
r0004987,33787,cz2,cz2
r0004988,33789,cz2,cz2
r0004989,33791,cz2,cz2
r0004990,33792,cz2,cz2
r0004991,33794,cz2,cz2
r0004992,33796,cz2,cz2
r0004993,33798,cz2,cz2
r0004994,33800,cz2,cz2
r0004995,33802,cz2,cz2
r0004996,33804,cz2,cz2
r0004997,33805,cz2,cz2
r0004998,33807,cz2,cz2
r0004999,33809,cz2,cz2
r0005000,33811,cz2,cz2
r0005001,33813,cz2,cz2
r0005002,33815,cz2,cz2
r0005003,33817,cz2,cz2
r0005004,33818,cz2,cz2
r0005005,33820,cz2,cz2
r0005006,33822,cz2,cz2
r0005007,33824,cz2,cz2
r0005008,33826,cz2,cz2
r0005009,33828,cz2,cz2
r0005010,33830,cz2,cz2
r0005011,33832,cz2,cz2
r0005012,33833,cz2,cz2
r0005013,33835,cz2,cz2
r0005014,33837,cz2,cz2
r0005015,33839,cz2,cz2
r0005016,33841,cz2,cz2
r0005017,33843,cz2,cz2
r0005018,33845,cz2,cz2
r0005019,33846,cz2,cz2
r0005020,33848,cz2,cz2
r0005021,33850,cz2,cz2
r0005022,33852,cz2,cz2
r0005023,33854,cz2,cz2
r0005024,33856,cz2,cz2
r0005025,33858,cz2,cz3
r0005026,33859,cz2,cz3
r0005027,33861,cz2,cz3
r0005028,33863,cz2,cz3
r0005029,33865,cz2,cz3
r0005030,33867,cz2,cz3
r0005031,33869,cz2,cz3
r0005032,33871,cz2,cz3
r0005033,33872,cz2,cz3
r0005034,33874,cz2,cz3
r0005035,33876,cz2,cz3
r0005036,33878,cz2,cz3
r0005037,33880,cz2,cz3
r0005038,33882,cz2,cz3
r0005039,33884,cz2,cz3
r0005040,33885,cz2,cz3
r0005041,33887,cz2,cz3
r0005042,33889,cz2,cz3
r0005043,33891,cz2,cz3
r0005044,33893,cz2,cz3
r0005045,33895,cz2,cz3
r0005046,33897,cz2,cz3
r0005047,33898,cz2,cz3
r0005048,33900,cz2,cz3
r0005049,33902,cz2,cz3
r0005050,33904,cz2,cz3
r0005051,33906,cz2,cz3
r0005052,33908,cz2,cz3
r0005053,33910,cz2,cz3
r0005054,33911,cz2,cz3
r0005055,33913,cz2,cz3
r0005056,33915,cz2,cz3
r0005057,33917,cz2,cz3
r0005058,33919,cz2,cz3
r0005059,33921,cz2,cz3
r0005060,33923,cz2,cz3
r0005061,33924,cz2,cz3
r0005062,33926,cz2,cz3
r0005063,33928,cz2,cz3
r0005064,33930,cz2,cz3
r0005065,33932,cz2,cz3
r0005066,33934,cz2,cz3
r0005067,33936,cz2,cz3
r0005068,33937,cz2,cz3
r0005069,33939,cz2,cz3
r0005070,33941,cz2,cz3
r0005071,33943,cz2,cz3
r0005072,33945,cz2,cz3
r0005073,33947,cz2,cz3
r0005074,33949,cz2,cz3
r0005075,33950,cz2,cz3
r0005076,33952,cz2,cz3
r0005077,33954,cz2,cz3
r0005078,33956,cz2,cz3
r0005079,33958,cz2,cz3
r0005080,33960,cz2,cz3
r0005081,33962,cz2,cz3
r0005082,33963,cz2,cz3
r0005083,33965,cz2,cz3
r0005084,33967,cz2,cz3
r0005085,33969,cz2,cz3
r0005086,33971,cz2,cz3
r0005087,33973,cz2,cz3
r0005088,33975,cz2,cz3
r0005089,33976,cz2,cz3
r0005090,33978,cz2,cz3
r0005091,33980,cz2,cz3
r0005092,33982,cz2,cz3
r0005093,33984,cz2,cz3
r0005094,33986,cz2,cz3
r0005095,33988,cz2,cz3
r0005096,33989,cz2,cz3
r0005097,33991,cz2,cz3
r0005098,33993,cz2,cz3
r0005099,33995,cz2,cz3
r0005100,33997,cz2,cz3
r0005101,33999,cz2,cz3
r0005102,34001,cz2,cz3
r0005103,34002,cz2,cz3
r0005104,34004,cz2,cz3
r0005105,34006,cz2,cz3
r0005106,34008,cz2,cz3
r0005107,34010,cz2,cz3
r0005108,34012,cz2,cz3
r0005109,34014,cz2,cz3
r0005110,34016,cz2,cz3
r0005111,34017,cz2,cz3
r0005112,34019,cz2,cz3
r0005113,34021,cz2,cz3
r0005114,34023,cz2,cz3
r0005115,34025,cz2,cz3
r0005116,34027,cz2,cz3
r0005117,34029,cz2,cz3
r0005118,34030,cz2,cz3
r0005119,34032,cz2,cz3
r0005120,34034,cz2,cz3
r0005121,34036,cz2,cz3
r0005122,34038,cz2,cz3
r0005123,34040,cz2,cz3
r0005124,34042,cz2,cz3
r0005125,34043,cz2,cz3
r0005126,34045,cz2,cz3
r0005127,34047,cz2,cz3
r0005128,34049,cz2,cz3
r0005129,34051,cz2,cz3
r0005130,34053,cz2,cz3
r0005131,34055,cz2,cz3
r0005132,34056,cz2,cz3
r0005133,34058,cz2,cz3
r0005134,34060,cz2,cz3
r0005135,34062,cz2,cz3
r0005136,34064,cz2,cz3
r0005137,34066,cz2,cz3
r0005138,34068,cz2,cz3
r0005139,34069,cz2,cz3
r0005140,34071,cz2,cz3
r0005141,34073,cz2,cz3
r0005142,34075,cz2,cz4
r0005143,34077,cz2,cz4
r0005144,34079,cz2,cz4
r0005145,34081,cz2,cz4
r0005146,34082,cz2,cz4
r0005147,34084,cz2,cz4
r0005148,34086,cz2,cz4
r0005149,34088,cz2,cz4
r0005150,34090,cz2,cz4
r0005151,34092,cz2,cz4
r0005152,34094,cz2,cz4
r0005153,34095,cz2,cz4
r0005154,34097,cz2,cz4
r0005155,34099,cz2,cz4
r0005156,34101,cz2,cz4
r0005157,34103,cz2,cz4
r0005158,34105,cz2,cz4
r0005159,34107,cz2,cz4
r0005160,34108,cz2,cz4
r0005161,34110,cz2,cz4
r0005162,34112,cz2,cz4
r0005163,34114,cz2,cz4
r0005164,34116,cz2,cz4
r0005165,34118,cz2,cz4
r0005166,34120,cz2,cz4
r0005167,34121,cz2,cz4
r0005168,34123,cz2,cz4
r0005169,34125,cz2,cz4
r0005170,34127,cz2,cz4
r0005171,34129,cz2,cz4
r0005172,34131,cz2,cz4
r0005173,34133,cz2,cz4
r0005174,34134,cz2,cz4
r0005175,34136,cz2,cz4
r0005176,34138,cz2,cz4
r0005177,34140,cz2,cz4
r0005178,34142,cz2,cz4
r0005179,34144,cz2,cz4
r0005180,34146,cz2,cz4
r0005181,34147,cz2,cz4
r0005182,34149,cz2,cz4
r0005183,34151,cz2,cz4
r0005184,34153,cz2,cz4
r0005185,34155,cz2,cz4
r0005186,34157,cz2,cz4
r0005187,34159,cz2,cz4
r0005188,34160,cz2,cz4
r0005189,34162,cz2,cz4
r0005190,34164,cz2,cz4
r0005191,34166,cz2,cz4
r0005192,34168,cz2,cz4
r0005193,34170,cz2,cz4
r0005194,34172,cz2,cz4
r0005195,34173,cz2,cz4
r0005196,34175,cz2,cz4
r0005197,34177,cz2,cz4
r0005198,34179,cz2,cz4
r0005199,34181,cz2,cz4
r0005200,34183,cz2,cz4
r0005201,34185,cz2,cz4
r0005202,34186,cz2,cz4
r0005203,34188,cz2,cz4
r0005204,34190,cz2,cz4
r0005205,34192,cz2,cz4
r0005206,34194,cz2,cz4
r0005207,34196,cz2,cz4
r0005208,34198,cz2,cz4
r0005209,34200,cz2,cz4
r0005210,34201,cz2,cz4
r0005211,34203,cz2,cz4
r0005212,34205,cz2,cz4
r0005213,34207,cz2,cz4
r0005214,34209,cz2,cz4
r0005215,34211,cz2,cz4
r0005216,34213,cz2,cz4
r0005217,34214,cz2,cz4
r0005218,34216,cz2,cz4
r0005219,34218,cz2,cz4
r0005220,34220,cz2,cz4
r0005221,34222,cz2,cz4
r0005222,34224,cz2,cz4
r0005223,34226,cz2,cz4
r0005224,34227,cz2,cz4
r0005225,34229,cz2,cz4
r0005226,34231,cz2,cz4
r0005227,34233,cz3,cz1
r0005228,34235,cz3,cz1
r0005229,34237,cz3,cz1
r0005230,34239,cz3,cz1
r0005231,34240,cz3,cz1
r0005232,34242,cz3,cz1
r0005233,34244,cz3,cz1
r0005234,34246,cz3,cz1
r0005235,34248,cz3,cz1
r0005236,34250,cz3,cz1
r0005237,34252,cz3,cz1
r0005238,34253,cz3,cz1
r0005239,34255,cz3,cz1
r0005240,34257,cz3,cz1
r0005241,34259,cz3,cz1
r0005242,34261,cz3,cz1
r0005243,34263,cz3,cz1
r0005244,34265,cz3,cz1
r0005245,34266,cz3,cz1
r0005246,34268,cz3,cz1
r0005247,34270,cz3,cz1
r0005248,34272,cz3,cz1
r0005249,34274,cz3,cz1
r0005250,34276,cz3,cz1
r0005251,34278,cz3,cz1
r0005252,34279,cz3,cz1
r0005253,34281,cz3,cz1
r0005254,34283,cz3,cz1
r0005255,34285,cz3,cz1
r0005256,34287,cz3,cz1
r0005257,34289,cz3,cz1
r0005258,34291,cz3,cz1
r0005259,34292,cz3,cz1
r0005260,34294,cz3,cz1
r0005261,34296,cz3,cz1
r0005262,34298,cz3,cz1
r0005263,34300,cz3,cz1
r0005264,34302,cz3,cz1
r0005265,34304,cz3,cz1
r0005266,34305,cz3,cz1
r0005267,34307,cz3,cz1
r0005268,34309,cz3,cz1
r0005269,34311,cz3,cz1
r0005270,34313,cz3,cz1
r0005271,34315,cz3,cz1
r0005272,34317,cz3,cz1
r0005273,34318,cz3,cz1
r0005274,34320,cz3,cz1
r0005275,34322,cz3,cz1
r0005276,34324,cz3,cz1
r0005277,34326,cz3,cz1
r0005278,34328,cz3,cz1
r0005279,34330,cz3,cz1
r0005280,34331,cz3,cz1
r0005281,34333,cz3,cz1
r0005282,34335,cz3,cz1
r0005283,34337,cz3,cz1
r0005284,34339,cz3,cz1
r0005285,34341,cz3,cz1
r0005286,34343,cz3,cz1
r0005287,34344,cz3,cz1
r0005288,34346,cz3,cz1
r0005289,34348,cz3,cz1
r0005290,34350,cz3,cz1
r0005291,34352,cz3,cz1
r0005292,34354,cz3,cz1
r0005293,34356,cz3,cz1
r0005294,34357,cz3,cz1
r0005295,34359,cz3,cz1
r0005296,34361,cz3,cz1
r0005297,34363,cz3,cz1
r0005298,34365,cz3,cz1
r0005299,34367,cz3,cz1
r0005300,34369,cz3,cz1
r0005301,34370,cz3,cz1
r0005302,34372,cz3,cz1
r0005303,34374,cz3,cz1
r0005304,34376,cz3,cz1
r0005305,34378,cz3,cz1
r0005306,34380,cz3,cz1
r0005307,34382,cz3,cz1
r0005308,34383,cz3,cz1
r0005309,34385,cz3,cz1
r0005310,34387,cz3,cz1
r0005311,34389,cz3,cz1
r0005312,34391,cz3,cz1
r0005313,34393,cz3,cz1
r0005314,34395,cz3,cz1
r0005315,34397,cz3,cz1
r0005316,34398,cz3,cz1
r0005317,34400,cz3,cz1
r0005318,34402,cz3,cz1
r0005319,34404,cz3,cz1
r0005320,34406,cz3,cz1
r0005321,34408,cz3,cz1
r0005322,34410,cz3,cz1
r0005323,34411,cz3,cz1
r0005324,34413,cz3,cz1
r0005325,34415,cz3,cz1
r0005326,34417,cz3,cz1
r0005327,34419,cz3,cz1
r0005328,34421,cz3,cz1
r0005329,34423,cz3,cz1
r0005330,34424,cz3,cz1
r0005331,34426,cz3,cz1
r0005332,34428,cz3,cz1
r0005333,34430,cz3,cz1
r0005334,34432,cz3,cz1
r0005335,34434,cz3,cz1
r0005336,34436,cz3,cz1
r0005337,34437,cz3,cz1
r0005338,34439,cz3,cz1
r0005339,34441,cz3,cz1
r0005340,34443,cz3,cz1
r0005341,34445,cz3,cz1
r0005342,34447,cz3,cz1
r0005343,34449,cz3,cz1
r0005344,34450,cz3,cz1
r0005345,34452,cz3,cz1
r0005346,34454,cz3,cz1
r0005347,34456,cz3,cz1
r0005348,34458,cz3,cz1
r0005349,34460,cz3,cz1
r0005350,34462,cz3,cz1
r0005351,34463,cz3,cz1
r0005352,34465,cz3,cz1
r0005353,34467,cz3,cz1
r0005354,34469,cz3,cz1
r0005355,34471,cz3,cz1
r0005356,34473,cz3,cz1
r0005357,34475,cz3,cz1
r0005358,34476,cz3,cz1
r0005359,34478,cz3,cz1
r0005360,34480,cz3,cz1
r0005361,34482,cz3,cz1
r0005362,34484,cz3,cz1
r0005363,34486,cz3,cz1
r0005364,34488,cz3,cz1
r0005365,34489,cz3,cz1
r0005366,34491,cz3,cz1
r0005367,34493,cz3,cz1
r0005368,34495,cz3,cz1
r0005369,34497,cz3,cz1
r0005370,34499,cz3,cz1
r0005371,34501,cz3,cz1
r0005372,34502,cz3,cz1
r0005373,34504,cz3,cz1
r0005374,34506,cz3,cz1
r0005375,34508,cz3,cz1
r0005376,34510,cz3,cz1
r0005377,34512,cz3,cz1
r0005378,34514,cz3,cz1
r0005379,34515,cz3,cz1
r0005380,34517,cz3,cz1
r0005381,34519,cz3,cz1
r0005382,34521,cz3,cz1
r0005383,34523,cz3,cz1
r0005384,34525,cz3,cz1
r0005385,34527,cz3,cz1
r0005386,34528,cz3,cz2
r0005387,34530,cz3,cz2
r0005388,34532,cz3,cz2
r0005389,34534,cz3,cz2
r0005390,34536,cz3,cz2
r0005391,34538,cz3,cz2
r0005392,34540,cz3,cz2
r0005393,34541,cz3,cz2
r0005394,34543,cz3,cz2
r0005395,34545,cz3,cz2
r0005396,34547,cz3,cz2
r0005397,34549,cz3,cz2
r0005398,34551,cz3,cz2
r0005399,34553,cz3,cz2
r0005400,34554,cz3,cz2
r0005401,34556,cz3,cz2
r0005402,34558,cz3,cz2
r0005403,34560,cz3,cz2
r0005404,34562,cz3,cz2
r0005405,34564,cz3,cz2
r0005406,34566,cz3,cz2
r0005407,34567,cz3,cz2
r0005408,34569,cz3,cz2
r0005409,34571,cz3,cz2
r0005410,34573,cz3,cz2
r0005411,34575,cz3,cz2
r0005412,34577,cz3,cz2
r0005413,34579,cz3,cz2
r0005414,34581,cz3,cz2
r0005415,34582,cz3,cz2
r0005416,34584,cz3,cz2
r0005417,34586,cz3,cz2
r0005418,34588,cz3,cz2
r0005419,34590,cz3,cz2
r0005420,34592,cz3,cz2
r0005421,34594,cz3,cz2
r0005422,34595,cz3,cz2
r0005423,34597,cz3,cz2
r0005424,34599,cz3,cz2
r0005425,34601,cz3,cz2
r0005426,34603,cz3,cz2
r0005427,34605,cz3,cz2
r0005428,34607,cz3,cz2
r0005429,34608,cz3,cz2
r0005430,34610,cz3,cz2
r0005431,34612,cz3,cz2
r0005432,34614,cz3,cz2
r0005433,34616,cz3,cz2
r0005434,34618,cz3,cz2
r0005435,34620,cz3,cz2
r0005436,34621,cz3,cz2
r0005437,34623,cz3,cz2
r0005438,34625,cz3,cz2
r0005439,34627,cz3,cz2
r0005440,34629,cz3,cz2
r0005441,34631,cz3,cz2
r0005442,34633,cz3,cz2
r0005443,34634,cz3,cz2
r0005444,34636,cz3,cz2
r0005445,34638,cz3,cz2
r0005446,34640,cz3,cz2
r0005447,34642,cz3,cz2
r0005448,34644,cz3,cz2
r0005449,34646,cz3,cz2
r0005450,34647,cz3,cz2
r0005451,34649,cz3,cz2
r0005452,34651,cz3,cz2
r0005453,34653,cz3,cz2
r0005454,34655,cz3,cz2
r0005455,34657,cz3,cz2
r0005456,34659,cz3,cz2
r0005457,34660,cz3,cz2
r0005458,34662,cz3,cz2
r0005459,34664,cz3,cz2
r0005460,34666,cz3,cz2
r0005461,34668,cz3,cz2
r0005462,34670,cz3,cz2
r0005463,34672,cz3,cz2
r0005464,34673,cz3,cz2
r0005465,34675,cz3,cz2
r0005466,34677,cz3,cz2
r0005467,34679,cz3,cz2
r0005468,34681,cz3,cz2
r0005469,34683,cz3,cz2
r0005470,34685,cz3,cz2
r0005471,34686,cz3,cz2
r0005472,34688,cz3,cz2
r0005473,34690,cz3,cz2
r0005474,34692,cz3,cz2
r0005475,34694,cz3,cz2
r0005476,34696,cz3,cz2
r0005477,34698,cz3,cz2
r0005478,34699,cz3,cz2
r0005479,34701,cz3,cz2
r0005480,34703,cz3,cz2
r0005481,34705,cz3,cz2
r0005482,34707,cz3,cz2
r0005483,34709,cz3,cz2
r0005484,34711,cz3,cz2
r0005485,34712,cz3,cz2
r0005486,34714,cz3,cz2
r0005487,34716,cz3,cz2
r0005488,34718,cz3,cz2
r0005489,34720,cz3,cz2
r0005490,34722,cz3,cz2
r0005491,34724,cz3,cz2
r0005492,34725,cz3,cz2
r0005493,34727,cz3,cz2
r0005494,34729,cz3,cz2
r0005495,34731,cz3,cz2
r0005496,34733,cz3,cz2
r0005497,34735,cz3,cz2
r0005498,34737,cz3,cz2
r0005499,34738,cz3,cz3
r0005500,34740,cz3,cz3
r0005501,34742,cz3,cz3
r0005502,34744,cz3,cz3
r0005503,34746,cz3,cz3
r0005504,34748,cz3,cz3
r0005505,34750,cz3,cz3
r0005506,34751,cz3,cz3
r0005507,34753,cz3,cz3
r0005508,34755,cz3,cz3
r0005509,34757,cz3,cz3
r0005510,34759,cz3,cz3
r0005511,34761,cz3,cz3
r0005512,34763,cz3,cz3
r0005513,34764,cz3,cz3
r0005514,34766,cz3,cz3
r0005515,34768,cz3,cz3
r0005516,34770,cz3,cz3
r0005517,34772,cz3,cz3
r0005518,34774,cz3,cz3
r0005519,34776,cz3,cz3
r0005520,34778,cz3,cz3
r0005521,34779,cz3,cz3
r0005522,34781,cz3,cz3
r0005523,34783,cz3,cz3
r0005524,34785,cz3,cz3
r0005525,34787,cz3,cz3
r0005526,34789,cz3,cz3
r0005527,34791,cz3,cz3
r0005528,34792,cz3,cz3
r0005529,34794,cz3,cz3
r0005530,34796,cz3,cz3
r0005531,34798,cz3,cz3
r0005532,34800,cz3,cz3
r0005533,34802,cz3,cz3
r0005534,34804,cz3,cz3
r0005535,34805,cz3,cz3
r0005536,34807,cz3,cz3
r0005537,34809,cz3,cz3
r0005538,34811,cz3,cz3
r0005539,34813,cz3,cz3
r0005540,34815,cz3,cz3
r0005541,34817,cz3,cz3
r0005542,34818,cz3,cz3
r0005543,34820,cz3,cz3
r0005544,34822,cz3,cz3
r0005545,34824,cz3,cz3
r0005546,34826,cz3,cz3
r0005547,34828,cz3,cz3
r0005548,34830,cz3,cz3
r0005549,34831,cz3,cz3
r0005550,34833,cz3,cz3
r0005551,34835,cz3,cz3
r0005552,34837,cz3,cz3
r0005553,34839,cz3,cz3
r0005554,34841,cz3,cz3
r0005555,34843,cz3,cz3
r0005556,34844,cz3,cz3
r0005557,34846,cz3,cz3
r0005558,34848,cz3,cz3
r0005559,34850,cz3,cz3
r0005560,34852,cz3,cz3
r0005561,34854,cz3,cz3
r0005562,34856,cz3,cz3
r0005563,34857,cz3,cz3
r0005564,34859,cz3,cz3
r0005565,34861,cz3,cz3
r0005566,34863,cz3,cz3
r0005567,34865,cz3,cz3
r0005568,34867,cz3,cz3
r0005569,34869,cz3,cz3
r0005570,34870,cz3,cz3
r0005571,34872,cz3,cz3
r0005572,34874,cz3,cz3
r0005573,34876,cz3,cz3
r0005574,34878,cz3,cz3
r0005575,34880,cz3,cz3
r0005576,34882,cz3,cz3
r0005577,34883,cz3,cz3
r0005578,34885,cz3,cz3
r0005579,34887,cz3,cz3
r0005580,34889,cz3,cz3
r0005581,34891,cz3,cz3
r0005582,34893,cz3,cz3
r0005583,34895,cz3,cz3
r0005584,34896,cz3,cz3
r0005585,34898,cz3,cz3
r0005586,34900,cz3,cz3
r0005587,34902,cz3,cz3
r0005588,34904,cz3,cz3
r0005589,34906,cz3,cz3
r0005590,34908,cz3,cz3
r0005591,34909,cz3,cz3
r0005592,34911,cz3,cz3
r0005593,34913,cz3,cz3
r0005594,34915,cz3,cz3
r0005595,34917,cz3,cz3
r0005596,34919,cz3,cz3
r0005597,34921,cz3,cz3
r0005598,34922,cz3,cz3
r0005599,34924,cz3,cz3
r0005600,34926,cz3,cz3
r0005601,34928,cz3,cz3
r0005602,34930,cz3,cz3
r0005603,34932,cz3,cz3
r0005604,34934,cz3,cz3
r0005605,34935,cz3,cz3
r0005606,34937,cz3,cz3
r0005607,34939,cz3,cz3
r0005608,34941,cz3,cz3
r0005609,34943,cz3,cz3
r0005610,34945,cz3,cz3
r0005611,34947,cz3,cz3
r0005612,34948,cz3,cz3
r0005613,34950,cz3,cz3
r0005614,34952,cz3,cz3
r0005615,34954,cz3,cz3
r0005616,34956,cz3,cz3
r0005617,34958,cz3,cz3
r0005618,34960,cz3,cz3
r0005619,34962,cz3,cz3
r0005620,34963,cz3,cz3
r0005621,34965,cz3,cz3
r0005622,34967,cz3,cz3
r0005623,34969,cz3,cz3
r0005624,34971,cz3,cz3
r0005625,34973,cz3,cz3
r0005626,34975,cz3,cz3
r0005627,34976,cz3,cz3
r0005628,34978,cz3,cz3
r0005629,34980,cz3,cz3
r0005630,34982,cz3,cz3
r0005631,34984,cz3,cz3
r0005632,34986,cz3,cz3
r0005633,34988,cz3,cz3
r0005634,34989,cz3,cz3
r0005635,34991,cz3,cz3
r0005636,34993,cz3,cz3
r0005637,34995,cz3,cz3
r0005638,34997,cz3,cz3
r0005639,34999,cz3,cz3
r0005640,35001,cz3,cz3
r0005641,35002,cz3,cz3
r0005642,35004,cz3,cz3
r0005643,35006,cz3,cz3
r0005644,35008,cz3,cz3
r0005645,35010,cz3,cz3
r0005646,35012,cz3,cz3
r0005647,35014,cz3,cz3
r0005648,35015,cz3,cz3
r0005649,35017,cz3,cz3
r0005650,35019,cz3,cz3
r0005651,35021,cz3,cz3
r0005652,35023,cz3,cz3
r0005653,35025,cz3,cz3
r0005654,35027,cz3,cz3
r0005655,35028,cz3,cz3
r0005656,35030,cz3,cz3
r0005657,35032,cz3,cz3
r0005658,35034,cz3,cz3
r0005659,35036,cz3,cz3
r0005660,35038,cz3,cz3
r0005661,35040,cz3,cz3
r0005662,35041,cz3,cz3
r0005663,35043,cz3,cz3
r0005664,35045,cz3,cz3
r0005665,35047,cz3,cz3
r0005666,35049,cz3,cz3
r0005667,35051,cz3,cz3
r0005668,35053,cz3,cz3
r0005669,35054,cz3,cz4
r0005670,35056,cz3,cz4
r0005671,35058,cz3,cz4
r0005672,35060,cz3,cz4
r0005673,35062,cz3,cz4
r0005674,35064,cz3,cz4
r0005675,35066,cz3,cz4
r0005676,35067,cz3,cz4
r0005677,35069,cz3,cz4
r0005678,35071,cz3,cz4
r0005679,35073,cz3,cz4
r0005680,35075,cz3,cz4
r0005681,35077,cz3,cz4
r0005682,35079,cz3,cz4
r0005683,35080,cz3,cz4
r0005684,35082,cz3,cz4
r0005685,35084,cz3,cz4
r0005686,35086,cz3,cz4
r0005687,35088,cz3,cz4
r0005688,35090,cz3,cz4
r0005689,35092,cz3,cz4
r0005690,35093,cz3,cz4
r0005691,35095,cz3,cz4
r0005692,35097,cz3,cz4
r0005693,35099,cz3,cz4
r0005694,35101,cz3,cz4
r0005695,35103,cz3,cz4
r0005696,35105,cz3,cz4
r0005697,35106,cz3,cz4
r0005698,35108,cz3,cz4
r0005699,35110,cz3,cz4
r0005700,35112,cz3,cz4
r0005701,35114,cz3,cz4
r0005702,35116,cz3,cz4
r0005703,35118,cz3,cz4
r0005704,35119,cz3,cz4
r0005705,35121,cz3,cz4
r0005706,35123,cz3,cz4
r0005707,35125,cz3,cz4
r0005708,35127,cz3,cz4
r0005709,35129,cz3,cz4
r0005710,35131,cz3,cz4
r0005711,35132,cz3,cz4
r0005712,35134,cz3,cz4
r0005713,35136,cz3,cz4
r0005714,35138,cz3,cz4
r0005715,35140,cz3,cz4
r0005716,35142,cz3,cz4
r0005717,35144,cz3,cz4
r0005718,35145,cz3,cz4
r0005719,35147,cz3,cz4
r0005720,35149,cz3,cz4
r0005721,35151,cz3,cz4
r0005722,35153,cz3,cz4
r0005723,35155,cz3,cz4
r0005724,35157,cz3,cz4
r0005725,35159,cz3,cz4
r0005726,35160,cz3,cz4
r0005727,35162,cz3,cz4
r0005728,35164,cz3,cz4
r0005729,35166,cz3,cz4
r0005730,35168,cz3,cz4
r0005731,35170,cz3,cz4
r0005732,35172,cz3,cz4
r0005733,35173,cz3,cz4
r0005734,35175,cz3,cz4
r0005735,35177,cz3,cz4
r0005736,35179,cz3,cz4
r0005737,35181,cz3,cz4
r0005738,35183,cz3,cz4
r0005739,35185,cz3,cz4
r0005740,35186,cz3,cz4
r0005741,35188,cz3,cz4
r0005742,35190,cz3,cz4
r0005743,35192,cz3,cz4
r0005744,35194,cz3,cz4
r0005745,35196,cz3,cz4
r0005746,35198,cz3,cz4
r0005747,35199,cz3,cz4
r0005748,35201,cz3,cz4
r0005749,35203,cz3,cz4
r0005750,35205,cz3,cz4
r0005751,35207,cz3,cz4
r0005752,35209,cz3,cz4
r0005753,35211,cz3,cz4
r0005754,35212,cz3,cz4
r0005755,35214,cz3,cz4
r0005756,35216,cz3,cz4
r0005757,35218,cz3,cz4
r0005758,35220,cz3,cz4
r0005759,35222,cz3,cz4
r0005760,35224,cz3,cz4
r0005761,35225,cz3,cz4
r0005762,35227,cz3,cz4
r0005763,35229,cz3,cz4
r0005764,35231,cz3,cz4
r0005765,35233,cz3,cz4
r0005766,35235,cz3,cz4
r0005767,35237,cz3,cz4
r0005768,35238,cz3,cz4
r0005769,35240,cz3,cz4
r0005770,35242,cz3,cz4
r0005771,35244,cz3,cz4
r0005772,35246,cz3,cz4
r0005773,35248,cz3,cz4
r0005774,35250,cz3,cz4
r0005775,35251,cz3,cz4
r0005776,35253,cz3,cz4
r0005777,35255,cz3,cz4
r0005778,35257,cz3,cz4
r0005779,35259,cz3,cz4
r0005780,35261,cz3,cz4
r0005781,35263,cz3,cz4
r0005782,35264,cz3,cz4
r0005783,35266,cz4,cz1
r0005784,35268,cz4,cz1
r0005785,35270,cz4,cz1
r0005786,35272,cz4,cz1
r0005787,35274,cz4,cz1
r0005788,35276,cz4,cz1
r0005789,35277,cz4,cz1
r0005790,35279,cz4,cz1
r0005791,35281,cz4,cz1
r0005792,35283,cz4,cz1
r0005793,35285,cz4,cz1
r0005794,35287,cz4,cz1
r0005795,35289,cz4,cz1
r0005796,35290,cz4,cz1
r0005797,35292,cz4,cz1
r0005798,35294,cz4,cz1
r0005799,35296,cz4,cz1
r0005800,35298,cz4,cz1
r0005801,35300,cz4,cz1
r0005802,35302,cz4,cz1
r0005803,35303,cz4,cz1
r0005804,35305,cz4,cz1
r0005805,35307,cz4,cz1
r0005806,35309,cz4,cz1
r0005807,35311,cz4,cz1
r0005808,35313,cz4,cz1
r0005809,35315,cz4,cz1
r0005810,35316,cz4,cz1
r0005811,35318,cz4,cz1
r0005812,35320,cz4,cz1
r0005813,35322,cz4,cz1
r0005814,35324,cz4,cz1
r0005815,35326,cz4,cz1
r0005816,35328,cz4,cz1
r0005817,35329,cz4,cz1
r0005818,35331,cz4,cz1
r0005819,35333,cz4,cz1
r0005820,35335,cz4,cz1
r0005821,35337,cz4,cz1
r0005822,35339,cz4,cz1
r0005823,35341,cz4,cz1
r0005824,35343,cz4,cz1
r0005825,35344,cz4,cz1
r0005826,35346,cz4,cz1
r0005827,35348,cz4,cz1
r0005828,35350,cz4,cz1
r0005829,35352,cz4,cz1
r0005830,35354,cz4,cz1
r0005831,35356,cz4,cz1
r0005832,35357,cz4,cz1
r0005833,35359,cz4,cz1
r0005834,35361,cz4,cz1
r0005835,35363,cz4,cz1
r0005836,35365,cz4,cz1
r0005837,35367,cz4,cz1
r0005838,35369,cz4,cz1
r0005839,35370,cz4,cz1
r0005840,35372,cz4,cz1
r0005841,35374,cz4,cz1
r0005842,35376,cz4,cz1
r0005843,35378,cz4,cz1
r0005844,35380,cz4,cz1
r0005845,35382,cz4,cz1
r0005846,35383,cz4,cz1
r0005847,35385,cz4,cz1
r0005848,35387,cz4,cz1
r0005849,35389,cz4,cz1
r0005850,35391,cz4,cz1
r0005851,35393,cz4,cz1
r0005852,35395,cz4,cz1
r0005853,35396,cz4,cz1
r0005854,35398,cz4,cz1
r0005855,35400,cz4,cz1
r0005856,35402,cz4,cz1
r0005857,35404,cz4,cz1
r0005858,35406,cz4,cz1
r0005859,35408,cz4,cz1
r0005860,35409,cz4,cz1
r0005861,35411,cz4,cz1
r0005862,35413,cz4,cz1
r0005863,35415,cz4,cz1
r0005864,35417,cz4,cz1
r0005865,35419,cz4,cz1
r0005866,35421,cz4,cz1
r0005867,35422,cz4,cz1
r0005868,35424,cz4,cz1
r0005869,35426,cz4,cz1
r0005870,35428,cz4,cz1
r0005871,35430,cz4,cz1
r0005872,35432,cz4,cz1
r0005873,35434,cz4,cz1
r0005874,35435,cz4,cz1
r0005875,35437,cz4,cz1
r0005876,35439,cz4,cz1
r0005877,35441,cz4,cz1
r0005878,35443,cz4,cz1
r0005879,35445,cz4,cz1
r0005880,35447,cz4,cz1
r0005881,35448,cz4,cz1
r0005882,35450,cz4,cz1
r0005883,35452,cz4,cz1
r0005884,35454,cz4,cz1
r0005885,35456,cz4,cz1
r0005886,35458,cz4,cz1
r0005887,35460,cz4,cz1
r0005888,35461,cz4,cz1
r0005889,35463,cz4,cz1
r0005890,35465,cz4,cz1
r0005891,35467,cz4,cz1
r0005892,35469,cz4,cz1
r0005893,35471,cz4,cz1
r0005894,35473,cz4,cz1
r0005895,35474,cz4,cz2
r0005896,35476,cz4,cz2
r0005897,35478,cz4,cz2
r0005898,35480,cz4,cz2
r0005899,35482,cz4,cz2
r0005900,35484,cz4,cz2
r0005901,35486,cz4,cz2
r0005902,35487,cz4,cz2
r0005903,35489,cz4,cz2
r0005904,35491,cz4,cz2
r0005905,35493,cz4,cz2
r0005906,35495,cz4,cz2
r0005907,35497,cz4,cz2
r0005908,35499,cz4,cz2
r0005909,35500,cz4,cz2
r0005910,35502,cz4,cz2
r0005911,35504,cz4,cz2
r0005912,35506,cz4,cz2
r0005913,35508,cz4,cz2
r0005914,35510,cz4,cz2
r0005915,35512,cz4,cz2
r0005916,35513,cz4,cz2
r0005917,35515,cz4,cz2
r0005918,35517,cz4,cz2
r0005919,35519,cz4,cz2
r0005920,35521,cz4,cz2
r0005921,35523,cz4,cz2
r0005922,35525,cz4,cz2
r0005923,35527,cz4,cz2
r0005924,35528,cz4,cz2
r0005925,35530,cz4,cz2
r0005926,35532,cz4,cz2
r0005927,35534,cz4,cz2
r0005928,35536,cz4,cz2
r0005929,35538,cz4,cz2
r0005930,35540,cz4,cz2
r0005931,35541,cz4,cz2
r0005932,35543,cz4,cz2
r0005933,35545,cz4,cz2
r0005934,35547,cz4,cz2
r0005935,35549,cz4,cz2
r0005936,35551,cz4,cz2
r0005937,35553,cz4,cz2
r0005938,35554,cz4,cz2
r0005939,35556,cz4,cz2
r0005940,35558,cz4,cz2
r0005941,35560,cz4,cz2
r0005942,35562,cz4,cz2
r0005943,35564,cz4,cz2
r0005944,35566,cz4,cz2
r0005945,35567,cz4,cz2
r0005946,35569,cz4,cz2
r0005947,35571,cz4,cz2
r0005948,35573,cz4,cz2
r0005949,35575,cz4,cz2
r0005950,35577,cz4,cz2
r0005951,35579,cz4,cz2
r0005952,35580,cz4,cz2
r0005953,35582,cz4,cz2
r0005954,35584,cz4,cz2
r0005955,35586,cz4,cz2
r0005956,35588,cz4,cz2
r0005957,35590,cz4,cz2
r0005958,35592,cz4,cz2
r0005959,35593,cz4,cz2
r0005960,35595,cz4,cz2
r0005961,35597,cz4,cz2
r0005962,35599,cz4,cz2
r0005963,35601,cz4,cz2
r0005964,35603,cz4,cz2
r0005965,35605,cz4,cz2
r0005966,35606,cz4,cz2
r0005967,35608,cz4,cz2
r0005968,35610,cz4,cz2
r0005969,35612,cz4,cz2
r0005970,35614,cz4,cz2
r0005971,35616,cz4,cz2
r0005972,35618,cz4,cz2
r0005973,35619,cz4,cz2
r0005974,35621,cz4,cz2
r0005975,35623,cz4,cz2
r0005976,35625,cz4,cz2
r0005977,35627,cz4,cz2
r0005978,35629,cz4,cz2
r0005979,35631,cz4,cz3
r0005980,35632,cz4,cz3
r0005981,35634,cz4,cz3
r0005982,35636,cz4,cz3
r0005983,35638,cz4,cz3
r0005984,35640,cz4,cz3
r0005985,35642,cz4,cz3
r0005986,35644,cz4,cz3
r0005987,35645,cz4,cz3
r0005988,35647,cz4,cz3
r0005989,35649,cz4,cz3
r0005990,35651,cz4,cz3
r0005991,35653,cz4,cz3
r0005992,35655,cz4,cz3
r0005993,35657,cz4,cz3
r0005994,35658,cz4,cz3
r0005995,35660,cz4,cz3
r0005996,35662,cz4,cz3
r0005997,35664,cz4,cz3
r0005998,35666,cz4,cz3
r0005999,35668,cz4,cz3
r0006000,35670,cz4,cz3
r0006001,35671,cz4,cz3
r0006002,35673,cz4,cz3
r0006003,35675,cz4,cz3
r0006004,35677,cz4,cz3
r0006005,35679,cz4,cz3
r0006006,35681,cz4,cz3
r0006007,35683,cz4,cz3
r0006008,35684,cz4,cz3
r0006009,35686,cz4,cz3
r0006010,35688,cz4,cz3
r0006011,35690,cz4,cz3
r0006012,35692,cz4,cz3
r0006013,35694,cz4,cz3
r0006014,35696,cz4,cz3
r0006015,35697,cz4,cz3
r0006016,35699,cz4,cz3
r0006017,35701,cz4,cz3
r0006018,35703,cz4,cz3
r0006019,35705,cz4,cz3
r0006020,35707,cz4,cz3
r0006021,35709,cz4,cz3
r0006022,35710,cz4,cz3
r0006023,35712,cz4,cz3
r0006024,35714,cz4,cz3
r0006025,35716,cz4,cz3
r0006026,35718,cz4,cz3
r0006027,35720,cz4,cz3
r0006028,35722,cz4,cz3
r0006029,35724,cz4,cz3
r0006030,35725,cz4,cz3
r0006031,35727,cz4,cz3
r0006032,35729,cz4,cz3
r0006033,35731,cz4,cz3
r0006034,35733,cz4,cz3
r0006035,35735,cz4,cz3
r0006036,35737,cz4,cz3
r0006037,35738,cz4,cz3
r0006038,35740,cz4,cz3
r0006039,35742,cz4,cz3
r0006040,35744,cz4,cz3
r0006041,35746,cz4,cz3
r0006042,35748,cz4,cz3
r0006043,35750,cz4,cz3
r0006044,35751,cz4,cz3
r0006045,35753,cz4,cz3
r0006046,35755,cz4,cz3
r0006047,35757,cz4,cz3
r0006048,35759,cz4,cz3
r0006049,35761,cz4,cz3
r0006050,35763,cz4,cz3
r0006051,35764,cz4,cz3
r0006052,35766,cz4,cz3
r0006053,35768,cz4,cz3
r0006054,35770,cz4,cz3
r0006055,35772,cz4,cz3
r0006056,35774,cz4,cz3
r0006057,35776,cz4,cz3
r0006058,35777,cz4,cz3
r0006059,35779,cz4,cz3
r0006060,35781,cz4,cz3
r0006061,35783,cz4,cz3
r0006062,35785,cz4,cz3
r0006063,35787,cz4,cz3
r0006064,35789,cz4,cz3
r0006065,35790,cz4,cz3
r0006066,35792,cz4,cz3
r0006067,35794,cz4,cz3
r0006068,35796,cz4,cz3
r0006069,35798,cz4,cz3
r0006070,35800,cz4,cz3
r0006071,35802,cz4,cz3
r0006072,35803,cz4,cz3
r0006073,35805,cz4,cz3
r0006074,35807,cz4,cz3
r0006075,35809,cz4,cz3
r0006076,35811,cz4,cz3
r0006077,35813,cz4,cz3
r0006078,35815,cz4,cz3
r0006079,35816,cz4,cz3
r0006080,35818,cz4,cz3
r0006081,35820,cz4,cz3
r0006082,35822,cz4,cz3
r0006083,35824,cz4,cz3
r0006084,35826,cz4,cz3
r0006085,35828,cz4,cz3
r0006086,35829,cz4,cz3
r0006087,35831,cz4,cz3
r0006088,35833,cz4,cz3
r0006089,35835,cz4,cz3
r0006090,35837,cz4,cz3
r0006091,35839,cz4,cz3
r0006092,35841,cz4,cz3
r0006093,35842,cz4,cz3
r0006094,35844,cz4,cz3
r0006095,35846,cz4,cz3
r0006096,35848,cz4,cz3
r0006097,35850,cz4,cz4
r0006098,35852,cz4,cz4
r0006099,35854,cz4,cz4
r0006100,35855,cz4,cz4
r0006101,35857,cz4,cz4
r0006102,35859,cz4,cz4
r0006103,35861,cz4,cz4
r0006104,35863,cz4,cz4
r0006105,35865,cz4,cz4
r0006106,35867,cz4,cz4
r0006107,35868,cz4,cz4
r0006108,35870,cz4,cz4
r0006109,35872,cz4,cz4
r0006110,35874,cz4,cz4
r0006111,35876,cz4,cz4
r0006112,35878,cz4,cz4
r0006113,35880,cz4,cz4
r0006114,35881,cz4,cz4
r0006115,35883,cz4,cz4
r0006116,35885,cz4,cz4
r0006117,35887,cz4,cz4
r0006118,35889,cz4,cz4
r0006119,35891,cz4,cz4
r0006120,35893,cz4,cz4
r0006121,35894,cz4,cz4
r0006122,35896,cz4,cz4
r0006123,35898,cz4,cz4
r0006124,35900,cz4,cz4
r0006125,35902,cz4,cz4
r0006126,35904,cz4,cz4
r0006127,35906,cz4,cz4
r0006128,35908,cz4,cz4
r0006129,35909,cz4,cz4
r0006130,35911,cz4,cz4
r0006131,35913,cz4,cz4
r0006132,35915,cz4,cz4
r0006133,35917,cz4,cz4
r0006134,35919,cz4,cz4
r0006135,35921,cz4,cz4
r0006136,35922,cz4,cz4
r0006137,35924,cz4,cz4
r0006138,35926,cz4,cz4
r0006139,35928,cz4,cz4
r0006140,35930,cz4,cz4
r0006141,35932,cz4,cz4
r0006142,35934,cz4,cz4
r0006143,35935,cz4,cz4
r0006144,35937,cz4,cz4
r0006145,35939,cz4,cz4
r0006146,35941,cz4,cz4
r0006147,35943,cz4,cz4
r0006148,35945,cz4,cz4
r0006149,35947,cz4,cz4
r0006150,35948,cz4,cz4
r0006151,35950,cz4,cz4
r0006152,35952,cz4,cz4
r0006153,35954,cz4,cz4
r0006154,35956,cz4,cz4
r0006155,35958,cz4,cz4
r0006156,35960,cz4,cz4
r0006157,35961,cz4,cz4
r0006158,35963,cz4,cz4
r0006159,35965,cz4,cz4
r0006160,35967,cz4,cz4
r0006161,35969,cz4,cz4
r0006162,35971,cz4,cz4
r0006163,35973,cz4,cz4
r0006164,35974,cz4,cz4
r0006165,35976,cz4,cz4
r0006166,35978,cz4,cz4
r0006167,35980,cz4,cz4
r0006168,35982,cz4,cz4
r0006169,35984,cz4,cz4
r0006170,35986,cz4,cz4
r0006171,35987,cz4,cz4
r0006172,35989,cz4,cz4
r0006173,35991,cz4,cz4
r0006174,35993,cz4,cz4
r0006175,35995,cz4,cz4
r0006176,35997,cz4,cz4
r0006177,35999,cz4,cz4
r0006178,36001,cz1,cz1
r0006179,36003,cz1,cz1
r0006180,36005,cz1,cz1
r0006181,36008,cz1,cz1
r0006182,36010,cz1,cz1
r0006183,36012,cz1,cz1
r0006184,36014,cz1,cz1
r0006185,36017,cz1,cz1
r0006186,36019,cz1,cz1
r0006187,36021,cz1,cz1
r0006188,36024,cz1,cz1
r0006189,36026,cz1,cz1
r0006190,36028,cz1,cz1
r0006191,36030,cz1,cz1
r0006192,36033,cz1,cz1
r0006193,36035,cz1,cz1
r0006194,36037,cz1,cz1
r0006195,36040,cz1,cz1
r0006196,36042,cz1,cz1
r0006197,36044,cz1,cz1
r0006198,36047,cz1,cz1
r0006199,36049,cz1,cz1
r0006200,36051,cz1,cz1
r0006201,36053,cz1,cz1
r0006202,36056,cz1,cz1
r0006203,36058,cz1,cz1
r0006204,36060,cz1,cz1
r0006205,36063,cz1,cz1
r0006206,36065,cz1,cz1
r0006207,36067,cz1,cz1
r0006208,36069,cz1,cz1
r0006209,36072,cz1,cz1
r0006210,36074,cz1,cz1
r0006211,36076,cz1,cz1
r0006212,36079,cz1,cz1
r0006213,36081,cz1,cz1
r0006214,36083,cz1,cz1
r0006215,36085,cz1,cz1
r0006216,36088,cz1,cz1
r0006217,36090,cz1,cz1
r0006218,36092,cz1,cz1
r0006219,36095,cz1,cz1
r0006220,36097,cz1,cz1
r0006221,36099,cz1,cz1
r0006222,36102,cz1,cz1
r0006223,36104,cz1,cz1
r0006224,36106,cz1,cz1
r0006225,36108,cz1,cz1
r0006226,36111,cz1,cz1
r0006227,36113,cz1,cz1
r0006228,36115,cz1,cz1
r0006229,36118,cz1,cz1
r0006230,36120,cz1,cz1
r0006231,36122,cz1,cz1
r0006232,36124,cz1,cz1
r0006233,36127,cz1,cz1
r0006234,36129,cz1,cz1
r0006235,36131,cz1,cz1
r0006236,36134,cz1,cz1
r0006237,36136,cz1,cz1
r0006238,36138,cz1,cz1
r0006239,36141,cz1,cz1
r0006240,36143,cz1,cz1
r0006241,36145,cz1,cz1
r0006242,36147,cz1,cz1
r0006243,36150,cz1,cz1
r0006244,36152,cz1,cz1
r0006245,36154,cz1,cz1
r0006246,36157,cz1,cz1
r0006247,36159,cz1,cz1
r0006248,36161,cz1,cz1
r0006249,36163,cz1,cz1
r0006250,36166,cz1,cz1
r0006251,36168,cz1,cz1
r0006252,36170,cz1,cz1
r0006253,36173,cz1,cz1
r0006254,36175,cz1,cz1
r0006255,36177,cz1,cz1
r0006256,36180,cz1,cz1
r0006257,36182,cz1,cz1
r0006258,36184,cz1,cz1
r0006259,36186,cz1,cz1
r0006260,36189,cz1,cz1
r0006261,36191,cz1,cz1
r0006262,36193,cz1,cz1
r0006263,36196,cz1,cz1
r0006264,36198,cz1,cz1
r0006265,36200,cz1,cz1
r0006266,36202,cz1,cz1
r0006267,36205,cz1,cz1
r0006268,36207,cz1,cz1
r0006269,36209,cz1,cz1
r0006270,36212,cz1,cz1
r0006271,36214,cz1,cz1
r0006272,36216,cz1,cz1
r0006273,36218,cz1,cz1
r0006274,36221,cz1,cz1
r0006275,36223,cz1,cz1
r0006276,36225,cz1,cz1
r0006277,36228,cz1,cz1
r0006278,36230,cz1,cz1
r0006279,36232,cz1,cz1
r0006280,36235,cz1,cz1
r0006281,36237,cz1,cz1
r0006282,36239,cz1,cz1
r0006283,36241,cz1,cz1
r0006284,36244,cz1,cz1
r0006285,36246,cz1,cz1
r0006286,36248,cz1,cz1
r0006287,36251,cz1,cz1
r0006288,36253,cz1,cz1
r0006289,36255,cz1,cz1
r0006290,36257,cz1,cz1
r0006291,36260,cz1,cz1
r0006292,36262,cz1,cz1
r0006293,36264,cz1,cz1
r0006294,36267,cz1,cz1
r0006295,36269,cz1,cz1
r0006296,36271,cz1,cz1
r0006297,36274,cz1,cz1
r0006298,36276,cz1,cz1
r0006299,36278,cz1,cz1
r0006300,36280,cz1,cz1
r0006301,36283,cz1,cz1
r0006302,36285,cz1,cz1
r0006303,36287,cz1,cz1
r0006304,36290,cz1,cz2
r0006305,36292,cz1,cz2
r0006306,36294,cz1,cz2
r0006307,36296,cz1,cz2
r0006308,36299,cz1,cz2
r0006309,36301,cz1,cz2
r0006310,36303,cz1,cz2
r0006311,36306,cz1,cz2
r0006312,36308,cz1,cz2
r0006313,36310,cz1,cz2
r0006314,36312,cz1,cz2
r0006315,36315,cz1,cz2
r0006316,36317,cz1,cz2
r0006317,36319,cz1,cz2
r0006318,36322,cz1,cz2
r0006319,36324,cz1,cz2
r0006320,36326,cz1,cz2
r0006321,36329,cz1,cz2
r0006322,36331,cz1,cz2
r0006323,36333,cz1,cz2
r0006324,36335,cz1,cz2
r0006325,36338,cz1,cz2
r0006326,36340,cz1,cz2
r0006327,36342,cz1,cz2
r0006328,36345,cz1,cz2
r0006329,36347,cz1,cz2
r0006330,36349,cz1,cz2
r0006331,36351,cz1,cz2
r0006332,36354,cz1,cz2
r0006333,36356,cz1,cz2
r0006334,36358,cz1,cz2
r0006335,36361,cz1,cz2
r0006336,36363,cz1,cz2
r0006337,36365,cz1,cz2
r0006338,36368,cz1,cz2
r0006339,36370,cz1,cz2
r0006340,36372,cz1,cz2
r0006341,36374,cz1,cz2
r0006342,36377,cz1,cz2
r0006343,36379,cz1,cz2
r0006344,36381,cz1,cz2
r0006345,36384,cz1,cz2
r0006346,36386,cz1,cz2
r0006347,36388,cz1,cz2
r0006348,36390,cz1,cz2
r0006349,36393,cz1,cz2
r0006350,36395,cz1,cz2
r0006351,36397,cz1,cz2
r0006352,36400,cz1,cz2
r0006353,36402,cz1,cz2
r0006354,36404,cz1,cz2
r0006355,36407,cz1,cz2
r0006356,36409,cz1,cz2
r0006357,36411,cz1,cz2
r0006358,36413,cz1,cz2
r0006359,36416,cz1,cz2
r0006360,36418,cz1,cz2
r0006361,36420,cz1,cz2
r0006362,36423,cz1,cz2
r0006363,36425,cz1,cz2
r0006364,36427,cz1,cz2
r0006365,36429,cz1,cz2
r0006366,36432,cz1,cz2
r0006367,36434,cz1,cz2
r0006368,36436,cz1,cz2
r0006369,36439,cz1,cz2
r0006370,36441,cz1,cz2
r0006371,36443,cz1,cz2
r0006372,36445,cz1,cz2
r0006373,36448,cz1,cz2
r0006374,36450,cz1,cz2
r0006375,36452,cz1,cz2
r0006376,36455,cz1,cz2
r0006377,36457,cz1,cz2
r0006378,36459,cz1,cz2
r0006379,36462,cz1,cz2
r0006380,36464,cz1,cz2
r0006381,36466,cz1,cz2
r0006382,36468,cz1,cz2
r0006383,36471,cz1,cz2
r0006384,36473,cz1,cz2
r0006385,36475,cz1,cz2
r0006386,36478,cz1,cz2
r0006387,36480,cz1,cz2
r0006388,36482,cz1,cz2
r0006389,36484,cz1,cz2
r0006390,36487,cz1,cz2
r0006391,36489,cz1,cz2
r0006392,36491,cz1,cz2
r0006393,36494,cz1,cz2
r0006394,36496,cz1,cz2
r0006395,36498,cz1,cz2
r0006396,36501,cz1,cz2
r0006397,36503,cz1,cz2
r0006398,36505,cz1,cz2
r0006399,36507,cz1,cz2
r0006400,36510,cz1,cz3
r0006401,36512,cz1,cz3
r0006402,36514,cz1,cz3
r0006403,36517,cz1,cz3
r0006404,36519,cz1,cz3
r0006405,36521,cz1,cz3
r0006406,36523,cz1,cz3
r0006407,36526,cz1,cz3
r0006408,36528,cz1,cz3
r0006409,36530,cz1,cz3
r0006410,36533,cz1,cz3
r0006411,36535,cz1,cz3
r0006412,36537,cz1,cz3
r0006413,36540,cz1,cz3
r0006414,36542,cz1,cz3
r0006415,36544,cz1,cz3
r0006416,36546,cz1,cz3
r0006417,36549,cz1,cz3
r0006418,36551,cz1,cz3
r0006419,36553,cz1,cz3
r0006420,36556,cz1,cz3
r0006421,36558,cz1,cz3
r0006422,36560,cz1,cz3
r0006423,36562,cz1,cz3
r0006424,36565,cz1,cz3
r0006425,36567,cz1,cz3
r0006426,36569,cz1,cz3
r0006427,36572,cz1,cz3
r0006428,36574,cz1,cz3
r0006429,36576,cz1,cz3
r0006430,36578,cz1,cz3
r0006431,36581,cz1,cz3
r0006432,36583,cz1,cz3
r0006433,36585,cz1,cz3
r0006434,36588,cz1,cz3
r0006435,36590,cz1,cz3
r0006436,36592,cz1,cz3
r0006437,36595,cz1,cz3
r0006438,36597,cz1,cz3
r0006439,36599,cz1,cz3
r0006440,36601,cz1,cz3
r0006441,36604,cz1,cz3
r0006442,36606,cz1,cz3
r0006443,36608,cz1,cz3
r0006444,36611,cz1,cz3
r0006445,36613,cz1,cz3
r0006446,36615,cz1,cz3
r0006447,36617,cz1,cz3
r0006448,36620,cz1,cz3
r0006449,36622,cz1,cz3
r0006450,36624,cz1,cz3
r0006451,36627,cz1,cz3
r0006452,36629,cz1,cz3
r0006453,36631,cz1,cz3
r0006454,36634,cz1,cz3
r0006455,36636,cz1,cz3
r0006456,36638,cz1,cz3
r0006457,36640,cz1,cz3
r0006458,36643,cz1,cz3
r0006459,36645,cz1,cz3
r0006460,36647,cz1,cz3
r0006461,36650,cz1,cz3
r0006462,36652,cz1,cz3
r0006463,36654,cz1,cz3
r0006464,36656,cz1,cz3
r0006465,36659,cz1,cz3
r0006466,36661,cz1,cz3
r0006467,36663,cz1,cz3
r0006468,36666,cz1,cz3
r0006469,36668,cz1,cz3
r0006470,36670,cz1,cz3
r0006471,36672,cz1,cz3
r0006472,36675,cz1,cz3
r0006473,36677,cz1,cz3
r0006474,36679,cz1,cz3
r0006475,36682,cz1,cz3
r0006476,36684,cz1,cz3
r0006477,36686,cz1,cz3
r0006478,36689,cz1,cz3
r0006479,36691,cz1,cz3
r0006480,36693,cz1,cz3
r0006481,36695,cz1,cz3
r0006482,36698,cz1,cz3
r0006483,36700,cz1,cz3
r0006484,36702,cz1,cz3
r0006485,36705,cz1,cz3
r0006486,36707,cz1,cz3
r0006487,36709,cz1,cz3
r0006488,36711,cz1,cz3
r0006489,36714,cz1,cz3
r0006490,36716,cz1,cz3
r0006491,36718,cz1,cz3
r0006492,36721,cz1,cz3
r0006493,36723,cz1,cz3
r0006494,36725,cz1,cz3
r0006495,36728,cz1,cz3
r0006496,36730,cz1,cz3
r0006497,36732,cz1,cz3
r0006498,36734,cz1,cz3
r0006499,36737,cz1,cz3
r0006500,36739,cz1,cz3
r0006501,36741,cz1,cz3
r0006502,36744,cz1,cz3
r0006503,36746,cz1,cz3
r0006504,36748,cz1,cz3
r0006505,36750,cz1,cz3
r0006506,36753,cz1,cz3
r0006507,36755,cz1,cz3
r0006508,36757,cz1,cz3
r0006509,36760,cz1,cz3
r0006510,36762,cz1,cz3
r0006511,36764,cz1,cz3
r0006512,36767,cz1,cz3
r0006513,36769,cz1,cz3
r0006514,36771,cz1,cz3
r0006515,36773,cz1,cz3
r0006516,36776,cz1,cz3
r0006517,36778,cz1,cz3
r0006518,36780,cz1,cz3
r0006519,36783,cz1,cz3
r0006520,36785,cz1,cz3
r0006521,36787,cz1,cz3
r0006522,36789,cz1,cz3
r0006523,36792,cz1,cz3
r0006524,36794,cz1,cz3
r0006525,36796,cz1,cz3
r0006526,36799,cz1,cz3
r0006527,36801,cz1,cz3
r0006528,36803,cz1,cz3
r0006529,36805,cz1,cz3
r0006530,36808,cz1,cz3
r0006531,36810,cz1,cz4
r0006532,36812,cz1,cz4
r0006533,36815,cz1,cz4
r0006534,36817,cz1,cz4
r0006535,36819,cz1,cz4
r0006536,36822,cz1,cz4
r0006537,36824,cz1,cz4
r0006538,36826,cz1,cz4
r0006539,36828,cz1,cz4
r0006540,36831,cz1,cz4
r0006541,36833,cz1,cz4
r0006542,36835,cz1,cz4
r0006543,36838,cz1,cz4
r0006544,36840,cz1,cz4
r0006545,36842,cz1,cz4
r0006546,36844,cz1,cz4
r0006547,36847,cz1,cz4
r0006548,36849,cz1,cz4
r0006549,36851,cz1,cz4
r0006550,36854,cz1,cz4
r0006551,36856,cz1,cz4
r0006552,36858,cz1,cz4
r0006553,36861,cz1,cz4
r0006554,36863,cz1,cz4
r0006555,36865,cz1,cz4
r0006556,36867,cz1,cz4
r0006557,36870,cz1,cz4
r0006558,36872,cz1,cz4
r0006559,36874,cz1,cz4
r0006560,36877,cz1,cz4
r0006561,36879,cz1,cz4
r0006562,36881,cz1,cz4
r0006563,36883,cz1,cz4
r0006564,36886,cz1,cz4
r0006565,36888,cz1,cz4
r0006566,36890,cz1,cz4
r0006567,36893,cz1,cz4
r0006568,36895,cz1,cz4
r0006569,36897,cz1,cz4
r0006570,36900,cz1,cz4
r0006571,36902,cz1,cz4
r0006572,36904,cz1,cz4
r0006573,36906,cz1,cz4
r0006574,36909,cz1,cz4
r0006575,36911,cz1,cz4
r0006576,36913,cz1,cz4
r0006577,36916,cz1,cz4
r0006578,36918,cz1,cz4
r0006579,36920,cz1,cz4
r0006580,36922,cz1,cz4
r0006581,36925,cz1,cz4
r0006582,36927,cz1,cz4
r0006583,36929,cz1,cz4
r0006584,36932,cz1,cz4
r0006585,36934,cz1,cz4
r0006586,36936,cz1,cz4
r0006587,36938,cz1,cz4
r0006588,36941,cz1,cz4
r0006589,36943,cz1,cz4
r0006590,36945,cz1,cz4
r0006591,36948,cz1,cz4
r0006592,36950,cz1,cz4
r0006593,36952,cz1,cz4
r0006594,36955,cz1,cz4
r0006595,36957,cz1,cz4
r0006596,36959,cz1,cz4
r0006597,36961,cz1,cz4
r0006598,36964,cz1,cz4
r0006599,36966,cz1,cz4
r0006600,36968,cz1,cz4
r0006601,36971,cz1,cz4
r0006602,36973,cz1,cz4
r0006603,36975,cz1,cz4
r0006604,36977,cz1,cz4
r0006605,36980,cz1,cz4
r0006606,36982,cz1,cz4
r0006607,36984,cz1,cz4
r0006608,36987,cz1,cz4
r0006609,36989,cz1,cz4
r0006610,36991,cz1,cz4
r0006611,36994,cz1,cz4
r0006612,36996,cz1,cz4
r0006613,36998,cz1,cz4
r0006614,37000,cz1,cz4
r0006615,37003,cz1,cz4
r0006616,37005,cz1,cz4
r0006617,37007,cz1,cz4
r0006618,37010,cz1,cz4
r0006619,37012,cz1,cz4
r0006620,37014,cz2,cz1
r0006621,37016,cz2,cz1
r0006622,37019,cz2,cz1
r0006623,37021,cz2,cz1
r0006624,37023,cz2,cz1
r0006625,37026,cz2,cz1
r0006626,37028,cz2,cz1
r0006627,37030,cz2,cz1
r0006628,37032,cz2,cz1
r0006629,37035,cz2,cz1
r0006630,37037,cz2,cz1
r0006631,37039,cz2,cz1
r0006632,37042,cz2,cz1
r0006633,37044,cz2,cz1
r0006634,37046,cz2,cz1
r0006635,37049,cz2,cz1
r0006636,37051,cz2,cz1
r0006637,37053,cz2,cz1
r0006638,37055,cz2,cz1
r0006639,37058,cz2,cz1
r0006640,37060,cz2,cz1
r0006641,37062,cz2,cz1
r0006642,37065,cz2,cz1
r0006643,37067,cz2,cz1
r0006644,37069,cz2,cz1
r0006645,37071,cz2,cz1
r0006646,37074,cz2,cz1
r0006647,37076,cz2,cz1
r0006648,37078,cz2,cz1
r0006649,37081,cz2,cz1
r0006650,37083,cz2,cz1
r0006651,37085,cz2,cz1
r0006652,37088,cz2,cz1
r0006653,37090,cz2,cz1
r0006654,37092,cz2,cz1
r0006655,37094,cz2,cz1
r0006656,37097,cz2,cz1
r0006657,37099,cz2,cz1
r0006658,37101,cz2,cz1
r0006659,37104,cz2,cz1
r0006660,37106,cz2,cz1
r0006661,37108,cz2,cz1
r0006662,37110,cz2,cz1
r0006663,37113,cz2,cz1
r0006664,37115,cz2,cz1
r0006665,37117,cz2,cz1
r0006666,37120,cz2,cz1
r0006667,37122,cz2,cz1
r0006668,37124,cz2,cz1
r0006669,37127,cz2,cz1
r0006670,37129,cz2,cz1
r0006671,37131,cz2,cz1
r0006672,37133,cz2,cz1
r0006673,37136,cz2,cz1
r0006674,37138,cz2,cz1
r0006675,37140,cz2,cz1
r0006676,37143,cz2,cz1
r0006677,37145,cz2,cz1
r0006678,37147,cz2,cz1
r0006679,37149,cz2,cz1
r0006680,37152,cz2,cz1
r0006681,37154,cz2,cz1
r0006682,37156,cz2,cz1
r0006683,37159,cz2,cz1
r0006684,37161,cz2,cz1
r0006685,37163,cz2,cz1
r0006686,37165,cz2,cz1
r0006687,37168,cz2,cz1
r0006688,37170,cz2,cz1
r0006689,37172,cz2,cz1
r0006690,37175,cz2,cz1
r0006691,37177,cz2,cz1
r0006692,37179,cz2,cz1
r0006693,37182,cz2,cz1
r0006694,37184,cz2,cz1
r0006695,37186,cz2,cz1
r0006696,37188,cz2,cz1
r0006697,37191,cz2,cz1
r0006698,37193,cz2,cz1
r0006699,37195,cz2,cz1
r0006700,37198,cz2,cz1
r0006701,37200,cz2,cz1
r0006702,37202,cz2,cz1
r0006703,37204,cz2,cz1
r0006704,37207,cz2,cz1
r0006705,37209,cz2,cz1
r0006706,37211,cz2,cz1
r0006707,37214,cz2,cz1
r0006708,37216,cz2,cz1
r0006709,37218,cz2,cz1
r0006710,37221,cz2,cz1
r0006711,37223,cz2,cz1
r0006712,37225,cz2,cz1
r0006713,37227,cz2,cz1
r0006714,37230,cz2,cz1
r0006715,37232,cz2,cz1
r0006716,37234,cz2,cz1
r0006717,37237,cz2,cz1
r0006718,37239,cz2,cz2
r0006719,37241,cz2,cz2
r0006720,37243,cz2,cz2
r0006721,37246,cz2,cz2
r0006722,37248,cz2,cz2
r0006723,37250,cz2,cz2
r0006724,37253,cz2,cz2
r0006725,37255,cz2,cz2
r0006726,37257,cz2,cz2
r0006727,37260,cz2,cz2
r0006728,37262,cz2,cz2
r0006729,37264,cz2,cz2
r0006730,37266,cz2,cz2
r0006731,37269,cz2,cz2
r0006732,37271,cz2,cz2
r0006733,37273,cz2,cz2
r0006734,37276,cz2,cz2
r0006735,37278,cz2,cz2
r0006736,37280,cz2,cz2
r0006737,37282,cz2,cz2
r0006738,37285,cz2,cz2
r0006739,37287,cz2,cz2
r0006740,37289,cz2,cz2
r0006741,37292,cz2,cz2
r0006742,37294,cz2,cz2
r0006743,37296,cz2,cz2
r0006744,37298,cz2,cz2
r0006745,37301,cz2,cz2
r0006746,37303,cz2,cz2
r0006747,37305,cz2,cz2
r0006748,37308,cz2,cz2
r0006749,37310,cz2,cz2
r0006750,37312,cz2,cz2
r0006751,37315,cz2,cz2
r0006752,37317,cz2,cz2
r0006753,37319,cz2,cz2
r0006754,37321,cz2,cz2
r0006755,37324,cz2,cz2
r0006756,37326,cz2,cz2
r0006757,37328,cz2,cz2
r0006758,37331,cz2,cz2
r0006759,37333,cz2,cz2
r0006760,37335,cz2,cz2
r0006761,37337,cz2,cz2
r0006762,37340,cz2,cz2
r0006763,37342,cz2,cz2
r0006764,37344,cz2,cz2
r0006765,37347,cz2,cz2
r0006766,37349,cz2,cz2
r0006767,37351,cz2,cz2
r0006768,37354,cz2,cz2
r0006769,37356,cz2,cz2
r0006770,37358,cz2,cz2
r0006771,37360,cz2,cz2
r0006772,37363,cz2,cz2
r0006773,37365,cz2,cz2
r0006774,37367,cz2,cz2
r0006775,37370,cz2,cz2
r0006776,37372,cz2,cz2
r0006777,37374,cz2,cz2
r0006778,37376,cz2,cz2
r0006779,37379,cz2,cz2
r0006780,37381,cz2,cz2
r0006781,37383,cz2,cz2
r0006782,37386,cz2,cz2
r0006783,37388,cz2,cz2
r0006784,37390,cz2,cz2
r0006785,37392,cz2,cz2
r0006786,37395,cz2,cz2
r0006787,37397,cz2,cz2
r0006788,37399,cz2,cz2
r0006789,37402,cz2,cz2
r0006790,37404,cz2,cz2
r0006791,37406,cz2,cz2
r0006792,37409,cz2,cz2
r0006793,37411,cz2,cz2
r0006794,37413,cz2,cz2
r0006795,37415,cz2,cz2
r0006796,37418,cz2,cz2
r0006797,37420,cz2,cz2
r0006798,37422,cz2,cz2
r0006799,37425,cz2,cz2
r0006800,37427,cz2,cz2
r0006801,37429,cz2,cz2
r0006802,37431,cz2,cz2
r0006803,37434,cz2,cz2
r0006804,37436,cz2,cz2
r0006805,37438,cz2,cz2
r0006806,37441,cz2,cz2
r0006807,37443,cz2,cz2
r0006808,37445,cz2,cz2
r0006809,37448,cz2,cz2
r0006810,37450,cz2,cz2
r0006811,37452,cz2,cz2
r0006812,37454,cz2,cz2
r0006813,37457,cz2,cz3
r0006814,37459,cz2,cz3
r0006815,37461,cz2,cz3
r0006816,37464,cz2,cz3
r0006817,37466,cz2,cz3
r0006818,37468,cz2,cz3
r0006819,37470,cz2,cz3
r0006820,37473,cz2,cz3
r0006821,37475,cz2,cz3
r0006822,37477,cz2,cz3
r0006823,37480,cz2,cz3
r0006824,37482,cz2,cz3
r0006825,37484,cz2,cz3
r0006826,37487,cz2,cz3
r0006827,37489,cz2,cz3
r0006828,37491,cz2,cz3
r0006829,37493,cz2,cz3
r0006830,37496,cz2,cz3
r0006831,37498,cz2,cz3
r0006832,37500,cz2,cz3
r0006833,37503,cz2,cz3
r0006834,37505,cz2,cz3
r0006835,37507,cz2,cz3
r0006836,37509,cz2,cz3
r0006837,37512,cz2,cz3
r0006838,37514,cz2,cz3
r0006839,37516,cz2,cz3
r0006840,37519,cz2,cz3
r0006841,37521,cz2,cz3
r0006842,37523,cz2,cz3
r0006843,37525,cz2,cz3
r0006844,37528,cz2,cz3
r0006845,37530,cz2,cz3
r0006846,37532,cz2,cz3
r0006847,37535,cz2,cz3
r0006848,37537,cz2,cz3
r0006849,37539,cz2,cz3
r0006850,37542,cz2,cz3
r0006851,37544,cz2,cz3
r0006852,37546,cz2,cz3
r0006853,37548,cz2,cz3
r0006854,37551,cz2,cz3
r0006855,37553,cz2,cz3
r0006856,37555,cz2,cz3
r0006857,37558,cz2,cz3
r0006858,37560,cz2,cz3
r0006859,37562,cz2,cz3
r0006860,37564,cz2,cz3
r0006861,37567,cz2,cz3
r0006862,37569,cz2,cz3
r0006863,37571,cz2,cz3
r0006864,37574,cz2,cz3
r0006865,37576,cz2,cz3
r0006866,37578,cz2,cz3
r0006867,37581,cz2,cz3
r0006868,37583,cz2,cz3
r0006869,37585,cz2,cz3
r0006870,37587,cz2,cz3
r0006871,37590,cz2,cz3
r0006872,37592,cz2,cz3
r0006873,37594,cz2,cz3
r0006874,37597,cz2,cz3
r0006875,37599,cz2,cz3
r0006876,37601,cz2,cz3
r0006877,37603,cz2,cz3
r0006878,37606,cz2,cz3
r0006879,37608,cz2,cz3
r0006880,37610,cz2,cz3
r0006881,37613,cz2,cz3
r0006882,37615,cz2,cz3
r0006883,37617,cz2,cz3
r0006884,37620,cz2,cz3
r0006885,37622,cz2,cz3
r0006886,37624,cz2,cz3
r0006887,37626,cz2,cz3
r0006888,37629,cz2,cz3
r0006889,37631,cz2,cz3
r0006890,37633,cz2,cz3
r0006891,37636,cz2,cz3
r0006892,37638,cz2,cz3
r0006893,37640,cz2,cz3
r0006894,37642,cz2,cz3
r0006895,37645,cz2,cz3
r0006896,37647,cz2,cz3
r0006897,37649,cz2,cz3
r0006898,37652,cz2,cz3
r0006899,37654,cz2,cz3
r0006900,37656,cz2,cz3
r0006901,37658,cz2,cz3
r0006902,37661,cz2,cz3
r0006903,37663,cz2,cz3
r0006904,37665,cz2,cz3
r0006905,37668,cz2,cz3
r0006906,37670,cz2,cz3
r0006907,37672,cz2,cz3
r0006908,37675,cz2,cz4
r0006909,37677,cz2,cz4
r0006910,37679,cz2,cz4
r0006911,37681,cz2,cz4
r0006912,37684,cz2,cz4
r0006913,37686,cz2,cz4
r0006914,37688,cz2,cz4
r0006915,37691,cz2,cz4
r0006916,37693,cz2,cz4
r0006917,37695,cz2,cz4
r0006918,37697,cz2,cz4
r0006919,37700,cz2,cz4
r0006920,37702,cz2,cz4
r0006921,37704,cz2,cz4
r0006922,37707,cz2,cz4
r0006923,37709,cz2,cz4
r0006924,37711,cz2,cz4
r0006925,37714,cz2,cz4
r0006926,37716,cz2,cz4
r0006927,37718,cz2,cz4
r0006928,37720,cz2,cz4
r0006929,37723,cz2,cz4
r0006930,37725,cz2,cz4
r0006931,37727,cz2,cz4
r0006932,37730,cz2,cz4
r0006933,37732,cz2,cz4
r0006934,37734,cz2,cz4
r0006935,37736,cz2,cz4
r0006936,37739,cz2,cz4
r0006937,37741,cz2,cz4
r0006938,37743,cz2,cz4
r0006939,37746,cz2,cz4
r0006940,37748,cz2,cz4
r0006941,37750,cz2,cz4
r0006942,37752,cz2,cz4
r0006943,37755,cz2,cz4
r0006944,37757,cz2,cz4
r0006945,37759,cz2,cz4
r0006946,37762,cz2,cz4
r0006947,37764,cz2,cz4
r0006948,37766,cz2,cz4
r0006949,37769,cz2,cz4
r0006950,37771,cz2,cz4
r0006951,37773,cz2,cz4
r0006952,37775,cz2,cz4
r0006953,37778,cz2,cz4
r0006954,37780,cz2,cz4
r0006955,37782,cz2,cz4
r0006956,37785,cz2,cz4
r0006957,37787,cz2,cz4
r0006958,37789,cz2,cz4
r0006959,37791,cz2,cz4
r0006960,37794,cz2,cz4
r0006961,37796,cz2,cz4
r0006962,37798,cz2,cz4
r0006963,37801,cz2,cz4
r0006964,37803,cz2,cz4
r0006965,37805,cz2,cz4
r0006966,37808,cz2,cz4
r0006967,37810,cz2,cz4
r0006968,37812,cz2,cz4
r0006969,37814,cz2,cz4
r0006970,37817,cz2,cz4
r0006971,37819,cz2,cz4
r0006972,37821,cz2,cz4
r0006973,37824,cz2,cz4
r0006974,37826,cz2,cz4
r0006975,37828,cz2,cz4
r0006976,37830,cz2,cz4
r0006977,37833,cz3,cz1
r0006978,37835,cz3,cz1
r0006979,37837,cz3,cz1
r0006980,37840,cz3,cz1
r0006981,37842,cz3,cz1
r0006982,37844,cz3,cz1
r0006983,37847,cz3,cz1
r0006984,37849,cz3,cz1
r0006985,37851,cz3,cz1
r0006986,37853,cz3,cz1
r0006987,37856,cz3,cz1
r0006988,37858,cz3,cz1
r0006989,37860,cz3,cz1
r0006990,37863,cz3,cz1
r0006991,37865,cz3,cz1
r0006992,37867,cz3,cz1
r0006993,37869,cz3,cz1
r0006994,37872,cz3,cz1
r0006995,37874,cz3,cz1
r0006996,37876,cz3,cz1
r0006997,37879,cz3,cz1
r0006998,37881,cz3,cz1
r0006999,37883,cz3,cz1
r0007000,37885,cz3,cz1
r0007001,37888,cz3,cz1
r0007002,37890,cz3,cz1
r0007003,37892,cz3,cz1
r0007004,37895,cz3,cz1
r0007005,37897,cz3,cz1
r0007006,37899,cz3,cz1
r0007007,37902,cz3,cz1
r0007008,37904,cz3,cz1
r0007009,37906,cz3,cz1
r0007010,37908,cz3,cz1
r0007011,37911,cz3,cz1
r0007012,37913,cz3,cz1
r0007013,37915,cz3,cz1
r0007014,37918,cz3,cz1
r0007015,37920,cz3,cz1
r0007016,37922,cz3,cz1
r0007017,37924,cz3,cz1
r0007018,37927,cz3,cz1
r0007019,37929,cz3,cz1
r0007020,37931,cz3,cz1
r0007021,37934,cz3,cz1
r0007022,37936,cz3,cz1
r0007023,37938,cz3,cz1
r0007024,37941,cz3,cz1
r0007025,37943,cz3,cz1
r0007026,37945,cz3,cz1
r0007027,37947,cz3,cz1
r0007028,37950,cz3,cz1
r0007029,37952,cz3,cz1
r0007030,37954,cz3,cz1
r0007031,37957,cz3,cz1
r0007032,37959,cz3,cz1
r0007033,37961,cz3,cz1
r0007034,37963,cz3,cz1
r0007035,37966,cz3,cz1
r0007036,37968,cz3,cz1
r0007037,37970,cz3,cz1
r0007038,37973,cz3,cz1
r0007039,37975,cz3,cz1
r0007040,37977,cz3,cz1
r0007041,37980,cz3,cz1
r0007042,37982,cz3,cz1
r0007043,37984,cz3,cz1
r0007044,37986,cz3,cz1
r0007045,37989,cz3,cz1
r0007046,37991,cz3,cz1
r0007047,37993,cz3,cz1
r0007048,37996,cz3,cz1
r0007049,37998,cz3,cz1
r0007050,38000,cz3,cz1
r0007051,38002,cz3,cz1
r0007052,38005,cz3,cz1
r0007053,38007,cz3,cz1
r0007054,38009,cz3,cz1
r0007055,38012,cz3,cz1
r0007056,38014,cz3,cz1
r0007057,38016,cz3,cz1
r0007058,38018,cz3,cz1
r0007059,38021,cz3,cz1
r0007060,38023,cz3,cz1
r0007061,38025,cz3,cz1
r0007062,38028,cz3,cz1
r0007063,38030,cz3,cz1
r0007064,38032,cz3,cz1
r0007065,38035,cz3,cz1
r0007066,38037,cz3,cz1
r0007067,38039,cz3,cz1
r0007068,38041,cz3,cz1
r0007069,38044,cz3,cz1
r0007070,38046,cz3,cz1
r0007071,38048,cz3,cz1
r0007072,38051,cz3,cz1
r0007073,38053,cz3,cz1
r0007074,38055,cz3,cz1
r0007075,38057,cz3,cz1
r0007076,38060,cz3,cz1
r0007077,38062,cz3,cz1
r0007078,38064,cz3,cz1
r0007079,38067,cz3,cz1
r0007080,38069,cz3,cz1
r0007081,38071,cz3,cz1
r0007082,38074,cz3,cz1
r0007083,38076,cz3,cz1
r0007084,38078,cz3,cz1
r0007085,38080,cz3,cz1
r0007086,38083,cz3,cz1
r0007087,38085,cz3,cz1
r0007088,38087,cz3,cz1
r0007089,38090,cz3,cz1
r0007090,38092,cz3,cz1
r0007091,38094,cz3,cz1
r0007092,38096,cz3,cz1
r0007093,38099,cz3,cz1
r0007094,38101,cz3,cz1
r0007095,38103,cz3,cz1
r0007096,38106,cz3,cz1
r0007097,38108,cz3,cz1
r0007098,38110,cz3,cz1
r0007099,38112,cz3,cz1
r0007100,38115,cz3,cz1
r0007101,38117,cz3,cz1
r0007102,38119,cz3,cz1
r0007103,38122,cz3,cz1
r0007104,38124,cz3,cz1
r0007105,38126,cz3,cz1
r0007106,38129,cz3,cz2
r0007107,38131,cz3,cz2
r0007108,38133,cz3,cz2
r0007109,38135,cz3,cz2
r0007110,38138,cz3,cz2
r0007111,38140,cz3,cz2
r0007112,38142,cz3,cz2
r0007113,38145,cz3,cz2
r0007114,38147,cz3,cz2
r0007115,38149,cz3,cz2
r0007116,38151,cz3,cz2
r0007117,38154,cz3,cz2
r0007118,38156,cz3,cz2
r0007119,38158,cz3,cz2
r0007120,38161,cz3,cz2
r0007121,38163,cz3,cz2
r0007122,38165,cz3,cz2
r0007123,38168,cz3,cz2
r0007124,38170,cz3,cz2
r0007125,38172,cz3,cz2
r0007126,38174,cz3,cz2
r0007127,38177,cz3,cz2
r0007128,38179,cz3,cz2
r0007129,38181,cz3,cz2
r0007130,38184,cz3,cz2
r0007131,38186,cz3,cz2
r0007132,38188,cz3,cz2
r0007133,38190,cz3,cz2
r0007134,38193,cz3,cz2
r0007135,38195,cz3,cz2
r0007136,38197,cz3,cz2
r0007137,38200,cz3,cz2
r0007138,38202,cz3,cz2
r0007139,38204,cz3,cz2
r0007140,38207,cz3,cz2
r0007141,38209,cz3,cz2
r0007142,38211,cz3,cz2
r0007143,38213,cz3,cz2
r0007144,38216,cz3,cz2
r0007145,38218,cz3,cz2
r0007146,38220,cz3,cz2
r0007147,38223,cz3,cz2
r0007148,38225,cz3,cz2
r0007149,38227,cz3,cz2
r0007150,38229,cz3,cz2
r0007151,38232,cz3,cz2
r0007152,38234,cz3,cz2
r0007153,38236,cz3,cz2
r0007154,38239,cz3,cz2
r0007155,38241,cz3,cz2
r0007156,38243,cz3,cz2
r0007157,38245,cz3,cz2
r0007158,38248,cz3,cz2
r0007159,38250,cz3,cz2
r0007160,38252,cz3,cz2
r0007161,38255,cz3,cz2
r0007162,38257,cz3,cz2
r0007163,38259,cz3,cz2
r0007164,38262,cz3,cz2
r0007165,38264,cz3,cz2
r0007166,38266,cz3,cz2
r0007167,38268,cz3,cz2
r0007168,38271,cz3,cz2
r0007169,38273,cz3,cz2
r0007170,38275,cz3,cz2
r0007171,38278,cz3,cz2
r0007172,38280,cz3,cz2
r0007173,38282,cz3,cz2
r0007174,38284,cz3,cz2
r0007175,38287,cz3,cz2
r0007176,38289,cz3,cz2
r0007177,38291,cz3,cz2
r0007178,38294,cz3,cz2
r0007179,38296,cz3,cz2
r0007180,38298,cz3,cz2
r0007181,38301,cz3,cz2
r0007182,38303,cz3,cz2
r0007183,38305,cz3,cz2
r0007184,38307,cz3,cz2
r0007185,38310,cz3,cz2
r0007186,38312,cz3,cz2
r0007187,38314,cz3,cz2
r0007188,38317,cz3,cz2
r0007189,38319,cz3,cz2
r0007190,38321,cz3,cz2
r0007191,38323,cz3,cz2
r0007192,38326,cz3,cz2
r0007193,38328,cz3,cz2
r0007194,38330,cz3,cz2
r0007195,38333,cz3,cz2
r0007196,38335,cz3,cz2
r0007197,38337,cz3,cz2
r0007198,38340,cz3,cz3
r0007199,38342,cz3,cz3
r0007200,38344,cz3,cz3
r0007201,38346,cz3,cz3
r0007202,38349,cz3,cz3
r0007203,38351,cz3,cz3
r0007204,38353,cz3,cz3
r0007205,38356,cz3,cz3
r0007206,38358,cz3,cz3
r0007207,38360,cz3,cz3
r0007208,38362,cz3,cz3
r0007209,38365,cz3,cz3
r0007210,38367,cz3,cz3
r0007211,38369,cz3,cz3
r0007212,38372,cz3,cz3
r0007213,38374,cz3,cz3
r0007214,38376,cz3,cz3
r0007215,38378,cz3,cz3
r0007216,38381,cz3,cz3
r0007217,38383,cz3,cz3
r0007218,38385,cz3,cz3
r0007219,38388,cz3,cz3
r0007220,38390,cz3,cz3
r0007221,38392,cz3,cz3
r0007222,38395,cz3,cz3
r0007223,38397,cz3,cz3
r0007224,38399,cz3,cz3
r0007225,38401,cz3,cz3
r0007226,38404,cz3,cz3
r0007227,38406,cz3,cz3
r0007228,38408,cz3,cz3
r0007229,38411,cz3,cz3
r0007230,38413,cz3,cz3
r0007231,38415,cz3,cz3
r0007232,38417,cz3,cz3
r0007233,38420,cz3,cz3
r0007234,38422,cz3,cz3
r0007235,38424,cz3,cz3
r0007236,38427,cz3,cz3
r0007237,38429,cz3,cz3
r0007238,38431,cz3,cz3
r0007239,38434,cz3,cz3
r0007240,38436,cz3,cz3
r0007241,38438,cz3,cz3
r0007242,38440,cz3,cz3
r0007243,38443,cz3,cz3
r0007244,38445,cz3,cz3
r0007245,38447,cz3,cz3
r0007246,38450,cz3,cz3
r0007247,38452,cz3,cz3
r0007248,38454,cz3,cz3
r0007249,38456,cz3,cz3
r0007250,38459,cz3,cz3
r0007251,38461,cz3,cz3
r0007252,38463,cz3,cz3
r0007253,38466,cz3,cz3
r0007254,38468,cz3,cz3
r0007255,38470,cz3,cz3
r0007256,38472,cz3,cz3
r0007257,38475,cz3,cz3
r0007258,38477,cz3,cz3
r0007259,38479,cz3,cz3
r0007260,38482,cz3,cz3
r0007261,38484,cz3,cz3
r0007262,38486,cz3,cz3
r0007263,38489,cz3,cz3
r0007264,38491,cz3,cz3
r0007265,38493,cz3,cz3
r0007266,38495,cz3,cz3
r0007267,38498,cz3,cz3
r0007268,38500,cz3,cz3
r0007269,38502,cz3,cz3
r0007270,38505,cz3,cz3
r0007271,38507,cz3,cz3
r0007272,38509,cz3,cz3
r0007273,38511,cz3,cz3
r0007274,38514,cz3,cz3
r0007275,38516,cz3,cz3
r0007276,38518,cz3,cz3
r0007277,38521,cz3,cz3
r0007278,38523,cz3,cz3
r0007279,38525,cz3,cz3
r0007280,38528,cz3,cz3
r0007281,38530,cz3,cz3
r0007282,38532,cz3,cz3
r0007283,38534,cz3,cz3
r0007284,38537,cz3,cz3
r0007285,38539,cz3,cz3
r0007286,38541,cz3,cz3
r0007287,38544,cz3,cz3
r0007288,38546,cz3,cz3
r0007289,38548,cz3,cz3
r0007290,38550,cz3,cz3
r0007291,38553,cz3,cz3
r0007292,38555,cz3,cz3
r0007293,38557,cz3,cz3
r0007294,38560,cz3,cz3
r0007295,38562,cz3,cz3
r0007296,38564,cz3,cz3
r0007297,38567,cz3,cz3
r0007298,38569,cz3,cz3
r0007299,38571,cz3,cz3
r0007300,38573,cz3,cz3
r0007301,38576,cz3,cz3
r0007302,38578,cz3,cz3
r0007303,38580,cz3,cz3
r0007304,38583,cz3,cz3
r0007305,38585,cz3,cz3
r0007306,38587,cz3,cz3
r0007307,38589,cz3,cz3
r0007308,38592,cz3,cz3
r0007309,38594,cz3,cz3
r0007310,38596,cz3,cz3
r0007311,38599,cz3,cz3
r0007312,38601,cz3,cz3
r0007313,38603,cz3,cz3
r0007314,38605,cz3,cz3
r0007315,38608,cz3,cz3
r0007316,38610,cz3,cz3
r0007317,38612,cz3,cz3
r0007318,38615,cz3,cz3
r0007319,38617,cz3,cz3
r0007320,38619,cz3,cz3
r0007321,38622,cz3,cz3
r0007322,38624,cz3,cz3
r0007323,38626,cz3,cz3
r0007324,38628,cz3,cz3
r0007325,38631,cz3,cz3
r0007326,38633,cz3,cz3
r0007327,38635,cz3,cz3
r0007328,38638,cz3,cz3
r0007329,38640,cz3,cz3
r0007330,38642,cz3,cz3
r0007331,38644,cz3,cz3
r0007332,38647,cz3,cz3
r0007333,38649,cz3,cz3
r0007334,38651,cz3,cz3
r0007335,38654,cz3,cz3
r0007336,38656,cz3,cz4
r0007337,38658,cz3,cz4
r0007338,38661,cz3,cz4
r0007339,38663,cz3,cz4
r0007340,38665,cz3,cz4
r0007341,38667,cz3,cz4
r0007342,38670,cz3,cz4
r0007343,38672,cz3,cz4
r0007344,38674,cz3,cz4
r0007345,38677,cz3,cz4
r0007346,38679,cz3,cz4
r0007347,38681,cz3,cz4
r0007348,38683,cz3,cz4
r0007349,38686,cz3,cz4
r0007350,38688,cz3,cz4
r0007351,38690,cz3,cz4
r0007352,38693,cz3,cz4
r0007353,38695,cz3,cz4
r0007354,38697,cz3,cz4
r0007355,38700,cz3,cz4
r0007356,38702,cz3,cz4
r0007357,38704,cz3,cz4
r0007358,38706,cz3,cz4
r0007359,38709,cz3,cz4
r0007360,38711,cz3,cz4
r0007361,38713,cz3,cz4
r0007362,38716,cz3,cz4
r0007363,38718,cz3,cz4
r0007364,38720,cz3,cz4
r0007365,38722,cz3,cz4
r0007366,38725,cz3,cz4
r0007367,38727,cz3,cz4
r0007368,38729,cz3,cz4
r0007369,38732,cz3,cz4
r0007370,38734,cz3,cz4
r0007371,38736,cz3,cz4
r0007372,38738,cz3,cz4
r0007373,38741,cz3,cz4
r0007374,38743,cz3,cz4
r0007375,38745,cz3,cz4
r0007376,38748,cz3,cz4
r0007377,38750,cz3,cz4
r0007378,38752,cz3,cz4
r0007379,38755,cz3,cz4
r0007380,38757,cz3,cz4
r0007381,38759,cz3,cz4
r0007382,38761,cz3,cz4
r0007383,38764,cz3,cz4
r0007384,38766,cz3,cz4
r0007385,38768,cz3,cz4
r0007386,38771,cz3,cz4
r0007387,38773,cz3,cz4
r0007388,38775,cz3,cz4
r0007389,38777,cz3,cz4
r0007390,38780,cz3,cz4
r0007391,38782,cz3,cz4
r0007392,38784,cz3,cz4
r0007393,38787,cz3,cz4
r0007394,38789,cz3,cz4
r0007395,38791,cz3,cz4
r0007396,38794,cz3,cz4
r0007397,38796,cz3,cz4
r0007398,38798,cz3,cz4
r0007399,38800,cz3,cz4
r0007400,38803,cz3,cz4
r0007401,38805,cz3,cz4
r0007402,38807,cz3,cz4
r0007403,38810,cz3,cz4
r0007404,38812,cz3,cz4
r0007405,38814,cz3,cz4
r0007406,38816,cz3,cz4
r0007407,38819,cz3,cz4
r0007408,38821,cz3,cz4
r0007409,38823,cz3,cz4
r0007410,38826,cz3,cz4
r0007411,38828,cz3,cz4
r0007412,38830,cz3,cz4
r0007413,38832,cz3,cz4
r0007414,38835,cz3,cz4
r0007415,38837,cz3,cz4
r0007416,38839,cz3,cz4
r0007417,38842,cz3,cz4
r0007418,38844,cz3,cz4
r0007419,38846,cz3,cz4
r0007420,38849,cz3,cz4
r0007421,38851,cz3,cz4
r0007422,38853,cz3,cz4
r0007423,38855,cz3,cz4
r0007424,38858,cz3,cz4
r0007425,38860,cz3,cz4
r0007426,38862,cz3,cz4
r0007427,38865,cz3,cz4
r0007428,38867,cz4,cz1
r0007429,38869,cz4,cz1
r0007430,38871,cz4,cz1
r0007431,38874,cz4,cz1
r0007432,38876,cz4,cz1
r0007433,38878,cz4,cz1
r0007434,38881,cz4,cz1
r0007435,38883,cz4,cz1
r0007436,38885,cz4,cz1
r0007437,38888,cz4,cz1
r0007438,38890,cz4,cz1
r0007439,38892,cz4,cz1
r0007440,38894,cz4,cz1
r0007441,38897,cz4,cz1
r0007442,38899,cz4,cz1
r0007443,38901,cz4,cz1
r0007444,38904,cz4,cz1
r0007445,38906,cz4,cz1
r0007446,38908,cz4,cz1
r0007447,38910,cz4,cz1
r0007448,38913,cz4,cz1
r0007449,38915,cz4,cz1
r0007450,38917,cz4,cz1
r0007451,38920,cz4,cz1
r0007452,38922,cz4,cz1
r0007453,38924,cz4,cz1
r0007454,38927,cz4,cz1
r0007455,38929,cz4,cz1
r0007456,38931,cz4,cz1
r0007457,38933,cz4,cz1
r0007458,38936,cz4,cz1
r0007459,38938,cz4,cz1
r0007460,38940,cz4,cz1
r0007461,38943,cz4,cz1
r0007462,38945,cz4,cz1
r0007463,38947,cz4,cz1
r0007464,38949,cz4,cz1
r0007465,38952,cz4,cz1
r0007466,38954,cz4,cz1
r0007467,38956,cz4,cz1
r0007468,38959,cz4,cz1
r0007469,38961,cz4,cz1
r0007470,38963,cz4,cz1
r0007471,38965,cz4,cz1
r0007472,38968,cz4,cz1
r0007473,38970,cz4,cz1
r0007474,38972,cz4,cz1
r0007475,38975,cz4,cz1
r0007476,38977,cz4,cz1
r0007477,38979,cz4,cz1
r0007478,38982,cz4,cz1
r0007479,38984,cz4,cz1
r0007480,38986,cz4,cz1
r0007481,38988,cz4,cz1
r0007482,38991,cz4,cz1
r0007483,38993,cz4,cz1
r0007484,38995,cz4,cz1
r0007485,38998,cz4,cz1
r0007486,39000,cz4,cz1
r0007487,39002,cz4,cz1
r0007488,39004,cz4,cz1
r0007489,39007,cz4,cz1
r0007490,39009,cz4,cz1
r0007491,39011,cz4,cz1
r0007492,39014,cz4,cz1
r0007493,39016,cz4,cz1
r0007494,39018,cz4,cz1
r0007495,39021,cz4,cz1
r0007496,39023,cz4,cz1
r0007497,39025,cz4,cz1
r0007498,39027,cz4,cz1
r0007499,39030,cz4,cz1
r0007500,39032,cz4,cz1
r0007501,39034,cz4,cz1
r0007502,39037,cz4,cz1
r0007503,39039,cz4,cz1
r0007504,39041,cz4,cz1
r0007505,39043,cz4,cz1
r0007506,39046,cz4,cz1
r0007507,39048,cz4,cz1
r0007508,39050,cz4,cz1
r0007509,39053,cz4,cz1
r0007510,39055,cz4,cz1
r0007511,39057,cz4,cz1
r0007512,39060,cz4,cz1
r0007513,39062,cz4,cz1
r0007514,39064,cz4,cz1
r0007515,39066,cz4,cz1
r0007516,39069,cz4,cz1
r0007517,39071,cz4,cz1
r0007518,39073,cz4,cz1
r0007519,39076,cz4,cz2
r0007520,39078,cz4,cz2
r0007521,39080,cz4,cz2
r0007522,39082,cz4,cz2
r0007523,39085,cz4,cz2
r0007524,39087,cz4,cz2
r0007525,39089,cz4,cz2
r0007526,39092,cz4,cz2
r0007527,39094,cz4,cz2
r0007528,39096,cz4,cz2
r0007529,39098,cz4,cz2
r0007530,39101,cz4,cz2
r0007531,39103,cz4,cz2
r0007532,39105,cz4,cz2
r0007533,39108,cz4,cz2
r0007534,39110,cz4,cz2
r0007535,39112,cz4,cz2
r0007536,39115,cz4,cz2
r0007537,39117,cz4,cz2
r0007538,39119,cz4,cz2
r0007539,39121,cz4,cz2
r0007540,39124,cz4,cz2
r0007541,39126,cz4,cz2
r0007542,39128,cz4,cz2
r0007543,39131,cz4,cz2
r0007544,39133,cz4,cz2
r0007545,39135,cz4,cz2
r0007546,39137,cz4,cz2
r0007547,39140,cz4,cz2
r0007548,39142,cz4,cz2
r0007549,39144,cz4,cz2
r0007550,39147,cz4,cz2
r0007551,39149,cz4,cz2
r0007552,39151,cz4,cz2
r0007553,39154,cz4,cz2
r0007554,39156,cz4,cz2
r0007555,39158,cz4,cz2
r0007556,39160,cz4,cz2
r0007557,39163,cz4,cz2
r0007558,39165,cz4,cz2
r0007559,39167,cz4,cz2
r0007560,39170,cz4,cz2
r0007561,39172,cz4,cz2
r0007562,39174,cz4,cz2
r0007563,39176,cz4,cz2
r0007564,39179,cz4,cz2
r0007565,39181,cz4,cz2
r0007566,39183,cz4,cz2
r0007567,39186,cz4,cz2
r0007568,39188,cz4,cz2
r0007569,39190,cz4,cz2
r0007570,39192,cz4,cz2
r0007571,39195,cz4,cz2
r0007572,39197,cz4,cz2
r0007573,39199,cz4,cz2
r0007574,39202,cz4,cz2
r0007575,39204,cz4,cz2
r0007576,39206,cz4,cz2
r0007577,39209,cz4,cz2
r0007578,39211,cz4,cz2
r0007579,39213,cz4,cz2
r0007580,39215,cz4,cz2
r0007581,39218,cz4,cz2
r0007582,39220,cz4,cz2
r0007583,39222,cz4,cz2
r0007584,39225,cz4,cz2
r0007585,39227,cz4,cz2
r0007586,39229,cz4,cz2
r0007587,39231,cz4,cz3
r0007588,39234,cz4,cz3
r0007589,39236,cz4,cz3
r0007590,39238,cz4,cz3
r0007591,39241,cz4,cz3
r0007592,39243,cz4,cz3
r0007593,39245,cz4,cz3
r0007594,39248,cz4,cz3
r0007595,39250,cz4,cz3
r0007596,39252,cz4,cz3
r0007597,39254,cz4,cz3
r0007598,39257,cz4,cz3
r0007599,39259,cz4,cz3
r0007600,39261,cz4,cz3
r0007601,39264,cz4,cz3
r0007602,39266,cz4,cz3
r0007603,39268,cz4,cz3
r0007604,39270,cz4,cz3
r0007605,39273,cz4,cz3
r0007606,39275,cz4,cz3
r0007607,39277,cz4,cz3
r0007608,39280,cz4,cz3
r0007609,39282,cz4,cz3
r0007610,39284,cz4,cz3
r0007611,39287,cz4,cz3
r0007612,39289,cz4,cz3
r0007613,39291,cz4,cz3
r0007614,39293,cz4,cz3
r0007615,39296,cz4,cz3
r0007616,39298,cz4,cz3
r0007617,39300,cz4,cz3
r0007618,39303,cz4,cz3
r0007619,39305,cz4,cz3
r0007620,39307,cz4,cz3
r0007621,39309,cz4,cz3
r0007622,39312,cz4,cz3
r0007623,39314,cz4,cz3
r0007624,39316,cz4,cz3
r0007625,39319,cz4,cz3
r0007626,39321,cz4,cz3
r0007627,39323,cz4,cz3
r0007628,39325,cz4,cz3
r0007629,39328,cz4,cz3
r0007630,39330,cz4,cz3
r0007631,39332,cz4,cz3
r0007632,39335,cz4,cz3
r0007633,39337,cz4,cz3
r0007634,39339,cz4,cz3
r0007635,39342,cz4,cz3
r0007636,39344,cz4,cz3
r0007637,39346,cz4,cz3
r0007638,39348,cz4,cz3
r0007639,39351,cz4,cz3
r0007640,39353,cz4,cz3
r0007641,39355,cz4,cz3
r0007642,39358,cz4,cz3
r0007643,39360,cz4,cz3
r0007644,39362,cz4,cz3
r0007645,39364,cz4,cz3
r0007646,39367,cz4,cz3
r0007647,39369,cz4,cz3
r0007648,39371,cz4,cz3
r0007649,39374,cz4,cz3
r0007650,39376,cz4,cz3
r0007651,39378,cz4,cz3
r0007652,39381,cz4,cz3
r0007653,39383,cz4,cz3
r0007654,39385,cz4,cz3
r0007655,39387,cz4,cz3
r0007656,39390,cz4,cz3
r0007657,39392,cz4,cz3
r0007658,39394,cz4,cz3
r0007659,39397,cz4,cz3
r0007660,39399,cz4,cz3
r0007661,39401,cz4,cz3
r0007662,39403,cz4,cz3
r0007663,39406,cz4,cz3
r0007664,39408,cz4,cz3
r0007665,39410,cz4,cz3
r0007666,39413,cz4,cz3
r0007667,39415,cz4,cz3
r0007668,39417,cz4,cz3
r0007669,39420,cz4,cz3
r0007670,39422,cz4,cz3
r0007671,39424,cz4,cz3
r0007672,39426,cz4,cz3
r0007673,39429,cz4,cz3
r0007674,39431,cz4,cz3
r0007675,39433,cz4,cz3
r0007676,39436,cz4,cz3
r0007677,39438,cz4,cz3
r0007678,39440,cz4,cz3
r0007679,39442,cz4,cz3
r0007680,39445,cz4,cz3
r0007681,39447,cz4,cz3
r0007682,39449,cz4,cz3
r0007683,39452,cz4,cz4
r0007684,39454,cz4,cz4
r0007685,39456,cz4,cz4
r0007686,39458,cz4,cz4
r0007687,39461,cz4,cz4
r0007688,39463,cz4,cz4
r0007689,39465,cz4,cz4
r0007690,39468,cz4,cz4
r0007691,39470,cz4,cz4
r0007692,39472,cz4,cz4
r0007693,39475,cz4,cz4
r0007694,39477,cz4,cz4
r0007695,39479,cz4,cz4
r0007696,39481,cz4,cz4
r0007697,39484,cz4,cz4
r0007698,39486,cz4,cz4
r0007699,39488,cz4,cz4
r0007700,39491,cz4,cz4
r0007701,39493,cz4,cz4
r0007702,39495,cz4,cz4
r0007703,39497,cz4,cz4
r0007704,39500,cz4,cz4
r0007705,39502,cz4,cz4
r0007706,39504,cz4,cz4
r0007707,39507,cz4,cz4
r0007708,39509,cz4,cz4
r0007709,39511,cz4,cz4
r0007710,39514,cz4,cz4
r0007711,39516,cz4,cz4
r0007712,39518,cz4,cz4
r0007713,39520,cz4,cz4
r0007714,39523,cz4,cz4
r0007715,39525,cz4,cz4
r0007716,39527,cz4,cz4
r0007717,39530,cz4,cz4
r0007718,39532,cz4,cz4
r0007719,39534,cz4,cz4
r0007720,39536,cz4,cz4
r0007721,39539,cz4,cz4
r0007722,39541,cz4,cz4
r0007723,39543,cz4,cz4
r0007724,39546,cz4,cz4
r0007725,39548,cz4,cz4
r0007726,39550,cz4,cz4
r0007727,39552,cz4,cz4
r0007728,39555,cz4,cz4
r0007729,39557,cz4,cz4
r0007730,39559,cz4,cz4
r0007731,39562,cz4,cz4
r0007732,39564,cz4,cz4
r0007733,39566,cz4,cz4
r0007734,39569,cz4,cz4
r0007735,39571,cz4,cz4
r0007736,39573,cz4,cz4
r0007737,39575,cz4,cz4
r0007738,39578,cz4,cz4
r0007739,39580,cz4,cz4
r0007740,39582,cz4,cz4
r0007741,39585,cz4,cz4
r0007742,39587,cz4,cz4
r0007743,39589,cz4,cz4
r0007744,39591,cz4,cz4
r0007745,39594,cz4,cz4
r0007746,39596,cz4,cz4
r0007747,39598,cz4,cz4
r0007748,39601,cz1,cz1
r0007749,39603,cz1,cz1
r0007750,39605,cz1,cz1
r0007751,39607,cz1,cz1
r0007752,39609,cz1,cz1
r0007753,39611,cz1,cz1
r0007754,39614,cz1,cz1
r0007755,39616,cz1,cz1
r0007756,39618,cz1,cz1
r0007757,39620,cz1,cz1
r0007758,39622,cz1,cz1
r0007759,39625,cz1,cz1
r0007760,39627,cz1,cz1
r0007761,39629,cz1,cz1
r0007762,39631,cz1,cz1
r0007763,39633,cz1,cz1
r0007764,39635,cz1,cz1
r0007765,39638,cz1,cz1
r0007766,39640,cz1,cz1
r0007767,39642,cz1,cz1
r0007768,39644,cz1,cz1
r0007769,39646,cz1,cz1
r0007770,39649,cz1,cz1
r0007771,39651,cz1,cz1
r0007772,39653,cz1,cz1
r0007773,39655,cz1,cz1
r0007774,39657,cz1,cz1
r0007775,39659,cz1,cz1
r0007776,39662,cz1,cz1
r0007777,39664,cz1,cz1
r0007778,39666,cz1,cz1
r0007779,39668,cz1,cz1
r0007780,39670,cz1,cz1
r0007781,39673,cz1,cz1
r0007782,39675,cz1,cz1
r0007783,39677,cz1,cz1
r0007784,39679,cz1,cz1
r0007785,39681,cz1,cz1
r0007786,39683,cz1,cz1
r0007787,39686,cz1,cz1
r0007788,39688,cz1,cz1
r0007789,39690,cz1,cz1
r0007790,39692,cz1,cz1
r0007791,39694,cz1,cz1
r0007792,39696,cz1,cz1
r0007793,39699,cz1,cz1
r0007794,39701,cz1,cz1
r0007795,39703,cz1,cz1
r0007796,39705,cz1,cz1
r0007797,39707,cz1,cz1
r0007798,39710,cz1,cz1
r0007799,39712,cz1,cz1
r0007800,39714,cz1,cz1
r0007801,39716,cz1,cz1
r0007802,39718,cz1,cz1
r0007803,39720,cz1,cz1
r0007804,39723,cz1,cz1
r0007805,39725,cz1,cz1
r0007806,39727,cz1,cz1
r0007807,39729,cz1,cz1
r0007808,39731,cz1,cz1
r0007809,39734,cz1,cz1
r0007810,39736,cz1,cz1
r0007811,39738,cz1,cz1
r0007812,39740,cz1,cz1
r0007813,39742,cz1,cz1
r0007814,39744,cz1,cz1
r0007815,39747,cz1,cz1
r0007816,39749,cz1,cz1
r0007817,39751,cz1,cz1
r0007818,39753,cz1,cz1
r0007819,39755,cz1,cz1
r0007820,39757,cz1,cz1
r0007821,39760,cz1,cz1
r0007822,39762,cz1,cz1
r0007823,39764,cz1,cz1
r0007824,39766,cz1,cz1
r0007825,39768,cz1,cz1
r0007826,39771,cz1,cz1
r0007827,39773,cz1,cz1
r0007828,39775,cz1,cz1
r0007829,39777,cz1,cz1
r0007830,39779,cz1,cz1
r0007831,39781,cz1,cz1
r0007832,39784,cz1,cz1
r0007833,39786,cz1,cz1
r0007834,39788,cz1,cz1
r0007835,39790,cz1,cz1
r0007836,39792,cz1,cz1
r0007837,39795,cz1,cz1
r0007838,39797,cz1,cz1
r0007839,39799,cz1,cz1
r0007840,39801,cz1,cz1
r0007841,39803,cz1,cz1
r0007842,39805,cz1,cz1
r0007843,39808,cz1,cz1
r0007844,39810,cz1,cz1
r0007845,39812,cz1,cz1
r0007846,39814,cz1,cz1
r0007847,39816,cz1,cz1
r0007848,39819,cz1,cz1
r0007849,39821,cz1,cz1
r0007850,39823,cz1,cz1
r0007851,39825,cz1,cz1
r0007852,39827,cz1,cz1
r0007853,39829,cz1,cz1
r0007854,39832,cz1,cz1
r0007855,39834,cz1,cz1
r0007856,39836,cz1,cz1
r0007857,39838,cz1,cz1
r0007858,39840,cz1,cz1
r0007859,39842,cz1,cz1
r0007860,39845,cz1,cz1
r0007861,39847,cz1,cz1
r0007862,39849,cz1,cz1
r0007863,39851,cz1,cz1
r0007864,39853,cz1,cz1
r0007865,39856,cz1,cz1
r0007866,39858,cz1,cz1
r0007867,39860,cz1,cz1
r0007868,39862,cz1,cz1
r0007869,39864,cz1,cz1
r0007870,39866,cz1,cz1
r0007871,39869,cz1,cz1
r0007872,39871,cz1,cz1
r0007873,39873,cz1,cz1
r0007874,39875,cz1,cz1
r0007875,39877,cz1,cz1
r0007876,39880,cz1,cz1
r0007877,39882,cz1,cz1
r0007878,39884,cz1,cz1
r0007879,39886,cz1,cz1
r0007880,39888,cz1,cz2
r0007881,39890,cz1,cz2
r0007882,39893,cz1,cz2
r0007883,39895,cz1,cz2
r0007884,39897,cz1,cz2
r0007885,39899,cz1,cz2
r0007886,39901,cz1,cz2
r0007887,39903,cz1,cz2
r0007888,39906,cz1,cz2
r0007889,39908,cz1,cz2
r0007890,39910,cz1,cz2
r0007891,39912,cz1,cz2
r0007892,39914,cz1,cz2
r0007893,39917,cz1,cz2
r0007894,39919,cz1,cz2
r0007895,39921,cz1,cz2
r0007896,39923,cz1,cz2
r0007897,39925,cz1,cz2
r0007898,39927,cz1,cz2
r0007899,39930,cz1,cz2
r0007900,39932,cz1,cz2
r0007901,39934,cz1,cz2
r0007902,39936,cz1,cz2
r0007903,39938,cz1,cz2
r0007904,39941,cz1,cz2
r0007905,39943,cz1,cz2
r0007906,39945,cz1,cz2
r0007907,39947,cz1,cz2
r0007908,39949,cz1,cz2
r0007909,39951,cz1,cz2
r0007910,39954,cz1,cz2
r0007911,39956,cz1,cz2
r0007912,39958,cz1,cz2
r0007913,39960,cz1,cz2
r0007914,39962,cz1,cz2
r0007915,39965,cz1,cz2
r0007916,39967,cz1,cz2
r0007917,39969,cz1,cz2
r0007918,39971,cz1,cz2
r0007919,39973,cz1,cz2
r0007920,39975,cz1,cz2
r0007921,39978,cz1,cz2
r0007922,39980,cz1,cz2
r0007923,39982,cz1,cz2
r0007924,39984,cz1,cz2
r0007925,39986,cz1,cz2
r0007926,39988,cz1,cz2
r0007927,39991,cz1,cz2
r0007928,39993,cz1,cz2
r0007929,39995,cz1,cz2
r0007930,39997,cz1,cz2
r0007931,39999,cz1,cz2
r0007932,40002,cz1,cz2
r0007933,40004,cz1,cz2
r0007934,40006,cz1,cz2
r0007935,40008,cz1,cz2
r0007936,40010,cz1,cz2
r0007937,40012,cz1,cz2
r0007938,40015,cz1,cz2
r0007939,40017,cz1,cz2
r0007940,40019,cz1,cz2
r0007941,40021,cz1,cz2
r0007942,40023,cz1,cz2
r0007943,40026,cz1,cz2
r0007944,40028,cz1,cz2
r0007945,40030,cz1,cz2
r0007946,40032,cz1,cz2
r0007947,40034,cz1,cz2
r0007948,40036,cz1,cz2
r0007949,40039,cz1,cz2
r0007950,40041,cz1,cz2
r0007951,40043,cz1,cz2
r0007952,40045,cz1,cz2
r0007953,40047,cz1,cz2
r0007954,40050,cz1,cz2
r0007955,40052,cz1,cz2
r0007956,40054,cz1,cz2
r0007957,40056,cz1,cz2
r0007958,40058,cz1,cz2
r0007959,40060,cz1,cz2
r0007960,40063,cz1,cz2
r0007961,40065,cz1,cz2
r0007962,40067,cz1,cz2
r0007963,40069,cz1,cz2
r0007964,40071,cz1,cz2
r0007965,40073,cz1,cz2
r0007966,40076,cz1,cz2
r0007967,40078,cz1,cz2
r0007968,40080,cz1,cz2
r0007969,40082,cz1,cz2
r0007970,40084,cz1,cz2
r0007971,40087,cz1,cz2
r0007972,40089,cz1,cz2
r0007973,40091,cz1,cz2
r0007974,40093,cz1,cz2
r0007975,40095,cz1,cz2
r0007976,40097,cz1,cz2
r0007977,40100,cz1,cz2
r0007978,40102,cz1,cz2
r0007979,40104,cz1,cz2
r0007980,40106,cz1,cz2
r0007981,40108,cz1,cz3
r0007982,40111,cz1,cz3
r0007983,40113,cz1,cz3
r0007984,40115,cz1,cz3
r0007985,40117,cz1,cz3
r0007986,40119,cz1,cz3
r0007987,40121,cz1,cz3
r0007988,40124,cz1,cz3
r0007989,40126,cz1,cz3
r0007990,40128,cz1,cz3
r0007991,40130,cz1,cz3
r0007992,40132,cz1,cz3
r0007993,40134,cz1,cz3
r0007994,40137,cz1,cz3
r0007995,40139,cz1,cz3
r0007996,40141,cz1,cz3
r0007997,40143,cz1,cz3
r0007998,40145,cz1,cz3
r0007999,40148,cz1,cz3
r0008000,40150,cz1,cz3
r0008001,40152,cz1,cz3
r0008002,40154,cz1,cz3
r0008003,40156,cz1,cz3
r0008004,40158,cz1,cz3
r0008005,40161,cz1,cz3
r0008006,40163,cz1,cz3
r0008007,40165,cz1,cz3
r0008008,40167,cz1,cz3
r0008009,40169,cz1,cz3
r0008010,40172,cz1,cz3
r0008011,40174,cz1,cz3
r0008012,40176,cz1,cz3
r0008013,40178,cz1,cz3
r0008014,40180,cz1,cz3
r0008015,40182,cz1,cz3
r0008016,40185,cz1,cz3
r0008017,40187,cz1,cz3
r0008018,40189,cz1,cz3
r0008019,40191,cz1,cz3
r0008020,40193,cz1,cz3
r0008021,40196,cz1,cz3
r0008022,40198,cz1,cz3
r0008023,40200,cz1,cz3
r0008024,40202,cz1,cz3
r0008025,40204,cz1,cz3
r0008026,40206,cz1,cz3
r0008027,40209,cz1,cz3
r0008028,40211,cz1,cz3
r0008029,40213,cz1,cz3
r0008030,40215,cz1,cz3
r0008031,40217,cz1,cz3
r0008032,40219,cz1,cz3
r0008033,40222,cz1,cz3
r0008034,40224,cz1,cz3
r0008035,40226,cz1,cz3
r0008036,40228,cz1,cz3
r0008037,40230,cz1,cz3
r0008038,40233,cz1,cz3
r0008039,40235,cz1,cz3
r0008040,40237,cz1,cz3
r0008041,40239,cz1,cz3
r0008042,40241,cz1,cz3
r0008043,40243,cz1,cz3
r0008044,40246,cz1,cz3
r0008045,40248,cz1,cz3
r0008046,40250,cz1,cz3
r0008047,40252,cz1,cz3
r0008048,40254,cz1,cz3
r0008049,40257,cz1,cz3
r0008050,40259,cz1,cz3
r0008051,40261,cz1,cz3
r0008052,40263,cz1,cz3
r0008053,40265,cz1,cz3
r0008054,40267,cz1,cz3
r0008055,40270,cz1,cz3
r0008056,40272,cz1,cz3
r0008057,40274,cz1,cz3
r0008058,40276,cz1,cz3
r0008059,40278,cz1,cz3
r0008060,40280,cz1,cz3
r0008061,40283,cz1,cz3
r0008062,40285,cz1,cz3
r0008063,40287,cz1,cz3
r0008064,40289,cz1,cz3
r0008065,40291,cz1,cz3
r0008066,40294,cz1,cz3
r0008067,40296,cz1,cz3
r0008068,40298,cz1,cz3
r0008069,40300,cz1,cz3
r0008070,40302,cz1,cz3
r0008071,40304,cz1,cz3
r0008072,40307,cz1,cz3
r0008073,40309,cz1,cz3
r0008074,40311,cz1,cz3
r0008075,40313,cz1,cz3
r0008076,40315,cz1,cz3
r0008077,40318,cz1,cz3
r0008078,40320,cz1,cz3
r0008079,40322,cz1,cz3
r0008080,40324,cz1,cz3
r0008081,40326,cz1,cz3
r0008082,40328,cz1,cz3
r0008083,40331,cz1,cz3
r0008084,40333,cz1,cz3
r0008085,40335,cz1,cz3
r0008086,40337,cz1,cz3
r0008087,40339,cz1,cz3
r0008088,40342,cz1,cz3
r0008089,40344,cz1,cz3
r0008090,40346,cz1,cz3
r0008091,40348,cz1,cz3
r0008092,40350,cz1,cz3
r0008093,40352,cz1,cz3
r0008094,40355,cz1,cz3
r0008095,40357,cz1,cz3
r0008096,40359,cz1,cz3
r0008097,40361,cz1,cz3
r0008098,40363,cz1,cz3
r0008099,40365,cz1,cz3
r0008100,40368,cz1,cz3
r0008101,40370,cz1,cz3
r0008102,40372,cz1,cz3
r0008103,40374,cz1,cz3
r0008104,40376,cz1,cz3
r0008105,40379,cz1,cz3
r0008106,40381,cz1,cz3
r0008107,40383,cz1,cz3
r0008108,40385,cz1,cz3
r0008109,40387,cz1,cz3
r0008110,40389,cz1,cz3
r0008111,40392,cz1,cz3
r0008112,40394,cz1,cz3
r0008113,40396,cz1,cz3
r0008114,40398,cz1,cz3
r0008115,40400,cz1,cz3
r0008116,40403,cz1,cz3
r0008117,40405,cz1,cz3
r0008118,40407,cz1,cz3
r0008119,40409,cz1,cz4
r0008120,40411,cz1,cz4
r0008121,40413,cz1,cz4
r0008122,40416,cz1,cz4
r0008123,40418,cz1,cz4
r0008124,40420,cz1,cz4
r0008125,40422,cz1,cz4
r0008126,40424,cz1,cz4
r0008127,40426,cz1,cz4
r0008128,40429,cz1,cz4
r0008129,40431,cz1,cz4
r0008130,40433,cz1,cz4
r0008131,40435,cz1,cz4
r0008132,40437,cz1,cz4
r0008133,40440,cz1,cz4
r0008134,40442,cz1,cz4
r0008135,40444,cz1,cz4
r0008136,40446,cz1,cz4
r0008137,40448,cz1,cz4
r0008138,40450,cz1,cz4
r0008139,40453,cz1,cz4
r0008140,40455,cz1,cz4
r0008141,40457,cz1,cz4
r0008142,40459,cz1,cz4
r0008143,40461,cz1,cz4
r0008144,40464,cz1,cz4
r0008145,40466,cz1,cz4
r0008146,40468,cz1,cz4
r0008147,40470,cz1,cz4
r0008148,40472,cz1,cz4
r0008149,40474,cz1,cz4
r0008150,40477,cz1,cz4
r0008151,40479,cz1,cz4
r0008152,40481,cz1,cz4
r0008153,40483,cz1,cz4
r0008154,40485,cz1,cz4
r0008155,40488,cz1,cz4
r0008156,40490,cz1,cz4
r0008157,40492,cz1,cz4
r0008158,40494,cz1,cz4
r0008159,40496,cz1,cz4
r0008160,40498,cz1,cz4
r0008161,40501,cz1,cz4
r0008162,40503,cz1,cz4
r0008163,40505,cz1,cz4
r0008164,40507,cz1,cz4
r0008165,40509,cz1,cz4
r0008166,40511,cz1,cz4
r0008167,40514,cz1,cz4
r0008168,40516,cz1,cz4
r0008169,40518,cz1,cz4
r0008170,40520,cz1,cz4
r0008171,40522,cz1,cz4
r0008172,40525,cz1,cz4
r0008173,40527,cz1,cz4
r0008174,40529,cz1,cz4
r0008175,40531,cz1,cz4
r0008176,40533,cz1,cz4
r0008177,40535,cz1,cz4
r0008178,40538,cz1,cz4
r0008179,40540,cz1,cz4
r0008180,40542,cz1,cz4
r0008181,40544,cz1,cz4
r0008182,40546,cz1,cz4
r0008183,40549,cz1,cz4
r0008184,40551,cz1,cz4
r0008185,40553,cz1,cz4
r0008186,40555,cz1,cz4
r0008187,40557,cz1,cz4
r0008188,40559,cz1,cz4
r0008189,40562,cz1,cz4
r0008190,40564,cz1,cz4
r0008191,40566,cz1,cz4
r0008192,40568,cz1,cz4
r0008193,40570,cz1,cz4
r0008194,40573,cz1,cz4
r0008195,40575,cz1,cz4
r0008196,40577,cz1,cz4
r0008197,40579,cz1,cz4
r0008198,40581,cz1,cz4
r0008199,40583,cz1,cz4
r0008200,40586,cz1,cz4
r0008201,40588,cz1,cz4
r0008202,40590,cz1,cz4
r0008203,40592,cz1,cz4
r0008204,40594,cz1,cz4
r0008205,40596,cz1,cz4
r0008206,40599,cz1,cz4
r0008207,40601,cz1,cz4
r0008208,40603,cz1,cz4
r0008209,40605,cz1,cz4
r0008210,40607,cz1,cz4
r0008211,40610,cz1,cz4
r0008212,40612,cz1,cz4
r0008213,40614,cz2,cz1
r0008214,40616,cz2,cz1
r0008215,40618,cz2,cz1
r0008216,40620,cz2,cz1
r0008217,40623,cz2,cz1
r0008218,40625,cz2,cz1
r0008219,40627,cz2,cz1
r0008220,40629,cz2,cz1
r0008221,40631,cz2,cz1
r0008222,40634,cz2,cz1
r0008223,40636,cz2,cz1
r0008224,40638,cz2,cz1
r0008225,40640,cz2,cz1
r0008226,40642,cz2,cz1
r0008227,40644,cz2,cz1
r0008228,40647,cz2,cz1
r0008229,40649,cz2,cz1
r0008230,40651,cz2,cz1
r0008231,40653,cz2,cz1
r0008232,40655,cz2,cz1
r0008233,40657,cz2,cz1
r0008234,40660,cz2,cz1
r0008235,40662,cz2,cz1
r0008236,40664,cz2,cz1
r0008237,40666,cz2,cz1
r0008238,40668,cz2,cz1
r0008239,40671,cz2,cz1
r0008240,40673,cz2,cz1
r0008241,40675,cz2,cz1
r0008242,40677,cz2,cz1
r0008243,40679,cz2,cz1
r0008244,40681,cz2,cz1
r0008245,40684,cz2,cz1
r0008246,40686,cz2,cz1
r0008247,40688,cz2,cz1
r0008248,40690,cz2,cz1
r0008249,40692,cz2,cz1
r0008250,40695,cz2,cz1
r0008251,40697,cz2,cz1
r0008252,40699,cz2,cz1
r0008253,40701,cz2,cz1
r0008254,40703,cz2,cz1
r0008255,40705,cz2,cz1
r0008256,40708,cz2,cz1
r0008257,40710,cz2,cz1
r0008258,40712,cz2,cz1
r0008259,40714,cz2,cz1
r0008260,40716,cz2,cz1
r0008261,40719,cz2,cz1
r0008262,40721,cz2,cz1
r0008263,40723,cz2,cz1
r0008264,40725,cz2,cz1
r0008265,40727,cz2,cz1
r0008266,40729,cz2,cz1
r0008267,40732,cz2,cz1
r0008268,40734,cz2,cz1
r0008269,40736,cz2,cz1
r0008270,40738,cz2,cz1
r0008271,40740,cz2,cz1
r0008272,40742,cz2,cz1
r0008273,40745,cz2,cz1
r0008274,40747,cz2,cz1
r0008275,40749,cz2,cz1
r0008276,40751,cz2,cz1
r0008277,40753,cz2,cz1
r0008278,40756,cz2,cz1
r0008279,40758,cz2,cz1
r0008280,40760,cz2,cz1
r0008281,40762,cz2,cz1
r0008282,40764,cz2,cz1
r0008283,40766,cz2,cz1
r0008284,40769,cz2,cz1
r0008285,40771,cz2,cz1
r0008286,40773,cz2,cz1
r0008287,40775,cz2,cz1
r0008288,40777,cz2,cz1
r0008289,40780,cz2,cz1
r0008290,40782,cz2,cz1
r0008291,40784,cz2,cz1
r0008292,40786,cz2,cz1
r0008293,40788,cz2,cz1
r0008294,40790,cz2,cz1
r0008295,40793,cz2,cz1
r0008296,40795,cz2,cz1
r0008297,40797,cz2,cz1
r0008298,40799,cz2,cz1
r0008299,40801,cz2,cz1
r0008300,40803,cz2,cz1
r0008301,40806,cz2,cz1
r0008302,40808,cz2,cz1
r0008303,40810,cz2,cz1
r0008304,40812,cz2,cz1
r0008305,40814,cz2,cz1
r0008306,40817,cz2,cz1
r0008307,40819,cz2,cz1
r0008308,40821,cz2,cz1
r0008309,40823,cz2,cz1
r0008310,40825,cz2,cz1
r0008311,40827,cz2,cz1
r0008312,40830,cz2,cz1
r0008313,40832,cz2,cz1
r0008314,40834,cz2,cz1
r0008315,40836,cz2,cz1
r0008316,40838,cz2,cz2
r0008317,40841,cz2,cz2
r0008318,40843,cz2,cz2
r0008319,40845,cz2,cz2
r0008320,40847,cz2,cz2
r0008321,40849,cz2,cz2
r0008322,40851,cz2,cz2
r0008323,40854,cz2,cz2
r0008324,40856,cz2,cz2
r0008325,40858,cz2,cz2
r0008326,40860,cz2,cz2
r0008327,40862,cz2,cz2
r0008328,40865,cz2,cz2
r0008329,40867,cz2,cz2
r0008330,40869,cz2,cz2
r0008331,40871,cz2,cz2
r0008332,40873,cz2,cz2
r0008333,40875,cz2,cz2
r0008334,40878,cz2,cz2
r0008335,40880,cz2,cz2
r0008336,40882,cz2,cz2
r0008337,40884,cz2,cz2
r0008338,40886,cz2,cz2
r0008339,40888,cz2,cz2
r0008340,40891,cz2,cz2
r0008341,40893,cz2,cz2
r0008342,40895,cz2,cz2
r0008343,40897,cz2,cz2
r0008344,40899,cz2,cz2
r0008345,40902,cz2,cz2
r0008346,40904,cz2,cz2
r0008347,40906,cz2,cz2
r0008348,40908,cz2,cz2
r0008349,40910,cz2,cz2
r0008350,40912,cz2,cz2
r0008351,40915,cz2,cz2
r0008352,40917,cz2,cz2
r0008353,40919,cz2,cz2
r0008354,40921,cz2,cz2
r0008355,40923,cz2,cz2
r0008356,40926,cz2,cz2
r0008357,40928,cz2,cz2
r0008358,40930,cz2,cz2
r0008359,40932,cz2,cz2
r0008360,40934,cz2,cz2
r0008361,40936,cz2,cz2
r0008362,40939,cz2,cz2
r0008363,40941,cz2,cz2
r0008364,40943,cz2,cz2
r0008365,40945,cz2,cz2
r0008366,40947,cz2,cz2
r0008367,40950,cz2,cz2
r0008368,40952,cz2,cz2
r0008369,40954,cz2,cz2
r0008370,40956,cz2,cz2
r0008371,40958,cz2,cz2
r0008372,40960,cz2,cz2
r0008373,40963,cz2,cz2
r0008374,40965,cz2,cz2
r0008375,40967,cz2,cz2
r0008376,40969,cz2,cz2
r0008377,40971,cz2,cz2
r0008378,40973,cz2,cz2
r0008379,40976,cz2,cz2
r0008380,40978,cz2,cz2
r0008381,40980,cz2,cz2
r0008382,40982,cz2,cz2
r0008383,40984,cz2,cz2
r0008384,40987,cz2,cz2
r0008385,40989,cz2,cz2
r0008386,40991,cz2,cz2
r0008387,40993,cz2,cz2
r0008388,40995,cz2,cz2
r0008389,40997,cz2,cz2
r0008390,41000,cz2,cz2
r0008391,41002,cz2,cz2
r0008392,41004,cz2,cz2
r0008393,41006,cz2,cz2
r0008394,41008,cz2,cz2
r0008395,41011,cz2,cz2
r0008396,41013,cz2,cz2
r0008397,41015,cz2,cz2
r0008398,41017,cz2,cz2
r0008399,41019,cz2,cz2
r0008400,41021,cz2,cz2
r0008401,41024,cz2,cz2
r0008402,41026,cz2,cz2
r0008403,41028,cz2,cz2
r0008404,41030,cz2,cz2
r0008405,41032,cz2,cz2
r0008406,41034,cz2,cz2
r0008407,41037,cz2,cz2
r0008408,41039,cz2,cz2
r0008409,41041,cz2,cz2
r0008410,41043,cz2,cz2
r0008411,41045,cz2,cz2
r0008412,41048,cz2,cz2
r0008413,41050,cz2,cz2
r0008414,41052,cz2,cz2
r0008415,41054,cz2,cz2
r0008416,41056,cz2,cz3
r0008417,41058,cz2,cz3
r0008418,41061,cz2,cz3
r0008419,41063,cz2,cz3
r0008420,41065,cz2,cz3
r0008421,41067,cz2,cz3
r0008422,41069,cz2,cz3
r0008423,41072,cz2,cz3
r0008424,41074,cz2,cz3
r0008425,41076,cz2,cz3
r0008426,41078,cz2,cz3
r0008427,41080,cz2,cz3
r0008428,41082,cz2,cz3
r0008429,41085,cz2,cz3
r0008430,41087,cz2,cz3
r0008431,41089,cz2,cz3
r0008432,41091,cz2,cz3
r0008433,41093,cz2,cz3
r0008434,41096,cz2,cz3
r0008435,41098,cz2,cz3
r0008436,41100,cz2,cz3
r0008437,41102,cz2,cz3
r0008438,41104,cz2,cz3
r0008439,41106,cz2,cz3
r0008440,41109,cz2,cz3
r0008441,41111,cz2,cz3
r0008442,41113,cz2,cz3
r0008443,41115,cz2,cz3
r0008444,41117,cz2,cz3
r0008445,41119,cz2,cz3
r0008446,41122,cz2,cz3
r0008447,41124,cz2,cz3
r0008448,41126,cz2,cz3
r0008449,41128,cz2,cz3
r0008450,41130,cz2,cz3
r0008451,41133,cz2,cz3
r0008452,41135,cz2,cz3
r0008453,41137,cz2,cz3
r0008454,41139,cz2,cz3
r0008455,41141,cz2,cz3
r0008456,41143,cz2,cz3
r0008457,41146,cz2,cz3
r0008458,41148,cz2,cz3
r0008459,41150,cz2,cz3
r0008460,41152,cz2,cz3
r0008461,41154,cz2,cz3
r0008462,41157,cz2,cz3
r0008463,41159,cz2,cz3
r0008464,41161,cz2,cz3
r0008465,41163,cz2,cz3
r0008466,41165,cz2,cz3
r0008467,41167,cz2,cz3
r0008468,41170,cz2,cz3
r0008469,41172,cz2,cz3
r0008470,41174,cz2,cz3
r0008471,41176,cz2,cz3
r0008472,41178,cz2,cz3
r0008473,41180,cz2,cz3
r0008474,41183,cz2,cz3
r0008475,41185,cz2,cz3
r0008476,41187,cz2,cz3
r0008477,41189,cz2,cz3
r0008478,41191,cz2,cz3
r0008479,41194,cz2,cz3
r0008480,41196,cz2,cz3
r0008481,41198,cz2,cz3
r0008482,41200,cz2,cz3
r0008483,41202,cz2,cz3
r0008484,41204,cz2,cz3
r0008485,41207,cz2,cz3
r0008486,41209,cz2,cz3
r0008487,41211,cz2,cz3
r0008488,41213,cz2,cz3
r0008489,41215,cz2,cz3
r0008490,41218,cz2,cz3
r0008491,41220,cz2,cz3
r0008492,41222,cz2,cz3
r0008493,41224,cz2,cz3
r0008494,41226,cz2,cz3
r0008495,41228,cz2,cz3
r0008496,41231,cz2,cz3
r0008497,41233,cz2,cz3
r0008498,41235,cz2,cz3
r0008499,41237,cz2,cz3
r0008500,41239,cz2,cz3
r0008501,41242,cz2,cz3
r0008502,41244,cz2,cz3
r0008503,41246,cz2,cz3
r0008504,41248,cz2,cz3
r0008505,41250,cz2,cz3
r0008506,41252,cz2,cz3
r0008507,41255,cz2,cz3
r0008508,41257,cz2,cz3
r0008509,41259,cz2,cz3
r0008510,41261,cz2,cz3
r0008511,41263,cz2,cz3
r0008512,41265,cz2,cz3
r0008513,41268,cz2,cz3
r0008514,41270,cz2,cz3
r0008515,41272,cz2,cz3
r0008516,41274,cz2,cz4
r0008517,41276,cz2,cz4
r0008518,41279,cz2,cz4
r0008519,41281,cz2,cz4
r0008520,41283,cz2,cz4
r0008521,41285,cz2,cz4
r0008522,41287,cz2,cz4
r0008523,41289,cz2,cz4
r0008524,41292,cz2,cz4
r0008525,41294,cz2,cz4
r0008526,41296,cz2,cz4
r0008527,41298,cz2,cz4
r0008528,41300,cz2,cz4
r0008529,41303,cz2,cz4
r0008530,41305,cz2,cz4
r0008531,41307,cz2,cz4
r0008532,41309,cz2,cz4
r0008533,41311,cz2,cz4
r0008534,41313,cz2,cz4
r0008535,41316,cz2,cz4
r0008536,41318,cz2,cz4
r0008537,41320,cz2,cz4
r0008538,41322,cz2,cz4
r0008539,41324,cz2,cz4
r0008540,41326,cz2,cz4
r0008541,41329,cz2,cz4
r0008542,41331,cz2,cz4
r0008543,41333,cz2,cz4
r0008544,41335,cz2,cz4
r0008545,41337,cz2,cz4
r0008546,41340,cz2,cz4
r0008547,41342,cz2,cz4
r0008548,41344,cz2,cz4
r0008549,41346,cz2,cz4
r0008550,41348,cz2,cz4
r0008551,41350,cz2,cz4
r0008552,41353,cz2,cz4
r0008553,41355,cz2,cz4
r0008554,41357,cz2,cz4
r0008555,41359,cz2,cz4
r0008556,41361,cz2,cz4
r0008557,41364,cz2,cz4
r0008558,41366,cz2,cz4
r0008559,41368,cz2,cz4
r0008560,41370,cz2,cz4
r0008561,41372,cz2,cz4
r0008562,41374,cz2,cz4
r0008563,41377,cz2,cz4
r0008564,41379,cz2,cz4
r0008565,41381,cz2,cz4
r0008566,41383,cz2,cz4
r0008567,41385,cz2,cz4
r0008568,41388,cz2,cz4
r0008569,41390,cz2,cz4
r0008570,41392,cz2,cz4
r0008571,41394,cz2,cz4
r0008572,41396,cz2,cz4
r0008573,41398,cz2,cz4
r0008574,41401,cz2,cz4
r0008575,41403,cz2,cz4
r0008576,41405,cz2,cz4
r0008577,41407,cz2,cz4
r0008578,41409,cz2,cz4
r0008579,41411,cz2,cz4
r0008580,41414,cz2,cz4
r0008581,41416,cz2,cz4
r0008582,41418,cz2,cz4
r0008583,41420,cz2,cz4
r0008584,41422,cz2,cz4
r0008585,41425,cz2,cz4
r0008586,41427,cz2,cz4
r0008587,41429,cz2,cz4
r0008588,41431,cz3,cz1
r0008589,41433,cz3,cz1
r0008590,41435,cz3,cz1
r0008591,41438,cz3,cz1
r0008592,41440,cz3,cz1
r0008593,41442,cz3,cz1
r0008594,41444,cz3,cz1
r0008595,41446,cz3,cz1
r0008596,41449,cz3,cz1
r0008597,41451,cz3,cz1
r0008598,41453,cz3,cz1
r0008599,41455,cz3,cz1
r0008600,41457,cz3,cz1
r0008601,41459,cz3,cz1
r0008602,41462,cz3,cz1
r0008603,41464,cz3,cz1
r0008604,41466,cz3,cz1
r0008605,41468,cz3,cz1
r0008606,41470,cz3,cz1
r0008607,41473,cz3,cz1
r0008608,41475,cz3,cz1
r0008609,41477,cz3,cz1
r0008610,41479,cz3,cz1
r0008611,41481,cz3,cz1
r0008612,41483,cz3,cz1
r0008613,41486,cz3,cz1
r0008614,41488,cz3,cz1
r0008615,41490,cz3,cz1
r0008616,41492,cz3,cz1
r0008617,41494,cz3,cz1
r0008618,41496,cz3,cz1
r0008619,41499,cz3,cz1
r0008620,41501,cz3,cz1
r0008621,41503,cz3,cz1
r0008622,41505,cz3,cz1
r0008623,41507,cz3,cz1
r0008624,41510,cz3,cz1
r0008625,41512,cz3,cz1
r0008626,41514,cz3,cz1
r0008627,41516,cz3,cz1
r0008628,41518,cz3,cz1
r0008629,41520,cz3,cz1
r0008630,41523,cz3,cz1
r0008631,41525,cz3,cz1
r0008632,41527,cz3,cz1
r0008633,41529,cz3,cz1
r0008634,41531,cz3,cz1
r0008635,41534,cz3,cz1
r0008636,41536,cz3,cz1
r0008637,41538,cz3,cz1
r0008638,41540,cz3,cz1
r0008639,41542,cz3,cz1
r0008640,41544,cz3,cz1
r0008641,41547,cz3,cz1
r0008642,41549,cz3,cz1
r0008643,41551,cz3,cz1
r0008644,41553,cz3,cz1
r0008645,41555,cz3,cz1
r0008646,41557,cz3,cz1
r0008647,41560,cz3,cz1
r0008648,41562,cz3,cz1
r0008649,41564,cz3,cz1
r0008650,41566,cz3,cz1
r0008651,41568,cz3,cz1
r0008652,41571,cz3,cz1
r0008653,41573,cz3,cz1
r0008654,41575,cz3,cz1
r0008655,41577,cz3,cz1
r0008656,41579,cz3,cz1
r0008657,41581,cz3,cz1
r0008658,41584,cz3,cz1
r0008659,41586,cz3,cz1
r0008660,41588,cz3,cz1
r0008661,41590,cz3,cz1
r0008662,41592,cz3,cz1
r0008663,41595,cz3,cz1
r0008664,41597,cz3,cz1
r0008665,41599,cz3,cz1
r0008666,41601,cz3,cz1
r0008667,41603,cz3,cz1
r0008668,41605,cz3,cz1
r0008669,41608,cz3,cz1
r0008670,41610,cz3,cz1
r0008671,41612,cz3,cz1
r0008672,41614,cz3,cz1
r0008673,41616,cz3,cz1
r0008674,41619,cz3,cz1
r0008675,41621,cz3,cz1
r0008676,41623,cz3,cz1
r0008677,41625,cz3,cz1
r0008678,41627,cz3,cz1
r0008679,41629,cz3,cz1
r0008680,41632,cz3,cz1
r0008681,41634,cz3,cz1
r0008682,41636,cz3,cz1
r0008683,41638,cz3,cz1
r0008684,41640,cz3,cz1
r0008685,41642,cz3,cz1
r0008686,41645,cz3,cz1
r0008687,41647,cz3,cz1
r0008688,41649,cz3,cz1
r0008689,41651,cz3,cz1
r0008690,41653,cz3,cz1
r0008691,41656,cz3,cz1
r0008692,41658,cz3,cz1
r0008693,41660,cz3,cz1
r0008694,41662,cz3,cz1
r0008695,41664,cz3,cz1
r0008696,41666,cz3,cz1
r0008697,41669,cz3,cz1
r0008698,41671,cz3,cz1
r0008699,41673,cz3,cz1
r0008700,41675,cz3,cz1
r0008701,41677,cz3,cz1
r0008702,41680,cz3,cz1
r0008703,41682,cz3,cz1
r0008704,41684,cz3,cz1
r0008705,41686,cz3,cz1
r0008706,41688,cz3,cz1
r0008707,41690,cz3,cz1
r0008708,41693,cz3,cz1
r0008709,41695,cz3,cz1
r0008710,41697,cz3,cz1
r0008711,41699,cz3,cz1
r0008712,41701,cz3,cz1
r0008713,41703,cz3,cz1
r0008714,41706,cz3,cz1
r0008715,41708,cz3,cz1
r0008716,41710,cz3,cz1
r0008717,41712,cz3,cz1
r0008718,41714,cz3,cz1
r0008719,41717,cz3,cz1
r0008720,41719,cz3,cz1
r0008721,41721,cz3,cz1
r0008722,41723,cz3,cz1
r0008723,41725,cz3,cz1
r0008724,41727,cz3,cz2
r0008725,41730,cz3,cz2
r0008726,41732,cz3,cz2
r0008727,41734,cz3,cz2
r0008728,41736,cz3,cz2
r0008729,41738,cz3,cz2
r0008730,41741,cz3,cz2
r0008731,41743,cz3,cz2
r0008732,41745,cz3,cz2
r0008733,41747,cz3,cz2
r0008734,41749,cz3,cz2
r0008735,41751,cz3,cz2
r0008736,41754,cz3,cz2
r0008737,41756,cz3,cz2
r0008738,41758,cz3,cz2
r0008739,41760,cz3,cz2
r0008740,41762,cz3,cz2
r0008741,41765,cz3,cz2
r0008742,41767,cz3,cz2
r0008743,41769,cz3,cz2
r0008744,41771,cz3,cz2
r0008745,41773,cz3,cz2
r0008746,41775,cz3,cz2
r0008747,41778,cz3,cz2
r0008748,41780,cz3,cz2
r0008749,41782,cz3,cz2
r0008750,41784,cz3,cz2
r0008751,41786,cz3,cz2
r0008752,41788,cz3,cz2
r0008753,41791,cz3,cz2
r0008754,41793,cz3,cz2
r0008755,41795,cz3,cz2
r0008756,41797,cz3,cz2
r0008757,41799,cz3,cz2
r0008758,41802,cz3,cz2
r0008759,41804,cz3,cz2
r0008760,41806,cz3,cz2
r0008761,41808,cz3,cz2
r0008762,41810,cz3,cz2
r0008763,41812,cz3,cz2
r0008764,41815,cz3,cz2
r0008765,41817,cz3,cz2
r0008766,41819,cz3,cz2
r0008767,41821,cz3,cz2
r0008768,41823,cz3,cz2
r0008769,41826,cz3,cz2
r0008770,41828,cz3,cz2
r0008771,41830,cz3,cz2
r0008772,41832,cz3,cz2
r0008773,41834,cz3,cz2
r0008774,41836,cz3,cz2
r0008775,41839,cz3,cz2
r0008776,41841,cz3,cz2
r0008777,41843,cz3,cz2
r0008778,41845,cz3,cz2
r0008779,41847,cz3,cz2
r0008780,41850,cz3,cz2
r0008781,41852,cz3,cz2
r0008782,41854,cz3,cz2
r0008783,41856,cz3,cz2
r0008784,41858,cz3,cz2
r0008785,41860,cz3,cz2
r0008786,41863,cz3,cz2
r0008787,41865,cz3,cz2
r0008788,41867,cz3,cz2
r0008789,41869,cz3,cz2
r0008790,41871,cz3,cz2
r0008791,41873,cz3,cz2
r0008792,41876,cz3,cz2
r0008793,41878,cz3,cz2
r0008794,41880,cz3,cz2
r0008795,41882,cz3,cz2
r0008796,41884,cz3,cz2
r0008797,41887,cz3,cz2
r0008798,41889,cz3,cz2
r0008799,41891,cz3,cz2
r0008800,41893,cz3,cz2
r0008801,41895,cz3,cz2
r0008802,41897,cz3,cz2
r0008803,41900,cz3,cz2
r0008804,41902,cz3,cz2
r0008805,41904,cz3,cz2
r0008806,41906,cz3,cz2
r0008807,41908,cz3,cz2
r0008808,41911,cz3,cz2
r0008809,41913,cz3,cz2
r0008810,41915,cz3,cz2
r0008811,41917,cz3,cz2
r0008812,41919,cz3,cz2
r0008813,41921,cz3,cz2
r0008814,41924,cz3,cz2
r0008815,41926,cz3,cz2
r0008816,41928,cz3,cz2
r0008817,41930,cz3,cz2
r0008818,41932,cz3,cz2
r0008819,41934,cz3,cz2
r0008820,41937,cz3,cz3
r0008821,41939,cz3,cz3
r0008822,41941,cz3,cz3
r0008823,41943,cz3,cz3
r0008824,41945,cz3,cz3
r0008825,41948,cz3,cz3
r0008826,41950,cz3,cz3
r0008827,41952,cz3,cz3
r0008828,41954,cz3,cz3
r0008829,41956,cz3,cz3
r0008830,41958,cz3,cz3
r0008831,41961,cz3,cz3
r0008832,41963,cz3,cz3
r0008833,41965,cz3,cz3
r0008834,41967,cz3,cz3
r0008835,41969,cz3,cz3
r0008836,41972,cz3,cz3
r0008837,41974,cz3,cz3
r0008838,41976,cz3,cz3
r0008839,41978,cz3,cz3
r0008840,41980,cz3,cz3
r0008841,41982,cz3,cz3
r0008842,41985,cz3,cz3
r0008843,41987,cz3,cz3
r0008844,41989,cz3,cz3
r0008845,41991,cz3,cz3
r0008846,41993,cz3,cz3
r0008847,41996,cz3,cz3
r0008848,41998,cz3,cz3
r0008849,42000,cz3,cz3
r0008850,42002,cz3,cz3
r0008851,42004,cz3,cz3
r0008852,42006,cz3,cz3
r0008853,42009,cz3,cz3
r0008854,42011,cz3,cz3
r0008855,42013,cz3,cz3
r0008856,42015,cz3,cz3
r0008857,42017,cz3,cz3
r0008858,42019,cz3,cz3
r0008859,42022,cz3,cz3
r0008860,42024,cz3,cz3
r0008861,42026,cz3,cz3
r0008862,42028,cz3,cz3
r0008863,42030,cz3,cz3
r0008864,42033,cz3,cz3
r0008865,42035,cz3,cz3
r0008866,42037,cz3,cz3
r0008867,42039,cz3,cz3
r0008868,42041,cz3,cz3
r0008869,42043,cz3,cz3
r0008870,42046,cz3,cz3
r0008871,42048,cz3,cz3
r0008872,42050,cz3,cz3
r0008873,42052,cz3,cz3
r0008874,42054,cz3,cz3
r0008875,42057,cz3,cz3
r0008876,42059,cz3,cz3
r0008877,42061,cz3,cz3
r0008878,42063,cz3,cz3
r0008879,42065,cz3,cz3
r0008880,42067,cz3,cz3
r0008881,42070,cz3,cz3
r0008882,42072,cz3,cz3
r0008883,42074,cz3,cz3
r0008884,42076,cz3,cz3
r0008885,42078,cz3,cz3
r0008886,42080,cz3,cz3
r0008887,42083,cz3,cz3
r0008888,42085,cz3,cz3
r0008889,42087,cz3,cz3
r0008890,42089,cz3,cz3
r0008891,42091,cz3,cz3
r0008892,42094,cz3,cz3
r0008893,42096,cz3,cz3
r0008894,42098,cz3,cz3
r0008895,42100,cz3,cz3
r0008896,42102,cz3,cz3
r0008897,42104,cz3,cz3
r0008898,42107,cz3,cz3
r0008899,42109,cz3,cz3
r0008900,42111,cz3,cz3
r0008901,42113,cz3,cz3
r0008902,42115,cz3,cz3
r0008903,42118,cz3,cz3
r0008904,42120,cz3,cz3
r0008905,42122,cz3,cz3
r0008906,42124,cz3,cz3
r0008907,42126,cz3,cz3
r0008908,42128,cz3,cz3
r0008909,42131,cz3,cz3
r0008910,42133,cz3,cz3
r0008911,42135,cz3,cz3
r0008912,42137,cz3,cz3
r0008913,42139,cz3,cz3
r0008914,42142,cz3,cz3
r0008915,42144,cz3,cz3
r0008916,42146,cz3,cz3
r0008917,42148,cz3,cz3
r0008918,42150,cz3,cz3
r0008919,42152,cz3,cz3
r0008920,42155,cz3,cz3
r0008921,42157,cz3,cz3
r0008922,42159,cz3,cz3
r0008923,42161,cz3,cz3
r0008924,42163,cz3,cz3
r0008925,42165,cz3,cz3
r0008926,42168,cz3,cz3
r0008927,42170,cz3,cz3
r0008928,42172,cz3,cz3
r0008929,42174,cz3,cz3
r0008930,42176,cz3,cz3
r0008931,42179,cz3,cz3
r0008932,42181,cz3,cz3
r0008933,42183,cz3,cz3
r0008934,42185,cz3,cz3
r0008935,42187,cz3,cz3
r0008936,42189,cz3,cz3
r0008937,42192,cz3,cz3
r0008938,42194,cz3,cz3
r0008939,42196,cz3,cz3
r0008940,42198,cz3,cz3
r0008941,42200,cz3,cz3
r0008942,42203,cz3,cz3
r0008943,42205,cz3,cz3
r0008944,42207,cz3,cz3
r0008945,42209,cz3,cz3
r0008946,42211,cz3,cz3
r0008947,42213,cz3,cz3
r0008948,42216,cz3,cz3
r0008949,42218,cz3,cz3
r0008950,42220,cz3,cz3
r0008951,42222,cz3,cz3
r0008952,42224,cz3,cz3
r0008953,42226,cz3,cz3
r0008954,42229,cz3,cz3
r0008955,42231,cz3,cz3
r0008956,42233,cz3,cz3
r0008957,42235,cz3,cz3
r0008958,42237,cz3,cz3
r0008959,42240,cz3,cz3
r0008960,42242,cz3,cz3
r0008961,42244,cz3,cz3
r0008962,42246,cz3,cz3
r0008963,42248,cz3,cz3
r0008964,42250,cz3,cz3
r0008965,42253,cz3,cz4
r0008966,42255,cz3,cz4
r0008967,42257,cz3,cz4
r0008968,42259,cz3,cz4
r0008969,42261,cz3,cz4
r0008970,42264,cz3,cz4
r0008971,42266,cz3,cz4
r0008972,42268,cz3,cz4
r0008973,42270,cz3,cz4
r0008974,42272,cz3,cz4
r0008975,42274,cz3,cz4
r0008976,42277,cz3,cz4
r0008977,42279,cz3,cz4
r0008978,42281,cz3,cz4
r0008979,42283,cz3,cz4
r0008980,42285,cz3,cz4
r0008981,42288,cz3,cz4
r0008982,42290,cz3,cz4
r0008983,42292,cz3,cz4
r0008984,42294,cz3,cz4
r0008985,42296,cz3,cz4
r0008986,42298,cz3,cz4
r0008987,42301,cz3,cz4
r0008988,42303,cz3,cz4
r0008989,42305,cz3,cz4
r0008990,42307,cz3,cz4
r0008991,42309,cz3,cz4
r0008992,42311,cz3,cz4
r0008993,42314,cz3,cz4
r0008994,42316,cz3,cz4
r0008995,42318,cz3,cz4
r0008996,42320,cz3,cz4
r0008997,42322,cz3,cz4
r0008998,42325,cz3,cz4
r0008999,42327,cz3,cz4
r0009000,42329,cz3,cz4
r0009001,42331,cz3,cz4
r0009002,42333,cz3,cz4
r0009003,42335,cz3,cz4
r0009004,42338,cz3,cz4
r0009005,42340,cz3,cz4
r0009006,42342,cz3,cz4
r0009007,42344,cz3,cz4
r0009008,42346,cz3,cz4
r0009009,42349,cz3,cz4
r0009010,42351,cz3,cz4
r0009011,42353,cz3,cz4
r0009012,42355,cz3,cz4
r0009013,42357,cz3,cz4
r0009014,42359,cz3,cz4
r0009015,42362,cz3,cz4
r0009016,42364,cz3,cz4
r0009017,42366,cz3,cz4
r0009018,42368,cz3,cz4
r0009019,42370,cz3,cz4
r0009020,42373,cz3,cz4
r0009021,42375,cz3,cz4
r0009022,42377,cz3,cz4
r0009023,42379,cz3,cz4
r0009024,42381,cz3,cz4
r0009025,42383,cz3,cz4
r0009026,42386,cz3,cz4
r0009027,42388,cz3,cz4
r0009028,42390,cz3,cz4
r0009029,42392,cz3,cz4
r0009030,42394,cz3,cz4
r0009031,42396,cz3,cz4
r0009032,42399,cz3,cz4
r0009033,42401,cz3,cz4
r0009034,42403,cz3,cz4
r0009035,42405,cz3,cz4
r0009036,42407,cz3,cz4
r0009037,42410,cz3,cz4
r0009038,42412,cz3,cz4
r0009039,42414,cz3,cz4
r0009040,42416,cz3,cz4
r0009041,42418,cz3,cz4
r0009042,42420,cz3,cz4
r0009043,42423,cz3,cz4
r0009044,42425,cz3,cz4
r0009045,42427,cz3,cz4
r0009046,42429,cz3,cz4
r0009047,42431,cz3,cz4
r0009048,42434,cz3,cz4
r0009049,42436,cz3,cz4
r0009050,42438,cz3,cz4
r0009051,42440,cz3,cz4
r0009052,42442,cz3,cz4
r0009053,42444,cz3,cz4
r0009054,42447,cz3,cz4
r0009055,42449,cz3,cz4
r0009056,42451,cz3,cz4
r0009057,42453,cz3,cz4
r0009058,42455,cz3,cz4
r0009059,42457,cz3,cz4
r0009060,42460,cz3,cz4
r0009061,42462,cz3,cz4
r0009062,42464,cz4,cz1
r0009063,42466,cz4,cz1
r0009064,42468,cz4,cz1
r0009065,42471,cz4,cz1
r0009066,42473,cz4,cz1
r0009067,42475,cz4,cz1
r0009068,42477,cz4,cz1
r0009069,42479,cz4,cz1
r0009070,42481,cz4,cz1
r0009071,42484,cz4,cz1
r0009072,42486,cz4,cz1
r0009073,42488,cz4,cz1
r0009074,42490,cz4,cz1
r0009075,42492,cz4,cz1
r0009076,42495,cz4,cz1
r0009077,42497,cz4,cz1
r0009078,42499,cz4,cz1
r0009079,42501,cz4,cz1
r0009080,42503,cz4,cz1
r0009081,42505,cz4,cz1
r0009082,42508,cz4,cz1
r0009083,42510,cz4,cz1
r0009084,42512,cz4,cz1
r0009085,42514,cz4,cz1
r0009086,42516,cz4,cz1
r0009087,42519,cz4,cz1
r0009088,42521,cz4,cz1
r0009089,42523,cz4,cz1
r0009090,42525,cz4,cz1
r0009091,42527,cz4,cz1
r0009092,42529,cz4,cz1
r0009093,42532,cz4,cz1
r0009094,42534,cz4,cz1
r0009095,42536,cz4,cz1
r0009096,42538,cz4,cz1
r0009097,42540,cz4,cz1
r0009098,42542,cz4,cz1
r0009099,42545,cz4,cz1
r0009100,42547,cz4,cz1
r0009101,42549,cz4,cz1
r0009102,42551,cz4,cz1
r0009103,42553,cz4,cz1
r0009104,42556,cz4,cz1
r0009105,42558,cz4,cz1
r0009106,42560,cz4,cz1
r0009107,42562,cz4,cz1
r0009108,42564,cz4,cz1
r0009109,42566,cz4,cz1
r0009110,42569,cz4,cz1
r0009111,42571,cz4,cz1
r0009112,42573,cz4,cz1
r0009113,42575,cz4,cz1
r0009114,42577,cz4,cz1
r0009115,42580,cz4,cz1
r0009116,42582,cz4,cz1
r0009117,42584,cz4,cz1
r0009118,42586,cz4,cz1
r0009119,42588,cz4,cz1
r0009120,42590,cz4,cz1
r0009121,42593,cz4,cz1
r0009122,42595,cz4,cz1
r0009123,42597,cz4,cz1
r0009124,42599,cz4,cz1
r0009125,42601,cz4,cz1
r0009126,42603,cz4,cz1
r0009127,42606,cz4,cz1
r0009128,42608,cz4,cz1
r0009129,42610,cz4,cz1
r0009130,42612,cz4,cz1
r0009131,42614,cz4,cz1
r0009132,42617,cz4,cz1
r0009133,42619,cz4,cz1
r0009134,42621,cz4,cz1
r0009135,42623,cz4,cz1
r0009136,42625,cz4,cz1
r0009137,42627,cz4,cz1
r0009138,42630,cz4,cz1
r0009139,42632,cz4,cz1
r0009140,42634,cz4,cz1
r0009141,42636,cz4,cz1
r0009142,42638,cz4,cz1
r0009143,42641,cz4,cz1
r0009144,42643,cz4,cz1
r0009145,42645,cz4,cz1
r0009146,42647,cz4,cz1
r0009147,42649,cz4,cz1
r0009148,42651,cz4,cz1
r0009149,42654,cz4,cz1
r0009150,42656,cz4,cz1
r0009151,42658,cz4,cz1
r0009152,42660,cz4,cz1
r0009153,42662,cz4,cz1
r0009154,42665,cz4,cz1
r0009155,42667,cz4,cz1
r0009156,42669,cz4,cz1
r0009157,42671,cz4,cz1
r0009158,42673,cz4,cz2
r0009159,42675,cz4,cz2
r0009160,42678,cz4,cz2
r0009161,42680,cz4,cz2
r0009162,42682,cz4,cz2
r0009163,42684,cz4,cz2
r0009164,42686,cz4,cz2
r0009165,42688,cz4,cz2
r0009166,42691,cz4,cz2
r0009167,42693,cz4,cz2
r0009168,42695,cz4,cz2
r0009169,42697,cz4,cz2
r0009170,42699,cz4,cz2
r0009171,42702,cz4,cz2
r0009172,42704,cz4,cz2
r0009173,42706,cz4,cz2
r0009174,42708,cz4,cz2
r0009175,42710,cz4,cz2
r0009176,42712,cz4,cz2
r0009177,42715,cz4,cz2
r0009178,42717,cz4,cz2
r0009179,42719,cz4,cz2
r0009180,42721,cz4,cz2
r0009181,42723,cz4,cz2
r0009182,42726,cz4,cz2
r0009183,42728,cz4,cz2
r0009184,42730,cz4,cz2
r0009185,42732,cz4,cz2
r0009186,42734,cz4,cz2
r0009187,42736,cz4,cz2
r0009188,42739,cz4,cz2
r0009189,42741,cz4,cz2
r0009190,42743,cz4,cz2
r0009191,42745,cz4,cz2
r0009192,42747,cz4,cz2
r0009193,42750,cz4,cz2
r0009194,42752,cz4,cz2
r0009195,42754,cz4,cz2
r0009196,42756,cz4,cz2
r0009197,42758,cz4,cz2
r0009198,42760,cz4,cz2
r0009199,42763,cz4,cz2
r0009200,42765,cz4,cz2
r0009201,42767,cz4,cz2
r0009202,42769,cz4,cz2
r0009203,42771,cz4,cz2
r0009204,42773,cz4,cz2
r0009205,42776,cz4,cz2
r0009206,42778,cz4,cz2
r0009207,42780,cz4,cz2
r0009208,42782,cz4,cz2
r0009209,42784,cz4,cz2
r0009210,42787,cz4,cz2
r0009211,42789,cz4,cz2
r0009212,42791,cz4,cz2
r0009213,42793,cz4,cz2
r0009214,42795,cz4,cz2
r0009215,42797,cz4,cz2
r0009216,42800,cz4,cz2
r0009217,42802,cz4,cz2
r0009218,42804,cz4,cz2
r0009219,42806,cz4,cz2
r0009220,42808,cz4,cz2
r0009221,42811,cz4,cz2
r0009222,42813,cz4,cz2
r0009223,42815,cz4,cz2
r0009224,42817,cz4,cz2
r0009225,42819,cz4,cz2
r0009226,42821,cz4,cz2
r0009227,42824,cz4,cz2
r0009228,42826,cz4,cz2
r0009229,42828,cz4,cz2
r0009230,42830,cz4,cz3
r0009231,42832,cz4,cz3
r0009232,42834,cz4,cz3
r0009233,42837,cz4,cz3
r0009234,42839,cz4,cz3
r0009235,42841,cz4,cz3
r0009236,42843,cz4,cz3
r0009237,42845,cz4,cz3
r0009238,42848,cz4,cz3
r0009239,42850,cz4,cz3
r0009240,42852,cz4,cz3
r0009241,42854,cz4,cz3
r0009242,42856,cz4,cz3
r0009243,42858,cz4,cz3
r0009244,42861,cz4,cz3
r0009245,42863,cz4,cz3
r0009246,42865,cz4,cz3
r0009247,42867,cz4,cz3
r0009248,42869,cz4,cz3
r0009249,42872,cz4,cz3
r0009250,42874,cz4,cz3
r0009251,42876,cz4,cz3
r0009252,42878,cz4,cz3
r0009253,42880,cz4,cz3
r0009254,42882,cz4,cz3
r0009255,42885,cz4,cz3
r0009256,42887,cz4,cz3
r0009257,42889,cz4,cz3
r0009258,42891,cz4,cz3
r0009259,42893,cz4,cz3
r0009260,42896,cz4,cz3
r0009261,42898,cz4,cz3
r0009262,42900,cz4,cz3
r0009263,42902,cz4,cz3
r0009264,42904,cz4,cz3
r0009265,42906,cz4,cz3
r0009266,42909,cz4,cz3
r0009267,42911,cz4,cz3
r0009268,42913,cz4,cz3
r0009269,42915,cz4,cz3
r0009270,42917,cz4,cz3
r0009271,42919,cz4,cz3
r0009272,42922,cz4,cz3
r0009273,42924,cz4,cz3
r0009274,42926,cz4,cz3
r0009275,42928,cz4,cz3
r0009276,42930,cz4,cz3
r0009277,42933,cz4,cz3
r0009278,42935,cz4,cz3
r0009279,42937,cz4,cz3
r0009280,42939,cz4,cz3
r0009281,42941,cz4,cz3
r0009282,42943,cz4,cz3
r0009283,42946,cz4,cz3
r0009284,42948,cz4,cz3
r0009285,42950,cz4,cz3
r0009286,42952,cz4,cz3
r0009287,42954,cz4,cz3
r0009288,42957,cz4,cz3
r0009289,42959,cz4,cz3
r0009290,42961,cz4,cz3
r0009291,42963,cz4,cz3
r0009292,42965,cz4,cz3
r0009293,42967,cz4,cz3
r0009294,42970,cz4,cz3
r0009295,42972,cz4,cz3
r0009296,42974,cz4,cz3
r0009297,42976,cz4,cz3
r0009298,42978,cz4,cz3
r0009299,42980,cz4,cz3
r0009300,42983,cz4,cz3
r0009301,42985,cz4,cz3
r0009302,42987,cz4,cz3
r0009303,42989,cz4,cz3
r0009304,42991,cz4,cz3
r0009305,42994,cz4,cz3
r0009306,42996,cz4,cz3
r0009307,42998,cz4,cz3
r0009308,43000,cz4,cz3
r0009309,43002,cz4,cz3
r0009310,43004,cz4,cz3
r0009311,43007,cz4,cz3
r0009312,43009,cz4,cz3
r0009313,43011,cz4,cz3
r0009314,43013,cz4,cz3
r0009315,43015,cz4,cz3
r0009316,43018,cz4,cz3
r0009317,43020,cz4,cz3
r0009318,43022,cz4,cz3
r0009319,43024,cz4,cz3
r0009320,43026,cz4,cz3
r0009321,43028,cz4,cz3
r0009322,43031,cz4,cz3
r0009323,43033,cz4,cz3
r0009324,43035,cz4,cz3
r0009325,43037,cz4,cz3
r0009326,43039,cz4,cz3
r0009327,43042,cz4,cz3
r0009328,43044,cz4,cz3
r0009329,43046,cz4,cz3
r0009330,43048,cz4,cz3
r0009331,43050,cz4,cz4
r0009332,43052,cz4,cz4
r0009333,43055,cz4,cz4
r0009334,43057,cz4,cz4
r0009335,43059,cz4,cz4
r0009336,43061,cz4,cz4
r0009337,43063,cz4,cz4
r0009338,43065,cz4,cz4
r0009339,43068,cz4,cz4
r0009340,43070,cz4,cz4
r0009341,43072,cz4,cz4
r0009342,43074,cz4,cz4
r0009343,43076,cz4,cz4
r0009344,43079,cz4,cz4
r0009345,43081,cz4,cz4
r0009346,43083,cz4,cz4
r0009347,43085,cz4,cz4
r0009348,43087,cz4,cz4
r0009349,43089,cz4,cz4
r0009350,43092,cz4,cz4
r0009351,43094,cz4,cz4
r0009352,43096,cz4,cz4
r0009353,43098,cz4,cz4
r0009354,43100,cz4,cz4
r0009355,43103,cz4,cz4
r0009356,43105,cz4,cz4
r0009357,43107,cz4,cz4
r0009358,43109,cz4,cz4
r0009359,43111,cz4,cz4
r0009360,43113,cz4,cz4
r0009361,43116,cz4,cz4
r0009362,43118,cz4,cz4
r0009363,43120,cz4,cz4
r0009364,43122,cz4,cz4
r0009365,43124,cz4,cz4
r0009366,43126,cz4,cz4
r0009367,43129,cz4,cz4
r0009368,43131,cz4,cz4
r0009369,43133,cz4,cz4
r0009370,43135,cz4,cz4
r0009371,43137,cz4,cz4
r0009372,43140,cz4,cz4
r0009373,43142,cz4,cz4
r0009374,43144,cz4,cz4
r0009375,43146,cz4,cz4
r0009376,43148,cz4,cz4
r0009377,43150,cz4,cz4
r0009378,43153,cz4,cz4
r0009379,43155,cz4,cz4
r0009380,43157,cz4,cz4
r0009381,43159,cz4,cz4
r0009382,43161,cz4,cz4
r0009383,43164,cz4,cz4
r0009384,43166,cz4,cz4
r0009385,43168,cz4,cz4
r0009386,43170,cz4,cz4
r0009387,43172,cz4,cz4
r0009388,43174,cz4,cz4
r0009389,43177,cz4,cz4
r0009390,43179,cz4,cz4
r0009391,43181,cz4,cz4
r0009392,43183,cz4,cz4
r0009393,43185,cz4,cz4
r0009394,43188,cz4,cz4
r0009395,43190,cz4,cz4
r0009396,43192,cz4,cz4
r0009397,43194,cz4,cz4
r0009398,43196,cz4,cz4
r0009399,43198,cz4,cz4
r0009400,43201,cz1,cz1
r0009401,43203,cz1,cz1
r0009402,43205,cz1,cz1
r0009403,43207,cz1,cz1
r0009404,43209,cz1,cz1
r0009405,43211,cz1,cz1
r0009406,43213,cz1,cz1
r0009407,43215,cz1,cz1
r0009408,43217,cz1,cz1
r0009409,43220,cz1,cz1
r0009410,43222,cz1,cz1
r0009411,43224,cz1,cz1
r0009412,43226,cz1,cz1
r0009413,43228,cz1,cz1
r0009414,43230,cz1,cz1
r0009415,43232,cz1,cz1
r0009416,43234,cz1,cz1
r0009417,43236,cz1,cz1
r0009418,43238,cz1,cz1
r0009419,43241,cz1,cz1
r0009420,43243,cz1,cz1
r0009421,43245,cz1,cz1
r0009422,43247,cz1,cz1
r0009423,43249,cz1,cz1
r0009424,43251,cz1,cz1
r0009425,43253,cz1,cz1
r0009426,43255,cz1,cz1
r0009427,43257,cz1,cz1
r0009428,43260,cz1,cz1
r0009429,43262,cz1,cz1
r0009430,43264,cz1,cz1
r0009431,43266,cz1,cz1
r0009432,43268,cz1,cz1
r0009433,43270,cz1,cz1
r0009434,43272,cz1,cz1
r0009435,43274,cz1,cz1
r0009436,43276,cz1,cz1
r0009437,43278,cz1,cz1
r0009438,43281,cz1,cz1
r0009439,43283,cz1,cz1
r0009440,43285,cz1,cz1
r0009441,43287,cz1,cz1
r0009442,43289,cz1,cz1
r0009443,43291,cz1,cz1
r0009444,43293,cz1,cz1
r0009445,43295,cz1,cz1
r0009446,43297,cz1,cz1
r0009447,43300,cz1,cz1
r0009448,43302,cz1,cz1
r0009449,43304,cz1,cz1
r0009450,43306,cz1,cz1
r0009451,43308,cz1,cz1
r0009452,43310,cz1,cz1
r0009453,43312,cz1,cz1
r0009454,43314,cz1,cz1
r0009455,43316,cz1,cz1
r0009456,43318,cz1,cz1
r0009457,43321,cz1,cz1
r0009458,43323,cz1,cz1
r0009459,43325,cz1,cz1
r0009460,43327,cz1,cz1
r0009461,43329,cz1,cz1
r0009462,43331,cz1,cz1
r0009463,43333,cz1,cz1
r0009464,43335,cz1,cz1
r0009465,43337,cz1,cz1
r0009466,43340,cz1,cz1
r0009467,43342,cz1,cz1
r0009468,43344,cz1,cz1
r0009469,43346,cz1,cz1
r0009470,43348,cz1,cz1
r0009471,43350,cz1,cz1
r0009472,43352,cz1,cz1
r0009473,43354,cz1,cz1
r0009474,43356,cz1,cz1
r0009475,43358,cz1,cz1
r0009476,43361,cz1,cz1
r0009477,43363,cz1,cz1
r0009478,43365,cz1,cz1
r0009479,43367,cz1,cz1
r0009480,43369,cz1,cz1
r0009481,43371,cz1,cz1
r0009482,43373,cz1,cz1
r0009483,43375,cz1,cz1
r0009484,43377,cz1,cz1
r0009485,43380,cz1,cz1
r0009486,43382,cz1,cz1
r0009487,43384,cz1,cz1
r0009488,43386,cz1,cz1
r0009489,43388,cz1,cz1
r0009490,43390,cz1,cz1
r0009491,43392,cz1,cz1
r0009492,43394,cz1,cz1
r0009493,43396,cz1,cz1
r0009494,43398,cz1,cz1
r0009495,43401,cz1,cz1
r0009496,43403,cz1,cz1
r0009497,43405,cz1,cz1
r0009498,43407,cz1,cz1
r0009499,43409,cz1,cz1
r0009500,43411,cz1,cz1
r0009501,43413,cz1,cz1
r0009502,43415,cz1,cz1
r0009503,43417,cz1,cz1
r0009504,43420,cz1,cz1
r0009505,43422,cz1,cz1
r0009506,43424,cz1,cz1
r0009507,43426,cz1,cz1
r0009508,43428,cz1,cz1
r0009509,43430,cz1,cz1
r0009510,43432,cz1,cz1
r0009511,43434,cz1,cz1
r0009512,43436,cz1,cz1
r0009513,43438,cz1,cz1
r0009514,43441,cz1,cz1
r0009515,43443,cz1,cz1
r0009516,43445,cz1,cz1
r0009517,43447,cz1,cz1
r0009518,43449,cz1,cz1
r0009519,43451,cz1,cz1
r0009520,43453,cz1,cz1
r0009521,43455,cz1,cz1
r0009522,43457,cz1,cz1
r0009523,43460,cz1,cz1
r0009524,43462,cz1,cz1
r0009525,43464,cz1,cz1
r0009526,43466,cz1,cz1
r0009527,43468,cz1,cz1
r0009528,43470,cz1,cz1
r0009529,43472,cz1,cz1
r0009530,43474,cz1,cz1
r0009531,43476,cz1,cz1
r0009532,43478,cz1,cz1
r0009533,43481,cz1,cz1
r0009534,43483,cz1,cz1
r0009535,43485,cz1,cz1
r0009536,43487,cz1,cz1
r0009537,43489,cz1,cz2
r0009538,43491,cz1,cz2
r0009539,43493,cz1,cz2
r0009540,43495,cz1,cz2
r0009541,43497,cz1,cz2
r0009542,43500,cz1,cz2
r0009543,43502,cz1,cz2
r0009544,43504,cz1,cz2
r0009545,43506,cz1,cz2
r0009546,43508,cz1,cz2
r0009547,43510,cz1,cz2
r0009548,43512,cz1,cz2
r0009549,43514,cz1,cz2
r0009550,43516,cz1,cz2
r0009551,43518,cz1,cz2
r0009552,43521,cz1,cz2
r0009553,43523,cz1,cz2
r0009554,43525,cz1,cz2
r0009555,43527,cz1,cz2
r0009556,43529,cz1,cz2
r0009557,43531,cz1,cz2
r0009558,43533,cz1,cz2
r0009559,43535,cz1,cz2
r0009560,43537,cz1,cz2
r0009561,43540,cz1,cz2
r0009562,43542,cz1,cz2
r0009563,43544,cz1,cz2
r0009564,43546,cz1,cz2
r0009565,43548,cz1,cz2
r0009566,43550,cz1,cz2
r0009567,43552,cz1,cz2
r0009568,43554,cz1,cz2
r0009569,43556,cz1,cz2
r0009570,43558,cz1,cz2
r0009571,43561,cz1,cz2
r0009572,43563,cz1,cz2
r0009573,43565,cz1,cz2
r0009574,43567,cz1,cz2
r0009575,43569,cz1,cz2
r0009576,43571,cz1,cz2
r0009577,43573,cz1,cz2
r0009578,43575,cz1,cz2
r0009579,43577,cz1,cz2
r0009580,43580,cz1,cz2
r0009581,43582,cz1,cz2
r0009582,43584,cz1,cz2
r0009583,43586,cz1,cz2
r0009584,43588,cz1,cz2
r0009585,43590,cz1,cz2
r0009586,43592,cz1,cz2
r0009587,43594,cz1,cz2
r0009588,43596,cz1,cz2
r0009589,43598,cz1,cz2
r0009590,43601,cz1,cz2
r0009591,43603,cz1,cz2
r0009592,43605,cz1,cz2
r0009593,43607,cz1,cz2
r0009594,43609,cz1,cz2
r0009595,43611,cz1,cz2
r0009596,43613,cz1,cz2
r0009597,43615,cz1,cz2
r0009598,43617,cz1,cz2
r0009599,43620,cz1,cz2
r0009600,43622,cz1,cz2
r0009601,43624,cz1,cz2
r0009602,43626,cz1,cz2
r0009603,43628,cz1,cz2
r0009604,43630,cz1,cz2
r0009605,43632,cz1,cz2
r0009606,43634,cz1,cz2
r0009607,43636,cz1,cz2
r0009608,43638,cz1,cz2
r0009609,43641,cz1,cz2
r0009610,43643,cz1,cz2
r0009611,43645,cz1,cz2
r0009612,43647,cz1,cz2
r0009613,43649,cz1,cz2
r0009614,43651,cz1,cz2
r0009615,43653,cz1,cz2
r0009616,43655,cz1,cz2
r0009617,43657,cz1,cz2
r0009618,43659,cz1,cz2
r0009619,43662,cz1,cz2
r0009620,43664,cz1,cz2
r0009621,43666,cz1,cz2
r0009622,43668,cz1,cz2
r0009623,43670,cz1,cz2
r0009624,43672,cz1,cz2
r0009625,43674,cz1,cz2
r0009626,43676,cz1,cz2
r0009627,43678,cz1,cz2
r0009628,43681,cz1,cz2
r0009629,43683,cz1,cz2
r0009630,43685,cz1,cz2
r0009631,43687,cz1,cz2
r0009632,43689,cz1,cz2
r0009633,43691,cz1,cz2
r0009634,43693,cz1,cz2
r0009635,43695,cz1,cz2
r0009636,43697,cz1,cz2
r0009637,43700,cz1,cz2
r0009638,43702,cz1,cz2
r0009639,43704,cz1,cz2
r0009640,43706,cz1,cz2
r0009641,43708,cz1,cz2
r0009642,43710,cz1,cz3
r0009643,43712,cz1,cz3
r0009644,43714,cz1,cz3
r0009645,43716,cz1,cz3
r0009646,43718,cz1,cz3
r0009647,43721,cz1,cz3
r0009648,43723,cz1,cz3
r0009649,43725,cz1,cz3
r0009650,43727,cz1,cz3
r0009651,43729,cz1,cz3
r0009652,43731,cz1,cz3
r0009653,43733,cz1,cz3
r0009654,43735,cz1,cz3
r0009655,43737,cz1,cz3
r0009656,43740,cz1,cz3
r0009657,43742,cz1,cz3
r0009658,43744,cz1,cz3
r0009659,43746,cz1,cz3
r0009660,43748,cz1,cz3
r0009661,43750,cz1,cz3
r0009662,43752,cz1,cz3
r0009663,43754,cz1,cz3
r0009664,43756,cz1,cz3
r0009665,43758,cz1,cz3
r0009666,43761,cz1,cz3
r0009667,43763,cz1,cz3
r0009668,43765,cz1,cz3
r0009669,43767,cz1,cz3
r0009670,43769,cz1,cz3
r0009671,43771,cz1,cz3
r0009672,43773,cz1,cz3
r0009673,43775,cz1,cz3
r0009674,43777,cz1,cz3
r0009675,43780,cz1,cz3
r0009676,43782,cz1,cz3
r0009677,43784,cz1,cz3
r0009678,43786,cz1,cz3
r0009679,43788,cz1,cz3
r0009680,43790,cz1,cz3
r0009681,43792,cz1,cz3
r0009682,43794,cz1,cz3
r0009683,43796,cz1,cz3
r0009684,43798,cz1,cz3
r0009685,43801,cz1,cz3
r0009686,43803,cz1,cz3
r0009687,43805,cz1,cz3
r0009688,43807,cz1,cz3
r0009689,43809,cz1,cz3
r0009690,43811,cz1,cz3
r0009691,43813,cz1,cz3
r0009692,43815,cz1,cz3
r0009693,43817,cz1,cz3
r0009694,43820,cz1,cz3
r0009695,43822,cz1,cz3
r0009696,43824,cz1,cz3
r0009697,43826,cz1,cz3
r0009698,43828,cz1,cz3
r0009699,43830,cz1,cz3
r0009700,43832,cz1,cz3
r0009701,43834,cz1,cz3
r0009702,43836,cz1,cz3
r0009703,43838,cz1,cz3
r0009704,43841,cz1,cz3
r0009705,43843,cz1,cz3
r0009706,43845,cz1,cz3
r0009707,43847,cz1,cz3
r0009708,43849,cz1,cz3
r0009709,43851,cz1,cz3
r0009710,43853,cz1,cz3
r0009711,43855,cz1,cz3
r0009712,43857,cz1,cz3
r0009713,43860,cz1,cz3
r0009714,43862,cz1,cz3
r0009715,43864,cz1,cz3
r0009716,43866,cz1,cz3
r0009717,43868,cz1,cz3
r0009718,43870,cz1,cz3
r0009719,43872,cz1,cz3
r0009720,43874,cz1,cz3
r0009721,43876,cz1,cz3
r0009722,43878,cz1,cz3
r0009723,43881,cz1,cz3
r0009724,43883,cz1,cz3
r0009725,43885,cz1,cz3
r0009726,43887,cz1,cz3
r0009727,43889,cz1,cz3
r0009728,43891,cz1,cz3
r0009729,43893,cz1,cz3
r0009730,43895,cz1,cz3
r0009731,43897,cz1,cz3
r0009732,43900,cz1,cz3
r0009733,43902,cz1,cz3
r0009734,43904,cz1,cz3
r0009735,43906,cz1,cz3
r0009736,43908,cz1,cz3
r0009737,43910,cz1,cz3
r0009738,43912,cz1,cz3
r0009739,43914,cz1,cz3
r0009740,43916,cz1,cz3
r0009741,43918,cz1,cz3
r0009742,43921,cz1,cz3
r0009743,43923,cz1,cz3
r0009744,43925,cz1,cz3
r0009745,43927,cz1,cz3
r0009746,43929,cz1,cz3
r0009747,43931,cz1,cz3
r0009748,43933,cz1,cz3
r0009749,43935,cz1,cz3
r0009750,43937,cz1,cz3
r0009751,43940,cz1,cz3
r0009752,43942,cz1,cz3
r0009753,43944,cz1,cz3
r0009754,43946,cz1,cz3
r0009755,43948,cz1,cz3
r0009756,43950,cz1,cz3
r0009757,43952,cz1,cz3
r0009758,43954,cz1,cz3
r0009759,43956,cz1,cz3
r0009760,43958,cz1,cz3
r0009761,43961,cz1,cz3
r0009762,43963,cz1,cz3
r0009763,43965,cz1,cz3
r0009764,43967,cz1,cz3
r0009765,43969,cz1,cz3
r0009766,43971,cz1,cz3
r0009767,43973,cz1,cz3
r0009768,43975,cz1,cz3
r0009769,43977,cz1,cz3
r0009770,43980,cz1,cz3
r0009771,43982,cz1,cz3
r0009772,43984,cz1,cz3
r0009773,43986,cz1,cz3
r0009774,43988,cz1,cz3
r0009775,43990,cz1,cz3
r0009776,43992,cz1,cz3
r0009777,43994,cz1,cz3
r0009778,43996,cz1,cz3
r0009779,43998,cz1,cz3
r0009780,44001,cz1,cz3
r0009781,44003,cz1,cz3
r0009782,44005,cz1,cz3
r0009783,44007,cz1,cz3
r0009784,44009,cz1,cz3
r0009785,44011,cz1,cz4
r0009786,44013,cz1,cz4
r0009787,44015,cz1,cz4
r0009788,44017,cz1,cz4
r0009789,44020,cz1,cz4
r0009790,44022,cz1,cz4
r0009791,44024,cz1,cz4
r0009792,44026,cz1,cz4
r0009793,44028,cz1,cz4
r0009794,44030,cz1,cz4
r0009795,44032,cz1,cz4
r0009796,44034,cz1,cz4
r0009797,44036,cz1,cz4
r0009798,44038,cz1,cz4
r0009799,44041,cz1,cz4
r0009800,44043,cz1,cz4
r0009801,44045,cz1,cz4
r0009802,44047,cz1,cz4
r0009803,44049,cz1,cz4
r0009804,44051,cz1,cz4
r0009805,44053,cz1,cz4
r0009806,44055,cz1,cz4
r0009807,44057,cz1,cz4
r0009808,44060,cz1,cz4
r0009809,44062,cz1,cz4
r0009810,44064,cz1,cz4
r0009811,44066,cz1,cz4
r0009812,44068,cz1,cz4
r0009813,44070,cz1,cz4
r0009814,44072,cz1,cz4
r0009815,44074,cz1,cz4
r0009816,44076,cz1,cz4
r0009817,44078,cz1,cz4
r0009818,44081,cz1,cz4
r0009819,44083,cz1,cz4
r0009820,44085,cz1,cz4
r0009821,44087,cz1,cz4
r0009822,44089,cz1,cz4
r0009823,44091,cz1,cz4
r0009824,44093,cz1,cz4
r0009825,44095,cz1,cz4
r0009826,44097,cz1,cz4
r0009827,44100,cz1,cz4
r0009828,44102,cz1,cz4
r0009829,44104,cz1,cz4
r0009830,44106,cz1,cz4
r0009831,44108,cz1,cz4
r0009832,44110,cz1,cz4
r0009833,44112,cz1,cz4
r0009834,44114,cz1,cz4
r0009835,44116,cz1,cz4
r0009836,44118,cz1,cz4
r0009837,44121,cz1,cz4
r0009838,44123,cz1,cz4
r0009839,44125,cz1,cz4
r0009840,44127,cz1,cz4
r0009841,44129,cz1,cz4
r0009842,44131,cz1,cz4
r0009843,44133,cz1,cz4
r0009844,44135,cz1,cz4
r0009845,44137,cz1,cz4
r0009846,44140,cz1,cz4
r0009847,44142,cz1,cz4
r0009848,44144,cz1,cz4
r0009849,44146,cz1,cz4
r0009850,44148,cz1,cz4
r0009851,44150,cz1,cz4
r0009852,44152,cz1,cz4
r0009853,44154,cz1,cz4
r0009854,44156,cz1,cz4
r0009855,44158,cz1,cz4
r0009856,44161,cz1,cz4
r0009857,44163,cz1,cz4
r0009858,44165,cz1,cz4
r0009859,44167,cz1,cz4
r0009860,44169,cz1,cz4
r0009861,44171,cz1,cz4
r0009862,44173,cz1,cz4
r0009863,44175,cz1,cz4
r0009864,44177,cz1,cz4
r0009865,44179,cz1,cz4
r0009866,44182,cz1,cz4
r0009867,44184,cz1,cz4
r0009868,44186,cz1,cz4
r0009869,44188,cz1,cz4
r0009870,44190,cz1,cz4
r0009871,44192,cz1,cz4
r0009872,44194,cz1,cz4
r0009873,44196,cz1,cz4
r0009874,44198,cz1,cz4
r0009875,44201,cz1,cz4
r0009876,44203,cz1,cz4
r0009877,44205,cz1,cz4
r0009878,44207,cz1,cz4
r0009879,44209,cz1,cz4
r0009880,44211,cz1,cz4
r0009881,44213,cz1,cz4
r0009882,44215,cz2,cz1
r0009883,44217,cz2,cz1
r0009884,44220,cz2,cz1
r0009885,44222,cz2,cz1
r0009886,44224,cz2,cz1
r0009887,44226,cz2,cz1
r0009888,44228,cz2,cz1
r0009889,44230,cz2,cz1
r0009890,44232,cz2,cz1
r0009891,44234,cz2,cz1
r0009892,44236,cz2,cz1
r0009893,44238,cz2,cz1
r0009894,44241,cz2,cz1
r0009895,44243,cz2,cz1
r0009896,44245,cz2,cz1
r0009897,44247,cz2,cz1
r0009898,44249,cz2,cz1
r0009899,44251,cz2,cz1
r0009900,44253,cz2,cz1
r0009901,44255,cz2,cz1
r0009902,44257,cz2,cz1
r0009903,44260,cz2,cz1
r0009904,44262,cz2,cz1
r0009905,44264,cz2,cz1
r0009906,44266,cz2,cz1
r0009907,44268,cz2,cz1
r0009908,44270,cz2,cz1
r0009909,44272,cz2,cz1
r0009910,44274,cz2,cz1
r0009911,44276,cz2,cz1
r0009912,44278,cz2,cz1
r0009913,44281,cz2,cz1
r0009914,44283,cz2,cz1
r0009915,44285,cz2,cz1
r0009916,44287,cz2,cz1
r0009917,44289,cz2,cz1
r0009918,44291,cz2,cz1
r0009919,44293,cz2,cz1
r0009920,44295,cz2,cz1
r0009921,44297,cz2,cz1
r0009922,44300,cz2,cz1
r0009923,44302,cz2,cz1
r0009924,44304,cz2,cz1
r0009925,44306,cz2,cz1
r0009926,44308,cz2,cz1
r0009927,44310,cz2,cz1
r0009928,44312,cz2,cz1
r0009929,44314,cz2,cz1
r0009930,44316,cz2,cz1
r0009931,44318,cz2,cz1
r0009932,44321,cz2,cz1
r0009933,44323,cz2,cz1
r0009934,44325,cz2,cz1
r0009935,44327,cz2,cz1
r0009936,44329,cz2,cz1
r0009937,44331,cz2,cz1
r0009938,44333,cz2,cz1
r0009939,44335,cz2,cz1
r0009940,44337,cz2,cz1
r0009941,44340,cz2,cz1
r0009942,44342,cz2,cz1
r0009943,44344,cz2,cz1
r0009944,44346,cz2,cz1
r0009945,44348,cz2,cz1
r0009946,44350,cz2,cz1
r0009947,44352,cz2,cz1
r0009948,44354,cz2,cz1
r0009949,44356,cz2,cz1
r0009950,44358,cz2,cz1
r0009951,44361,cz2,cz1
r0009952,44363,cz2,cz1
r0009953,44365,cz2,cz1
r0009954,44367,cz2,cz1
r0009955,44369,cz2,cz1
r0009956,44371,cz2,cz1
r0009957,44373,cz2,cz1
r0009958,44375,cz2,cz1
r0009959,44377,cz2,cz1
r0009960,44380,cz2,cz1
r0009961,44382,cz2,cz1
r0009962,44384,cz2,cz1
r0009963,44386,cz2,cz1
r0009964,44388,cz2,cz1
r0009965,44390,cz2,cz1
r0009966,44392,cz2,cz1
r0009967,44394,cz2,cz1
r0009968,44396,cz2,cz1
r0009969,44398,cz2,cz1
r0009970,44401,cz2,cz1
r0009971,44403,cz2,cz1
r0009972,44405,cz2,cz1
r0009973,44407,cz2,cz1
r0009974,44409,cz2,cz1
r0009975,44411,cz2,cz1
r0009976,44413,cz2,cz1
r0009977,44415,cz2,cz1
r0009978,44417,cz2,cz1
r0009979,44420,cz2,cz1
r0009980,44422,cz2,cz1
r0009981,44424,cz2,cz1
r0009982,44426,cz2,cz1
r0009983,44428,cz2,cz1
r0009984,44430,cz2,cz1
r0009985,44432,cz2,cz1
r0009986,44434,cz2,cz1
r0009987,44436,cz2,cz1
r0009988,44438,cz2,cz1
r0009989,44441,cz2,cz2
r0009990,44443,cz2,cz2
r0009991,44445,cz2,cz2
r0009992,44447,cz2,cz2
r0009993,44449,cz2,cz2
r0009994,44451,cz2,cz2
r0009995,44453,cz2,cz2
r0009996,44455,cz2,cz2
r0009997,44457,cz2,cz2
r0009998,44460,cz2,cz2
r0009999,44462,cz2,cz2
r0010000,44464,cz2,cz2
r0010001,44466,cz2,cz2
r0010002,44468,cz2,cz2
r0010003,44470,cz2,cz2
r0010004,44472,cz2,cz2
r0010005,44474,cz2,cz2
r0010006,44476,cz2,cz2
r0010007,44478,cz2,cz2
r0010008,44481,cz2,cz2
r0010009,44483,cz2,cz2
r0010010,44485,cz2,cz2
r0010011,44487,cz2,cz2
r0010012,44489,cz2,cz2
r0010013,44491,cz2,cz2
r0010014,44493,cz2,cz2
r0010015,44495,cz2,cz2
r0010016,44497,cz2,cz2
r0010017,44500,cz2,cz2
r0010018,44502,cz2,cz2
r0010019,44504,cz2,cz2
r0010020,44506,cz2,cz2
r0010021,44508,cz2,cz2
r0010022,44510,cz2,cz2
r0010023,44512,cz2,cz2
r0010024,44514,cz2,cz2
r0010025,44516,cz2,cz2
r0010026,44518,cz2,cz2
r0010027,44521,cz2,cz2
r0010028,44523,cz2,cz2
r0010029,44525,cz2,cz2
r0010030,44527,cz2,cz2
r0010031,44529,cz2,cz2
r0010032,44531,cz2,cz2
r0010033,44533,cz2,cz2
r0010034,44535,cz2,cz2
r0010035,44537,cz2,cz2
r0010036,44540,cz2,cz2
r0010037,44542,cz2,cz2
r0010038,44544,cz2,cz2
r0010039,44546,cz2,cz2
r0010040,44548,cz2,cz2
r0010041,44550,cz2,cz2
r0010042,44552,cz2,cz2
r0010043,44554,cz2,cz2
r0010044,44556,cz2,cz2
r0010045,44558,cz2,cz2
r0010046,44561,cz2,cz2
r0010047,44563,cz2,cz2
r0010048,44565,cz2,cz2
r0010049,44567,cz2,cz2
r0010050,44569,cz2,cz2
r0010051,44571,cz2,cz2
r0010052,44573,cz2,cz2
r0010053,44575,cz2,cz2
r0010054,44577,cz2,cz2
r0010055,44580,cz2,cz2
r0010056,44582,cz2,cz2
r0010057,44584,cz2,cz2
r0010058,44586,cz2,cz2
r0010059,44588,cz2,cz2
r0010060,44590,cz2,cz2
r0010061,44592,cz2,cz2
r0010062,44594,cz2,cz2
r0010063,44596,cz2,cz2
r0010064,44598,cz2,cz2
r0010065,44601,cz2,cz2
r0010066,44603,cz2,cz2
r0010067,44605,cz2,cz2
r0010068,44607,cz2,cz2
r0010069,44609,cz2,cz2
r0010070,44611,cz2,cz2
r0010071,44613,cz2,cz2
r0010072,44615,cz2,cz2
r0010073,44617,cz2,cz2
r0010074,44620,cz2,cz2
r0010075,44622,cz2,cz2
r0010076,44624,cz2,cz2
r0010077,44626,cz2,cz2
r0010078,44628,cz2,cz2
r0010079,44630,cz2,cz2
r0010080,44632,cz2,cz2
r0010081,44634,cz2,cz2
r0010082,44636,cz2,cz2
r0010083,44638,cz2,cz2
r0010084,44641,cz2,cz2
r0010085,44643,cz2,cz2
r0010086,44645,cz2,cz2
r0010087,44647,cz2,cz2
r0010088,44649,cz2,cz2
r0010089,44651,cz2,cz2
r0010090,44653,cz2,cz2
r0010091,44655,cz2,cz2
r0010092,44657,cz2,cz3
r0010093,44660,cz2,cz3
r0010094,44662,cz2,cz3
r0010095,44664,cz2,cz3
r0010096,44666,cz2,cz3
r0010097,44668,cz2,cz3
r0010098,44670,cz2,cz3
r0010099,44672,cz2,cz3
r0010100,44674,cz2,cz3
r0010101,44676,cz2,cz3
r0010102,44678,cz2,cz3
r0010103,44681,cz2,cz3
r0010104,44683,cz2,cz3
r0010105,44685,cz2,cz3
r0010106,44687,cz2,cz3
r0010107,44689,cz2,cz3
r0010108,44691,cz2,cz3
r0010109,44693,cz2,cz3
r0010110,44695,cz2,cz3
r0010111,44697,cz2,cz3
r0010112,44700,cz2,cz3
r0010113,44702,cz2,cz3
r0010114,44704,cz2,cz3
r0010115,44706,cz2,cz3
r0010116,44708,cz2,cz3
r0010117,44710,cz2,cz3
r0010118,44712,cz2,cz3
r0010119,44714,cz2,cz3
r0010120,44716,cz2,cz3
r0010121,44718,cz2,cz3
r0010122,44721,cz2,cz3
r0010123,44723,cz2,cz3
r0010124,44725,cz2,cz3
r0010125,44727,cz2,cz3
r0010126,44729,cz2,cz3
r0010127,44731,cz2,cz3
r0010128,44733,cz2,cz3
r0010129,44735,cz2,cz3
r0010130,44737,cz2,cz3
r0010131,44740,cz2,cz3
r0010132,44742,cz2,cz3
r0010133,44744,cz2,cz3
r0010134,44746,cz2,cz3
r0010135,44748,cz2,cz3
r0010136,44750,cz2,cz3
r0010137,44752,cz2,cz3
r0010138,44754,cz2,cz3
r0010139,44756,cz2,cz3
r0010140,44758,cz2,cz3
r0010141,44761,cz2,cz3
r0010142,44763,cz2,cz3
r0010143,44765,cz2,cz3
r0010144,44767,cz2,cz3
r0010145,44769,cz2,cz3
r0010146,44771,cz2,cz3
r0010147,44773,cz2,cz3
r0010148,44775,cz2,cz3
r0010149,44777,cz2,cz3
r0010150,44780,cz2,cz3
r0010151,44782,cz2,cz3
r0010152,44784,cz2,cz3
r0010153,44786,cz2,cz3
r0010154,44788,cz2,cz3
r0010155,44790,cz2,cz3
r0010156,44792,cz2,cz3
r0010157,44794,cz2,cz3
r0010158,44796,cz2,cz3
r0010159,44798,cz2,cz3
r0010160,44801,cz2,cz3
r0010161,44803,cz2,cz3
r0010162,44805,cz2,cz3
r0010163,44807,cz2,cz3
r0010164,44809,cz2,cz3
r0010165,44811,cz2,cz3
r0010166,44813,cz2,cz3
r0010167,44815,cz2,cz3
r0010168,44817,cz2,cz3
r0010169,44820,cz2,cz3
r0010170,44822,cz2,cz3
r0010171,44824,cz2,cz3
r0010172,44826,cz2,cz3
r0010173,44828,cz2,cz3
r0010174,44830,cz2,cz3
r0010175,44832,cz2,cz3
r0010176,44834,cz2,cz3
r0010177,44836,cz2,cz3
r0010178,44838,cz2,cz3
r0010179,44841,cz2,cz3
r0010180,44843,cz2,cz3
r0010181,44845,cz2,cz3
r0010182,44847,cz2,cz3
r0010183,44849,cz2,cz3
r0010184,44851,cz2,cz3
r0010185,44853,cz2,cz3
r0010186,44855,cz2,cz3
r0010187,44857,cz2,cz3
r0010188,44860,cz2,cz3
r0010189,44862,cz2,cz3
r0010190,44864,cz2,cz3
r0010191,44866,cz2,cz3
r0010192,44868,cz2,cz3
r0010193,44870,cz2,cz3
r0010194,44872,cz2,cz3
r0010195,44874,cz2,cz4
r0010196,44876,cz2,cz4
r0010197,44878,cz2,cz4
r0010198,44881,cz2,cz4
r0010199,44883,cz2,cz4
r0010200,44885,cz2,cz4
r0010201,44887,cz2,cz4
r0010202,44889,cz2,cz4
r0010203,44891,cz2,cz4
r0010204,44893,cz2,cz4
r0010205,44895,cz2,cz4
r0010206,44897,cz2,cz4
r0010207,44900,cz2,cz4
r0010208,44902,cz2,cz4
r0010209,44904,cz2,cz4
r0010210,44906,cz2,cz4
r0010211,44908,cz2,cz4
r0010212,44910,cz2,cz4
r0010213,44912,cz2,cz4
r0010214,44914,cz2,cz4
r0010215,44916,cz2,cz4
r0010216,44918,cz2,cz4
r0010217,44921,cz2,cz4
r0010218,44923,cz2,cz4
r0010219,44925,cz2,cz4
r0010220,44927,cz2,cz4
r0010221,44929,cz2,cz4
r0010222,44931,cz2,cz4
r0010223,44933,cz2,cz4
r0010224,44935,cz2,cz4
r0010225,44937,cz2,cz4
r0010226,44940,cz2,cz4
r0010227,44942,cz2,cz4
r0010228,44944,cz2,cz4
r0010229,44946,cz2,cz4
r0010230,44948,cz2,cz4
r0010231,44950,cz2,cz4
r0010232,44952,cz2,cz4
r0010233,44954,cz2,cz4
r0010234,44956,cz2,cz4
r0010235,44958,cz2,cz4
r0010236,44961,cz2,cz4
r0010237,44963,cz2,cz4
r0010238,44965,cz2,cz4
r0010239,44967,cz2,cz4
r0010240,44969,cz2,cz4
r0010241,44971,cz2,cz4
r0010242,44973,cz2,cz4
r0010243,44975,cz2,cz4
r0010244,44977,cz2,cz4
r0010245,44980,cz2,cz4
r0010246,44982,cz2,cz4
r0010247,44984,cz2,cz4
r0010248,44986,cz2,cz4
r0010249,44988,cz2,cz4
r0010250,44990,cz2,cz4
r0010251,44992,cz2,cz4
r0010252,44994,cz2,cz4
r0010253,44996,cz2,cz4
r0010254,44998,cz2,cz4
r0010255,45001,cz2,cz4
r0010256,45003,cz2,cz4
r0010257,45005,cz2,cz4
r0010258,45007,cz2,cz4
r0010259,45009,cz2,cz4
r0010260,45011,cz2,cz4
r0010261,45013,cz2,cz4
r0010262,45015,cz2,cz4
r0010263,45017,cz2,cz4
r0010264,45020,cz2,cz4
r0010265,45022,cz2,cz4
r0010266,45024,cz2,cz4
r0010267,45026,cz2,cz4
r0010268,45028,cz2,cz4
r0010269,45030,cz2,cz4
r0010270,45032,cz3,cz1
r0010271,45034,cz3,cz1
r0010272,45036,cz3,cz1
r0010273,45038,cz3,cz1
r0010274,45041,cz3,cz1
r0010275,45043,cz3,cz1
r0010276,45045,cz3,cz1
r0010277,45047,cz3,cz1
r0010278,45049,cz3,cz1
r0010279,45051,cz3,cz1
r0010280,45053,cz3,cz1
r0010281,45055,cz3,cz1
r0010282,45057,cz3,cz1
r0010283,45060,cz3,cz1
r0010284,45062,cz3,cz1
r0010285,45064,cz3,cz1
r0010286,45066,cz3,cz1
r0010287,45068,cz3,cz1
r0010288,45070,cz3,cz1
r0010289,45072,cz3,cz1
r0010290,45074,cz3,cz1
r0010291,45076,cz3,cz1
r0010292,45078,cz3,cz1
r0010293,45081,cz3,cz1
r0010294,45083,cz3,cz1
r0010295,45085,cz3,cz1
r0010296,45087,cz3,cz1
r0010297,45089,cz3,cz1
r0010298,45091,cz3,cz1
r0010299,45093,cz3,cz1
r0010300,45095,cz3,cz1
r0010301,45097,cz3,cz1
r0010302,45100,cz3,cz1
r0010303,45102,cz3,cz1
r0010304,45104,cz3,cz1
r0010305,45106,cz3,cz1
r0010306,45108,cz3,cz1
r0010307,45110,cz3,cz1
r0010308,45112,cz3,cz1
r0010309,45114,cz3,cz1
r0010310,45116,cz3,cz1
r0010311,45118,cz3,cz1
r0010312,45121,cz3,cz1
r0010313,45123,cz3,cz1
r0010314,45125,cz3,cz1
r0010315,45127,cz3,cz1
r0010316,45129,cz3,cz1
r0010317,45131,cz3,cz1
r0010318,45133,cz3,cz1
r0010319,45135,cz3,cz1
r0010320,45137,cz3,cz1
r0010321,45140,cz3,cz1
r0010322,45142,cz3,cz1
r0010323,45144,cz3,cz1
r0010324,45146,cz3,cz1
r0010325,45148,cz3,cz1
r0010326,45150,cz3,cz1
r0010327,45152,cz3,cz1
r0010328,45154,cz3,cz1
r0010329,45156,cz3,cz1
r0010330,45158,cz3,cz1
r0010331,45161,cz3,cz1
r0010332,45163,cz3,cz1
r0010333,45165,cz3,cz1
r0010334,45167,cz3,cz1
r0010335,45169,cz3,cz1
r0010336,45171,cz3,cz1
r0010337,45173,cz3,cz1
r0010338,45175,cz3,cz1
r0010339,45177,cz3,cz1
r0010340,45180,cz3,cz1
r0010341,45182,cz3,cz1
r0010342,45184,cz3,cz1
r0010343,45186,cz3,cz1
r0010344,45188,cz3,cz1
r0010345,45190,cz3,cz1
r0010346,45192,cz3,cz1
r0010347,45194,cz3,cz1
r0010348,45196,cz3,cz1
r0010349,45198,cz3,cz1
r0010350,45201,cz3,cz1
r0010351,45203,cz3,cz1
r0010352,45205,cz3,cz1
r0010353,45207,cz3,cz1
r0010354,45209,cz3,cz1
r0010355,45211,cz3,cz1
r0010356,45213,cz3,cz1
r0010357,45215,cz3,cz1
r0010358,45217,cz3,cz1
r0010359,45220,cz3,cz1
r0010360,45222,cz3,cz1
r0010361,45224,cz3,cz1
r0010362,45226,cz3,cz1
r0010363,45228,cz3,cz1
r0010364,45230,cz3,cz1
r0010365,45232,cz3,cz1
r0010366,45234,cz3,cz1
r0010367,45236,cz3,cz1
r0010368,45238,cz3,cz1
r0010369,45241,cz3,cz1
r0010370,45243,cz3,cz1
r0010371,45245,cz3,cz1
r0010372,45247,cz3,cz1
r0010373,45249,cz3,cz1
r0010374,45251,cz3,cz1
r0010375,45253,cz3,cz1
r0010376,45255,cz3,cz1
r0010377,45257,cz3,cz1
r0010378,45260,cz3,cz1
r0010379,45262,cz3,cz1
r0010380,45264,cz3,cz1
r0010381,45266,cz3,cz1
r0010382,45268,cz3,cz1
r0010383,45270,cz3,cz1
r0010384,45272,cz3,cz1
r0010385,45274,cz3,cz1
r0010386,45276,cz3,cz1
r0010387,45278,cz3,cz1
r0010388,45281,cz3,cz1
r0010389,45283,cz3,cz1
r0010390,45285,cz3,cz1
r0010391,45287,cz3,cz1
r0010392,45289,cz3,cz1
r0010393,45291,cz3,cz1
r0010394,45293,cz3,cz1
r0010395,45295,cz3,cz1
r0010396,45297,cz3,cz1
r0010397,45300,cz3,cz1
r0010398,45302,cz3,cz1
r0010399,45304,cz3,cz1
r0010400,45306,cz3,cz1
r0010401,45308,cz3,cz1
r0010402,45310,cz3,cz1
r0010403,45312,cz3,cz1
r0010404,45314,cz3,cz1
r0010405,45316,cz3,cz1
r0010406,45318,cz3,cz1
r0010407,45321,cz3,cz1
r0010408,45323,cz3,cz1
r0010409,45325,cz3,cz1
r0010410,45327,cz3,cz2
r0010411,45329,cz3,cz2
r0010412,45331,cz3,cz2
r0010413,45333,cz3,cz2
r0010414,45335,cz3,cz2
r0010415,45337,cz3,cz2
r0010416,45340,cz3,cz2
r0010417,45342,cz3,cz2
r0010418,45344,cz3,cz2
r0010419,45346,cz3,cz2
r0010420,45348,cz3,cz2
r0010421,45350,cz3,cz2
r0010422,45352,cz3,cz2
r0010423,45354,cz3,cz2
r0010424,45356,cz3,cz2
r0010425,45358,cz3,cz2
r0010426,45361,cz3,cz2
r0010427,45363,cz3,cz2
r0010428,45365,cz3,cz2
r0010429,45367,cz3,cz2
r0010430,45369,cz3,cz2
r0010431,45371,cz3,cz2
r0010432,45373,cz3,cz2
r0010433,45375,cz3,cz2
r0010434,45377,cz3,cz2
r0010435,45380,cz3,cz2
r0010436,45382,cz3,cz2
r0010437,45384,cz3,cz2
r0010438,45386,cz3,cz2
r0010439,45388,cz3,cz2
r0010440,45390,cz3,cz2
r0010441,45392,cz3,cz2
r0010442,45394,cz3,cz2
r0010443,45396,cz3,cz2
r0010444,45398,cz3,cz2
r0010445,45401,cz3,cz2
r0010446,45403,cz3,cz2
r0010447,45405,cz3,cz2
r0010448,45407,cz3,cz2
r0010449,45409,cz3,cz2
r0010450,45411,cz3,cz2
r0010451,45413,cz3,cz2
r0010452,45415,cz3,cz2
r0010453,45417,cz3,cz2
r0010454,45420,cz3,cz2
r0010455,45422,cz3,cz2
r0010456,45424,cz3,cz2
r0010457,45426,cz3,cz2
r0010458,45428,cz3,cz2
r0010459,45430,cz3,cz2
r0010460,45432,cz3,cz2
r0010461,45434,cz3,cz2
r0010462,45436,cz3,cz2
r0010463,45438,cz3,cz2
r0010464,45441,cz3,cz2
r0010465,45443,cz3,cz2
r0010466,45445,cz3,cz2
r0010467,45447,cz3,cz2
r0010468,45449,cz3,cz2
r0010469,45451,cz3,cz2
r0010470,45453,cz3,cz2
r0010471,45455,cz3,cz2
r0010472,45457,cz3,cz2
r0010473,45460,cz3,cz2
r0010474,45462,cz3,cz2
r0010475,45464,cz3,cz2
r0010476,45466,cz3,cz2
r0010477,45468,cz3,cz2
r0010478,45470,cz3,cz2
r0010479,45472,cz3,cz2
r0010480,45474,cz3,cz2
r0010481,45476,cz3,cz2
r0010482,45478,cz3,cz2
r0010483,45481,cz3,cz2
r0010484,45483,cz3,cz2
r0010485,45485,cz3,cz2
r0010486,45487,cz3,cz2
r0010487,45489,cz3,cz2
r0010488,45491,cz3,cz2
r0010489,45493,cz3,cz2
r0010490,45495,cz3,cz2
r0010491,45497,cz3,cz2
r0010492,45500,cz3,cz2
r0010493,45502,cz3,cz2
r0010494,45504,cz3,cz2
r0010495,45506,cz3,cz2
r0010496,45508,cz3,cz2
r0010497,45510,cz3,cz2
r0010498,45512,cz3,cz2
r0010499,45514,cz3,cz2
r0010500,45516,cz3,cz2
r0010501,45518,cz3,cz2
r0010502,45521,cz3,cz2
r0010503,45523,cz3,cz2
r0010504,45525,cz3,cz2
r0010505,45527,cz3,cz2
r0010506,45529,cz3,cz2
r0010507,45531,cz3,cz2
r0010508,45533,cz3,cz2
r0010509,45535,cz3,cz2
r0010510,45537,cz3,cz3
r0010511,45540,cz3,cz3
r0010512,45542,cz3,cz3
r0010513,45544,cz3,cz3
r0010514,45546,cz3,cz3
r0010515,45548,cz3,cz3
r0010516,45550,cz3,cz3
r0010517,45552,cz3,cz3
r0010518,45554,cz3,cz3
r0010519,45556,cz3,cz3
r0010520,45558,cz3,cz3
r0010521,45561,cz3,cz3
r0010522,45563,cz3,cz3
r0010523,45565,cz3,cz3
r0010524,45567,cz3,cz3
r0010525,45569,cz3,cz3
r0010526,45571,cz3,cz3
r0010527,45573,cz3,cz3
r0010528,45575,cz3,cz3
r0010529,45577,cz3,cz3
r0010530,45580,cz3,cz3
r0010531,45582,cz3,cz3
r0010532,45584,cz3,cz3
r0010533,45586,cz3,cz3
r0010534,45588,cz3,cz3
r0010535,45590,cz3,cz3
r0010536,45592,cz3,cz3
r0010537,45594,cz3,cz3
r0010538,45596,cz3,cz3
r0010539,45598,cz3,cz3
r0010540,45601,cz3,cz3
r0010541,45603,cz3,cz3
r0010542,45605,cz3,cz3
r0010543,45607,cz3,cz3
r0010544,45609,cz3,cz3
r0010545,45611,cz3,cz3
r0010546,45613,cz3,cz3
r0010547,45615,cz3,cz3
r0010548,45617,cz3,cz3
r0010549,45620,cz3,cz3
r0010550,45622,cz3,cz3
r0010551,45624,cz3,cz3
r0010552,45626,cz3,cz3
r0010553,45628,cz3,cz3
r0010554,45630,cz3,cz3
r0010555,45632,cz3,cz3
r0010556,45634,cz3,cz3
r0010557,45636,cz3,cz3
r0010558,45638,cz3,cz3
r0010559,45641,cz3,cz3
r0010560,45643,cz3,cz3
r0010561,45645,cz3,cz3
r0010562,45647,cz3,cz3
r0010563,45649,cz3,cz3
r0010564,45651,cz3,cz3
r0010565,45653,cz3,cz3
r0010566,45655,cz3,cz3
r0010567,45657,cz3,cz3
r0010568,45660,cz3,cz3
r0010569,45662,cz3,cz3
r0010570,45664,cz3,cz3
r0010571,45666,cz3,cz3
r0010572,45668,cz3,cz3
r0010573,45670,cz3,cz3
r0010574,45672,cz3,cz3
r0010575,45674,cz3,cz3
r0010576,45676,cz3,cz3
r0010577,45678,cz3,cz3
r0010578,45681,cz3,cz3
r0010579,45683,cz3,cz3
r0010580,45685,cz3,cz3
r0010581,45687,cz3,cz3
r0010582,45689,cz3,cz3
r0010583,45691,cz3,cz3
r0010584,45693,cz3,cz3
r0010585,45695,cz3,cz3
r0010586,45697,cz3,cz3
r0010587,45700,cz3,cz3
r0010588,45702,cz3,cz3
r0010589,45704,cz3,cz3
r0010590,45706,cz3,cz3
r0010591,45708,cz3,cz3
r0010592,45710,cz3,cz3
r0010593,45712,cz3,cz3
r0010594,45714,cz3,cz3
r0010595,45716,cz3,cz3
r0010596,45718,cz3,cz3
r0010597,45721,cz3,cz3
r0010598,45723,cz3,cz3
r0010599,45725,cz3,cz3
r0010600,45727,cz3,cz3
r0010601,45729,cz3,cz3
r0010602,45731,cz3,cz3
r0010603,45733,cz3,cz3
r0010604,45735,cz3,cz3
r0010605,45737,cz3,cz3
r0010606,45740,cz3,cz3
r0010607,45742,cz3,cz3
r0010608,45744,cz3,cz3
r0010609,45746,cz3,cz3
r0010610,45748,cz3,cz3
r0010611,45750,cz3,cz3
r0010612,45752,cz3,cz3
r0010613,45754,cz3,cz3
r0010614,45756,cz3,cz3
r0010615,45758,cz3,cz3
r0010616,45761,cz3,cz3
r0010617,45763,cz3,cz3
r0010618,45765,cz3,cz3
r0010619,45767,cz3,cz3
r0010620,45769,cz3,cz3
r0010621,45771,cz3,cz3
r0010622,45773,cz3,cz3
r0010623,45775,cz3,cz3
r0010624,45777,cz3,cz3
r0010625,45780,cz3,cz3
r0010626,45782,cz3,cz3
r0010627,45784,cz3,cz3
r0010628,45786,cz3,cz3
r0010629,45788,cz3,cz3
r0010630,45790,cz3,cz3
r0010631,45792,cz3,cz3
r0010632,45794,cz3,cz3
r0010633,45796,cz3,cz3
r0010634,45798,cz3,cz3
r0010635,45801,cz3,cz3
r0010636,45803,cz3,cz3
r0010637,45805,cz3,cz3
r0010638,45807,cz3,cz3
r0010639,45809,cz3,cz3
r0010640,45811,cz3,cz3
r0010641,45813,cz3,cz3
r0010642,45815,cz3,cz3
r0010643,45817,cz3,cz3
r0010644,45820,cz3,cz3
r0010645,45822,cz3,cz3
r0010646,45824,cz3,cz3
r0010647,45826,cz3,cz3
r0010648,45828,cz3,cz3
r0010649,45830,cz3,cz3
r0010650,45832,cz3,cz3
r0010651,45834,cz3,cz3
r0010652,45836,cz3,cz3
r0010653,45838,cz3,cz3
r0010654,45841,cz3,cz3
r0010655,45843,cz3,cz3
r0010656,45845,cz3,cz3
r0010657,45847,cz3,cz3
r0010658,45849,cz3,cz3
r0010659,45851,cz3,cz3
r0010660,45853,cz3,cz4
r0010661,45855,cz3,cz4
r0010662,45857,cz3,cz4
r0010663,45860,cz3,cz4
r0010664,45862,cz3,cz4
r0010665,45864,cz3,cz4
r0010666,45866,cz3,cz4
r0010667,45868,cz3,cz4
r0010668,45870,cz3,cz4
r0010669,45872,cz3,cz4
r0010670,45874,cz3,cz4
r0010671,45876,cz3,cz4
r0010672,45878,cz3,cz4
r0010673,45881,cz3,cz4
r0010674,45883,cz3,cz4
r0010675,45885,cz3,cz4
r0010676,45887,cz3,cz4
r0010677,45889,cz3,cz4
r0010678,45891,cz3,cz4
r0010679,45893,cz3,cz4
r0010680,45895,cz3,cz4
r0010681,45897,cz3,cz4
r0010682,45900,cz3,cz4
r0010683,45902,cz3,cz4
r0010684,45904,cz3,cz4
r0010685,45906,cz3,cz4
r0010686,45908,cz3,cz4
r0010687,45910,cz3,cz4
r0010688,45912,cz3,cz4
r0010689,45914,cz3,cz4
r0010690,45916,cz3,cz4
r0010691,45918,cz3,cz4
r0010692,45921,cz3,cz4
r0010693,45923,cz3,cz4
r0010694,45925,cz3,cz4
r0010695,45927,cz3,cz4
r0010696,45929,cz3,cz4
r0010697,45931,cz3,cz4
r0010698,45933,cz3,cz4
r0010699,45935,cz3,cz4
r0010700,45937,cz3,cz4
r0010701,45940,cz3,cz4
r0010702,45942,cz3,cz4
r0010703,45944,cz3,cz4
r0010704,45946,cz3,cz4
r0010705,45948,cz3,cz4
r0010706,45950,cz3,cz4
r0010707,45952,cz3,cz4
r0010708,45954,cz3,cz4
r0010709,45956,cz3,cz4
r0010710,45958,cz3,cz4
r0010711,45961,cz3,cz4
r0010712,45963,cz3,cz4
r0010713,45965,cz3,cz4
r0010714,45967,cz3,cz4
r0010715,45969,cz3,cz4
r0010716,45971,cz3,cz4
r0010717,45973,cz3,cz4
r0010718,45975,cz3,cz4
r0010719,45977,cz3,cz4
r0010720,45980,cz3,cz4
r0010721,45982,cz3,cz4
r0010722,45984,cz3,cz4
r0010723,45986,cz3,cz4
r0010724,45988,cz3,cz4
r0010725,45990,cz3,cz4
r0010726,45992,cz3,cz4
r0010727,45994,cz3,cz4
r0010728,45996,cz3,cz4
r0010729,45998,cz3,cz4
r0010730,46001,cz3,cz4
r0010731,46003,cz3,cz4
r0010732,46005,cz3,cz4
r0010733,46007,cz3,cz4
r0010734,46009,cz3,cz4
r0010735,46011,cz3,cz4
r0010736,46013,cz3,cz4
r0010737,46015,cz3,cz4
r0010738,46017,cz3,cz4
r0010739,46020,cz3,cz4
r0010740,46022,cz3,cz4
r0010741,46024,cz3,cz4
r0010742,46026,cz3,cz4
r0010743,46028,cz3,cz4
r0010744,46030,cz3,cz4
r0010745,46032,cz3,cz4
r0010746,46034,cz3,cz4
r0010747,46036,cz3,cz4
r0010748,46038,cz3,cz4
r0010749,46041,cz3,cz4
r0010750,46043,cz3,cz4
r0010751,46045,cz3,cz4
r0010752,46047,cz3,cz4
r0010753,46049,cz3,cz4
r0010754,46051,cz3,cz4
r0010755,46053,cz3,cz4
r0010756,46055,cz3,cz4
r0010757,46057,cz3,cz4
r0010758,46060,cz3,cz4
r0010759,46062,cz3,cz4
r0010760,46064,cz3,cz4
r0010761,46066,cz4,cz1
r0010762,46068,cz4,cz1
r0010763,46070,cz4,cz1
r0010764,46072,cz4,cz1
r0010765,46074,cz4,cz1
r0010766,46076,cz4,cz1
r0010767,46078,cz4,cz1
r0010768,46081,cz4,cz1
r0010769,46083,cz4,cz1
r0010770,46085,cz4,cz1
r0010771,46087,cz4,cz1
r0010772,46089,cz4,cz1
r0010773,46091,cz4,cz1
r0010774,46093,cz4,cz1
r0010775,46095,cz4,cz1
r0010776,46097,cz4,cz1
r0010777,46100,cz4,cz1
r0010778,46102,cz4,cz1
r0010779,46104,cz4,cz1
r0010780,46106,cz4,cz1
r0010781,46108,cz4,cz1
r0010782,46110,cz4,cz1
r0010783,46112,cz4,cz1
r0010784,46114,cz4,cz1
r0010785,46116,cz4,cz1
r0010786,46118,cz4,cz1
r0010787,46121,cz4,cz1
r0010788,46123,cz4,cz1
r0010789,46125,cz4,cz1
r0010790,46127,cz4,cz1
r0010791,46129,cz4,cz1
r0010792,46131,cz4,cz1
r0010793,46133,cz4,cz1
r0010794,46135,cz4,cz1
r0010795,46137,cz4,cz1
r0010796,46140,cz4,cz1
r0010797,46142,cz4,cz1
r0010798,46144,cz4,cz1
r0010799,46146,cz4,cz1
r0010800,46148,cz4,cz1
r0010801,46150,cz4,cz1
r0010802,46152,cz4,cz1
r0010803,46154,cz4,cz1
r0010804,46156,cz4,cz1
r0010805,46158,cz4,cz1
r0010806,46161,cz4,cz1
r0010807,46163,cz4,cz1
r0010808,46165,cz4,cz1
r0010809,46167,cz4,cz1
r0010810,46169,cz4,cz1
r0010811,46171,cz4,cz1
r0010812,46173,cz4,cz1
r0010813,46175,cz4,cz1
r0010814,46177,cz4,cz1
r0010815,46180,cz4,cz1
r0010816,46182,cz4,cz1
r0010817,46184,cz4,cz1
r0010818,46186,cz4,cz1
r0010819,46188,cz4,cz1
r0010820,46190,cz4,cz1
r0010821,46192,cz4,cz1
r0010822,46194,cz4,cz1
r0010823,46196,cz4,cz1
r0010824,46198,cz4,cz1
r0010825,46201,cz4,cz1
r0010826,46203,cz4,cz1
r0010827,46205,cz4,cz1
r0010828,46207,cz4,cz1
r0010829,46209,cz4,cz1
r0010830,46211,cz4,cz1
r0010831,46213,cz4,cz1
r0010832,46215,cz4,cz1
r0010833,46217,cz4,cz1
r0010834,46220,cz4,cz1
r0010835,46222,cz4,cz1
r0010836,46224,cz4,cz1
r0010837,46226,cz4,cz1
r0010838,46228,cz4,cz1
r0010839,46230,cz4,cz1
r0010840,46232,cz4,cz1
r0010841,46234,cz4,cz1
r0010842,46236,cz4,cz1
r0010843,46238,cz4,cz1
r0010844,46241,cz4,cz1
r0010845,46243,cz4,cz1
r0010846,46245,cz4,cz1
r0010847,46247,cz4,cz1
r0010848,46249,cz4,cz1
r0010849,46251,cz4,cz1
r0010850,46253,cz4,cz1
r0010851,46255,cz4,cz1
r0010852,46257,cz4,cz1
r0010853,46260,cz4,cz1
r0010854,46262,cz4,cz1
r0010855,46264,cz4,cz1
r0010856,46266,cz4,cz1
r0010857,46268,cz4,cz1
r0010858,46270,cz4,cz1
r0010859,46272,cz4,cz1
r0010860,46274,cz4,cz2
r0010861,46276,cz4,cz2
r0010862,46278,cz4,cz2
r0010863,46281,cz4,cz2
r0010864,46283,cz4,cz2
r0010865,46285,cz4,cz2
r0010866,46287,cz4,cz2
r0010867,46289,cz4,cz2
r0010868,46291,cz4,cz2
r0010869,46293,cz4,cz2
r0010870,46295,cz4,cz2
r0010871,46297,cz4,cz2
r0010872,46300,cz4,cz2
r0010873,46302,cz4,cz2
r0010874,46304,cz4,cz2
r0010875,46306,cz4,cz2
r0010876,46308,cz4,cz2
r0010877,46310,cz4,cz2
r0010878,46312,cz4,cz2
r0010879,46314,cz4,cz2
r0010880,46316,cz4,cz2
r0010881,46318,cz4,cz2
r0010882,46321,cz4,cz2
r0010883,46323,cz4,cz2
r0010884,46325,cz4,cz2
r0010885,46327,cz4,cz2
r0010886,46329,cz4,cz2
r0010887,46331,cz4,cz2
r0010888,46333,cz4,cz2
r0010889,46335,cz4,cz2
r0010890,46337,cz4,cz2
r0010891,46340,cz4,cz2
r0010892,46342,cz4,cz2
r0010893,46344,cz4,cz2
r0010894,46346,cz4,cz2
r0010895,46348,cz4,cz2
r0010896,46350,cz4,cz2
r0010897,46352,cz4,cz2
r0010898,46354,cz4,cz2
r0010899,46356,cz4,cz2
r0010900,46358,cz4,cz2
r0010901,46361,cz4,cz2
r0010902,46363,cz4,cz2
r0010903,46365,cz4,cz2
r0010904,46367,cz4,cz2
r0010905,46369,cz4,cz2
r0010906,46371,cz4,cz2
r0010907,46373,cz4,cz2
r0010908,46375,cz4,cz2
r0010909,46377,cz4,cz2
r0010910,46380,cz4,cz2
r0010911,46382,cz4,cz2
r0010912,46384,cz4,cz2
r0010913,46386,cz4,cz2
r0010914,46388,cz4,cz2
r0010915,46390,cz4,cz2
r0010916,46392,cz4,cz2
r0010917,46394,cz4,cz2
r0010918,46396,cz4,cz2
r0010919,46398,cz4,cz2
r0010920,46401,cz4,cz2
r0010921,46403,cz4,cz2
r0010922,46405,cz4,cz2
r0010923,46407,cz4,cz2
r0010924,46409,cz4,cz2
r0010925,46411,cz4,cz2
r0010926,46413,cz4,cz2
r0010927,46415,cz4,cz2
r0010928,46417,cz4,cz2
r0010929,46420,cz4,cz2
r0010930,46422,cz4,cz2
r0010931,46424,cz4,cz2
r0010932,46426,cz4,cz2
r0010933,46428,cz4,cz2
r0010934,46430,cz4,cz2
r0010935,46432,cz4,cz3
r0010936,46434,cz4,cz3
r0010937,46436,cz4,cz3
r0010938,46438,cz4,cz3
r0010939,46441,cz4,cz3
r0010940,46443,cz4,cz3
r0010941,46445,cz4,cz3
r0010942,46447,cz4,cz3
r0010943,46449,cz4,cz3
r0010944,46451,cz4,cz3
r0010945,46453,cz4,cz3
r0010946,46455,cz4,cz3
r0010947,46457,cz4,cz3
r0010948,46460,cz4,cz3
r0010949,46462,cz4,cz3
r0010950,46464,cz4,cz3
r0010951,46466,cz4,cz3
r0010952,46468,cz4,cz3
r0010953,46470,cz4,cz3
r0010954,46472,cz4,cz3
r0010955,46474,cz4,cz3
r0010956,46476,cz4,cz3
r0010957,46478,cz4,cz3
r0010958,46481,cz4,cz3
r0010959,46483,cz4,cz3
r0010960,46485,cz4,cz3
r0010961,46487,cz4,cz3
r0010962,46489,cz4,cz3
r0010963,46491,cz4,cz3
r0010964,46493,cz4,cz3
r0010965,46495,cz4,cz3
r0010966,46497,cz4,cz3
r0010967,46500,cz4,cz3
r0010968,46502,cz4,cz3
r0010969,46504,cz4,cz3
r0010970,46506,cz4,cz3
r0010971,46508,cz4,cz3
r0010972,46510,cz4,cz3
r0010973,46512,cz4,cz3
r0010974,46514,cz4,cz3
r0010975,46516,cz4,cz3
r0010976,46518,cz4,cz3
r0010977,46521,cz4,cz3
r0010978,46523,cz4,cz3
r0010979,46525,cz4,cz3
r0010980,46527,cz4,cz3
r0010981,46529,cz4,cz3
r0010982,46531,cz4,cz3
r0010983,46533,cz4,cz3
r0010984,46535,cz4,cz3
r0010985,46537,cz4,cz3
r0010986,46540,cz4,cz3
r0010987,46542,cz4,cz3
r0010988,46544,cz4,cz3
r0010989,46546,cz4,cz3
r0010990,46548,cz4,cz3
r0010991,46550,cz4,cz3
r0010992,46552,cz4,cz3
r0010993,46554,cz4,cz3
r0010994,46556,cz4,cz3
r0010995,46558,cz4,cz3
r0010996,46561,cz4,cz3
r0010997,46563,cz4,cz3
r0010998,46565,cz4,cz3
r0010999,46567,cz4,cz3
r0011000,46569,cz4,cz3
r0011001,46571,cz4,cz3
r0011002,46573,cz4,cz3
r0011003,46575,cz4,cz3
r0011004,46577,cz4,cz3
r0011005,46580,cz4,cz3
r0011006,46582,cz4,cz3
r0011007,46584,cz4,cz3
r0011008,46586,cz4,cz3
r0011009,46588,cz4,cz3
r0011010,46590,cz4,cz3
r0011011,46592,cz4,cz3
r0011012,46594,cz4,cz3
r0011013,46596,cz4,cz3
r0011014,46598,cz4,cz3
r0011015,46601,cz4,cz3
r0011016,46603,cz4,cz3
r0011017,46605,cz4,cz3
r0011018,46607,cz4,cz3
r0011019,46609,cz4,cz3
r0011020,46611,cz4,cz3
r0011021,46613,cz4,cz3
r0011022,46615,cz4,cz3
r0011023,46617,cz4,cz3
r0011024,46620,cz4,cz3
r0011025,46622,cz4,cz3
r0011026,46624,cz4,cz3
r0011027,46626,cz4,cz3
r0011028,46628,cz4,cz3
r0011029,46630,cz4,cz3
r0011030,46632,cz4,cz3
r0011031,46634,cz4,cz3
r0011032,46636,cz4,cz3
r0011033,46638,cz4,cz3
r0011034,46641,cz4,cz3
r0011035,46643,cz4,cz3
r0011036,46645,cz4,cz3
r0011037,46647,cz4,cz3
r0011038,46649,cz4,cz3
r0011039,46651,cz4,cz4
r0011040,46653,cz4,cz4
r0011041,46655,cz4,cz4
r0011042,46657,cz4,cz4
r0011043,46660,cz4,cz4
r0011044,46662,cz4,cz4
r0011045,46664,cz4,cz4
r0011046,46666,cz4,cz4
r0011047,46668,cz4,cz4
r0011048,46670,cz4,cz4
r0011049,46672,cz4,cz4
r0011050,46674,cz4,cz4
r0011051,46676,cz4,cz4
r0011052,46678,cz4,cz4
r0011053,46681,cz4,cz4
r0011054,46683,cz4,cz4
r0011055,46685,cz4,cz4
r0011056,46687,cz4,cz4
r0011057,46689,cz4,cz4
r0011058,46691,cz4,cz4
r0011059,46693,cz4,cz4
r0011060,46695,cz4,cz4
r0011061,46697,cz4,cz4
r0011062,46700,cz4,cz4
r0011063,46702,cz4,cz4
r0011064,46704,cz4,cz4
r0011065,46706,cz4,cz4
r0011066,46708,cz4,cz4
r0011067,46710,cz4,cz4
r0011068,46712,cz4,cz4
r0011069,46714,cz4,cz4
r0011070,46716,cz4,cz4
r0011071,46718,cz4,cz4
r0011072,46721,cz4,cz4
r0011073,46723,cz4,cz4
r0011074,46725,cz4,cz4
r0011075,46727,cz4,cz4
r0011076,46729,cz4,cz4
r0011077,46731,cz4,cz4
r0011078,46733,cz4,cz4
r0011079,46735,cz4,cz4
r0011080,46737,cz4,cz4
r0011081,46740,cz4,cz4
r0011082,46742,cz4,cz4
r0011083,46744,cz4,cz4
r0011084,46746,cz4,cz4
r0011085,46748,cz4,cz4
r0011086,46750,cz4,cz4
r0011087,46752,cz4,cz4
r0011088,46754,cz4,cz4
r0011089,46756,cz4,cz4
r0011090,46758,cz4,cz4
r0011091,46761,cz4,cz4
r0011092,46763,cz4,cz4
r0011093,46765,cz4,cz4
r0011094,46767,cz4,cz4
r0011095,46769,cz4,cz4
r0011096,46771,cz4,cz4
r0011097,46773,cz4,cz4
r0011098,46775,cz4,cz4
r0011099,46777,cz4,cz4
r0011100,46780,cz4,cz4
r0011101,46782,cz4,cz4
r0011102,46784,cz4,cz4
r0011103,46786,cz4,cz4
r0011104,46788,cz4,cz4
r0011105,46790,cz4,cz4
r0011106,46792,cz4,cz4
r0011107,46794,cz4,cz4
r0011108,46796,cz4,cz4
r0011109,46798,cz4,cz4
r0011110,46801,cz1,cz1
r0011111,46803,cz1,cz1
r0011112,46805,cz1,cz1
r0011113,46807,cz1,cz1
r0011114,46809,cz1,cz1
r0011115,46811,cz1,cz1
r0011116,46813,cz1,cz1
r0011117,46815,cz1,cz1
r0011118,46817,cz1,cz1
r0011119,46819,cz1,cz1
r0011120,46821,cz1,cz1
r0011121,46824,cz1,cz1
r0011122,46826,cz1,cz1
r0011123,46828,cz1,cz1
r0011124,46830,cz1,cz1
r0011125,46832,cz1,cz1
r0011126,46834,cz1,cz1
r0011127,46836,cz1,cz1
r0011128,46838,cz1,cz1
r0011129,46840,cz1,cz1
r0011130,46842,cz1,cz1
r0011131,46844,cz1,cz1
r0011132,46847,cz1,cz1
r0011133,46849,cz1,cz1
r0011134,46851,cz1,cz1
r0011135,46853,cz1,cz1
r0011136,46855,cz1,cz1
r0011137,46857,cz1,cz1
r0011138,46859,cz1,cz1
r0011139,46861,cz1,cz1
r0011140,46863,cz1,cz1
r0011141,46865,cz1,cz1
r0011142,46867,cz1,cz1
r0011143,46870,cz1,cz1
r0011144,46872,cz1,cz1
r0011145,46874,cz1,cz1
r0011146,46876,cz1,cz1
r0011147,46878,cz1,cz1
r0011148,46880,cz1,cz1
r0011149,46882,cz1,cz1
r0011150,46884,cz1,cz1
r0011151,46886,cz1,cz1
r0011152,46888,cz1,cz1
r0011153,46890,cz1,cz1
r0011154,46893,cz1,cz1
r0011155,46895,cz1,cz1
r0011156,46897,cz1,cz1
r0011157,46899,cz1,cz1
r0011158,46901,cz1,cz1
r0011159,46903,cz1,cz1
r0011160,46905,cz1,cz1
r0011161,46907,cz1,cz1
r0011162,46909,cz1,cz1
r0011163,46911,cz1,cz1
r0011164,46914,cz1,cz1
r0011165,46916,cz1,cz1
r0011166,46918,cz1,cz1
r0011167,46920,cz1,cz1
r0011168,46922,cz1,cz1
r0011169,46924,cz1,cz1
r0011170,46926,cz1,cz1
r0011171,46928,cz1,cz1
r0011172,46930,cz1,cz1
r0011173,46932,cz1,cz1
r0011174,46934,cz1,cz1
r0011175,46937,cz1,cz1
r0011176,46939,cz1,cz1
r0011177,46941,cz1,cz1
r0011178,46943,cz1,cz1
r0011179,46945,cz1,cz1
r0011180,46947,cz1,cz1
r0011181,46949,cz1,cz1
r0011182,46951,cz1,cz1
r0011183,46953,cz1,cz1
r0011184,46955,cz1,cz1
r0011185,46957,cz1,cz1
r0011186,46960,cz1,cz1
r0011187,46962,cz1,cz1
r0011188,46964,cz1,cz1
r0011189,46966,cz1,cz1
r0011190,46968,cz1,cz1
r0011191,46970,cz1,cz1
r0011192,46972,cz1,cz1
r0011193,46974,cz1,cz1
r0011194,46976,cz1,cz1
r0011195,46978,cz1,cz1
r0011196,46980,cz1,cz1
r0011197,46983,cz1,cz1
r0011198,46985,cz1,cz1
r0011199,46987,cz1,cz1
r0011200,46989,cz1,cz1
r0011201,46991,cz1,cz1
r0011202,46993,cz1,cz1
r0011203,46995,cz1,cz1
r0011204,46997,cz1,cz1
r0011205,46999,cz1,cz1
r0011206,47001,cz1,cz1
r0011207,47003,cz1,cz1
r0011208,47006,cz1,cz1
r0011209,47008,cz1,cz1
r0011210,47010,cz1,cz1
r0011211,47012,cz1,cz1
r0011212,47014,cz1,cz1
r0011213,47016,cz1,cz1
r0011214,47018,cz1,cz1
r0011215,47020,cz1,cz1
r0011216,47022,cz1,cz1
r0011217,47024,cz1,cz1
r0011218,47026,cz1,cz1
r0011219,47029,cz1,cz1
r0011220,47031,cz1,cz1
r0011221,47033,cz1,cz1
r0011222,47035,cz1,cz1
r0011223,47037,cz1,cz1
r0011224,47039,cz1,cz1
r0011225,47041,cz1,cz1
r0011226,47043,cz1,cz1
r0011227,47045,cz1,cz1
r0011228,47047,cz1,cz1
r0011229,47049,cz1,cz1
r0011230,47052,cz1,cz1
r0011231,47054,cz1,cz1
r0011232,47056,cz1,cz1
r0011233,47058,cz1,cz1
r0011234,47060,cz1,cz1
r0011235,47062,cz1,cz1
r0011236,47064,cz1,cz1
r0011237,47066,cz1,cz1
r0011238,47068,cz1,cz1
r0011239,47070,cz1,cz1
r0011240,47072,cz1,cz1
r0011241,47075,cz1,cz1
r0011242,47077,cz1,cz1
r0011243,47079,cz1,cz1
r0011244,47081,cz1,cz1
r0011245,47083,cz1,cz1
r0011246,47085,cz1,cz1
r0011247,47087,cz1,cz1
r0011248,47089,cz1,cz2
r0011249,47091,cz1,cz2
r0011250,47093,cz1,cz2
r0011251,47095,cz1,cz2
r0011252,47098,cz1,cz2
r0011253,47100,cz1,cz2
r0011254,47102,cz1,cz2
r0011255,47104,cz1,cz2
r0011256,47106,cz1,cz2
r0011257,47108,cz1,cz2
r0011258,47110,cz1,cz2
r0011259,47112,cz1,cz2
r0011260,47114,cz1,cz2
r0011261,47116,cz1,cz2
r0011262,47119,cz1,cz2
r0011263,47121,cz1,cz2
r0011264,47123,cz1,cz2
r0011265,47125,cz1,cz2
r0011266,47127,cz1,cz2
r0011267,47129,cz1,cz2
r0011268,47131,cz1,cz2
r0011269,47133,cz1,cz2
r0011270,47135,cz1,cz2
r0011271,47137,cz1,cz2
r0011272,47139,cz1,cz2
r0011273,47142,cz1,cz2
r0011274,47144,cz1,cz2
r0011275,47146,cz1,cz2
r0011276,47148,cz1,cz2
r0011277,47150,cz1,cz2
r0011278,47152,cz1,cz2
r0011279,47154,cz1,cz2
r0011280,47156,cz1,cz2
r0011281,47158,cz1,cz2
r0011282,47160,cz1,cz2
r0011283,47162,cz1,cz2
r0011284,47165,cz1,cz2
r0011285,47167,cz1,cz2
r0011286,47169,cz1,cz2
r0011287,47171,cz1,cz2
r0011288,47173,cz1,cz2
r0011289,47175,cz1,cz2
r0011290,47177,cz1,cz2
r0011291,47179,cz1,cz2
r0011292,47181,cz1,cz2
r0011293,47183,cz1,cz2
r0011294,47185,cz1,cz2
r0011295,47188,cz1,cz2
r0011296,47190,cz1,cz2
r0011297,47192,cz1,cz2
r0011298,47194,cz1,cz2
r0011299,47196,cz1,cz2
r0011300,47198,cz1,cz2
r0011301,47200,cz1,cz2
r0011302,47202,cz1,cz2
r0011303,47204,cz1,cz2
r0011304,47206,cz1,cz2
r0011305,47208,cz1,cz2
r0011306,47211,cz1,cz2
r0011307,47213,cz1,cz2
r0011308,47215,cz1,cz2
r0011309,47217,cz1,cz2
r0011310,47219,cz1,cz2
r0011311,47221,cz1,cz2
r0011312,47223,cz1,cz2
r0011313,47225,cz1,cz2
r0011314,47227,cz1,cz2
r0011315,47229,cz1,cz2
r0011316,47231,cz1,cz2
r0011317,47234,cz1,cz2
r0011318,47236,cz1,cz2
r0011319,47238,cz1,cz2
r0011320,47240,cz1,cz2
r0011321,47242,cz1,cz2
r0011322,47244,cz1,cz2
r0011323,47246,cz1,cz2
r0011324,47248,cz1,cz2
r0011325,47250,cz1,cz2
r0011326,47252,cz1,cz2
r0011327,47254,cz1,cz2
r0011328,47257,cz1,cz2
r0011329,47259,cz1,cz2
r0011330,47261,cz1,cz2
r0011331,47263,cz1,cz2
r0011332,47265,cz1,cz2
r0011333,47267,cz1,cz2
r0011334,47269,cz1,cz2
r0011335,47271,cz1,cz2
r0011336,47273,cz1,cz2
r0011337,47275,cz1,cz2
r0011338,47277,cz1,cz2
r0011339,47280,cz1,cz2
r0011340,47282,cz1,cz2
r0011341,47284,cz1,cz2
r0011342,47286,cz1,cz2
r0011343,47288,cz1,cz2
r0011344,47290,cz1,cz2
r0011345,47292,cz1,cz2
r0011346,47294,cz1,cz2
r0011347,47296,cz1,cz2
r0011348,47298,cz1,cz2
r0011349,47300,cz1,cz2
r0011350,47303,cz1,cz2
r0011351,47305,cz1,cz2
r0011352,47307,cz1,cz2
r0011353,47309,cz1,cz3
r0011354,47311,cz1,cz3
r0011355,47313,cz1,cz3
r0011356,47315,cz1,cz3
r0011357,47317,cz1,cz3
r0011358,47319,cz1,cz3
r0011359,47321,cz1,cz3
r0011360,47323,cz1,cz3
r0011361,47326,cz1,cz3
r0011362,47328,cz1,cz3
r0011363,47330,cz1,cz3
r0011364,47332,cz1,cz3
r0011365,47334,cz1,cz3
r0011366,47336,cz1,cz3
r0011367,47338,cz1,cz3
r0011368,47340,cz1,cz3
r0011369,47342,cz1,cz3
r0011370,47344,cz1,cz3
r0011371,47347,cz1,cz3
r0011372,47349,cz1,cz3
r0011373,47351,cz1,cz3
r0011374,47353,cz1,cz3
r0011375,47355,cz1,cz3
r0011376,47357,cz1,cz3
r0011377,47359,cz1,cz3
r0011378,47361,cz1,cz3
r0011379,47363,cz1,cz3
r0011380,47365,cz1,cz3
r0011381,47367,cz1,cz3
r0011382,47370,cz1,cz3
r0011383,47372,cz1,cz3
r0011384,47374,cz1,cz3
r0011385,47376,cz1,cz3
r0011386,47378,cz1,cz3
r0011387,47380,cz1,cz3
r0011388,47382,cz1,cz3
r0011389,47384,cz1,cz3
r0011390,47386,cz1,cz3
r0011391,47388,cz1,cz3
r0011392,47390,cz1,cz3
r0011393,47393,cz1,cz3
r0011394,47395,cz1,cz3
r0011395,47397,cz1,cz3
r0011396,47399,cz1,cz3
r0011397,47401,cz1,cz3
r0011398,47403,cz1,cz3
r0011399,47405,cz1,cz3
r0011400,47407,cz1,cz3
r0011401,47409,cz1,cz3
r0011402,47411,cz1,cz3
r0011403,47413,cz1,cz3
r0011404,47416,cz1,cz3
r0011405,47418,cz1,cz3
r0011406,47420,cz1,cz3
r0011407,47422,cz1,cz3
r0011408,47424,cz1,cz3
r0011409,47426,cz1,cz3
r0011410,47428,cz1,cz3
r0011411,47430,cz1,cz3
r0011412,47432,cz1,cz3
r0011413,47434,cz1,cz3
r0011414,47436,cz1,cz3
r0011415,47439,cz1,cz3
r0011416,47441,cz1,cz3
r0011417,47443,cz1,cz3
r0011418,47445,cz1,cz3
r0011419,47447,cz1,cz3
r0011420,47449,cz1,cz3
r0011421,47451,cz1,cz3
r0011422,47453,cz1,cz3
r0011423,47455,cz1,cz3
r0011424,47457,cz1,cz3
r0011425,47459,cz1,cz3
r0011426,47462,cz1,cz3
r0011427,47464,cz1,cz3
r0011428,47466,cz1,cz3
r0011429,47468,cz1,cz3
r0011430,47470,cz1,cz3
r0011431,47472,cz1,cz3
r0011432,47474,cz1,cz3
r0011433,47476,cz1,cz3
r0011434,47478,cz1,cz3
r0011435,47480,cz1,cz3
r0011436,47482,cz1,cz3
r0011437,47485,cz1,cz3
r0011438,47487,cz1,cz3
r0011439,47489,cz1,cz3
r0011440,47491,cz1,cz3
r0011441,47493,cz1,cz3
r0011442,47495,cz1,cz3
r0011443,47497,cz1,cz3
r0011444,47499,cz1,cz3
r0011445,47501,cz1,cz3
r0011446,47503,cz1,cz3
r0011447,47505,cz1,cz3
r0011448,47508,cz1,cz3
r0011449,47510,cz1,cz3
r0011450,47512,cz1,cz3
r0011451,47514,cz1,cz3
r0011452,47516,cz1,cz3
r0011453,47518,cz1,cz3
r0011454,47520,cz1,cz3
r0011455,47522,cz1,cz3
r0011456,47524,cz1,cz3
r0011457,47526,cz1,cz3
r0011458,47528,cz1,cz3
r0011459,47531,cz1,cz3
r0011460,47533,cz1,cz3
r0011461,47535,cz1,cz3
r0011462,47537,cz1,cz3
r0011463,47539,cz1,cz3
r0011464,47541,cz1,cz3
r0011465,47543,cz1,cz3
r0011466,47545,cz1,cz3
r0011467,47547,cz1,cz3
r0011468,47549,cz1,cz3
r0011469,47552,cz1,cz3
r0011470,47554,cz1,cz3
r0011471,47556,cz1,cz3
r0011472,47558,cz1,cz3
r0011473,47560,cz1,cz3
r0011474,47562,cz1,cz3
r0011475,47564,cz1,cz3
r0011476,47566,cz1,cz3
r0011477,47568,cz1,cz3
r0011478,47570,cz1,cz3
r0011479,47572,cz1,cz3
r0011480,47575,cz1,cz3
r0011481,47577,cz1,cz3
r0011482,47579,cz1,cz3
r0011483,47581,cz1,cz3
r0011484,47583,cz1,cz3
r0011485,47585,cz1,cz3
r0011486,47587,cz1,cz3
r0011487,47589,cz1,cz3
r0011488,47591,cz1,cz3
r0011489,47593,cz1,cz3
r0011490,47595,cz1,cz3
r0011491,47598,cz1,cz3
r0011492,47600,cz1,cz3
r0011493,47602,cz1,cz3
r0011494,47604,cz1,cz3
r0011495,47606,cz1,cz3
r0011496,47608,cz1,cz3
r0011497,47610,cz1,cz4
r0011498,47612,cz1,cz4
r0011499,47614,cz1,cz4
r0011500,47616,cz1,cz4
r0011501,47618,cz1,cz4
r0011502,47621,cz1,cz4
r0011503,47623,cz1,cz4
r0011504,47625,cz1,cz4
r0011505,47627,cz1,cz4
r0011506,47629,cz1,cz4
r0011507,47631,cz1,cz4
r0011508,47633,cz1,cz4
r0011509,47635,cz1,cz4
r0011510,47637,cz1,cz4
r0011511,47639,cz1,cz4
r0011512,47641,cz1,cz4
r0011513,47644,cz1,cz4
r0011514,47646,cz1,cz4
r0011515,47648,cz1,cz4
r0011516,47650,cz1,cz4
r0011517,47652,cz1,cz4
r0011518,47654,cz1,cz4
r0011519,47656,cz1,cz4
r0011520,47658,cz1,cz4
r0011521,47660,cz1,cz4
r0011522,47662,cz1,cz4
r0011523,47664,cz1,cz4
r0011524,47667,cz1,cz4
r0011525,47669,cz1,cz4
r0011526,47671,cz1,cz4
r0011527,47673,cz1,cz4
r0011528,47675,cz1,cz4
r0011529,47677,cz1,cz4
r0011530,47679,cz1,cz4
r0011531,47681,cz1,cz4
r0011532,47683,cz1,cz4
r0011533,47685,cz1,cz4
r0011534,47687,cz1,cz4
r0011535,47690,cz1,cz4
r0011536,47692,cz1,cz4
r0011537,47694,cz1,cz4
r0011538,47696,cz1,cz4
r0011539,47698,cz1,cz4
r0011540,47700,cz1,cz4
r0011541,47702,cz1,cz4
r0011542,47704,cz1,cz4
r0011543,47706,cz1,cz4
r0011544,47708,cz1,cz4
r0011545,47710,cz1,cz4
r0011546,47713,cz1,cz4
r0011547,47715,cz1,cz4
r0011548,47717,cz1,cz4
r0011549,47719,cz1,cz4
r0011550,47721,cz1,cz4
r0011551,47723,cz1,cz4
r0011552,47725,cz1,cz4
r0011553,47727,cz1,cz4
r0011554,47729,cz1,cz4
r0011555,47731,cz1,cz4
r0011556,47733,cz1,cz4
r0011557,47736,cz1,cz4
r0011558,47738,cz1,cz4
r0011559,47740,cz1,cz4
r0011560,47742,cz1,cz4
r0011561,47744,cz1,cz4
r0011562,47746,cz1,cz4
r0011563,47748,cz1,cz4
r0011564,47750,cz1,cz4
r0011565,47752,cz1,cz4
r0011566,47754,cz1,cz4
r0011567,47757,cz1,cz4
r0011568,47759,cz1,cz4
r0011569,47761,cz1,cz4
r0011570,47763,cz1,cz4
r0011571,47765,cz1,cz4
r0011572,47767,cz1,cz4
r0011573,47769,cz1,cz4
r0011574,47771,cz1,cz4
r0011575,47773,cz1,cz4
r0011576,47775,cz1,cz4
r0011577,47777,cz1,cz4
r0011578,47780,cz1,cz4
r0011579,47782,cz1,cz4
r0011580,47784,cz1,cz4
r0011581,47786,cz1,cz4
r0011582,47788,cz1,cz4
r0011583,47790,cz1,cz4
r0011584,47792,cz1,cz4
r0011585,47794,cz1,cz4
r0011586,47796,cz1,cz4
r0011587,47798,cz1,cz4
r0011588,47800,cz1,cz4
r0011589,47803,cz1,cz4
r0011590,47805,cz1,cz4
r0011591,47807,cz1,cz4
r0011592,47809,cz1,cz4
r0011593,47811,cz1,cz4
r0011594,47813,cz1,cz4
r0011595,47815,cz2,cz1
r0011596,47817,cz2,cz1
r0011597,47819,cz2,cz1
r0011598,47821,cz2,cz1
r0011599,47823,cz2,cz1
r0011600,47826,cz2,cz1
r0011601,47828,cz2,cz1
r0011602,47830,cz2,cz1
r0011603,47832,cz2,cz1
r0011604,47834,cz2,cz1
r0011605,47836,cz2,cz1
r0011606,47838,cz2,cz1
r0011607,47840,cz2,cz1
r0011608,47842,cz2,cz1
r0011609,47844,cz2,cz1
r0011610,47846,cz2,cz1
r0011611,47849,cz2,cz1
r0011612,47851,cz2,cz1
r0011613,47853,cz2,cz1
r0011614,47855,cz2,cz1
r0011615,47857,cz2,cz1
r0011616,47859,cz2,cz1
r0011617,47861,cz2,cz1
r0011618,47863,cz2,cz1
r0011619,47865,cz2,cz1
r0011620,47867,cz2,cz1
r0011621,47869,cz2,cz1
r0011622,47872,cz2,cz1
r0011623,47874,cz2,cz1
r0011624,47876,cz2,cz1
r0011625,47878,cz2,cz1
r0011626,47880,cz2,cz1
r0011627,47882,cz2,cz1
r0011628,47884,cz2,cz1
r0011629,47886,cz2,cz1
r0011630,47888,cz2,cz1
r0011631,47890,cz2,cz1
r0011632,47892,cz2,cz1
r0011633,47895,cz2,cz1
r0011634,47897,cz2,cz1
r0011635,47899,cz2,cz1
r0011636,47901,cz2,cz1
r0011637,47903,cz2,cz1
r0011638,47905,cz2,cz1
r0011639,47907,cz2,cz1
r0011640,47909,cz2,cz1
r0011641,47911,cz2,cz1
r0011642,47913,cz2,cz1
r0011643,47915,cz2,cz1
r0011644,47918,cz2,cz1
r0011645,47920,cz2,cz1
r0011646,47922,cz2,cz1
r0011647,47924,cz2,cz1
r0011648,47926,cz2,cz1
r0011649,47928,cz2,cz1
r0011650,47930,cz2,cz1
r0011651,47932,cz2,cz1
r0011652,47934,cz2,cz1
r0011653,47936,cz2,cz1
r0011654,47938,cz2,cz1
r0011655,47941,cz2,cz1
r0011656,47943,cz2,cz1
r0011657,47945,cz2,cz1
r0011658,47947,cz2,cz1
r0011659,47949,cz2,cz1
r0011660,47951,cz2,cz1
r0011661,47953,cz2,cz1
r0011662,47955,cz2,cz1
r0011663,47957,cz2,cz1
r0011664,47959,cz2,cz1
r0011665,47961,cz2,cz1
r0011666,47964,cz2,cz1
r0011667,47966,cz2,cz1
r0011668,47968,cz2,cz1
r0011669,47970,cz2,cz1
r0011670,47972,cz2,cz1
r0011671,47974,cz2,cz1
r0011672,47976,cz2,cz1
r0011673,47978,cz2,cz1
r0011674,47980,cz2,cz1
r0011675,47982,cz2,cz1
r0011676,47985,cz2,cz1
r0011677,47987,cz2,cz1
r0011678,47989,cz2,cz1
r0011679,47991,cz2,cz1
r0011680,47993,cz2,cz1
r0011681,47995,cz2,cz1
r0011682,47997,cz2,cz1
r0011683,47999,cz2,cz1
r0011684,48001,cz2,cz1
r0011685,48003,cz2,cz1
r0011686,48005,cz2,cz1
r0011687,48008,cz2,cz1
r0011688,48010,cz2,cz1
r0011689,48012,cz2,cz1
r0011690,48014,cz2,cz1
r0011691,48016,cz2,cz1
r0011692,48018,cz2,cz1
r0011693,48020,cz2,cz1
r0011694,48022,cz2,cz1
r0011695,48024,cz2,cz1
r0011696,48026,cz2,cz1
r0011697,48028,cz2,cz1
r0011698,48031,cz2,cz1
r0011699,48033,cz2,cz1
r0011700,48035,cz2,cz1
r0011701,48037,cz2,cz1
r0011702,48039,cz2,cz1
r0011703,48041,cz2,cz2
r0011704,48043,cz2,cz2
r0011705,48045,cz2,cz2
r0011706,48047,cz2,cz2
r0011707,48049,cz2,cz2
r0011708,48051,cz2,cz2
r0011709,48054,cz2,cz2
r0011710,48056,cz2,cz2
r0011711,48058,cz2,cz2
r0011712,48060,cz2,cz2
r0011713,48062,cz2,cz2
r0011714,48064,cz2,cz2
r0011715,48066,cz2,cz2
r0011716,48068,cz2,cz2
r0011717,48070,cz2,cz2
r0011718,48072,cz2,cz2
r0011719,48074,cz2,cz2
r0011720,48077,cz2,cz2
r0011721,48079,cz2,cz2
r0011722,48081,cz2,cz2
r0011723,48083,cz2,cz2
r0011724,48085,cz2,cz2
r0011725,48087,cz2,cz2
r0011726,48089,cz2,cz2
r0011727,48091,cz2,cz2
r0011728,48093,cz2,cz2
r0011729,48095,cz2,cz2
r0011730,48097,cz2,cz2
r0011731,48100,cz2,cz2
r0011732,48102,cz2,cz2
r0011733,48104,cz2,cz2
r0011734,48106,cz2,cz2
r0011735,48108,cz2,cz2
r0011736,48110,cz2,cz2
r0011737,48112,cz2,cz2
r0011738,48114,cz2,cz2
r0011739,48116,cz2,cz2
r0011740,48118,cz2,cz2
r0011741,48120,cz2,cz2
r0011742,48123,cz2,cz2
r0011743,48125,cz2,cz2
r0011744,48127,cz2,cz2
r0011745,48129,cz2,cz2
r0011746,48131,cz2,cz2
r0011747,48133,cz2,cz2
r0011748,48135,cz2,cz2
r0011749,48137,cz2,cz2
r0011750,48139,cz2,cz2
r0011751,48141,cz2,cz2
r0011752,48143,cz2,cz2
r0011753,48146,cz2,cz2
r0011754,48148,cz2,cz2
r0011755,48150,cz2,cz2
r0011756,48152,cz2,cz2
r0011757,48154,cz2,cz2
r0011758,48156,cz2,cz2
r0011759,48158,cz2,cz2
r0011760,48160,cz2,cz2
r0011761,48162,cz2,cz2
r0011762,48164,cz2,cz2
r0011763,48166,cz2,cz2
r0011764,48169,cz2,cz2
r0011765,48171,cz2,cz2
r0011766,48173,cz2,cz2
r0011767,48175,cz2,cz2
r0011768,48177,cz2,cz2
r0011769,48179,cz2,cz2
r0011770,48181,cz2,cz2
r0011771,48183,cz2,cz2
r0011772,48185,cz2,cz2
r0011773,48187,cz2,cz2
r0011774,48190,cz2,cz2
r0011775,48192,cz2,cz2
r0011776,48194,cz2,cz2
r0011777,48196,cz2,cz2
r0011778,48198,cz2,cz2
r0011779,48200,cz2,cz2
r0011780,48202,cz2,cz2
r0011781,48204,cz2,cz2
r0011782,48206,cz2,cz2
r0011783,48208,cz2,cz2
r0011784,48210,cz2,cz2
r0011785,48213,cz2,cz2
r0011786,48215,cz2,cz2
r0011787,48217,cz2,cz2
r0011788,48219,cz2,cz2
r0011789,48221,cz2,cz2
r0011790,48223,cz2,cz2
r0011791,48225,cz2,cz2
r0011792,48227,cz2,cz2
r0011793,48229,cz2,cz2
r0011794,48231,cz2,cz2
r0011795,48233,cz2,cz2
r0011796,48236,cz2,cz2
r0011797,48238,cz2,cz2
r0011798,48240,cz2,cz2
r0011799,48242,cz2,cz2
r0011800,48244,cz2,cz2
r0011801,48246,cz2,cz2
r0011802,48248,cz2,cz2
r0011803,48250,cz2,cz2
r0011804,48252,cz2,cz2
r0011805,48254,cz2,cz2
r0011806,48256,cz2,cz2
r0011807,48259,cz2,cz3
r0011808,48261,cz2,cz3
r0011809,48263,cz2,cz3
r0011810,48265,cz2,cz3
r0011811,48267,cz2,cz3
r0011812,48269,cz2,cz3
r0011813,48271,cz2,cz3
r0011814,48273,cz2,cz3
r0011815,48275,cz2,cz3
r0011816,48277,cz2,cz3
r0011817,48279,cz2,cz3
r0011818,48282,cz2,cz3
r0011819,48284,cz2,cz3
r0011820,48286,cz2,cz3
r0011821,48288,cz2,cz3
r0011822,48290,cz2,cz3
r0011823,48292,cz2,cz3
r0011824,48294,cz2,cz3
r0011825,48296,cz2,cz3
r0011826,48298,cz2,cz3
r0011827,48300,cz2,cz3
r0011828,48302,cz2,cz3
r0011829,48305,cz2,cz3
r0011830,48307,cz2,cz3
r0011831,48309,cz2,cz3
r0011832,48311,cz2,cz3
r0011833,48313,cz2,cz3
r0011834,48315,cz2,cz3
r0011835,48317,cz2,cz3
r0011836,48319,cz2,cz3
r0011837,48321,cz2,cz3
r0011838,48323,cz2,cz3
r0011839,48325,cz2,cz3
r0011840,48328,cz2,cz3
r0011841,48330,cz2,cz3
r0011842,48332,cz2,cz3
r0011843,48334,cz2,cz3
r0011844,48336,cz2,cz3
r0011845,48338,cz2,cz3
r0011846,48340,cz2,cz3
r0011847,48342,cz2,cz3
r0011848,48344,cz2,cz3
r0011849,48346,cz2,cz3
r0011850,48348,cz2,cz3
r0011851,48351,cz2,cz3
r0011852,48353,cz2,cz3
r0011853,48355,cz2,cz3
r0011854,48357,cz2,cz3
r0011855,48359,cz2,cz3
r0011856,48361,cz2,cz3
r0011857,48363,cz2,cz3
r0011858,48365,cz2,cz3
r0011859,48367,cz2,cz3
r0011860,48369,cz2,cz3
r0011861,48371,cz2,cz3
r0011862,48374,cz2,cz3
r0011863,48376,cz2,cz3
r0011864,48378,cz2,cz3
r0011865,48380,cz2,cz3
r0011866,48382,cz2,cz3
r0011867,48384,cz2,cz3
r0011868,48386,cz2,cz3
r0011869,48388,cz2,cz3
r0011870,48390,cz2,cz3
r0011871,48392,cz2,cz3
r0011872,48395,cz2,cz3
r0011873,48397,cz2,cz3
r0011874,48399,cz2,cz3
r0011875,48401,cz2,cz3
r0011876,48403,cz2,cz3
r0011877,48405,cz2,cz3
r0011878,48407,cz2,cz3
r0011879,48409,cz2,cz3
r0011880,48411,cz2,cz3
r0011881,48413,cz2,cz3
r0011882,48415,cz2,cz3
r0011883,48418,cz2,cz3
r0011884,48420,cz2,cz3
r0011885,48422,cz2,cz3
r0011886,48424,cz2,cz3
r0011887,48426,cz2,cz3
r0011888,48428,cz2,cz3
r0011889,48430,cz2,cz3
r0011890,48432,cz2,cz3
r0011891,48434,cz2,cz3
r0011892,48436,cz2,cz3
r0011893,48438,cz2,cz3
r0011894,48441,cz2,cz3
r0011895,48443,cz2,cz3
r0011896,48445,cz2,cz3
r0011897,48447,cz2,cz3
r0011898,48449,cz2,cz3
r0011899,48451,cz2,cz3
r0011900,48453,cz2,cz3
r0011901,48455,cz2,cz3
r0011902,48457,cz2,cz3
r0011903,48459,cz2,cz3
r0011904,48461,cz2,cz3
r0011905,48464,cz2,cz3
r0011906,48466,cz2,cz3
r0011907,48468,cz2,cz3
r0011908,48470,cz2,cz3
r0011909,48472,cz2,cz3
r0011910,48474,cz2,cz3
r0011911,48476,cz2,cz4
r0011912,48478,cz2,cz4
r0011913,48480,cz2,cz4
r0011914,48482,cz2,cz4
r0011915,48484,cz2,cz4
r0011916,48487,cz2,cz4
r0011917,48489,cz2,cz4
r0011918,48491,cz2,cz4
r0011919,48493,cz2,cz4
r0011920,48495,cz2,cz4
r0011921,48497,cz2,cz4
r0011922,48499,cz2,cz4
r0011923,48501,cz2,cz4
r0011924,48503,cz2,cz4
r0011925,48505,cz2,cz4
r0011926,48507,cz2,cz4
r0011927,48510,cz2,cz4
r0011928,48512,cz2,cz4
r0011929,48514,cz2,cz4
r0011930,48516,cz2,cz4
r0011931,48518,cz2,cz4
r0011932,48520,cz2,cz4
r0011933,48522,cz2,cz4
r0011934,48524,cz2,cz4
r0011935,48526,cz2,cz4
r0011936,48528,cz2,cz4
r0011937,48530,cz2,cz4
r0011938,48533,cz2,cz4
r0011939,48535,cz2,cz4
r0011940,48537,cz2,cz4
r0011941,48539,cz2,cz4
r0011942,48541,cz2,cz4
r0011943,48543,cz2,cz4
r0011944,48545,cz2,cz4
r0011945,48547,cz2,cz4
r0011946,48549,cz2,cz4
r0011947,48551,cz2,cz4
r0011948,48553,cz2,cz4
r0011949,48556,cz2,cz4
r0011950,48558,cz2,cz4
r0011951,48560,cz2,cz4
r0011952,48562,cz2,cz4
r0011953,48564,cz2,cz4
r0011954,48566,cz2,cz4
r0011955,48568,cz2,cz4
r0011956,48570,cz2,cz4
r0011957,48572,cz2,cz4
r0011958,48574,cz2,cz4
r0011959,48576,cz2,cz4
r0011960,48579,cz2,cz4
r0011961,48581,cz2,cz4
r0011962,48583,cz2,cz4
r0011963,48585,cz2,cz4
r0011964,48587,cz2,cz4
r0011965,48589,cz2,cz4
r0011966,48591,cz2,cz4
r0011967,48593,cz2,cz4
r0011968,48595,cz2,cz4
r0011969,48597,cz2,cz4
r0011970,48600,cz2,cz4
r0011971,48602,cz2,cz4
r0011972,48604,cz2,cz4
r0011973,48606,cz2,cz4
r0011974,48608,cz2,cz4
r0011975,48610,cz2,cz4
r0011976,48612,cz2,cz4
r0011977,48614,cz2,cz4
r0011978,48616,cz2,cz4
r0011979,48618,cz2,cz4
r0011980,48620,cz2,cz4
r0011981,48623,cz2,cz4
r0011982,48625,cz2,cz4
r0011983,48627,cz2,cz4
r0011984,48629,cz2,cz4
r0011985,48631,cz2,cz4
r0011986,48633,cz3,cz1
r0011987,48635,cz3,cz1
r0011988,48637,cz3,cz1
r0011989,48639,cz3,cz1
r0011990,48641,cz3,cz1
r0011991,48643,cz3,cz1
r0011992,48646,cz3,cz1
r0011993,48648,cz3,cz1
r0011994,48650,cz3,cz1
r0011995,48652,cz3,cz1
r0011996,48654,cz3,cz1
r0011997,48656,cz3,cz1
r0011998,48658,cz3,cz1
r0011999,48660,cz3,cz1
r0012000,48662,cz3,cz1
r0012001,48664,cz3,cz1
r0012002,48666,cz3,cz1
r0012003,48669,cz3,cz1
r0012004,48671,cz3,cz1
r0012005,48673,cz3,cz1
r0012006,48675,cz3,cz1
r0012007,48677,cz3,cz1
r0012008,48679,cz3,cz1
r0012009,48681,cz3,cz1
r0012010,48683,cz3,cz1
r0012011,48685,cz3,cz1
r0012012,48687,cz3,cz1
r0012013,48689,cz3,cz1
r0012014,48692,cz3,cz1
r0012015,48694,cz3,cz1
r0012016,48696,cz3,cz1
r0012017,48698,cz3,cz1
r0012018,48700,cz3,cz1
r0012019,48702,cz3,cz1
r0012020,48704,cz3,cz1
r0012021,48706,cz3,cz1
r0012022,48708,cz3,cz1
r0012023,48710,cz3,cz1
r0012024,48712,cz3,cz1
r0012025,48715,cz3,cz1
r0012026,48717,cz3,cz1
r0012027,48719,cz3,cz1
r0012028,48721,cz3,cz1
r0012029,48723,cz3,cz1
r0012030,48725,cz3,cz1
r0012031,48727,cz3,cz1
r0012032,48729,cz3,cz1
r0012033,48731,cz3,cz1
r0012034,48733,cz3,cz1
r0012035,48735,cz3,cz1
r0012036,48738,cz3,cz1
r0012037,48740,cz3,cz1
r0012038,48742,cz3,cz1
r0012039,48744,cz3,cz1
r0012040,48746,cz3,cz1
r0012041,48748,cz3,cz1
r0012042,48750,cz3,cz1
r0012043,48752,cz3,cz1
r0012044,48754,cz3,cz1
r0012045,48756,cz3,cz1
r0012046,48758,cz3,cz1
r0012047,48761,cz3,cz1
r0012048,48763,cz3,cz1
r0012049,48765,cz3,cz1
r0012050,48767,cz3,cz1
r0012051,48769,cz3,cz1
r0012052,48771,cz3,cz1
r0012053,48773,cz3,cz1
r0012054,48775,cz3,cz1
r0012055,48777,cz3,cz1
r0012056,48779,cz3,cz1
r0012057,48781,cz3,cz1
r0012058,48784,cz3,cz1
r0012059,48786,cz3,cz1
r0012060,48788,cz3,cz1
r0012061,48790,cz3,cz1
r0012062,48792,cz3,cz1
r0012063,48794,cz3,cz1
r0012064,48796,cz3,cz1
r0012065,48798,cz3,cz1
r0012066,48800,cz3,cz1
r0012067,48802,cz3,cz1
r0012068,48804,cz3,cz1
r0012069,48807,cz3,cz1
r0012070,48809,cz3,cz1
r0012071,48811,cz3,cz1
r0012072,48813,cz3,cz1
r0012073,48815,cz3,cz1
r0012074,48817,cz3,cz1
r0012075,48819,cz3,cz1
r0012076,48821,cz3,cz1
r0012077,48823,cz3,cz1
r0012078,48825,cz3,cz1
r0012079,48828,cz3,cz1
r0012080,48830,cz3,cz1
r0012081,48832,cz3,cz1
r0012082,48834,cz3,cz1
r0012083,48836,cz3,cz1
r0012084,48838,cz3,cz1
r0012085,48840,cz3,cz1
r0012086,48842,cz3,cz1
r0012087,48844,cz3,cz1
r0012088,48846,cz3,cz1
r0012089,48848,cz3,cz1
r0012090,48851,cz3,cz1
r0012091,48853,cz3,cz1
r0012092,48855,cz3,cz1
r0012093,48857,cz3,cz1
r0012094,48859,cz3,cz1
r0012095,48861,cz3,cz1
r0012096,48863,cz3,cz1
r0012097,48865,cz3,cz1
r0012098,48867,cz3,cz1
r0012099,48869,cz3,cz1
r0012100,48871,cz3,cz1
r0012101,48874,cz3,cz1
r0012102,48876,cz3,cz1
r0012103,48878,cz3,cz1
r0012104,48880,cz3,cz1
r0012105,48882,cz3,cz1
r0012106,48884,cz3,cz1
r0012107,48886,cz3,cz1
r0012108,48888,cz3,cz1
r0012109,48890,cz3,cz1
r0012110,48892,cz3,cz1
r0012111,48894,cz3,cz1
r0012112,48897,cz3,cz1
r0012113,48899,cz3,cz1
r0012114,48901,cz3,cz1
r0012115,48903,cz3,cz1
r0012116,48905,cz3,cz1
r0012117,48907,cz3,cz1
r0012118,48909,cz3,cz1
r0012119,48911,cz3,cz1
r0012120,48913,cz3,cz1
r0012121,48915,cz3,cz1
r0012122,48917,cz3,cz1
r0012123,48920,cz3,cz1
r0012124,48922,cz3,cz1
r0012125,48924,cz3,cz1
r0012126,48926,cz3,cz1
r0012127,48928,cz3,cz2
r0012128,48930,cz3,cz2
r0012129,48932,cz3,cz2
r0012130,48934,cz3,cz2
r0012131,48936,cz3,cz2
r0012132,48938,cz3,cz2
r0012133,48940,cz3,cz2
r0012134,48943,cz3,cz2
r0012135,48945,cz3,cz2
r0012136,48947,cz3,cz2
r0012137,48949,cz3,cz2
r0012138,48951,cz3,cz2
r0012139,48953,cz3,cz2
r0012140,48955,cz3,cz2
r0012141,48957,cz3,cz2
r0012142,48959,cz3,cz2
r0012143,48961,cz3,cz2
r0012144,48963,cz3,cz2
r0012145,48966,cz3,cz2
r0012146,48968,cz3,cz2
r0012147,48970,cz3,cz2
r0012148,48972,cz3,cz2
r0012149,48974,cz3,cz2
r0012150,48976,cz3,cz2
r0012151,48978,cz3,cz2
r0012152,48980,cz3,cz2
r0012153,48982,cz3,cz2
r0012154,48984,cz3,cz2
r0012155,48986,cz3,cz2
r0012156,48989,cz3,cz2
r0012157,48991,cz3,cz2
r0012158,48993,cz3,cz2
r0012159,48995,cz3,cz2
r0012160,48997,cz3,cz2
r0012161,48999,cz3,cz2
r0012162,49001,cz3,cz2
r0012163,49003,cz3,cz2
r0012164,49005,cz3,cz2
r0012165,49007,cz3,cz2
r0012166,49009,cz3,cz2
r0012167,49012,cz3,cz2
r0012168,49014,cz3,cz2
r0012169,49016,cz3,cz2
r0012170,49018,cz3,cz2
r0012171,49020,cz3,cz2
r0012172,49022,cz3,cz2
r0012173,49024,cz3,cz2
r0012174,49026,cz3,cz2
r0012175,49028,cz3,cz2
r0012176,49030,cz3,cz2
r0012177,49033,cz3,cz2
r0012178,49035,cz3,cz2
r0012179,49037,cz3,cz2
r0012180,49039,cz3,cz2
r0012181,49041,cz3,cz2
r0012182,49043,cz3,cz2
r0012183,49045,cz3,cz2
r0012184,49047,cz3,cz2
r0012185,49049,cz3,cz2
r0012186,49051,cz3,cz2
r0012187,49053,cz3,cz2
r0012188,49056,cz3,cz2
r0012189,49058,cz3,cz2
r0012190,49060,cz3,cz2
r0012191,49062,cz3,cz2
r0012192,49064,cz3,cz2
r0012193,49066,cz3,cz2
r0012194,49068,cz3,cz2
r0012195,49070,cz3,cz2
r0012196,49072,cz3,cz2
r0012197,49074,cz3,cz2
r0012198,49076,cz3,cz2
r0012199,49079,cz3,cz2
r0012200,49081,cz3,cz2
r0012201,49083,cz3,cz2
r0012202,49085,cz3,cz2
r0012203,49087,cz3,cz2
r0012204,49089,cz3,cz2
r0012205,49091,cz3,cz2
r0012206,49093,cz3,cz2
r0012207,49095,cz3,cz2
r0012208,49097,cz3,cz2
r0012209,49099,cz3,cz2
r0012210,49102,cz3,cz2
r0012211,49104,cz3,cz2
r0012212,49106,cz3,cz2
r0012213,49108,cz3,cz2
r0012214,49110,cz3,cz2
r0012215,49112,cz3,cz2
r0012216,49114,cz3,cz2
r0012217,49116,cz3,cz2
r0012218,49118,cz3,cz2
r0012219,49120,cz3,cz2
r0012220,49122,cz3,cz2
r0012221,49125,cz3,cz2
r0012222,49127,cz3,cz2
r0012223,49129,cz3,cz2
r0012224,49131,cz3,cz2
r0012225,49133,cz3,cz2
r0012226,49135,cz3,cz2
r0012227,49137,cz3,cz3
r0012228,49139,cz3,cz3
r0012229,49141,cz3,cz3
r0012230,49143,cz3,cz3
r0012231,49145,cz3,cz3
r0012232,49148,cz3,cz3
r0012233,49150,cz3,cz3
r0012234,49152,cz3,cz3
r0012235,49154,cz3,cz3
r0012236,49156,cz3,cz3
r0012237,49158,cz3,cz3
r0012238,49160,cz3,cz3
r0012239,49162,cz3,cz3
r0012240,49164,cz3,cz3
r0012241,49166,cz3,cz3
r0012242,49168,cz3,cz3
r0012243,49171,cz3,cz3
r0012244,49173,cz3,cz3
r0012245,49175,cz3,cz3
r0012246,49177,cz3,cz3
r0012247,49179,cz3,cz3
r0012248,49181,cz3,cz3
r0012249,49183,cz3,cz3
r0012250,49185,cz3,cz3
r0012251,49187,cz3,cz3
r0012252,49189,cz3,cz3
r0012253,49191,cz3,cz3
r0012254,49194,cz3,cz3
r0012255,49196,cz3,cz3
r0012256,49198,cz3,cz3
r0012257,49200,cz3,cz3
r0012258,49202,cz3,cz3
r0012259,49204,cz3,cz3
r0012260,49206,cz3,cz3
r0012261,49208,cz3,cz3
r0012262,49210,cz3,cz3
r0012263,49212,cz3,cz3
r0012264,49214,cz3,cz3
r0012265,49217,cz3,cz3
r0012266,49219,cz3,cz3
r0012267,49221,cz3,cz3
r0012268,49223,cz3,cz3
r0012269,49225,cz3,cz3
r0012270,49227,cz3,cz3
r0012271,49229,cz3,cz3
r0012272,49231,cz3,cz3
r0012273,49233,cz3,cz3
r0012274,49235,cz3,cz3
r0012275,49238,cz3,cz3
r0012276,49240,cz3,cz3
r0012277,49242,cz3,cz3
r0012278,49244,cz3,cz3
r0012279,49246,cz3,cz3
r0012280,49248,cz3,cz3
r0012281,49250,cz3,cz3
r0012282,49252,cz3,cz3
r0012283,49254,cz3,cz3
r0012284,49256,cz3,cz3
r0012285,49258,cz3,cz3
r0012286,49261,cz3,cz3
r0012287,49263,cz3,cz3
r0012288,49265,cz3,cz3
r0012289,49267,cz3,cz3
r0012290,49269,cz3,cz3
r0012291,49271,cz3,cz3
r0012292,49273,cz3,cz3
r0012293,49275,cz3,cz3
r0012294,49277,cz3,cz3
r0012295,49279,cz3,cz3
r0012296,49281,cz3,cz3
r0012297,49284,cz3,cz3
r0012298,49286,cz3,cz3
r0012299,49288,cz3,cz3
r0012300,49290,cz3,cz3
r0012301,49292,cz3,cz3
r0012302,49294,cz3,cz3
r0012303,49296,cz3,cz3
r0012304,49298,cz3,cz3
r0012305,49300,cz3,cz3
r0012306,49302,cz3,cz3
r0012307,49304,cz3,cz3
r0012308,49307,cz3,cz3
r0012309,49309,cz3,cz3
r0012310,49311,cz3,cz3
r0012311,49313,cz3,cz3
r0012312,49315,cz3,cz3
r0012313,49317,cz3,cz3
r0012314,49319,cz3,cz3
r0012315,49321,cz3,cz3
r0012316,49323,cz3,cz3
r0012317,49325,cz3,cz3
r0012318,49327,cz3,cz3
r0012319,49330,cz3,cz3
r0012320,49332,cz3,cz3
r0012321,49334,cz3,cz3
r0012322,49336,cz3,cz3
r0012323,49338,cz3,cz3
r0012324,49340,cz3,cz3
r0012325,49342,cz3,cz3
r0012326,49344,cz3,cz3
r0012327,49346,cz3,cz3
r0012328,49348,cz3,cz3
r0012329,49350,cz3,cz3
r0012330,49353,cz3,cz3
r0012331,49355,cz3,cz3
r0012332,49357,cz3,cz3
r0012333,49359,cz3,cz3
r0012334,49361,cz3,cz3
r0012335,49363,cz3,cz3
r0012336,49365,cz3,cz3
r0012337,49367,cz3,cz3
r0012338,49369,cz3,cz3
r0012339,49371,cz3,cz3
r0012340,49373,cz3,cz3
r0012341,49376,cz3,cz3
r0012342,49378,cz3,cz3
r0012343,49380,cz3,cz3
r0012344,49382,cz3,cz3
r0012345,49384,cz3,cz3
r0012346,49386,cz3,cz3
r0012347,49388,cz3,cz3
r0012348,49390,cz3,cz3
r0012349,49392,cz3,cz3
r0012350,49394,cz3,cz3
r0012351,49396,cz3,cz3
r0012352,49399,cz3,cz3
r0012353,49401,cz3,cz3
r0012354,49403,cz3,cz3
r0012355,49405,cz3,cz3
r0012356,49407,cz3,cz3
r0012357,49409,cz3,cz3
r0012358,49411,cz3,cz3
r0012359,49413,cz3,cz3
r0012360,49415,cz3,cz3
r0012361,49417,cz3,cz3
r0012362,49419,cz3,cz3
r0012363,49422,cz3,cz3
r0012364,49424,cz3,cz3
r0012365,49426,cz3,cz3
r0012366,49428,cz3,cz3
r0012367,49430,cz3,cz3
r0012368,49432,cz3,cz3
r0012369,49434,cz3,cz3
r0012370,49436,cz3,cz3
r0012371,49438,cz3,cz3
r0012372,49440,cz3,cz3
r0012373,49442,cz3,cz3
r0012374,49445,cz3,cz3
r0012375,49447,cz3,cz3
r0012376,49449,cz3,cz3
r0012377,49451,cz3,cz3
r0012378,49453,cz3,cz4
r0012379,49455,cz3,cz4
r0012380,49457,cz3,cz4
r0012381,49459,cz3,cz4
r0012382,49461,cz3,cz4
r0012383,49463,cz3,cz4
r0012384,49466,cz3,cz4
r0012385,49468,cz3,cz4
r0012386,49470,cz3,cz4
r0012387,49472,cz3,cz4
r0012388,49474,cz3,cz4
r0012389,49476,cz3,cz4
r0012390,49478,cz3,cz4
r0012391,49480,cz3,cz4
r0012392,49482,cz3,cz4
r0012393,49484,cz3,cz4
r0012394,49486,cz3,cz4
r0012395,49489,cz3,cz4
r0012396,49491,cz3,cz4
r0012397,49493,cz3,cz4
r0012398,49495,cz3,cz4
r0012399,49497,cz3,cz4
r0012400,49499,cz3,cz4
r0012401,49501,cz3,cz4
r0012402,49503,cz3,cz4
r0012403,49505,cz3,cz4
r0012404,49507,cz3,cz4
r0012405,49509,cz3,cz4
r0012406,49512,cz3,cz4
r0012407,49514,cz3,cz4
r0012408,49516,cz3,cz4
r0012409,49518,cz3,cz4
r0012410,49520,cz3,cz4
r0012411,49522,cz3,cz4
r0012412,49524,cz3,cz4
r0012413,49526,cz3,cz4
r0012414,49528,cz3,cz4
r0012415,49530,cz3,cz4
r0012416,49532,cz3,cz4
r0012417,49535,cz3,cz4
r0012418,49537,cz3,cz4
r0012419,49539,cz3,cz4
r0012420,49541,cz3,cz4
r0012421,49543,cz3,cz4
r0012422,49545,cz3,cz4
r0012423,49547,cz3,cz4
r0012424,49549,cz3,cz4
r0012425,49551,cz3,cz4
r0012426,49553,cz3,cz4
r0012427,49555,cz3,cz4
r0012428,49558,cz3,cz4
r0012429,49560,cz3,cz4
r0012430,49562,cz3,cz4
r0012431,49564,cz3,cz4
r0012432,49566,cz3,cz4
r0012433,49568,cz3,cz4
r0012434,49570,cz3,cz4
r0012435,49572,cz3,cz4
r0012436,49574,cz3,cz4
r0012437,49576,cz3,cz4
r0012438,49578,cz3,cz4
r0012439,49581,cz3,cz4
r0012440,49583,cz3,cz4
r0012441,49585,cz3,cz4
r0012442,49587,cz3,cz4
r0012443,49589,cz3,cz4
r0012444,49591,cz3,cz4
r0012445,49593,cz3,cz4
r0012446,49595,cz3,cz4
r0012447,49597,cz3,cz4
r0012448,49599,cz3,cz4
r0012449,49601,cz3,cz4
r0012450,49604,cz3,cz4
r0012451,49606,cz3,cz4
r0012452,49608,cz3,cz4
r0012453,49610,cz3,cz4
r0012454,49612,cz3,cz4
r0012455,49614,cz3,cz4
r0012456,49616,cz3,cz4
r0012457,49618,cz3,cz4
r0012458,49620,cz3,cz4
r0012459,49622,cz3,cz4
r0012460,49624,cz3,cz4
r0012461,49627,cz3,cz4
r0012462,49629,cz3,cz4
r0012463,49631,cz3,cz4
r0012464,49633,cz3,cz4
r0012465,49635,cz3,cz4
r0012466,49637,cz3,cz4
r0012467,49639,cz3,cz4
r0012468,49641,cz3,cz4
r0012469,49643,cz3,cz4
r0012470,49645,cz3,cz4
r0012471,49647,cz3,cz4
r0012472,49650,cz3,cz4
r0012473,49652,cz3,cz4
r0012474,49654,cz3,cz4
r0012475,49656,cz3,cz4
r0012476,49658,cz3,cz4
r0012477,49660,cz3,cz4
r0012478,49662,cz3,cz4
r0012479,49664,cz4,cz1
r0012480,49666,cz4,cz1
r0012481,49668,cz4,cz1
r0012482,49671,cz4,cz1
r0012483,49673,cz4,cz1
r0012484,49675,cz4,cz1
r0012485,49677,cz4,cz1
r0012486,49679,cz4,cz1
r0012487,49681,cz4,cz1
r0012488,49683,cz4,cz1
r0012489,49685,cz4,cz1
r0012490,49687,cz4,cz1
r0012491,49689,cz4,cz1
r0012492,49691,cz4,cz1
r0012493,49694,cz4,cz1
r0012494,49696,cz4,cz1
r0012495,49698,cz4,cz1
r0012496,49700,cz4,cz1
r0012497,49702,cz4,cz1
r0012498,49704,cz4,cz1
r0012499,49706,cz4,cz1
r0012500,49708,cz4,cz1
r0012501,49710,cz4,cz1
r0012502,49712,cz4,cz1
r0012503,49714,cz4,cz1
r0012504,49717,cz4,cz1
r0012505,49719,cz4,cz1
r0012506,49721,cz4,cz1
r0012507,49723,cz4,cz1
r0012508,49725,cz4,cz1
r0012509,49727,cz4,cz1
r0012510,49729,cz4,cz1
r0012511,49731,cz4,cz1
r0012512,49733,cz4,cz1
r0012513,49735,cz4,cz1
r0012514,49737,cz4,cz1
r0012515,49740,cz4,cz1
r0012516,49742,cz4,cz1
r0012517,49744,cz4,cz1
r0012518,49746,cz4,cz1
r0012519,49748,cz4,cz1
r0012520,49750,cz4,cz1
r0012521,49752,cz4,cz1
r0012522,49754,cz4,cz1
r0012523,49756,cz4,cz1
r0012524,49758,cz4,cz1
r0012525,49760,cz4,cz1
r0012526,49763,cz4,cz1
r0012527,49765,cz4,cz1
r0012528,49767,cz4,cz1
r0012529,49769,cz4,cz1
r0012530,49771,cz4,cz1
r0012531,49773,cz4,cz1
r0012532,49775,cz4,cz1
r0012533,49777,cz4,cz1
r0012534,49779,cz4,cz1
r0012535,49781,cz4,cz1
r0012536,49783,cz4,cz1
r0012537,49786,cz4,cz1
r0012538,49788,cz4,cz1
r0012539,49790,cz4,cz1
r0012540,49792,cz4,cz1
r0012541,49794,cz4,cz1
r0012542,49796,cz4,cz1
r0012543,49798,cz4,cz1
r0012544,49800,cz4,cz1
r0012545,49802,cz4,cz1
r0012546,49804,cz4,cz1
r0012547,49806,cz4,cz1
r0012548,49809,cz4,cz1
r0012549,49811,cz4,cz1
r0012550,49813,cz4,cz1
r0012551,49815,cz4,cz1
r0012552,49817,cz4,cz1
r0012553,49819,cz4,cz1
r0012554,49821,cz4,cz1
r0012555,49823,cz4,cz1
r0012556,49825,cz4,cz1
r0012557,49827,cz4,cz1
r0012558,49829,cz4,cz1
r0012559,49832,cz4,cz1
r0012560,49834,cz4,cz1
r0012561,49836,cz4,cz1
r0012562,49838,cz4,cz1
r0012563,49840,cz4,cz1
r0012564,49842,cz4,cz1
r0012565,49844,cz4,cz1
r0012566,49846,cz4,cz1
r0012567,49848,cz4,cz1
r0012568,49850,cz4,cz1
r0012569,49852,cz4,cz1
r0012570,49855,cz4,cz1
r0012571,49857,cz4,cz1
r0012572,49859,cz4,cz1
r0012573,49861,cz4,cz1
r0012574,49863,cz4,cz1
r0012575,49865,cz4,cz1
r0012576,49867,cz4,cz1
r0012577,49869,cz4,cz1
r0012578,49871,cz4,cz1
r0012579,49873,cz4,cz2
r0012580,49876,cz4,cz2
r0012581,49878,cz4,cz2
r0012582,49880,cz4,cz2
r0012583,49882,cz4,cz2
r0012584,49884,cz4,cz2
r0012585,49886,cz4,cz2
r0012586,49888,cz4,cz2
r0012587,49890,cz4,cz2
r0012588,49892,cz4,cz2
r0012589,49894,cz4,cz2
r0012590,49896,cz4,cz2
r0012591,49899,cz4,cz2
r0012592,49901,cz4,cz2
r0012593,49903,cz4,cz2
r0012594,49905,cz4,cz2
r0012595,49907,cz4,cz2
r0012596,49909,cz4,cz2
r0012597,49911,cz4,cz2
r0012598,49913,cz4,cz2
r0012599,49915,cz4,cz2
r0012600,49917,cz4,cz2
r0012601,49919,cz4,cz2
r0012602,49922,cz4,cz2
r0012603,49924,cz4,cz2
r0012604,49926,cz4,cz2
r0012605,49928,cz4,cz2
r0012606,49930,cz4,cz2
r0012607,49932,cz4,cz2
r0012608,49934,cz4,cz2
r0012609,49936,cz4,cz2
r0012610,49938,cz4,cz2
r0012611,49940,cz4,cz2
r0012612,49942,cz4,cz2
r0012613,49945,cz4,cz2
r0012614,49947,cz4,cz2
r0012615,49949,cz4,cz2
r0012616,49951,cz4,cz2
r0012617,49953,cz4,cz2
r0012618,49955,cz4,cz2
r0012619,49957,cz4,cz2
r0012620,49959,cz4,cz2
r0012621,49961,cz4,cz2
r0012622,49963,cz4,cz2
r0012623,49965,cz4,cz2
r0012624,49968,cz4,cz2
r0012625,49970,cz4,cz2
r0012626,49972,cz4,cz2
r0012627,49974,cz4,cz2
r0012628,49976,cz4,cz2
r0012629,49978,cz4,cz2
r0012630,49980,cz4,cz2
r0012631,49982,cz4,cz2
r0012632,49984,cz4,cz2
r0012633,49986,cz4,cz2
r0012634,49988,cz4,cz2
r0012635,49991,cz4,cz2
r0012636,49993,cz4,cz2
r0012637,49995,cz4,cz2
r0012638,49997,cz4,cz2
r0012639,49999,cz4,cz2
r0012640,50001,cz4,cz2
r0012641,50003,cz4,cz2
r0012642,50005,cz4,cz2
r0012643,50007,cz4,cz2
r0012644,50009,cz4,cz2
r0012645,50011,cz4,cz2
r0012646,50014,cz4,cz2
r0012647,50016,cz4,cz2
r0012648,50018,cz4,cz2
r0012649,50020,cz4,cz2
r0012650,50022,cz4,cz2
r0012651,50024,cz4,cz2
r0012652,50026,cz4,cz2
r0012653,50028,cz4,cz2
r0012654,50030,cz4,cz3
r0012655,50032,cz4,cz3
r0012656,50034,cz4,cz3
r0012657,50037,cz4,cz3
r0012658,50039,cz4,cz3
r0012659,50041,cz4,cz3
r0012660,50043,cz4,cz3
r0012661,50045,cz4,cz3
r0012662,50047,cz4,cz3
r0012663,50049,cz4,cz3
r0012664,50051,cz4,cz3
r0012665,50053,cz4,cz3
r0012666,50055,cz4,cz3
r0012667,50057,cz4,cz3
r0012668,50060,cz4,cz3
r0012669,50062,cz4,cz3
r0012670,50064,cz4,cz3
r0012671,50066,cz4,cz3
r0012672,50068,cz4,cz3
r0012673,50070,cz4,cz3
r0012674,50072,cz4,cz3
r0012675,50074,cz4,cz3
r0012676,50076,cz4,cz3
r0012677,50078,cz4,cz3
r0012678,50080,cz4,cz3
r0012679,50083,cz4,cz3
r0012680,50085,cz4,cz3
r0012681,50087,cz4,cz3
r0012682,50089,cz4,cz3
r0012683,50091,cz4,cz3
r0012684,50093,cz4,cz3
r0012685,50095,cz4,cz3
r0012686,50097,cz4,cz3
r0012687,50099,cz4,cz3
r0012688,50101,cz4,cz3
r0012689,50104,cz4,cz3
r0012690,50106,cz4,cz3
r0012691,50108,cz4,cz3
r0012692,50110,cz4,cz3
r0012693,50112,cz4,cz3
r0012694,50114,cz4,cz3
r0012695,50116,cz4,cz3
r0012696,50118,cz4,cz3
r0012697,50120,cz4,cz3
r0012698,50122,cz4,cz3
r0012699,50124,cz4,cz3
r0012700,50127,cz4,cz3
r0012701,50129,cz4,cz3
r0012702,50131,cz4,cz3
r0012703,50133,cz4,cz3
r0012704,50135,cz4,cz3
r0012705,50137,cz4,cz3
r0012706,50139,cz4,cz3
r0012707,50141,cz4,cz3
r0012708,50143,cz4,cz3
r0012709,50145,cz4,cz3
r0012710,50147,cz4,cz3
r0012711,50150,cz4,cz3
r0012712,50152,cz4,cz3
r0012713,50154,cz4,cz3
r0012714,50156,cz4,cz3
r0012715,50158,cz4,cz3
r0012716,50160,cz4,cz3
r0012717,50162,cz4,cz3
r0012718,50164,cz4,cz3
r0012719,50166,cz4,cz3
r0012720,50168,cz4,cz3
r0012721,50170,cz4,cz3
r0012722,50173,cz4,cz3
r0012723,50175,cz4,cz3
r0012724,50177,cz4,cz3
r0012725,50179,cz4,cz3
r0012726,50181,cz4,cz3
r0012727,50183,cz4,cz3
r0012728,50185,cz4,cz3
r0012729,50187,cz4,cz3
r0012730,50189,cz4,cz3
r0012731,50191,cz4,cz3
r0012732,50193,cz4,cz3
r0012733,50196,cz4,cz3
r0012734,50198,cz4,cz3
r0012735,50200,cz4,cz3
r0012736,50202,cz4,cz3
r0012737,50204,cz4,cz3
r0012738,50206,cz4,cz3
r0012739,50208,cz4,cz3
r0012740,50210,cz4,cz3
r0012741,50212,cz4,cz3
r0012742,50214,cz4,cz3
r0012743,50216,cz4,cz3
r0012744,50219,cz4,cz3
r0012745,50221,cz4,cz3
r0012746,50223,cz4,cz3
r0012747,50225,cz4,cz3
r0012748,50227,cz4,cz3
r0012749,50229,cz4,cz3
r0012750,50231,cz4,cz3
r0012751,50233,cz4,cz3
r0012752,50235,cz4,cz3
r0012753,50237,cz4,cz3
r0012754,50239,cz4,cz3
r0012755,50242,cz4,cz3
r0012756,50244,cz4,cz3
r0012757,50246,cz4,cz3
r0012758,50248,cz4,cz3
r0012759,50250,cz4,cz4
r0012760,50252,cz4,cz4
r0012761,50254,cz4,cz4
r0012762,50256,cz4,cz4
r0012763,50258,cz4,cz4
r0012764,50260,cz4,cz4
r0012765,50262,cz4,cz4
r0012766,50265,cz4,cz4
r0012767,50267,cz4,cz4
r0012768,50269,cz4,cz4
r0012769,50271,cz4,cz4
r0012770,50273,cz4,cz4
r0012771,50275,cz4,cz4
r0012772,50277,cz4,cz4
r0012773,50279,cz4,cz4
r0012774,50281,cz4,cz4
r0012775,50283,cz4,cz4
r0012776,50285,cz4,cz4
r0012777,50288,cz4,cz4
r0012778,50290,cz4,cz4
r0012779,50292,cz4,cz4
r0012780,50294,cz4,cz4
r0012781,50296,cz4,cz4
r0012782,50298,cz4,cz4
r0012783,50300,cz4,cz4
r0012784,50302,cz4,cz4
r0012785,50304,cz4,cz4
r0012786,50306,cz4,cz4
r0012787,50309,cz4,cz4
r0012788,50311,cz4,cz4
r0012789,50313,cz4,cz4
r0012790,50315,cz4,cz4
r0012791,50317,cz4,cz4
r0012792,50319,cz4,cz4
r0012793,50321,cz4,cz4
r0012794,50323,cz4,cz4
r0012795,50325,cz4,cz4
r0012796,50327,cz4,cz4
r0012797,50329,cz4,cz4
r0012798,50332,cz4,cz4
r0012799,50334,cz4,cz4
r0012800,50336,cz4,cz4
r0012801,50338,cz4,cz4
r0012802,50340,cz4,cz4
r0012803,50342,cz4,cz4
r0012804,50344,cz4,cz4
r0012805,50346,cz4,cz4
r0012806,50348,cz4,cz4
r0012807,50350,cz4,cz4
r0012808,50352,cz4,cz4
r0012809,50355,cz4,cz4
r0012810,50357,cz4,cz4
r0012811,50359,cz4,cz4
r0012812,50361,cz4,cz4
r0012813,50363,cz4,cz4
r0012814,50365,cz4,cz4
r0012815,50367,cz4,cz4
r0012816,50369,cz4,cz4
r0012817,50371,cz4,cz4
r0012818,50373,cz4,cz4
r0012819,50375,cz4,cz4
r0012820,50378,cz4,cz4
r0012821,50380,cz4,cz4
r0012822,50382,cz4,cz4
r0012823,50384,cz4,cz4
r0012824,50386,cz4,cz4
r0012825,50388,cz4,cz4
r0012826,50390,cz4,cz4
r0012827,50392,cz4,cz4
r0012828,50394,cz4,cz4
r0012829,50396,cz4,cz4
r0012830,50398,cz4,cz4
r0012831,50401,cz1,cz1
r0012832,50403,cz1,cz1
r0012833,50405,cz1,cz1
r0012834,50407,cz1,cz1
r0012835,50409,cz1,cz1
r0012836,50411,cz1,cz1
r0012837,50413,cz1,cz1
r0012838,50415,cz1,cz1
r0012839,50417,cz1,cz1
r0012840,50419,cz1,cz1
r0012841,50421,cz1,cz1
r0012842,50423,cz1,cz1
r0012843,50425,cz1,cz1
r0012844,50427,cz1,cz1
r0012845,50429,cz1,cz1
r0012846,50431,cz1,cz1
r0012847,50433,cz1,cz1
r0012848,50435,cz1,cz1
r0012849,50437,cz1,cz1
r0012850,50439,cz1,cz1
r0012851,50441,cz1,cz1
r0012852,50443,cz1,cz1
r0012853,50445,cz1,cz1
r0012854,50447,cz1,cz1
r0012855,50450,cz1,cz1
r0012856,50452,cz1,cz1
r0012857,50454,cz1,cz1
r0012858,50456,cz1,cz1
r0012859,50458,cz1,cz1
r0012860,50460,cz1,cz1
r0012861,50462,cz1,cz1
r0012862,50464,cz1,cz1
r0012863,50466,cz1,cz1
r0012864,50468,cz1,cz1
r0012865,50470,cz1,cz1
r0012866,50472,cz1,cz1
r0012867,50474,cz1,cz1
r0012868,50476,cz1,cz1
r0012869,50478,cz1,cz1
r0012870,50480,cz1,cz1
r0012871,50482,cz1,cz1
r0012872,50484,cz1,cz1
r0012873,50486,cz1,cz1
r0012874,50488,cz1,cz1
r0012875,50490,cz1,cz1
r0012876,50492,cz1,cz1
r0012877,50494,cz1,cz1
r0012878,50496,cz1,cz1
r0012879,50499,cz1,cz1
r0012880,50501,cz1,cz1
r0012881,50503,cz1,cz1
r0012882,50505,cz1,cz1
r0012883,50507,cz1,cz1
r0012884,50509,cz1,cz1
r0012885,50511,cz1,cz1
r0012886,50513,cz1,cz1
r0012887,50515,cz1,cz1
r0012888,50517,cz1,cz1
r0012889,50519,cz1,cz1
r0012890,50521,cz1,cz1
r0012891,50523,cz1,cz1
r0012892,50525,cz1,cz1
r0012893,50527,cz1,cz1
r0012894,50529,cz1,cz1
r0012895,50531,cz1,cz1
r0012896,50533,cz1,cz1
r0012897,50535,cz1,cz1
r0012898,50537,cz1,cz1
r0012899,50539,cz1,cz1
r0012900,50541,cz1,cz1
r0012901,50543,cz1,cz1
r0012902,50546,cz1,cz1
r0012903,50548,cz1,cz1
r0012904,50550,cz1,cz1
r0012905,50552,cz1,cz1
r0012906,50554,cz1,cz1
r0012907,50556,cz1,cz1
r0012908,50558,cz1,cz1
r0012909,50560,cz1,cz1
r0012910,50562,cz1,cz1
r0012911,50564,cz1,cz1
r0012912,50566,cz1,cz1
r0012913,50568,cz1,cz1
r0012914,50570,cz1,cz1
r0012915,50572,cz1,cz1
r0012916,50574,cz1,cz1
r0012917,50576,cz1,cz1
r0012918,50578,cz1,cz1
r0012919,50580,cz1,cz1
r0012920,50582,cz1,cz1
r0012921,50584,cz1,cz1
r0012922,50586,cz1,cz1
r0012923,50588,cz1,cz1
r0012924,50590,cz1,cz1
r0012925,50592,cz1,cz1
r0012926,50595,cz1,cz1
r0012927,50597,cz1,cz1
r0012928,50599,cz1,cz1
r0012929,50601,cz1,cz1
r0012930,50603,cz1,cz1
r0012931,50605,cz1,cz1
r0012932,50607,cz1,cz1
r0012933,50609,cz1,cz1
r0012934,50611,cz1,cz1
r0012935,50613,cz1,cz1
r0012936,50615,cz1,cz1
r0012937,50617,cz1,cz1
r0012938,50619,cz1,cz1
r0012939,50621,cz1,cz1
r0012940,50623,cz1,cz1
r0012941,50625,cz1,cz1
r0012942,50627,cz1,cz1
r0012943,50629,cz1,cz1
r0012944,50631,cz1,cz1
r0012945,50633,cz1,cz1
r0012946,50635,cz1,cz1
r0012947,50637,cz1,cz1
r0012948,50639,cz1,cz1
r0012949,50641,cz1,cz1
r0012950,50644,cz1,cz1
r0012951,50646,cz1,cz1
r0012952,50648,cz1,cz1
r0012953,50650,cz1,cz1
r0012954,50652,cz1,cz1
r0012955,50654,cz1,cz1
r0012956,50656,cz1,cz1
r0012957,50658,cz1,cz1
r0012958,50660,cz1,cz1
r0012959,50662,cz1,cz1
r0012960,50664,cz1,cz1
r0012961,50666,cz1,cz1
r0012962,50668,cz1,cz1
r0012963,50670,cz1,cz1
r0012964,50672,cz1,cz1
r0012965,50674,cz1,cz1
r0012966,50676,cz1,cz1
r0012967,50678,cz1,cz1
r0012968,50680,cz1,cz1
r0012969,50682,cz1,cz1
r0012970,50684,cz1,cz1
r0012971,50686,cz1,cz1
r0012972,50688,cz1,cz2
r0012973,50690,cz1,cz2
r0012974,50693,cz1,cz2
r0012975,50695,cz1,cz2
r0012976,50697,cz1,cz2
r0012977,50699,cz1,cz2
r0012978,50701,cz1,cz2
r0012979,50703,cz1,cz2
r0012980,50705,cz1,cz2
r0012981,50707,cz1,cz2
r0012982,50709,cz1,cz2
r0012983,50711,cz1,cz2
r0012984,50713,cz1,cz2
r0012985,50715,cz1,cz2
r0012986,50717,cz1,cz2
r0012987,50719,cz1,cz2
r0012988,50721,cz1,cz2
r0012989,50723,cz1,cz2
r0012990,50725,cz1,cz2
r0012991,50727,cz1,cz2
r0012992,50729,cz1,cz2
r0012993,50731,cz1,cz2
r0012994,50733,cz1,cz2
r0012995,50735,cz1,cz2
r0012996,50737,cz1,cz2
r0012997,50739,cz1,cz2
r0012998,50742,cz1,cz2
r0012999,50744,cz1,cz2
r0013000,50746,cz1,cz2
r0013001,50748,cz1,cz2
r0013002,50750,cz1,cz2
r0013003,50752,cz1,cz2
r0013004,50754,cz1,cz2
r0013005,50756,cz1,cz2
r0013006,50758,cz1,cz2
r0013007,50760,cz1,cz2
r0013008,50762,cz1,cz2
r0013009,50764,cz1,cz2
r0013010,50766,cz1,cz2
r0013011,50768,cz1,cz2
r0013012,50770,cz1,cz2
r0013013,50772,cz1,cz2
r0013014,50774,cz1,cz2
r0013015,50776,cz1,cz2
r0013016,50778,cz1,cz2
r0013017,50780,cz1,cz2
r0013018,50782,cz1,cz2
r0013019,50784,cz1,cz2
r0013020,50786,cz1,cz2
r0013021,50788,cz1,cz2
r0013022,50791,cz1,cz2
r0013023,50793,cz1,cz2
r0013024,50795,cz1,cz2
r0013025,50797,cz1,cz2
r0013026,50799,cz1,cz2
r0013027,50801,cz1,cz2
r0013028,50803,cz1,cz2
r0013029,50805,cz1,cz2
r0013030,50807,cz1,cz2
r0013031,50809,cz1,cz2
r0013032,50811,cz1,cz2
r0013033,50813,cz1,cz2
r0013034,50815,cz1,cz2
r0013035,50817,cz1,cz2
r0013036,50819,cz1,cz2
r0013037,50821,cz1,cz2
r0013038,50823,cz1,cz2
r0013039,50825,cz1,cz2
r0013040,50827,cz1,cz2
r0013041,50829,cz1,cz2
r0013042,50831,cz1,cz2
r0013043,50833,cz1,cz2
r0013044,50835,cz1,cz2
r0013045,50838,cz1,cz2
r0013046,50840,cz1,cz2
r0013047,50842,cz1,cz2
r0013048,50844,cz1,cz2
r0013049,50846,cz1,cz2
r0013050,50848,cz1,cz2
r0013051,50850,cz1,cz2
r0013052,50852,cz1,cz2
r0013053,50854,cz1,cz2
r0013054,50856,cz1,cz2
r0013055,50858,cz1,cz2
r0013056,50860,cz1,cz2
r0013057,50862,cz1,cz2
r0013058,50864,cz1,cz2
r0013059,50866,cz1,cz2
r0013060,50868,cz1,cz2
r0013061,50870,cz1,cz2
r0013062,50872,cz1,cz2
r0013063,50874,cz1,cz2
r0013064,50876,cz1,cz2
r0013065,50878,cz1,cz2
r0013066,50880,cz1,cz2
r0013067,50882,cz1,cz2
r0013068,50884,cz1,cz2
r0013069,50887,cz1,cz2
r0013070,50889,cz1,cz2
r0013071,50891,cz1,cz2
r0013072,50893,cz1,cz2
r0013073,50895,cz1,cz2
r0013074,50897,cz1,cz2
r0013075,50899,cz1,cz2
r0013076,50901,cz1,cz2
r0013077,50903,cz1,cz2
r0013078,50905,cz1,cz2
r0013079,50907,cz1,cz2
r0013080,50909,cz1,cz3
r0013081,50911,cz1,cz3
r0013082,50913,cz1,cz3
r0013083,50915,cz1,cz3
r0013084,50917,cz1,cz3
r0013085,50919,cz1,cz3
r0013086,50921,cz1,cz3
r0013087,50923,cz1,cz3
r0013088,50925,cz1,cz3
r0013089,50927,cz1,cz3
r0013090,50929,cz1,cz3
r0013091,50931,cz1,cz3
r0013092,50933,cz1,cz3
r0013093,50936,cz1,cz3
r0013094,50938,cz1,cz3
r0013095,50940,cz1,cz3
r0013096,50942,cz1,cz3
r0013097,50944,cz1,cz3
r0013098,50946,cz1,cz3
r0013099,50948,cz1,cz3
r0013100,50950,cz1,cz3
r0013101,50952,cz1,cz3
r0013102,50954,cz1,cz3
r0013103,50956,cz1,cz3
r0013104,50958,cz1,cz3
r0013105,50960,cz1,cz3
r0013106,50962,cz1,cz3
r0013107,50964,cz1,cz3
r0013108,50966,cz1,cz3
r0013109,50968,cz1,cz3
r0013110,50970,cz1,cz3
r0013111,50972,cz1,cz3
r0013112,50974,cz1,cz3
r0013113,50976,cz1,cz3
r0013114,50978,cz1,cz3
r0013115,50980,cz1,cz3
r0013116,50982,cz1,cz3
r0013117,50985,cz1,cz3
r0013118,50987,cz1,cz3
r0013119,50989,cz1,cz3
r0013120,50991,cz1,cz3
r0013121,50993,cz1,cz3
r0013122,50995,cz1,cz3
r0013123,50997,cz1,cz3
r0013124,50999,cz1,cz3
r0013125,51001,cz1,cz3
r0013126,51003,cz1,cz3
r0013127,51005,cz1,cz3
r0013128,51007,cz1,cz3
r0013129,51009,cz1,cz3
r0013130,51011,cz1,cz3
r0013131,51013,cz1,cz3
r0013132,51015,cz1,cz3
r0013133,51017,cz1,cz3
r0013134,51019,cz1,cz3
r0013135,51021,cz1,cz3
r0013136,51023,cz1,cz3
r0013137,51025,cz1,cz3
r0013138,51027,cz1,cz3
r0013139,51029,cz1,cz3
r0013140,51031,cz1,cz3
r0013141,51034,cz1,cz3
r0013142,51036,cz1,cz3
r0013143,51038,cz1,cz3
r0013144,51040,cz1,cz3
r0013145,51042,cz1,cz3
r0013146,51044,cz1,cz3
r0013147,51046,cz1,cz3
r0013148,51048,cz1,cz3
r0013149,51050,cz1,cz3
r0013150,51052,cz1,cz3
r0013151,51054,cz1,cz3
r0013152,51056,cz1,cz3
r0013153,51058,cz1,cz3
r0013154,51060,cz1,cz3
r0013155,51062,cz1,cz3
r0013156,51064,cz1,cz3
r0013157,51066,cz1,cz3
r0013158,51068,cz1,cz3
r0013159,51070,cz1,cz3
r0013160,51072,cz1,cz3
r0013161,51074,cz1,cz3
r0013162,51076,cz1,cz3
r0013163,51078,cz1,cz3
r0013164,51080,cz1,cz3
r0013165,51083,cz1,cz3
r0013166,51085,cz1,cz3
r0013167,51087,cz1,cz3
r0013168,51089,cz1,cz3
r0013169,51091,cz1,cz3
r0013170,51093,cz1,cz3
r0013171,51095,cz1,cz3
r0013172,51097,cz1,cz3
r0013173,51099,cz1,cz3
r0013174,51101,cz1,cz3
r0013175,51103,cz1,cz3
r0013176,51105,cz1,cz3
r0013177,51107,cz1,cz3
r0013178,51109,cz1,cz3
r0013179,51111,cz1,cz3
r0013180,51113,cz1,cz3
r0013181,51115,cz1,cz3
r0013182,51117,cz1,cz3
r0013183,51119,cz1,cz3
r0013184,51121,cz1,cz3
r0013185,51123,cz1,cz3
r0013186,51125,cz1,cz3
r0013187,51127,cz1,cz3
r0013188,51130,cz1,cz3
r0013189,51132,cz1,cz3
r0013190,51134,cz1,cz3
r0013191,51136,cz1,cz3
r0013192,51138,cz1,cz3
r0013193,51140,cz1,cz3
r0013194,51142,cz1,cz3
r0013195,51144,cz1,cz3
r0013196,51146,cz1,cz3
r0013197,51148,cz1,cz3
r0013198,51150,cz1,cz3
r0013199,51152,cz1,cz3
r0013200,51154,cz1,cz3
r0013201,51156,cz1,cz3
r0013202,51158,cz1,cz3
r0013203,51160,cz1,cz3
r0013204,51162,cz1,cz3
r0013205,51164,cz1,cz3
r0013206,51166,cz1,cz3
r0013207,51168,cz1,cz3
r0013208,51170,cz1,cz3
r0013209,51172,cz1,cz3
r0013210,51174,cz1,cz3
r0013211,51176,cz1,cz3
r0013212,51179,cz1,cz3
r0013213,51181,cz1,cz3
r0013214,51183,cz1,cz3
r0013215,51185,cz1,cz3
r0013216,51187,cz1,cz3
r0013217,51189,cz1,cz3
r0013218,51191,cz1,cz3
r0013219,51193,cz1,cz3
r0013220,51195,cz1,cz3
r0013221,51197,cz1,cz3
r0013222,51199,cz1,cz3
r0013223,51201,cz1,cz3
r0013224,51203,cz1,cz3
r0013225,51205,cz1,cz3
r0013226,51207,cz1,cz3
r0013227,51209,cz1,cz4
r0013228,51211,cz1,cz4
r0013229,51213,cz1,cz4
r0013230,51215,cz1,cz4
r0013231,51217,cz1,cz4
r0013232,51219,cz1,cz4
r0013233,51221,cz1,cz4
r0013234,51223,cz1,cz4
r0013235,51225,cz1,cz4
r0013236,51228,cz1,cz4
r0013237,51230,cz1,cz4
r0013238,51232,cz1,cz4
r0013239,51234,cz1,cz4
r0013240,51236,cz1,cz4
r0013241,51238,cz1,cz4
r0013242,51240,cz1,cz4
r0013243,51242,cz1,cz4
r0013244,51244,cz1,cz4
r0013245,51246,cz1,cz4
r0013246,51248,cz1,cz4
r0013247,51250,cz1,cz4
r0013248,51252,cz1,cz4
r0013249,51254,cz1,cz4
r0013250,51256,cz1,cz4
r0013251,51258,cz1,cz4
r0013252,51260,cz1,cz4
r0013253,51262,cz1,cz4
r0013254,51264,cz1,cz4
r0013255,51266,cz1,cz4
r0013256,51268,cz1,cz4
r0013257,51270,cz1,cz4
r0013258,51272,cz1,cz4
r0013259,51274,cz1,cz4
r0013260,51277,cz1,cz4
r0013261,51279,cz1,cz4
r0013262,51281,cz1,cz4
r0013263,51283,cz1,cz4
r0013264,51285,cz1,cz4
r0013265,51287,cz1,cz4
r0013266,51289,cz1,cz4
r0013267,51291,cz1,cz4
r0013268,51293,cz1,cz4
r0013269,51295,cz1,cz4
r0013270,51297,cz1,cz4
r0013271,51299,cz1,cz4
r0013272,51301,cz1,cz4
r0013273,51303,cz1,cz4
r0013274,51305,cz1,cz4
r0013275,51307,cz1,cz4
r0013276,51309,cz1,cz4
r0013277,51311,cz1,cz4
r0013278,51313,cz1,cz4
r0013279,51315,cz1,cz4
r0013280,51317,cz1,cz4
r0013281,51319,cz1,cz4
r0013282,51321,cz1,cz4
r0013283,51323,cz1,cz4
r0013284,51326,cz1,cz4
r0013285,51328,cz1,cz4
r0013286,51330,cz1,cz4
r0013287,51332,cz1,cz4
r0013288,51334,cz1,cz4
r0013289,51336,cz1,cz4
r0013290,51338,cz1,cz4
r0013291,51340,cz1,cz4
r0013292,51342,cz1,cz4
r0013293,51344,cz1,cz4
r0013294,51346,cz1,cz4
r0013295,51348,cz1,cz4
r0013296,51350,cz1,cz4
r0013297,51352,cz1,cz4
r0013298,51354,cz1,cz4
r0013299,51356,cz1,cz4
r0013300,51358,cz1,cz4
r0013301,51360,cz1,cz4
r0013302,51362,cz1,cz4
r0013303,51364,cz1,cz4
r0013304,51366,cz1,cz4
r0013305,51368,cz1,cz4
r0013306,51370,cz1,cz4
r0013307,51373,cz1,cz4
r0013308,51375,cz1,cz4
r0013309,51377,cz1,cz4
r0013310,51379,cz1,cz4
r0013311,51381,cz1,cz4
r0013312,51383,cz1,cz4
r0013313,51385,cz1,cz4
r0013314,51387,cz1,cz4
r0013315,51389,cz1,cz4
r0013316,51391,cz1,cz4
r0013317,51393,cz1,cz4
r0013318,51395,cz1,cz4
r0013319,51397,cz1,cz4
r0013320,51399,cz1,cz4
r0013321,51401,cz1,cz4
r0013322,51403,cz1,cz4
r0013323,51405,cz1,cz4
r0013324,51407,cz1,cz4
r0013325,51409,cz1,cz4
r0013326,51411,cz1,cz4
r0013327,51413,cz2,cz1
r0013328,51415,cz2,cz1
r0013329,51417,cz2,cz1
r0013330,51419,cz2,cz1
r0013331,51422,cz2,cz1
r0013332,51424,cz2,cz1
r0013333,51426,cz2,cz1
r0013334,51428,cz2,cz1
r0013335,51430,cz2,cz1
r0013336,51432,cz2,cz1
r0013337,51434,cz2,cz1
r0013338,51436,cz2,cz1
r0013339,51438,cz2,cz1
r0013340,51440,cz2,cz1
r0013341,51442,cz2,cz1
r0013342,51444,cz2,cz1
r0013343,51446,cz2,cz1
r0013344,51448,cz2,cz1
r0013345,51450,cz2,cz1
r0013346,51452,cz2,cz1
r0013347,51454,cz2,cz1
r0013348,51456,cz2,cz1
r0013349,51458,cz2,cz1
r0013350,51460,cz2,cz1
r0013351,51462,cz2,cz1
r0013352,51464,cz2,cz1
r0013353,51466,cz2,cz1
r0013354,51468,cz2,cz1
r0013355,51471,cz2,cz1
r0013356,51473,cz2,cz1
r0013357,51475,cz2,cz1
r0013358,51477,cz2,cz1
r0013359,51479,cz2,cz1
r0013360,51481,cz2,cz1
r0013361,51483,cz2,cz1
r0013362,51485,cz2,cz1
r0013363,51487,cz2,cz1
r0013364,51489,cz2,cz1
r0013365,51491,cz2,cz1
r0013366,51493,cz2,cz1
r0013367,51495,cz2,cz1
r0013368,51497,cz2,cz1
r0013369,51499,cz2,cz1
r0013370,51501,cz2,cz1
r0013371,51503,cz2,cz1
r0013372,51505,cz2,cz1
r0013373,51507,cz2,cz1
r0013374,51509,cz2,cz1
r0013375,51511,cz2,cz1
r0013376,51513,cz2,cz1
r0013377,51515,cz2,cz1
r0013378,51517,cz2,cz1
r0013379,51520,cz2,cz1
r0013380,51522,cz2,cz1
r0013381,51524,cz2,cz1
r0013382,51526,cz2,cz1
r0013383,51528,cz2,cz1
r0013384,51530,cz2,cz1
r0013385,51532,cz2,cz1
r0013386,51534,cz2,cz1
r0013387,51536,cz2,cz1
r0013388,51538,cz2,cz1
r0013389,51540,cz2,cz1
r0013390,51542,cz2,cz1
r0013391,51544,cz2,cz1
r0013392,51546,cz2,cz1
r0013393,51548,cz2,cz1
r0013394,51550,cz2,cz1
r0013395,51552,cz2,cz1
r0013396,51554,cz2,cz1
r0013397,51556,cz2,cz1
r0013398,51558,cz2,cz1
r0013399,51560,cz2,cz1
r0013400,51562,cz2,cz1
r0013401,51564,cz2,cz1
r0013402,51566,cz2,cz1
r0013403,51569,cz2,cz1
r0013404,51571,cz2,cz1
r0013405,51573,cz2,cz1
r0013406,51575,cz2,cz1
r0013407,51577,cz2,cz1
r0013408,51579,cz2,cz1
r0013409,51581,cz2,cz1
r0013410,51583,cz2,cz1
r0013411,51585,cz2,cz1
r0013412,51587,cz2,cz1
r0013413,51589,cz2,cz1
r0013414,51591,cz2,cz1
r0013415,51593,cz2,cz1
r0013416,51595,cz2,cz1
r0013417,51597,cz2,cz1
r0013418,51599,cz2,cz1
r0013419,51601,cz2,cz1
r0013420,51603,cz2,cz1
r0013421,51605,cz2,cz1
r0013422,51607,cz2,cz1
r0013423,51609,cz2,cz1
r0013424,51611,cz2,cz1
r0013425,51613,cz2,cz1
r0013426,51615,cz2,cz1
r0013427,51618,cz2,cz1
r0013428,51620,cz2,cz1
r0013429,51622,cz2,cz1
r0013430,51624,cz2,cz1
r0013431,51626,cz2,cz1
r0013432,51628,cz2,cz1
r0013433,51630,cz2,cz1
r0013434,51632,cz2,cz1
r0013435,51634,cz2,cz1
r0013436,51636,cz2,cz1
r0013437,51638,cz2,cz2
r0013438,51640,cz2,cz2
r0013439,51642,cz2,cz2
r0013440,51644,cz2,cz2
r0013441,51646,cz2,cz2
r0013442,51648,cz2,cz2
r0013443,51650,cz2,cz2
r0013444,51652,cz2,cz2
r0013445,51654,cz2,cz2
r0013446,51656,cz2,cz2
r0013447,51658,cz2,cz2
r0013448,51660,cz2,cz2
r0013449,51662,cz2,cz2
r0013450,51665,cz2,cz2
r0013451,51667,cz2,cz2
r0013452,51669,cz2,cz2
r0013453,51671,cz2,cz2
r0013454,51673,cz2,cz2
r0013455,51675,cz2,cz2
r0013456,51677,cz2,cz2
r0013457,51679,cz2,cz2
r0013458,51681,cz2,cz2
r0013459,51683,cz2,cz2
r0013460,51685,cz2,cz2
r0013461,51687,cz2,cz2
r0013462,51689,cz2,cz2
r0013463,51691,cz2,cz2
r0013464,51693,cz2,cz2
r0013465,51695,cz2,cz2
r0013466,51697,cz2,cz2
r0013467,51699,cz2,cz2
r0013468,51701,cz2,cz2
r0013469,51703,cz2,cz2
r0013470,51705,cz2,cz2
r0013471,51707,cz2,cz2
r0013472,51709,cz2,cz2
r0013473,51711,cz2,cz2
r0013474,51714,cz2,cz2
r0013475,51716,cz2,cz2
r0013476,51718,cz2,cz2
r0013477,51720,cz2,cz2
r0013478,51722,cz2,cz2
r0013479,51724,cz2,cz2
r0013480,51726,cz2,cz2
r0013481,51728,cz2,cz2
r0013482,51730,cz2,cz2
r0013483,51732,cz2,cz2
r0013484,51734,cz2,cz2
r0013485,51736,cz2,cz2
r0013486,51738,cz2,cz2
r0013487,51740,cz2,cz2
r0013488,51742,cz2,cz2
r0013489,51744,cz2,cz2
r0013490,51746,cz2,cz2
r0013491,51748,cz2,cz2
r0013492,51750,cz2,cz2
r0013493,51752,cz2,cz2
r0013494,51754,cz2,cz2
r0013495,51756,cz2,cz2
r0013496,51758,cz2,cz2
r0013497,51760,cz2,cz2
r0013498,51763,cz2,cz2
r0013499,51765,cz2,cz2
r0013500,51767,cz2,cz2
r0013501,51769,cz2,cz2
r0013502,51771,cz2,cz2
r0013503,51773,cz2,cz2
r0013504,51775,cz2,cz2
r0013505,51777,cz2,cz2
r0013506,51779,cz2,cz2
r0013507,51781,cz2,cz2
r0013508,51783,cz2,cz2
r0013509,51785,cz2,cz2
r0013510,51787,cz2,cz2
r0013511,51789,cz2,cz2
r0013512,51791,cz2,cz2
r0013513,51793,cz2,cz2
r0013514,51795,cz2,cz2
r0013515,51797,cz2,cz2
r0013516,51799,cz2,cz2
r0013517,51801,cz2,cz2
r0013518,51803,cz2,cz2
r0013519,51805,cz2,cz2
r0013520,51807,cz2,cz2
r0013521,51809,cz2,cz2
r0013522,51812,cz2,cz2
r0013523,51814,cz2,cz2
r0013524,51816,cz2,cz2
r0013525,51818,cz2,cz2
r0013526,51820,cz2,cz2
r0013527,51822,cz2,cz2
r0013528,51824,cz2,cz2
r0013529,51826,cz2,cz2
r0013530,51828,cz2,cz2
r0013531,51830,cz2,cz2
r0013532,51832,cz2,cz2
r0013533,51834,cz2,cz2
r0013534,51836,cz2,cz2
r0013535,51838,cz2,cz2
r0013536,51840,cz2,cz2
r0013537,51842,cz2,cz2
r0013538,51844,cz2,cz2
r0013539,51846,cz2,cz2
r0013540,51848,cz2,cz2
r0013541,51850,cz2,cz2
r0013542,51852,cz2,cz2
r0013543,51854,cz2,cz2
r0013544,51856,cz2,cz3
r0013545,51858,cz2,cz3
r0013546,51861,cz2,cz3
r0013547,51863,cz2,cz3
r0013548,51865,cz2,cz3
r0013549,51867,cz2,cz3
r0013550,51869,cz2,cz3
r0013551,51871,cz2,cz3
r0013552,51873,cz2,cz3
r0013553,51875,cz2,cz3
r0013554,51877,cz2,cz3
r0013555,51879,cz2,cz3
r0013556,51881,cz2,cz3
r0013557,51883,cz2,cz3
r0013558,51885,cz2,cz3
r0013559,51887,cz2,cz3
r0013560,51889,cz2,cz3
r0013561,51891,cz2,cz3
r0013562,51893,cz2,cz3
r0013563,51895,cz2,cz3
r0013564,51897,cz2,cz3
r0013565,51899,cz2,cz3
r0013566,51901,cz2,cz3
r0013567,51903,cz2,cz3
r0013568,51905,cz2,cz3
r0013569,51907,cz2,cz3
r0013570,51910,cz2,cz3
r0013571,51912,cz2,cz3
r0013572,51914,cz2,cz3
r0013573,51916,cz2,cz3
r0013574,51918,cz2,cz3
r0013575,51920,cz2,cz3
r0013576,51922,cz2,cz3
r0013577,51924,cz2,cz3
r0013578,51926,cz2,cz3
r0013579,51928,cz2,cz3
r0013580,51930,cz2,cz3
r0013581,51932,cz2,cz3
r0013582,51934,cz2,cz3
r0013583,51936,cz2,cz3
r0013584,51938,cz2,cz3
r0013585,51940,cz2,cz3
r0013586,51942,cz2,cz3
r0013587,51944,cz2,cz3
r0013588,51946,cz2,cz3
r0013589,51948,cz2,cz3
r0013590,51950,cz2,cz3
r0013591,51952,cz2,cz3
r0013592,51954,cz2,cz3
r0013593,51957,cz2,cz3
r0013594,51959,cz2,cz3
r0013595,51961,cz2,cz3
r0013596,51963,cz2,cz3
r0013597,51965,cz2,cz3
r0013598,51967,cz2,cz3
r0013599,51969,cz2,cz3
r0013600,51971,cz2,cz3
r0013601,51973,cz2,cz3
r0013602,51975,cz2,cz3
r0013603,51977,cz2,cz3
r0013604,51979,cz2,cz3
r0013605,51981,cz2,cz3
r0013606,51983,cz2,cz3
r0013607,51985,cz2,cz3
r0013608,51987,cz2,cz3
r0013609,51989,cz2,cz3
r0013610,51991,cz2,cz3
r0013611,51993,cz2,cz3
r0013612,51995,cz2,cz3
r0013613,51997,cz2,cz3
r0013614,51999,cz2,cz3
r0013615,52001,cz2,cz3
r0013616,52003,cz2,cz3
r0013617,52006,cz2,cz3
r0013618,52008,cz2,cz3
r0013619,52010,cz2,cz3
r0013620,52012,cz2,cz3
r0013621,52014,cz2,cz3
r0013622,52016,cz2,cz3
r0013623,52018,cz2,cz3
r0013624,52020,cz2,cz3
r0013625,52022,cz2,cz3
r0013626,52024,cz2,cz3
r0013627,52026,cz2,cz3
r0013628,52028,cz2,cz3
r0013629,52030,cz2,cz3
r0013630,52032,cz2,cz3
r0013631,52034,cz2,cz3
r0013632,52036,cz2,cz3
r0013633,52038,cz2,cz3
r0013634,52040,cz2,cz3
r0013635,52042,cz2,cz3
r0013636,52044,cz2,cz3
r0013637,52046,cz2,cz3
r0013638,52048,cz2,cz3
r0013639,52050,cz2,cz3
r0013640,52052,cz2,cz3
r0013641,52055,cz2,cz3
r0013642,52057,cz2,cz3
r0013643,52059,cz2,cz3
r0013644,52061,cz2,cz3
r0013645,52063,cz2,cz3
r0013646,52065,cz2,cz3
r0013647,52067,cz2,cz3
r0013648,52069,cz2,cz3
r0013649,52071,cz2,cz3
r0013650,52073,cz2,cz4
r0013651,52075,cz2,cz4
r0013652,52077,cz2,cz4
r0013653,52079,cz2,cz4
r0013654,52081,cz2,cz4
r0013655,52083,cz2,cz4
r0013656,52085,cz2,cz4
r0013657,52087,cz2,cz4
r0013658,52089,cz2,cz4
r0013659,52091,cz2,cz4
r0013660,52093,cz2,cz4
r0013661,52095,cz2,cz4
r0013662,52097,cz2,cz4
r0013663,52099,cz2,cz4
r0013664,52101,cz2,cz4
r0013665,52104,cz2,cz4
r0013666,52106,cz2,cz4
r0013667,52108,cz2,cz4
r0013668,52110,cz2,cz4
r0013669,52112,cz2,cz4
r0013670,52114,cz2,cz4
r0013671,52116,cz2,cz4
r0013672,52118,cz2,cz4
r0013673,52120,cz2,cz4
r0013674,52122,cz2,cz4
r0013675,52124,cz2,cz4
r0013676,52126,cz2,cz4
r0013677,52128,cz2,cz4
r0013678,52130,cz2,cz4
r0013679,52132,cz2,cz4
r0013680,52134,cz2,cz4
r0013681,52136,cz2,cz4
r0013682,52138,cz2,cz4
r0013683,52140,cz2,cz4
r0013684,52142,cz2,cz4
r0013685,52144,cz2,cz4
r0013686,52146,cz2,cz4
r0013687,52148,cz2,cz4
r0013688,52150,cz2,cz4
r0013689,52153,cz2,cz4
r0013690,52155,cz2,cz4
r0013691,52157,cz2,cz4
r0013692,52159,cz2,cz4
r0013693,52161,cz2,cz4
r0013694,52163,cz2,cz4
r0013695,52165,cz2,cz4
r0013696,52167,cz2,cz4
r0013697,52169,cz2,cz4
r0013698,52171,cz2,cz4
r0013699,52173,cz2,cz4
r0013700,52175,cz2,cz4
r0013701,52177,cz2,cz4
r0013702,52179,cz2,cz4
r0013703,52181,cz2,cz4
r0013704,52183,cz2,cz4
r0013705,52185,cz2,cz4
r0013706,52187,cz2,cz4
r0013707,52189,cz2,cz4
r0013708,52191,cz2,cz4
r0013709,52193,cz2,cz4
r0013710,52195,cz2,cz4
r0013711,52197,cz2,cz4
r0013712,52200,cz2,cz4
r0013713,52202,cz2,cz4
r0013714,52204,cz2,cz4
r0013715,52206,cz2,cz4
r0013716,52208,cz2,cz4
r0013717,52210,cz2,cz4
r0013718,52212,cz2,cz4
r0013719,52214,cz2,cz4
r0013720,52216,cz2,cz4
r0013721,52218,cz2,cz4
r0013722,52220,cz2,cz4
r0013723,52222,cz2,cz4
r0013724,52224,cz2,cz4
r0013725,52226,cz2,cz4
r0013726,52228,cz2,cz4
r0013727,52230,cz3,cz1
r0013728,52232,cz3,cz1
r0013729,52234,cz3,cz1
r0013730,52236,cz3,cz1
r0013731,52238,cz3,cz1
r0013732,52240,cz3,cz1
r0013733,52242,cz3,cz1
r0013734,52244,cz3,cz1
r0013735,52246,cz3,cz1
r0013736,52249,cz3,cz1
r0013737,52251,cz3,cz1
r0013738,52253,cz3,cz1
r0013739,52255,cz3,cz1
r0013740,52257,cz3,cz1
r0013741,52259,cz3,cz1
r0013742,52261,cz3,cz1
r0013743,52263,cz3,cz1
r0013744,52265,cz3,cz1
r0013745,52267,cz3,cz1
r0013746,52269,cz3,cz1
r0013747,52271,cz3,cz1
r0013748,52273,cz3,cz1
r0013749,52275,cz3,cz1
r0013750,52277,cz3,cz1
r0013751,52279,cz3,cz1
r0013752,52281,cz3,cz1
r0013753,52283,cz3,cz1
r0013754,52285,cz3,cz1
r0013755,52287,cz3,cz1
r0013756,52289,cz3,cz1
r0013757,52291,cz3,cz1
r0013758,52293,cz3,cz1
r0013759,52295,cz3,cz1
r0013760,52298,cz3,cz1
r0013761,52300,cz3,cz1
r0013762,52302,cz3,cz1
r0013763,52304,cz3,cz1
r0013764,52306,cz3,cz1
r0013765,52308,cz3,cz1
r0013766,52310,cz3,cz1
r0013767,52312,cz3,cz1
r0013768,52314,cz3,cz1
r0013769,52316,cz3,cz1
r0013770,52318,cz3,cz1
r0013771,52320,cz3,cz1
r0013772,52322,cz3,cz1
r0013773,52324,cz3,cz1
r0013774,52326,cz3,cz1
r0013775,52328,cz3,cz1
r0013776,52330,cz3,cz1
r0013777,52332,cz3,cz1
r0013778,52334,cz3,cz1
r0013779,52336,cz3,cz1
r0013780,52338,cz3,cz1
r0013781,52340,cz3,cz1
r0013782,52342,cz3,cz1
r0013783,52344,cz3,cz1
r0013784,52347,cz3,cz1
r0013785,52349,cz3,cz1
r0013786,52351,cz3,cz1
r0013787,52353,cz3,cz1
r0013788,52355,cz3,cz1
r0013789,52357,cz3,cz1
r0013790,52359,cz3,cz1
r0013791,52361,cz3,cz1
r0013792,52363,cz3,cz1
r0013793,52365,cz3,cz1
r0013794,52367,cz3,cz1
r0013795,52369,cz3,cz1
r0013796,52371,cz3,cz1
r0013797,52373,cz3,cz1
r0013798,52375,cz3,cz1
r0013799,52377,cz3,cz1
r0013800,52379,cz3,cz1
r0013801,52381,cz3,cz1
r0013802,52383,cz3,cz1
r0013803,52385,cz3,cz1
r0013804,52387,cz3,cz1
r0013805,52389,cz3,cz1
r0013806,52391,cz3,cz1
r0013807,52393,cz3,cz1
r0013808,52396,cz3,cz1
r0013809,52398,cz3,cz1
r0013810,52400,cz3,cz1
r0013811,52402,cz3,cz1
r0013812,52404,cz3,cz1
r0013813,52406,cz3,cz1
r0013814,52408,cz3,cz1
r0013815,52410,cz3,cz1
r0013816,52412,cz3,cz1
r0013817,52414,cz3,cz1
r0013818,52416,cz3,cz1
r0013819,52418,cz3,cz1
r0013820,52420,cz3,cz1
r0013821,52422,cz3,cz1
r0013822,52424,cz3,cz1
r0013823,52426,cz3,cz1
r0013824,52428,cz3,cz1
r0013825,52430,cz3,cz1
r0013826,52432,cz3,cz1
r0013827,52434,cz3,cz1
r0013828,52436,cz3,cz1
r0013829,52438,cz3,cz1
r0013830,52440,cz3,cz1
r0013831,52442,cz3,cz1
r0013832,52445,cz3,cz1
r0013833,52447,cz3,cz1
r0013834,52449,cz3,cz1
r0013835,52451,cz3,cz1
r0013836,52453,cz3,cz1
r0013837,52455,cz3,cz1
r0013838,52457,cz3,cz1
r0013839,52459,cz3,cz1
r0013840,52461,cz3,cz1
r0013841,52463,cz3,cz1
r0013842,52465,cz3,cz1
r0013843,52467,cz3,cz1
r0013844,52469,cz3,cz1
r0013845,52471,cz3,cz1
r0013846,52473,cz3,cz1
r0013847,52475,cz3,cz1
r0013848,52477,cz3,cz1
r0013849,52479,cz3,cz1
r0013850,52481,cz3,cz1
r0013851,52483,cz3,cz1
r0013852,52485,cz3,cz1
r0013853,52487,cz3,cz1
r0013854,52489,cz3,cz1
r0013855,52492,cz3,cz1
r0013856,52494,cz3,cz1
r0013857,52496,cz3,cz1
r0013858,52498,cz3,cz1
r0013859,52500,cz3,cz1
r0013860,52502,cz3,cz1
r0013861,52504,cz3,cz1
r0013862,52506,cz3,cz1
r0013863,52508,cz3,cz1
r0013864,52510,cz3,cz1
r0013865,52512,cz3,cz1
r0013866,52514,cz3,cz1
r0013867,52516,cz3,cz1
r0013868,52518,cz3,cz1
r0013869,52520,cz3,cz1
r0013870,52522,cz3,cz1
r0013871,52524,cz3,cz1
r0013872,52526,cz3,cz2
r0013873,52528,cz3,cz2
r0013874,52530,cz3,cz2
r0013875,52532,cz3,cz2
r0013876,52534,cz3,cz2
r0013877,52536,cz3,cz2
r0013878,52538,cz3,cz2
r0013879,52541,cz3,cz2
r0013880,52543,cz3,cz2
r0013881,52545,cz3,cz2
r0013882,52547,cz3,cz2
r0013883,52549,cz3,cz2
r0013884,52551,cz3,cz2
r0013885,52553,cz3,cz2
r0013886,52555,cz3,cz2
r0013887,52557,cz3,cz2
r0013888,52559,cz3,cz2
r0013889,52561,cz3,cz2
r0013890,52563,cz3,cz2
r0013891,52565,cz3,cz2
r0013892,52567,cz3,cz2
r0013893,52569,cz3,cz2
r0013894,52571,cz3,cz2
r0013895,52573,cz3,cz2
r0013896,52575,cz3,cz2
r0013897,52577,cz3,cz2
r0013898,52579,cz3,cz2
r0013899,52581,cz3,cz2
r0013900,52583,cz3,cz2
r0013901,52585,cz3,cz2
r0013902,52587,cz3,cz2
r0013903,52590,cz3,cz2
r0013904,52592,cz3,cz2
r0013905,52594,cz3,cz2
r0013906,52596,cz3,cz2
r0013907,52598,cz3,cz2
r0013908,52600,cz3,cz2
r0013909,52602,cz3,cz2
r0013910,52604,cz3,cz2
r0013911,52606,cz3,cz2
r0013912,52608,cz3,cz2
r0013913,52610,cz3,cz2
r0013914,52612,cz3,cz2
r0013915,52614,cz3,cz2
r0013916,52616,cz3,cz2
r0013917,52618,cz3,cz2
r0013918,52620,cz3,cz2
r0013919,52622,cz3,cz2
r0013920,52624,cz3,cz2
r0013921,52626,cz3,cz2
r0013922,52628,cz3,cz2
r0013923,52630,cz3,cz2
r0013924,52632,cz3,cz2
r0013925,52634,cz3,cz2
r0013926,52636,cz3,cz2
r0013927,52639,cz3,cz2
r0013928,52641,cz3,cz2
r0013929,52643,cz3,cz2
r0013930,52645,cz3,cz2
r0013931,52647,cz3,cz2
r0013932,52649,cz3,cz2
r0013933,52651,cz3,cz2
r0013934,52653,cz3,cz2
r0013935,52655,cz3,cz2
r0013936,52657,cz3,cz2
r0013937,52659,cz3,cz2
r0013938,52661,cz3,cz2
r0013939,52663,cz3,cz2
r0013940,52665,cz3,cz2
r0013941,52667,cz3,cz2
r0013942,52669,cz3,cz2
r0013943,52671,cz3,cz2
r0013944,52673,cz3,cz2
r0013945,52675,cz3,cz2
r0013946,52677,cz3,cz2
r0013947,52679,cz3,cz2
r0013948,52681,cz3,cz2
r0013949,52683,cz3,cz2
r0013950,52685,cz3,cz2
r0013951,52688,cz3,cz2
r0013952,52690,cz3,cz2
r0013953,52692,cz3,cz2
r0013954,52694,cz3,cz2
r0013955,52696,cz3,cz2
r0013956,52698,cz3,cz2
r0013957,52700,cz3,cz2
r0013958,52702,cz3,cz2
r0013959,52704,cz3,cz2
r0013960,52706,cz3,cz2
r0013961,52708,cz3,cz2
r0013962,52710,cz3,cz2
r0013963,52712,cz3,cz2
r0013964,52714,cz3,cz2
r0013965,52716,cz3,cz2
r0013966,52718,cz3,cz2
r0013967,52720,cz3,cz2
r0013968,52722,cz3,cz2
r0013969,52724,cz3,cz2
r0013970,52726,cz3,cz2
r0013971,52728,cz3,cz2
r0013972,52730,cz3,cz2
r0013973,52732,cz3,cz2
r0013974,52734,cz3,cz2
r0013975,52737,cz3,cz3
r0013976,52739,cz3,cz3
r0013977,52741,cz3,cz3
r0013978,52743,cz3,cz3
r0013979,52745,cz3,cz3
r0013980,52747,cz3,cz3
r0013981,52749,cz3,cz3
r0013982,52751,cz3,cz3
r0013983,52753,cz3,cz3
r0013984,52755,cz3,cz3
r0013985,52757,cz3,cz3
r0013986,52759,cz3,cz3
r0013987,52761,cz3,cz3
r0013988,52763,cz3,cz3
r0013989,52765,cz3,cz3
r0013990,52767,cz3,cz3
r0013991,52769,cz3,cz3
r0013992,52771,cz3,cz3
r0013993,52773,cz3,cz3
r0013994,52775,cz3,cz3
r0013995,52777,cz3,cz3
r0013996,52779,cz3,cz3
r0013997,52781,cz3,cz3
r0013998,52784,cz3,cz3
r0013999,52786,cz3,cz3
r0014000,52788,cz3,cz3
r0014001,52790,cz3,cz3
r0014002,52792,cz3,cz3
r0014003,52794,cz3,cz3
r0014004,52796,cz3,cz3
r0014005,52798,cz3,cz3
r0014006,52800,cz3,cz3
r0014007,52802,cz3,cz3
r0014008,52804,cz3,cz3
r0014009,52806,cz3,cz3
r0014010,52808,cz3,cz3
r0014011,52810,cz3,cz3
r0014012,52812,cz3,cz3
r0014013,52814,cz3,cz3
r0014014,52816,cz3,cz3
r0014015,52818,cz3,cz3
r0014016,52820,cz3,cz3
r0014017,52822,cz3,cz3
r0014018,52824,cz3,cz3
r0014019,52826,cz3,cz3
r0014020,52828,cz3,cz3
r0014021,52830,cz3,cz3
r0014022,52833,cz3,cz3
r0014023,52835,cz3,cz3
r0014024,52837,cz3,cz3
r0014025,52839,cz3,cz3
r0014026,52841,cz3,cz3
r0014027,52843,cz3,cz3
r0014028,52845,cz3,cz3
r0014029,52847,cz3,cz3
r0014030,52849,cz3,cz3
r0014031,52851,cz3,cz3
r0014032,52853,cz3,cz3
r0014033,52855,cz3,cz3
r0014034,52857,cz3,cz3
r0014035,52859,cz3,cz3
r0014036,52861,cz3,cz3
r0014037,52863,cz3,cz3
r0014038,52865,cz3,cz3
r0014039,52867,cz3,cz3
r0014040,52869,cz3,cz3
r0014041,52871,cz3,cz3
r0014042,52873,cz3,cz3
r0014043,52875,cz3,cz3
r0014044,52877,cz3,cz3
r0014045,52879,cz3,cz3
r0014046,52882,cz3,cz3
r0014047,52884,cz3,cz3
r0014048,52886,cz3,cz3
r0014049,52888,cz3,cz3
r0014050,52890,cz3,cz3
r0014051,52892,cz3,cz3
r0014052,52894,cz3,cz3
r0014053,52896,cz3,cz3
r0014054,52898,cz3,cz3
r0014055,52900,cz3,cz3
r0014056,52902,cz3,cz3
r0014057,52904,cz3,cz3
r0014058,52906,cz3,cz3
r0014059,52908,cz3,cz3
r0014060,52910,cz3,cz3
r0014061,52912,cz3,cz3
r0014062,52914,cz3,cz3
r0014063,52916,cz3,cz3
r0014064,52918,cz3,cz3
r0014065,52920,cz3,cz3
r0014066,52922,cz3,cz3
r0014067,52924,cz3,cz3
r0014068,52926,cz3,cz3
r0014069,52928,cz3,cz3
r0014070,52931,cz3,cz3
r0014071,52933,cz3,cz3
r0014072,52935,cz3,cz3
r0014073,52937,cz3,cz3
r0014074,52939,cz3,cz3
r0014075,52941,cz3,cz3
r0014076,52943,cz3,cz3
r0014077,52945,cz3,cz3
r0014078,52947,cz3,cz3
r0014079,52949,cz3,cz3
r0014080,52951,cz3,cz3
r0014081,52953,cz3,cz3
r0014082,52955,cz3,cz3
r0014083,52957,cz3,cz3
r0014084,52959,cz3,cz3
r0014085,52961,cz3,cz3
r0014086,52963,cz3,cz3
r0014087,52965,cz3,cz3
r0014088,52967,cz3,cz3
r0014089,52969,cz3,cz3
r0014090,52971,cz3,cz3
r0014091,52973,cz3,cz3
r0014092,52975,cz3,cz3
r0014093,52977,cz3,cz3
r0014094,52980,cz3,cz3
r0014095,52982,cz3,cz3
r0014096,52984,cz3,cz3
r0014097,52986,cz3,cz3
r0014098,52988,cz3,cz3
r0014099,52990,cz3,cz3
r0014100,52992,cz3,cz3
r0014101,52994,cz3,cz3
r0014102,52996,cz3,cz3
r0014103,52998,cz3,cz3
r0014104,53000,cz3,cz3
r0014105,53002,cz3,cz3
r0014106,53004,cz3,cz3
r0014107,53006,cz3,cz3
r0014108,53008,cz3,cz3
r0014109,53010,cz3,cz3
r0014110,53012,cz3,cz3
r0014111,53014,cz3,cz3
r0014112,53016,cz3,cz3
r0014113,53018,cz3,cz3
r0014114,53020,cz3,cz3
r0014115,53022,cz3,cz3
r0014116,53024,cz3,cz3
r0014117,53026,cz3,cz3
r0014118,53029,cz3,cz3
r0014119,53031,cz3,cz3
r0014120,53033,cz3,cz3
r0014121,53035,cz3,cz3
r0014122,53037,cz3,cz3
r0014123,53039,cz3,cz3
r0014124,53041,cz3,cz3
r0014125,53043,cz3,cz3
r0014126,53045,cz3,cz3
r0014127,53047,cz3,cz3
r0014128,53049,cz3,cz3
r0014129,53051,cz3,cz3
r0014130,53053,cz3,cz4
r0014131,53055,cz3,cz4
r0014132,53057,cz3,cz4
r0014133,53059,cz3,cz4
r0014134,53061,cz3,cz4
r0014135,53063,cz3,cz4
r0014136,53065,cz3,cz4
r0014137,53067,cz3,cz4
r0014138,53069,cz3,cz4
r0014139,53071,cz3,cz4
r0014140,53073,cz3,cz4
r0014141,53076,cz3,cz4
r0014142,53078,cz3,cz4
r0014143,53080,cz3,cz4
r0014144,53082,cz3,cz4
r0014145,53084,cz3,cz4
r0014146,53086,cz3,cz4
r0014147,53088,cz3,cz4
r0014148,53090,cz3,cz4
r0014149,53092,cz3,cz4
r0014150,53094,cz3,cz4
r0014151,53096,cz3,cz4
r0014152,53098,cz3,cz4
r0014153,53100,cz3,cz4
r0014154,53102,cz3,cz4
r0014155,53104,cz3,cz4
r0014156,53106,cz3,cz4
r0014157,53108,cz3,cz4
r0014158,53110,cz3,cz4
r0014159,53112,cz3,cz4
r0014160,53114,cz3,cz4
r0014161,53116,cz3,cz4
r0014162,53118,cz3,cz4
r0014163,53120,cz3,cz4
r0014164,53122,cz3,cz4
r0014165,53125,cz3,cz4
r0014166,53127,cz3,cz4
r0014167,53129,cz3,cz4
r0014168,53131,cz3,cz4
r0014169,53133,cz3,cz4
r0014170,53135,cz3,cz4
r0014171,53137,cz3,cz4
r0014172,53139,cz3,cz4
r0014173,53141,cz3,cz4
r0014174,53143,cz3,cz4
r0014175,53145,cz3,cz4
r0014176,53147,cz3,cz4
r0014177,53149,cz3,cz4
r0014178,53151,cz3,cz4
r0014179,53153,cz3,cz4
r0014180,53155,cz3,cz4
r0014181,53157,cz3,cz4
r0014182,53159,cz3,cz4
r0014183,53161,cz3,cz4
r0014184,53163,cz3,cz4
r0014185,53165,cz3,cz4
r0014186,53167,cz3,cz4
r0014187,53169,cz3,cz4
r0014188,53171,cz3,cz4
r0014189,53174,cz3,cz4
r0014190,53176,cz3,cz4
r0014191,53178,cz3,cz4
r0014192,53180,cz3,cz4
r0014193,53182,cz3,cz4
r0014194,53184,cz3,cz4
r0014195,53186,cz3,cz4
r0014196,53188,cz3,cz4
r0014197,53190,cz3,cz4
r0014198,53192,cz3,cz4
r0014199,53194,cz3,cz4
r0014200,53196,cz3,cz4
r0014201,53198,cz3,cz4
r0014202,53200,cz3,cz4
r0014203,53202,cz3,cz4
r0014204,53204,cz3,cz4
r0014205,53206,cz3,cz4
r0014206,53208,cz3,cz4
r0014207,53210,cz3,cz4
r0014208,53212,cz3,cz4
r0014209,53214,cz3,cz4
r0014210,53216,cz3,cz4
r0014211,53218,cz3,cz4
r0014212,53220,cz3,cz4
r0014213,53223,cz3,cz4
r0014214,53225,cz3,cz4
r0014215,53227,cz3,cz4
r0014216,53229,cz3,cz4
r0014217,53231,cz3,cz4
r0014218,53233,cz3,cz4
r0014219,53235,cz3,cz4
r0014220,53237,cz3,cz4
r0014221,53239,cz3,cz4
r0014222,53241,cz3,cz4
r0014223,53243,cz3,cz4
r0014224,53245,cz3,cz4
r0014225,53247,cz3,cz4
r0014226,53249,cz3,cz4
r0014227,53251,cz3,cz4
r0014228,53253,cz3,cz4
r0014229,53255,cz3,cz4
r0014230,53257,cz3,cz4
r0014231,53259,cz3,cz4
r0014232,53261,cz3,cz4
r0014233,53263,cz3,cz4
r0014234,53265,cz4,cz1
r0014235,53267,cz4,cz1
r0014236,53269,cz4,cz1
r0014237,53272,cz4,cz1
r0014238,53274,cz4,cz1
r0014239,53276,cz4,cz1
r0014240,53278,cz4,cz1
r0014241,53280,cz4,cz1
r0014242,53282,cz4,cz1
r0014243,53284,cz4,cz1
r0014244,53286,cz4,cz1
r0014245,53288,cz4,cz1
r0014246,53290,cz4,cz1
r0014247,53292,cz4,cz1
r0014248,53294,cz4,cz1
r0014249,53296,cz4,cz1
r0014250,53298,cz4,cz1
r0014251,53300,cz4,cz1
r0014252,53302,cz4,cz1
r0014253,53304,cz4,cz1
r0014254,53306,cz4,cz1
r0014255,53308,cz4,cz1
r0014256,53310,cz4,cz1
r0014257,53312,cz4,cz1
r0014258,53314,cz4,cz1
r0014259,53316,cz4,cz1
r0014260,53319,cz4,cz1
r0014261,53321,cz4,cz1
r0014262,53323,cz4,cz1
r0014263,53325,cz4,cz1
r0014264,53327,cz4,cz1
r0014265,53329,cz4,cz1
r0014266,53331,cz4,cz1
r0014267,53333,cz4,cz1
r0014268,53335,cz4,cz1
r0014269,53337,cz4,cz1
r0014270,53339,cz4,cz1
r0014271,53341,cz4,cz1
r0014272,53343,cz4,cz1
r0014273,53345,cz4,cz1
r0014274,53347,cz4,cz1
r0014275,53349,cz4,cz1
r0014276,53351,cz4,cz1
r0014277,53353,cz4,cz1
r0014278,53355,cz4,cz1
r0014279,53357,cz4,cz1
r0014280,53359,cz4,cz1
r0014281,53361,cz4,cz1
r0014282,53363,cz4,cz1
r0014283,53365,cz4,cz1
r0014284,53368,cz4,cz1
r0014285,53370,cz4,cz1
r0014286,53372,cz4,cz1
r0014287,53374,cz4,cz1
r0014288,53376,cz4,cz1
r0014289,53378,cz4,cz1
r0014290,53380,cz4,cz1
r0014291,53382,cz4,cz1
r0014292,53384,cz4,cz1
r0014293,53386,cz4,cz1
r0014294,53388,cz4,cz1
r0014295,53390,cz4,cz1
r0014296,53392,cz4,cz1
r0014297,53394,cz4,cz1
r0014298,53396,cz4,cz1
r0014299,53398,cz4,cz1
r0014300,53400,cz4,cz1
r0014301,53402,cz4,cz1
r0014302,53404,cz4,cz1
r0014303,53406,cz4,cz1
r0014304,53408,cz4,cz1
r0014305,53410,cz4,cz1
r0014306,53412,cz4,cz1
r0014307,53414,cz4,cz1
r0014308,53417,cz4,cz1
r0014309,53419,cz4,cz1
r0014310,53421,cz4,cz1
r0014311,53423,cz4,cz1
r0014312,53425,cz4,cz1
r0014313,53427,cz4,cz1
r0014314,53429,cz4,cz1
r0014315,53431,cz4,cz1
r0014316,53433,cz4,cz1
r0014317,53435,cz4,cz1
r0014318,53437,cz4,cz1
r0014319,53439,cz4,cz1
r0014320,53441,cz4,cz1
r0014321,53443,cz4,cz1
r0014322,53445,cz4,cz1
r0014323,53447,cz4,cz1
r0014324,53449,cz4,cz1
r0014325,53451,cz4,cz1
r0014326,53453,cz4,cz1
r0014327,53455,cz4,cz1
r0014328,53457,cz4,cz1
r0014329,53459,cz4,cz1
r0014330,53461,cz4,cz1
r0014331,53463,cz4,cz1
r0014332,53466,cz4,cz1
r0014333,53468,cz4,cz1
r0014334,53470,cz4,cz1
r0014335,53472,cz4,cz1
r0014336,53474,cz4,cz2
r0014337,53476,cz4,cz2
r0014338,53478,cz4,cz2
r0014339,53480,cz4,cz2
r0014340,53482,cz4,cz2
r0014341,53484,cz4,cz2
r0014342,53486,cz4,cz2
r0014343,53488,cz4,cz2
r0014344,53490,cz4,cz2
r0014345,53492,cz4,cz2
r0014346,53494,cz4,cz2
r0014347,53496,cz4,cz2
r0014348,53498,cz4,cz2
r0014349,53500,cz4,cz2
r0014350,53502,cz4,cz2
r0014351,53504,cz4,cz2
r0014352,53506,cz4,cz2
r0014353,53508,cz4,cz2
r0014354,53510,cz4,cz2
r0014355,53512,cz4,cz2
r0014356,53515,cz4,cz2
r0014357,53517,cz4,cz2
r0014358,53519,cz4,cz2
r0014359,53521,cz4,cz2
r0014360,53523,cz4,cz2
r0014361,53525,cz4,cz2
r0014362,53527,cz4,cz2
r0014363,53529,cz4,cz2
r0014364,53531,cz4,cz2
r0014365,53533,cz4,cz2
r0014366,53535,cz4,cz2
r0014367,53537,cz4,cz2
r0014368,53539,cz4,cz2
r0014369,53541,cz4,cz2
r0014370,53543,cz4,cz2
r0014371,53545,cz4,cz2
r0014372,53547,cz4,cz2
r0014373,53549,cz4,cz2
r0014374,53551,cz4,cz2
r0014375,53553,cz4,cz2
r0014376,53555,cz4,cz2
r0014377,53557,cz4,cz2
r0014378,53559,cz4,cz2
r0014379,53561,cz4,cz2
r0014380,53564,cz4,cz2
r0014381,53566,cz4,cz2
r0014382,53568,cz4,cz2
r0014383,53570,cz4,cz2
r0014384,53572,cz4,cz2
r0014385,53574,cz4,cz2
r0014386,53576,cz4,cz2
r0014387,53578,cz4,cz2
r0014388,53580,cz4,cz2
r0014389,53582,cz4,cz2
r0014390,53584,cz4,cz2
r0014391,53586,cz4,cz2
r0014392,53588,cz4,cz2
r0014393,53590,cz4,cz2
r0014394,53592,cz4,cz2
r0014395,53594,cz4,cz2
r0014396,53596,cz4,cz2
r0014397,53598,cz4,cz2
r0014398,53600,cz4,cz2
r0014399,53602,cz4,cz2
r0014400,53604,cz4,cz2
r0014401,53606,cz4,cz2
r0014402,53608,cz4,cz2
r0014403,53611,cz4,cz2
r0014404,53613,cz4,cz2
r0014405,53615,cz4,cz2
r0014406,53617,cz4,cz2
r0014407,53619,cz4,cz2
r0014408,53621,cz4,cz2
r0014409,53623,cz4,cz2
r0014410,53625,cz4,cz2
r0014411,53627,cz4,cz2
r0014412,53629,cz4,cz2
r0014413,53631,cz4,cz3
r0014414,53633,cz4,cz3
r0014415,53635,cz4,cz3
r0014416,53637,cz4,cz3
r0014417,53639,cz4,cz3
r0014418,53641,cz4,cz3
r0014419,53643,cz4,cz3
r0014420,53645,cz4,cz3
r0014421,53647,cz4,cz3
r0014422,53649,cz4,cz3
r0014423,53651,cz4,cz3
r0014424,53653,cz4,cz3
r0014425,53655,cz4,cz3
r0014426,53657,cz4,cz3
r0014427,53660,cz4,cz3
r0014428,53662,cz4,cz3
r0014429,53664,cz4,cz3
r0014430,53666,cz4,cz3
r0014431,53668,cz4,cz3
r0014432,53670,cz4,cz3
r0014433,53672,cz4,cz3
r0014434,53674,cz4,cz3
r0014435,53676,cz4,cz3
r0014436,53678,cz4,cz3
r0014437,53680,cz4,cz3
r0014438,53682,cz4,cz3
r0014439,53684,cz4,cz3
r0014440,53686,cz4,cz3
r0014441,53688,cz4,cz3
r0014442,53690,cz4,cz3
r0014443,53692,cz4,cz3
r0014444,53694,cz4,cz3
r0014445,53696,cz4,cz3
r0014446,53698,cz4,cz3
r0014447,53700,cz4,cz3
r0014448,53702,cz4,cz3
r0014449,53704,cz4,cz3
r0014450,53706,cz4,cz3
r0014451,53709,cz4,cz3
r0014452,53711,cz4,cz3
r0014453,53713,cz4,cz3
r0014454,53715,cz4,cz3
r0014455,53717,cz4,cz3
r0014456,53719,cz4,cz3
r0014457,53721,cz4,cz3
r0014458,53723,cz4,cz3
r0014459,53725,cz4,cz3
r0014460,53727,cz4,cz3
r0014461,53729,cz4,cz3
r0014462,53731,cz4,cz3
r0014463,53733,cz4,cz3
r0014464,53735,cz4,cz3
r0014465,53737,cz4,cz3
r0014466,53739,cz4,cz3
r0014467,53741,cz4,cz3
r0014468,53743,cz4,cz3
r0014469,53745,cz4,cz3
r0014470,53747,cz4,cz3
r0014471,53749,cz4,cz3
r0014472,53751,cz4,cz3
r0014473,53753,cz4,cz3
r0014474,53755,cz4,cz3
r0014475,53758,cz4,cz3
r0014476,53760,cz4,cz3
r0014477,53762,cz4,cz3
r0014478,53764,cz4,cz3
r0014479,53766,cz4,cz3
r0014480,53768,cz4,cz3
r0014481,53770,cz4,cz3
r0014482,53772,cz4,cz3
r0014483,53774,cz4,cz3
r0014484,53776,cz4,cz3
r0014485,53778,cz4,cz3
r0014486,53780,cz4,cz3
r0014487,53782,cz4,cz3
r0014488,53784,cz4,cz3
r0014489,53786,cz4,cz3
r0014490,53788,cz4,cz3
r0014491,53790,cz4,cz3
r0014492,53792,cz4,cz3
r0014493,53794,cz4,cz3
r0014494,53796,cz4,cz3
r0014495,53798,cz4,cz3
r0014496,53800,cz4,cz3
r0014497,53802,cz4,cz3
r0014498,53804,cz4,cz3
r0014499,53807,cz4,cz3
r0014500,53809,cz4,cz3
r0014501,53811,cz4,cz3
r0014502,53813,cz4,cz3
r0014503,53815,cz4,cz3
r0014504,53817,cz4,cz3
r0014505,53819,cz4,cz3
r0014506,53821,cz4,cz3
r0014507,53823,cz4,cz3
r0014508,53825,cz4,cz3
r0014509,53827,cz4,cz3
r0014510,53829,cz4,cz3
r0014511,53831,cz4,cz3
r0014512,53833,cz4,cz3
r0014513,53835,cz4,cz3
r0014514,53837,cz4,cz3
r0014515,53839,cz4,cz3
r0014516,53841,cz4,cz3
r0014517,53843,cz4,cz3
r0014518,53845,cz4,cz3
r0014519,53847,cz4,cz3
r0014520,53849,cz4,cz4
r0014521,53851,cz4,cz4
r0014522,53853,cz4,cz4
r0014523,53856,cz4,cz4
r0014524,53858,cz4,cz4
r0014525,53860,cz4,cz4
r0014526,53862,cz4,cz4
r0014527,53864,cz4,cz4
r0014528,53866,cz4,cz4
r0014529,53868,cz4,cz4
r0014530,53870,cz4,cz4
r0014531,53872,cz4,cz4
r0014532,53874,cz4,cz4
r0014533,53876,cz4,cz4
r0014534,53878,cz4,cz4
r0014535,53880,cz4,cz4
r0014536,53882,cz4,cz4
r0014537,53884,cz4,cz4
r0014538,53886,cz4,cz4
r0014539,53888,cz4,cz4
r0014540,53890,cz4,cz4
r0014541,53892,cz4,cz4
r0014542,53894,cz4,cz4
r0014543,53896,cz4,cz4
r0014544,53898,cz4,cz4
r0014545,53900,cz4,cz4
r0014546,53903,cz4,cz4
r0014547,53905,cz4,cz4
r0014548,53907,cz4,cz4
r0014549,53909,cz4,cz4
r0014550,53911,cz4,cz4
r0014551,53913,cz4,cz4
r0014552,53915,cz4,cz4
r0014553,53917,cz4,cz4
r0014554,53919,cz4,cz4
r0014555,53921,cz4,cz4
r0014556,53923,cz4,cz4
r0014557,53925,cz4,cz4
r0014558,53927,cz4,cz4
r0014559,53929,cz4,cz4
r0014560,53931,cz4,cz4
r0014561,53933,cz4,cz4
r0014562,53935,cz4,cz4
r0014563,53937,cz4,cz4
r0014564,53939,cz4,cz4
r0014565,53941,cz4,cz4
r0014566,53943,cz4,cz4
r0014567,53945,cz4,cz4
r0014568,53947,cz4,cz4
r0014569,53949,cz4,cz4
r0014570,53952,cz4,cz4
r0014571,53954,cz4,cz4
r0014572,53956,cz4,cz4
r0014573,53958,cz4,cz4
r0014574,53960,cz4,cz4
r0014575,53962,cz4,cz4
r0014576,53964,cz4,cz4
r0014577,53966,cz4,cz4
r0014578,53968,cz4,cz4
r0014579,53970,cz4,cz4
r0014580,53972,cz4,cz4
r0014581,53974,cz4,cz4
r0014582,53976,cz4,cz4
r0014583,53978,cz4,cz4
r0014584,53980,cz4,cz4
r0014585,53982,cz4,cz4
r0014586,53984,cz4,cz4
r0014587,53986,cz4,cz4
r0014588,53988,cz4,cz4
r0014589,53990,cz4,cz4
r0014590,53992,cz4,cz4
r0014591,53994,cz4,cz4
r0014592,53996,cz4,cz4
r0014593,53998,cz4,cz4
r0014594,54000,cz1,cz1
r0014595,54002,cz1,cz1
r0014596,54004,cz1,cz1
r0014597,54006,cz1,cz1
r0014598,54008,cz1,cz1
r0014599,54010,cz1,cz1
r0014600,54011,cz1,cz1
r0014601,54013,cz1,cz1
r0014602,54015,cz1,cz1
r0014603,54017,cz1,cz1
r0014604,54019,cz1,cz1
r0014605,54020,cz1,cz1
r0014606,54022,cz1,cz1
r0014607,54024,cz1,cz1
r0014608,54026,cz1,cz1
r0014609,54028,cz1,cz1
r0014610,54030,cz1,cz1
r0014611,54031,cz1,cz1
r0014612,54033,cz1,cz1
r0014613,54035,cz1,cz1
r0014614,54037,cz1,cz1
r0014615,54039,cz1,cz1
r0014616,54041,cz1,cz1
r0014617,54042,cz1,cz1
r0014618,54044,cz1,cz1
r0014619,54046,cz1,cz1
r0014620,54048,cz1,cz1
r0014621,54050,cz1,cz1
r0014622,54051,cz1,cz1
r0014623,54053,cz1,cz1
r0014624,54055,cz1,cz1
r0014625,54057,cz1,cz1
r0014626,54059,cz1,cz1
r0014627,54061,cz1,cz1
r0014628,54062,cz1,cz1
r0014629,54064,cz1,cz1
r0014630,54066,cz1,cz1
r0014631,54068,cz1,cz1
r0014632,54070,cz1,cz1
r0014633,54072,cz1,cz1
r0014634,54073,cz1,cz1
r0014635,54075,cz1,cz1
r0014636,54077,cz1,cz1
r0014637,54079,cz1,cz1
r0014638,54081,cz1,cz1
r0014639,54082,cz1,cz1
r0014640,54084,cz1,cz1
r0014641,54086,cz1,cz1
r0014642,54088,cz1,cz1
r0014643,54090,cz1,cz1
r0014644,54092,cz1,cz1
r0014645,54093,cz1,cz1
r0014646,54095,cz1,cz1
r0014647,54097,cz1,cz1
r0014648,54099,cz1,cz1
r0014649,54101,cz1,cz1
r0014650,54102,cz1,cz1
r0014651,54104,cz1,cz1
r0014652,54106,cz1,cz1
r0014653,54108,cz1,cz1
r0014654,54110,cz1,cz1
r0014655,54112,cz1,cz1
r0014656,54113,cz1,cz1
r0014657,54115,cz1,cz1
r0014658,54117,cz1,cz1
r0014659,54119,cz1,cz1
r0014660,54121,cz1,cz1
r0014661,54123,cz1,cz1
r0014662,54124,cz1,cz1
r0014663,54126,cz1,cz1
r0014664,54128,cz1,cz1
r0014665,54130,cz1,cz1
r0014666,54132,cz1,cz1
r0014667,54133,cz1,cz1
r0014668,54135,cz1,cz1
r0014669,54137,cz1,cz1
r0014670,54139,cz1,cz1
r0014671,54141,cz1,cz1
r0014672,54143,cz1,cz1
r0014673,54144,cz1,cz1
r0014674,54146,cz1,cz1
r0014675,54148,cz1,cz1
r0014676,54150,cz1,cz1
r0014677,54152,cz1,cz1
r0014678,54154,cz1,cz1
r0014679,54155,cz1,cz1
r0014680,54157,cz1,cz1
r0014681,54159,cz1,cz1
r0014682,54161,cz1,cz1
r0014683,54163,cz1,cz1
r0014684,54164,cz1,cz1
r0014685,54166,cz1,cz1
r0014686,54168,cz1,cz1
r0014687,54170,cz1,cz1
r0014688,54172,cz1,cz1
r0014689,54174,cz1,cz1
r0014690,54175,cz1,cz1
r0014691,54177,cz1,cz1
r0014692,54179,cz1,cz1
r0014693,54181,cz1,cz1
r0014694,54183,cz1,cz1
r0014695,54185,cz1,cz1
r0014696,54186,cz1,cz1
r0014697,54188,cz1,cz1
r0014698,54190,cz1,cz1
r0014699,54192,cz1,cz1
r0014700,54194,cz1,cz1
r0014701,54195,cz1,cz1
r0014702,54197,cz1,cz1
r0014703,54199,cz1,cz1
r0014704,54201,cz1,cz1
r0014705,54203,cz1,cz1
r0014706,54205,cz1,cz1
r0014707,54206,cz1,cz1
r0014708,54208,cz1,cz1
r0014709,54210,cz1,cz1
r0014710,54212,cz1,cz1
r0014711,54214,cz1,cz1
r0014712,54216,cz1,cz1
r0014713,54217,cz1,cz1
r0014714,54219,cz1,cz1
r0014715,54221,cz1,cz1
r0014716,54223,cz1,cz1
r0014717,54225,cz1,cz1
r0014718,54226,cz1,cz1
r0014719,54228,cz1,cz1
r0014720,54230,cz1,cz1
r0014721,54232,cz1,cz1
r0014722,54234,cz1,cz1
r0014723,54236,cz1,cz1
r0014724,54237,cz1,cz1
r0014725,54239,cz1,cz1
r0014726,54241,cz1,cz1
r0014727,54243,cz1,cz1
r0014728,54245,cz1,cz1
r0014729,54246,cz1,cz1
r0014730,54248,cz1,cz1
r0014731,54250,cz1,cz1
r0014732,54252,cz1,cz1
r0014733,54254,cz1,cz1
r0014734,54256,cz1,cz1
r0014735,54257,cz1,cz1
r0014736,54259,cz1,cz1
r0014737,54261,cz1,cz1
r0014738,54263,cz1,cz1
r0014739,54265,cz1,cz1
r0014740,54267,cz1,cz1
r0014741,54268,cz1,cz1
r0014742,54270,cz1,cz1
r0014743,54272,cz1,cz1
r0014744,54274,cz1,cz1
r0014745,54276,cz1,cz1
r0014746,54277,cz1,cz1
r0014747,54279,cz1,cz1
r0014748,54281,cz1,cz1
r0014749,54283,cz1,cz1
r0014750,54285,cz1,cz1
r0014751,54287,cz1,cz1
r0014752,54288,cz1,cz2
r0014753,54290,cz1,cz2
r0014754,54292,cz1,cz2
r0014755,54294,cz1,cz2
r0014756,54296,cz1,cz2
r0014757,54298,cz1,cz2
r0014758,54299,cz1,cz2
r0014759,54301,cz1,cz2
r0014760,54303,cz1,cz2
r0014761,54305,cz1,cz2
r0014762,54307,cz1,cz2
r0014763,54308,cz1,cz2
r0014764,54310,cz1,cz2
r0014765,54312,cz1,cz2
r0014766,54314,cz1,cz2
r0014767,54316,cz1,cz2
r0014768,54318,cz1,cz2
r0014769,54319,cz1,cz2
r0014770,54321,cz1,cz2
r0014771,54323,cz1,cz2
r0014772,54325,cz1,cz2
r0014773,54327,cz1,cz2
r0014774,54329,cz1,cz2
r0014775,54330,cz1,cz2
r0014776,54332,cz1,cz2
r0014777,54334,cz1,cz2
r0014778,54336,cz1,cz2
r0014779,54338,cz1,cz2
r0014780,54339,cz1,cz2
r0014781,54341,cz1,cz2
r0014782,54343,cz1,cz2
r0014783,54345,cz1,cz2
r0014784,54347,cz1,cz2
r0014785,54349,cz1,cz2
r0014786,54350,cz1,cz2
r0014787,54352,cz1,cz2
r0014788,54354,cz1,cz2
r0014789,54356,cz1,cz2
r0014790,54358,cz1,cz2
r0014791,54360,cz1,cz2
r0014792,54361,cz1,cz2
r0014793,54363,cz1,cz2
r0014794,54365,cz1,cz2
r0014795,54367,cz1,cz2
r0014796,54369,cz1,cz2
r0014797,54370,cz1,cz2
r0014798,54372,cz1,cz2
r0014799,54374,cz1,cz2
r0014800,54376,cz1,cz2
r0014801,54378,cz1,cz2
r0014802,54380,cz1,cz2
r0014803,54381,cz1,cz2
r0014804,54383,cz1,cz2
r0014805,54385,cz1,cz2
r0014806,54387,cz1,cz2
r0014807,54389,cz1,cz2
r0014808,54390,cz1,cz2
r0014809,54392,cz1,cz2
r0014810,54394,cz1,cz2
r0014811,54396,cz1,cz2
r0014812,54398,cz1,cz2
r0014813,54400,cz1,cz2
r0014814,54401,cz1,cz2
r0014815,54403,cz1,cz2
r0014816,54405,cz1,cz2
r0014817,54407,cz1,cz2
r0014818,54409,cz1,cz2
r0014819,54411,cz1,cz2
r0014820,54412,cz1,cz2
r0014821,54414,cz1,cz2
r0014822,54416,cz1,cz2
r0014823,54418,cz1,cz2
r0014824,54420,cz1,cz2
r0014825,54421,cz1,cz2
r0014826,54423,cz1,cz2
r0014827,54425,cz1,cz2
r0014828,54427,cz1,cz2
r0014829,54429,cz1,cz2
r0014830,54431,cz1,cz2
r0014831,54432,cz1,cz2
r0014832,54434,cz1,cz2
r0014833,54436,cz1,cz2
r0014834,54438,cz1,cz2
r0014835,54440,cz1,cz2
r0014836,54442,cz1,cz2
r0014837,54443,cz1,cz2
r0014838,54445,cz1,cz2
r0014839,54447,cz1,cz2
r0014840,54449,cz1,cz2
r0014841,54451,cz1,cz2
r0014842,54452,cz1,cz2
r0014843,54454,cz1,cz2
r0014844,54456,cz1,cz2
r0014845,54458,cz1,cz2
r0014846,54460,cz1,cz2
r0014847,54462,cz1,cz2
r0014848,54463,cz1,cz2
r0014849,54465,cz1,cz2
r0014850,54467,cz1,cz2
r0014851,54469,cz1,cz2
r0014852,54471,cz1,cz2
r0014853,54473,cz1,cz2
r0014854,54474,cz1,cz2
r0014855,54476,cz1,cz2
r0014856,54478,cz1,cz2
r0014857,54480,cz1,cz2
r0014858,54482,cz1,cz2
r0014859,54483,cz1,cz2
r0014860,54485,cz1,cz2
r0014861,54487,cz1,cz2
r0014862,54489,cz1,cz2
r0014863,54491,cz1,cz2
r0014864,54493,cz1,cz2
r0014865,54494,cz1,cz2
r0014866,54496,cz1,cz2
r0014867,54498,cz1,cz2
r0014868,54500,cz1,cz2
r0014869,54502,cz1,cz2
r0014870,54504,cz1,cz2
r0014871,54505,cz1,cz2
r0014872,54507,cz1,cz2
r0014873,54509,cz1,cz3
r0014874,54511,cz1,cz3
r0014875,54513,cz1,cz3
r0014876,54514,cz1,cz3
r0014877,54516,cz1,cz3
r0014878,54518,cz1,cz3
r0014879,54520,cz1,cz3
r0014880,54522,cz1,cz3
r0014881,54524,cz1,cz3
r0014882,54525,cz1,cz3
r0014883,54527,cz1,cz3
r0014884,54529,cz1,cz3
r0014885,54531,cz1,cz3
r0014886,54533,cz1,cz3
r0014887,54534,cz1,cz3
r0014888,54536,cz1,cz3
r0014889,54538,cz1,cz3
r0014890,54540,cz1,cz3
r0014891,54542,cz1,cz3
r0014892,54544,cz1,cz3
r0014893,54545,cz1,cz3
r0014894,54547,cz1,cz3
r0014895,54549,cz1,cz3
r0014896,54551,cz1,cz3
r0014897,54553,cz1,cz3
r0014898,54555,cz1,cz3
r0014899,54556,cz1,cz3
r0014900,54558,cz1,cz3
r0014901,54560,cz1,cz3
r0014902,54562,cz1,cz3
r0014903,54564,cz1,cz3
r0014904,54565,cz1,cz3
r0014905,54567,cz1,cz3
r0014906,54569,cz1,cz3
r0014907,54571,cz1,cz3
r0014908,54573,cz1,cz3
r0014909,54575,cz1,cz3
r0014910,54576,cz1,cz3
r0014911,54578,cz1,cz3
r0014912,54580,cz1,cz3
r0014913,54582,cz1,cz3
r0014914,54584,cz1,cz3
r0014915,54586,cz1,cz3
r0014916,54587,cz1,cz3
r0014917,54589,cz1,cz3
r0014918,54591,cz1,cz3
r0014919,54593,cz1,cz3
r0014920,54595,cz1,cz3
r0014921,54596,cz1,cz3
r0014922,54598,cz1,cz3
r0014923,54600,cz1,cz3
r0014924,54602,cz1,cz3
r0014925,54604,cz1,cz3
r0014926,54606,cz1,cz3
r0014927,54607,cz1,cz3
r0014928,54609,cz1,cz3
r0014929,54611,cz1,cz3
r0014930,54613,cz1,cz3
r0014931,54615,cz1,cz3
r0014932,54617,cz1,cz3
r0014933,54618,cz1,cz3
r0014934,54620,cz1,cz3
r0014935,54622,cz1,cz3
r0014936,54624,cz1,cz3
r0014937,54626,cz1,cz3
r0014938,54627,cz1,cz3
r0014939,54629,cz1,cz3
r0014940,54631,cz1,cz3
r0014941,54633,cz1,cz3
r0014942,54635,cz1,cz3
r0014943,54637,cz1,cz3
r0014944,54638,cz1,cz3
r0014945,54640,cz1,cz3
r0014946,54642,cz1,cz3
r0014947,54644,cz1,cz3
r0014948,54646,cz1,cz3
r0014949,54648,cz1,cz3
r0014950,54649,cz1,cz3
r0014951,54651,cz1,cz3
r0014952,54653,cz1,cz3
r0014953,54655,cz1,cz3
r0014954,54657,cz1,cz3
r0014955,54658,cz1,cz3
r0014956,54660,cz1,cz3
r0014957,54662,cz1,cz3
r0014958,54664,cz1,cz3
r0014959,54666,cz1,cz3
r0014960,54668,cz1,cz3
r0014961,54669,cz1,cz3
r0014962,54671,cz1,cz3
r0014963,54673,cz1,cz3
r0014964,54675,cz1,cz3
r0014965,54677,cz1,cz3
r0014966,54678,cz1,cz3
r0014967,54680,cz1,cz3
r0014968,54682,cz1,cz3
r0014969,54684,cz1,cz3
r0014970,54686,cz1,cz3
r0014971,54688,cz1,cz3
r0014972,54689,cz1,cz3
r0014973,54691,cz1,cz3
r0014974,54693,cz1,cz3
r0014975,54695,cz1,cz3
r0014976,54697,cz1,cz3
r0014977,54699,cz1,cz3
r0014978,54700,cz1,cz3
r0014979,54702,cz1,cz3
r0014980,54704,cz1,cz3
r0014981,54706,cz1,cz3
r0014982,54708,cz1,cz3
r0014983,54709,cz1,cz3
r0014984,54711,cz1,cz3
r0014985,54713,cz1,cz3
r0014986,54715,cz1,cz3
r0014987,54717,cz1,cz3
r0014988,54719,cz1,cz3
r0014989,54720,cz1,cz3
r0014990,54722,cz1,cz3
r0014991,54724,cz1,cz3
r0014992,54726,cz1,cz3
r0014993,54728,cz1,cz3
r0014994,54730,cz1,cz3
r0014995,54731,cz1,cz3
r0014996,54733,cz1,cz3
r0014997,54735,cz1,cz3
r0014998,54737,cz1,cz3
r0014999,54739,cz1,cz3
r0015000,54740,cz1,cz3
r0015001,54742,cz1,cz3
r0015002,54744,cz1,cz3
r0015003,54746,cz1,cz3
r0015004,54748,cz1,cz3
r0015005,54750,cz1,cz3
r0015006,54751,cz1,cz3
r0015007,54753,cz1,cz3
r0015008,54755,cz1,cz3
r0015009,54757,cz1,cz3
r0015010,54759,cz1,cz3
r0015011,54761,cz1,cz3
r0015012,54762,cz1,cz3
r0015013,54764,cz1,cz3
r0015014,54766,cz1,cz3
r0015015,54768,cz1,cz3
r0015016,54770,cz1,cz3
r0015017,54771,cz1,cz3
r0015018,54773,cz1,cz3
r0015019,54775,cz1,cz3
r0015020,54777,cz1,cz3
r0015021,54779,cz1,cz3
r0015022,54781,cz1,cz3
r0015023,54782,cz1,cz3
r0015024,54784,cz1,cz3
r0015025,54786,cz1,cz3
r0015026,54788,cz1,cz3
r0015027,54790,cz1,cz3
r0015028,54792,cz1,cz3
r0015029,54793,cz1,cz3
r0015030,54795,cz1,cz3
r0015031,54797,cz1,cz3
r0015032,54799,cz1,cz3
r0015033,54801,cz1,cz3
r0015034,54802,cz1,cz3
r0015035,54804,cz1,cz3
r0015036,54806,cz1,cz3
r0015037,54808,cz1,cz3
r0015038,54810,cz1,cz4
r0015039,54812,cz1,cz4
r0015040,54813,cz1,cz4
r0015041,54815,cz1,cz4
r0015042,54817,cz1,cz4
r0015043,54819,cz1,cz4
r0015044,54821,cz1,cz4
r0015045,54822,cz1,cz4
r0015046,54824,cz1,cz4
r0015047,54826,cz1,cz4
r0015048,54828,cz1,cz4
r0015049,54830,cz1,cz4
r0015050,54832,cz1,cz4
r0015051,54833,cz1,cz4
r0015052,54835,cz1,cz4
r0015053,54837,cz1,cz4
r0015054,54839,cz1,cz4
r0015055,54841,cz1,cz4
r0015056,54843,cz1,cz4
r0015057,54844,cz1,cz4
r0015058,54846,cz1,cz4
r0015059,54848,cz1,cz4
r0015060,54850,cz1,cz4
r0015061,54852,cz1,cz4
r0015062,54853,cz1,cz4
r0015063,54855,cz1,cz4
r0015064,54857,cz1,cz4
r0015065,54859,cz1,cz4
r0015066,54861,cz1,cz4
r0015067,54863,cz1,cz4
r0015068,54864,cz1,cz4
r0015069,54866,cz1,cz4
r0015070,54868,cz1,cz4
r0015071,54870,cz1,cz4
r0015072,54872,cz1,cz4
r0015073,54874,cz1,cz4
r0015074,54875,cz1,cz4
r0015075,54877,cz1,cz4
r0015076,54879,cz1,cz4
r0015077,54881,cz1,cz4
r0015078,54883,cz1,cz4
r0015079,54884,cz1,cz4
r0015080,54886,cz1,cz4
r0015081,54888,cz1,cz4
r0015082,54890,cz1,cz4
r0015083,54892,cz1,cz4
r0015084,54894,cz1,cz4
r0015085,54895,cz1,cz4
r0015086,54897,cz1,cz4
r0015087,54899,cz1,cz4
r0015088,54901,cz1,cz4
r0015089,54903,cz1,cz4
r0015090,54905,cz1,cz4
r0015091,54906,cz1,cz4
r0015092,54908,cz1,cz4
r0015093,54910,cz1,cz4
r0015094,54912,cz1,cz4
r0015095,54914,cz1,cz4
r0015096,54915,cz1,cz4
r0015097,54917,cz1,cz4
r0015098,54919,cz1,cz4
r0015099,54921,cz1,cz4
r0015100,54923,cz1,cz4
r0015101,54925,cz1,cz4
r0015102,54926,cz1,cz4
r0015103,54928,cz1,cz4
r0015104,54930,cz1,cz4
r0015105,54932,cz1,cz4
r0015106,54934,cz1,cz4
r0015107,54936,cz1,cz4
r0015108,54937,cz1,cz4
r0015109,54939,cz1,cz4
r0015110,54941,cz1,cz4
r0015111,54943,cz1,cz4
r0015112,54945,cz1,cz4
r0015113,54946,cz1,cz4
r0015114,54948,cz1,cz4
r0015115,54950,cz1,cz4
r0015116,54952,cz1,cz4
r0015117,54954,cz1,cz4
r0015118,54956,cz1,cz4
r0015119,54957,cz1,cz4
r0015120,54959,cz1,cz4
r0015121,54961,cz1,cz4
r0015122,54963,cz1,cz4
r0015123,54965,cz1,cz4
r0015124,54966,cz1,cz4
r0015125,54968,cz1,cz4
r0015126,54970,cz1,cz4
r0015127,54972,cz1,cz4
r0015128,54974,cz1,cz4
r0015129,54976,cz1,cz4
r0015130,54977,cz1,cz4
r0015131,54979,cz1,cz4
r0015132,54981,cz1,cz4
r0015133,54983,cz1,cz4
r0015134,54985,cz1,cz4
r0015135,54987,cz1,cz4
r0015136,54988,cz1,cz4
r0015137,54990,cz1,cz4
r0015138,54992,cz1,cz4
r0015139,54994,cz1,cz4
r0015140,54996,cz1,cz4
r0015141,54997,cz1,cz4
r0015142,54999,cz1,cz4
r0015143,55001,cz1,cz4
r0015144,55003,cz1,cz4
r0015145,55005,cz1,cz4
r0015146,55007,cz1,cz4
r0015147,55008,cz1,cz4
r0015148,55010,cz1,cz4
r0015149,55012,cz1,cz4
r0015150,55014,cz1,cz4
r0015151,55016,cz2,cz1
r0015152,55018,cz2,cz1
r0015153,55019,cz2,cz1
r0015154,55021,cz2,cz1
r0015155,55023,cz2,cz1
r0015156,55025,cz2,cz1
r0015157,55027,cz2,cz1
r0015158,55028,cz2,cz1
r0015159,55030,cz2,cz1
r0015160,55032,cz2,cz1
r0015161,55034,cz2,cz1
r0015162,55036,cz2,cz1
r0015163,55038,cz2,cz1
r0015164,55039,cz2,cz1
r0015165,55041,cz2,cz1
r0015166,55043,cz2,cz1
r0015167,55045,cz2,cz1
r0015168,55047,cz2,cz1
r0015169,55049,cz2,cz1
r0015170,55050,cz2,cz1
r0015171,55052,cz2,cz1
r0015172,55054,cz2,cz1
r0015173,55056,cz2,cz1
r0015174,55058,cz2,cz1
r0015175,55059,cz2,cz1
r0015176,55061,cz2,cz1
r0015177,55063,cz2,cz1
r0015178,55065,cz2,cz1
r0015179,55067,cz2,cz1
r0015180,55069,cz2,cz1
r0015181,55070,cz2,cz1
r0015182,55072,cz2,cz1
r0015183,55074,cz2,cz1
r0015184,55076,cz2,cz1
r0015185,55078,cz2,cz1
r0015186,55080,cz2,cz1
r0015187,55081,cz2,cz1
r0015188,55083,cz2,cz1
r0015189,55085,cz2,cz1
r0015190,55087,cz2,cz1
r0015191,55089,cz2,cz1
r0015192,55090,cz2,cz1
r0015193,55092,cz2,cz1
r0015194,55094,cz2,cz1
r0015195,55096,cz2,cz1
r0015196,55098,cz2,cz1
r0015197,55100,cz2,cz1
r0015198,55101,cz2,cz1
r0015199,55103,cz2,cz1
r0015200,55105,cz2,cz1
r0015201,55107,cz2,cz1
r0015202,55109,cz2,cz1
r0015203,55110,cz2,cz1
r0015204,55112,cz2,cz1
r0015205,55114,cz2,cz1
r0015206,55116,cz2,cz1
r0015207,55118,cz2,cz1
r0015208,55120,cz2,cz1
r0015209,55121,cz2,cz1
r0015210,55123,cz2,cz1
r0015211,55125,cz2,cz1
r0015212,55127,cz2,cz1
r0015213,55129,cz2,cz1
r0015214,55131,cz2,cz1
r0015215,55132,cz2,cz1
r0015216,55134,cz2,cz1
r0015217,55136,cz2,cz1
r0015218,55138,cz2,cz1
r0015219,55140,cz2,cz1
r0015220,55141,cz2,cz1
r0015221,55143,cz2,cz1
r0015222,55145,cz2,cz1
r0015223,55147,cz2,cz1
r0015224,55149,cz2,cz1
r0015225,55151,cz2,cz1
r0015226,55152,cz2,cz1
r0015227,55154,cz2,cz1
r0015228,55156,cz2,cz1
r0015229,55158,cz2,cz1
r0015230,55160,cz2,cz1
r0015231,55162,cz2,cz1
r0015232,55163,cz2,cz1
r0015233,55165,cz2,cz1
r0015234,55167,cz2,cz1
r0015235,55169,cz2,cz1
r0015236,55171,cz2,cz1
r0015237,55172,cz2,cz1
r0015238,55174,cz2,cz1
r0015239,55176,cz2,cz1
r0015240,55178,cz2,cz1
r0015241,55180,cz2,cz1
r0015242,55182,cz2,cz1
r0015243,55183,cz2,cz1
r0015244,55185,cz2,cz1
r0015245,55187,cz2,cz1
r0015246,55189,cz2,cz1
r0015247,55191,cz2,cz1
r0015248,55193,cz2,cz1
r0015249,55194,cz2,cz1
r0015250,55196,cz2,cz1
r0015251,55198,cz2,cz1
r0015252,55200,cz2,cz1
r0015253,55202,cz2,cz1
r0015254,55203,cz2,cz1
r0015255,55205,cz2,cz1
r0015256,55207,cz2,cz1
r0015257,55209,cz2,cz1
r0015258,55211,cz2,cz1
r0015259,55213,cz2,cz1
r0015260,55214,cz2,cz1
r0015261,55216,cz2,cz1
r0015262,55218,cz2,cz1
r0015263,55220,cz2,cz1
r0015264,55222,cz2,cz1
r0015265,55224,cz2,cz1
r0015266,55225,cz2,cz1
r0015267,55227,cz2,cz1
r0015268,55229,cz2,cz1
r0015269,55231,cz2,cz1
r0015270,55233,cz2,cz1
r0015271,55234,cz2,cz1
r0015272,55236,cz2,cz1
r0015273,55238,cz2,cz1
r0015274,55240,cz2,cz1
r0015275,55242,cz2,cz2
r0015276,55244,cz2,cz2
r0015277,55245,cz2,cz2
r0015278,55247,cz2,cz2
r0015279,55249,cz2,cz2
r0015280,55251,cz2,cz2
r0015281,55253,cz2,cz2
r0015282,55254,cz2,cz2
r0015283,55256,cz2,cz2
r0015284,55258,cz2,cz2
r0015285,55260,cz2,cz2
r0015286,55262,cz2,cz2
r0015287,55264,cz2,cz2
r0015288,55265,cz2,cz2
r0015289,55267,cz2,cz2
r0015290,55269,cz2,cz2
r0015291,55271,cz2,cz2
r0015292,55273,cz2,cz2
r0015293,55275,cz2,cz2
r0015294,55276,cz2,cz2
r0015295,55278,cz2,cz2
r0015296,55280,cz2,cz2
r0015297,55282,cz2,cz2
r0015298,55284,cz2,cz2
r0015299,55285,cz2,cz2
r0015300,55287,cz2,cz2
r0015301,55289,cz2,cz2
r0015302,55291,cz2,cz2
r0015303,55293,cz2,cz2
r0015304,55295,cz2,cz2
r0015305,55296,cz2,cz2
r0015306,55298,cz2,cz2
r0015307,55300,cz2,cz2
r0015308,55302,cz2,cz2
r0015309,55304,cz2,cz2
r0015310,55306,cz2,cz2
r0015311,55307,cz2,cz2
r0015312,55309,cz2,cz2
r0015313,55311,cz2,cz2
r0015314,55313,cz2,cz2
r0015315,55315,cz2,cz2
r0015316,55316,cz2,cz2
r0015317,55318,cz2,cz2
r0015318,55320,cz2,cz2
r0015319,55322,cz2,cz2
r0015320,55324,cz2,cz2
r0015321,55326,cz2,cz2
r0015322,55327,cz2,cz2
r0015323,55329,cz2,cz2
r0015324,55331,cz2,cz2
r0015325,55333,cz2,cz2
r0015326,55335,cz2,cz2
r0015327,55337,cz2,cz2
r0015328,55338,cz2,cz2
r0015329,55340,cz2,cz2
r0015330,55342,cz2,cz2
r0015331,55344,cz2,cz2
r0015332,55346,cz2,cz2
r0015333,55347,cz2,cz2
r0015334,55349,cz2,cz2
r0015335,55351,cz2,cz2
r0015336,55353,cz2,cz2
r0015337,55355,cz2,cz2
r0015338,55357,cz2,cz2
r0015339,55358,cz2,cz2
r0015340,55360,cz2,cz2
r0015341,55362,cz2,cz2
r0015342,55364,cz2,cz2
r0015343,55366,cz2,cz2
r0015344,55368,cz2,cz2
r0015345,55369,cz2,cz2
r0015346,55371,cz2,cz2
r0015347,55373,cz2,cz2
r0015348,55375,cz2,cz2
r0015349,55377,cz2,cz2
r0015350,55378,cz2,cz2
r0015351,55380,cz2,cz2
r0015352,55382,cz2,cz2
r0015353,55384,cz2,cz2
r0015354,55386,cz2,cz2
r0015355,55388,cz2,cz2
r0015356,55389,cz2,cz2
r0015357,55391,cz2,cz2
r0015358,55393,cz2,cz2
r0015359,55395,cz2,cz2
r0015360,55397,cz2,cz2
r0015361,55398,cz2,cz2
r0015362,55400,cz2,cz2
r0015363,55402,cz2,cz2
r0015364,55404,cz2,cz2
r0015365,55406,cz2,cz2
r0015366,55408,cz2,cz2
r0015367,55409,cz2,cz2
r0015368,55411,cz2,cz2
r0015369,55413,cz2,cz2
r0015370,55415,cz2,cz2
r0015371,55417,cz2,cz2
r0015372,55419,cz2,cz2
r0015373,55420,cz2,cz2
r0015374,55422,cz2,cz2
r0015375,55424,cz2,cz2
r0015376,55426,cz2,cz2
r0015377,55428,cz2,cz2
r0015378,55429,cz2,cz2
r0015379,55431,cz2,cz2
r0015380,55433,cz2,cz2
r0015381,55435,cz2,cz2
r0015382,55437,cz2,cz2
r0015383,55439,cz2,cz2
r0015384,55440,cz2,cz2
r0015385,55442,cz2,cz2
r0015386,55444,cz2,cz2
r0015387,55446,cz2,cz2
r0015388,55448,cz2,cz2
r0015389,55450,cz2,cz2
r0015390,55451,cz2,cz2
r0015391,55453,cz2,cz2
r0015392,55455,cz2,cz2
r0015393,55457,cz2,cz2
r0015394,55459,cz2,cz3
r0015395,55460,cz2,cz3
r0015396,55462,cz2,cz3
r0015397,55464,cz2,cz3
r0015398,55466,cz2,cz3
r0015399,55468,cz2,cz3
r0015400,55470,cz2,cz3
r0015401,55471,cz2,cz3
r0015402,55473,cz2,cz3
r0015403,55475,cz2,cz3
r0015404,55477,cz2,cz3
r0015405,55479,cz2,cz3
r0015406,55481,cz2,cz3
r0015407,55482,cz2,cz3
r0015408,55484,cz2,cz3
r0015409,55486,cz2,cz3
r0015410,55488,cz2,cz3
r0015411,55490,cz2,cz3
r0015412,55491,cz2,cz3
r0015413,55493,cz2,cz3
r0015414,55495,cz2,cz3
r0015415,55497,cz2,cz3
r0015416,55499,cz2,cz3
r0015417,55501,cz2,cz3
r0015418,55502,cz2,cz3
r0015419,55504,cz2,cz3
r0015420,55506,cz2,cz3
r0015421,55508,cz2,cz3
r0015422,55510,cz2,cz3
r0015423,55512,cz2,cz3
r0015424,55513,cz2,cz3
r0015425,55515,cz2,cz3
r0015426,55517,cz2,cz3
r0015427,55519,cz2,cz3
r0015428,55521,cz2,cz3
r0015429,55522,cz2,cz3
r0015430,55524,cz2,cz3
r0015431,55526,cz2,cz3
r0015432,55528,cz2,cz3
r0015433,55530,cz2,cz3
r0015434,55532,cz2,cz3
r0015435,55533,cz2,cz3
r0015436,55535,cz2,cz3
r0015437,55537,cz2,cz3
r0015438,55539,cz2,cz3
r0015439,55541,cz2,cz3
r0015440,55542,cz2,cz3
r0015441,55544,cz2,cz3
r0015442,55546,cz2,cz3
r0015443,55548,cz2,cz3
r0015444,55550,cz2,cz3
r0015445,55552,cz2,cz3
r0015446,55553,cz2,cz3
r0015447,55555,cz2,cz3
r0015448,55557,cz2,cz3
r0015449,55559,cz2,cz3
r0015450,55561,cz2,cz3
r0015451,55563,cz2,cz3
r0015452,55564,cz2,cz3
r0015453,55566,cz2,cz3
r0015454,55568,cz2,cz3
r0015455,55570,cz2,cz3
r0015456,55572,cz2,cz3
r0015457,55573,cz2,cz3
r0015458,55575,cz2,cz3
r0015459,55577,cz2,cz3
r0015460,55579,cz2,cz3
r0015461,55581,cz2,cz3
r0015462,55583,cz2,cz3
r0015463,55584,cz2,cz3
r0015464,55586,cz2,cz3
r0015465,55588,cz2,cz3
r0015466,55590,cz2,cz3
r0015467,55592,cz2,cz3
r0015468,55594,cz2,cz3
r0015469,55595,cz2,cz3
r0015470,55597,cz2,cz3
r0015471,55599,cz2,cz3
r0015472,55601,cz2,cz3
r0015473,55603,cz2,cz3
r0015474,55604,cz2,cz3
r0015475,55606,cz2,cz3
r0015476,55608,cz2,cz3
r0015477,55610,cz2,cz3
r0015478,55612,cz2,cz3
r0015479,55614,cz2,cz3
r0015480,55615,cz2,cz3
r0015481,55617,cz2,cz3
r0015482,55619,cz2,cz3
r0015483,55621,cz2,cz3
r0015484,55623,cz2,cz3
r0015485,55625,cz2,cz3
r0015486,55626,cz2,cz3
r0015487,55628,cz2,cz3
r0015488,55630,cz2,cz3
r0015489,55632,cz2,cz3
r0015490,55634,cz2,cz3
r0015491,55635,cz2,cz3
r0015492,55637,cz2,cz3
r0015493,55639,cz2,cz3
r0015494,55641,cz2,cz3
r0015495,55643,cz2,cz3
r0015496,55645,cz2,cz3
r0015497,55646,cz2,cz3
r0015498,55648,cz2,cz3
r0015499,55650,cz2,cz3
r0015500,55652,cz2,cz3
r0015501,55654,cz2,cz3
r0015502,55656,cz2,cz3
r0015503,55657,cz2,cz3
r0015504,55659,cz2,cz3
r0015505,55661,cz2,cz3
r0015506,55663,cz2,cz3
r0015507,55665,cz2,cz3
r0015508,55666,cz2,cz3
r0015509,55668,cz2,cz3
r0015510,55670,cz2,cz3
r0015511,55672,cz2,cz3
r0015512,55674,cz2,cz3
r0015513,55676,cz2,cz4
r0015514,55677,cz2,cz4
r0015515,55679,cz2,cz4
r0015516,55681,cz2,cz4
r0015517,55683,cz2,cz4
r0015518,55685,cz2,cz4
r0015519,55686,cz2,cz4
r0015520,55688,cz2,cz4
r0015521,55690,cz2,cz4
r0015522,55692,cz2,cz4
r0015523,55694,cz2,cz4
r0015524,55696,cz2,cz4
r0015525,55697,cz2,cz4
r0015526,55699,cz2,cz4
r0015527,55701,cz2,cz4
r0015528,55703,cz2,cz4
r0015529,55705,cz2,cz4
r0015530,55707,cz2,cz4
r0015531,55708,cz2,cz4
r0015532,55710,cz2,cz4
r0015533,55712,cz2,cz4
r0015534,55714,cz2,cz4
r0015535,55716,cz2,cz4
r0015536,55717,cz2,cz4
r0015537,55719,cz2,cz4
r0015538,55721,cz2,cz4
r0015539,55723,cz2,cz4
r0015540,55725,cz2,cz4
r0015541,55727,cz2,cz4
r0015542,55728,cz2,cz4
r0015543,55730,cz2,cz4
r0015544,55732,cz2,cz4
r0015545,55734,cz2,cz4
r0015546,55736,cz2,cz4
r0015547,55738,cz2,cz4
r0015548,55739,cz2,cz4
r0015549,55741,cz2,cz4
r0015550,55743,cz2,cz4
r0015551,55745,cz2,cz4
r0015552,55747,cz2,cz4
r0015553,55748,cz2,cz4
r0015554,55750,cz2,cz4
r0015555,55752,cz2,cz4
r0015556,55754,cz2,cz4
r0015557,55756,cz2,cz4
r0015558,55758,cz2,cz4
r0015559,55759,cz2,cz4
r0015560,55761,cz2,cz4
r0015561,55763,cz2,cz4
r0015562,55765,cz2,cz4
r0015563,55767,cz2,cz4
r0015564,55769,cz2,cz4
r0015565,55770,cz2,cz4
r0015566,55772,cz2,cz4
r0015567,55774,cz2,cz4
r0015568,55776,cz2,cz4
r0015569,55778,cz2,cz4
r0015570,55779,cz2,cz4
r0015571,55781,cz2,cz4
r0015572,55783,cz2,cz4
r0015573,55785,cz2,cz4
r0015574,55787,cz2,cz4
r0015575,55789,cz2,cz4
r0015576,55790,cz2,cz4
r0015577,55792,cz2,cz4
r0015578,55794,cz2,cz4
r0015579,55796,cz2,cz4
r0015580,55798,cz2,cz4
r0015581,55800,cz2,cz4
r0015582,55801,cz2,cz4
r0015583,55803,cz2,cz4
r0015584,55805,cz2,cz4
r0015585,55807,cz2,cz4
r0015586,55809,cz2,cz4
r0015587,55810,cz2,cz4
r0015588,55812,cz2,cz4
r0015589,55814,cz2,cz4
r0015590,55816,cz2,cz4
r0015591,55818,cz2,cz4
r0015592,55820,cz2,cz4
r0015593,55821,cz2,cz4
r0015594,55823,cz2,cz4
r0015595,55825,cz2,cz4
r0015596,55827,cz2,cz4
r0015597,55829,cz2,cz4
r0015598,55830,cz2,cz4
r0015599,55832,cz3,cz1
r0015600,55834,cz3,cz1
r0015601,55836,cz3,cz1
r0015602,55838,cz3,cz1
r0015603,55840,cz3,cz1
r0015604,55841,cz3,cz1
r0015605,55843,cz3,cz1
r0015606,55845,cz3,cz1
r0015607,55847,cz3,cz1
r0015608,55849,cz3,cz1
r0015609,55851,cz3,cz1
r0015610,55852,cz3,cz1
r0015611,55854,cz3,cz1
r0015612,55856,cz3,cz1
r0015613,55858,cz3,cz1
r0015614,55860,cz3,cz1
r0015615,55861,cz3,cz1
r0015616,55863,cz3,cz1
r0015617,55865,cz3,cz1
r0015618,55867,cz3,cz1
r0015619,55869,cz3,cz1
r0015620,55871,cz3,cz1
r0015621,55872,cz3,cz1
r0015622,55874,cz3,cz1
r0015623,55876,cz3,cz1
r0015624,55878,cz3,cz1
r0015625,55880,cz3,cz1
r0015626,55882,cz3,cz1
r0015627,55883,cz3,cz1
r0015628,55885,cz3,cz1
r0015629,55887,cz3,cz1
r0015630,55889,cz3,cz1
r0015631,55891,cz3,cz1
r0015632,55892,cz3,cz1
r0015633,55894,cz3,cz1
r0015634,55896,cz3,cz1
r0015635,55898,cz3,cz1
r0015636,55900,cz3,cz1
r0015637,55902,cz3,cz1
r0015638,55903,cz3,cz1
r0015639,55905,cz3,cz1
r0015640,55907,cz3,cz1
r0015641,55909,cz3,cz1
r0015642,55911,cz3,cz1
r0015643,55913,cz3,cz1
r0015644,55914,cz3,cz1
r0015645,55916,cz3,cz1
r0015646,55918,cz3,cz1
r0015647,55920,cz3,cz1
r0015648,55922,cz3,cz1
r0015649,55923,cz3,cz1
r0015650,55925,cz3,cz1
r0015651,55927,cz3,cz1
r0015652,55929,cz3,cz1
r0015653,55931,cz3,cz1
r0015654,55933,cz3,cz1
r0015655,55934,cz3,cz1
r0015656,55936,cz3,cz1
r0015657,55938,cz3,cz1
r0015658,55940,cz3,cz1
r0015659,55942,cz3,cz1
r0015660,55944,cz3,cz1
r0015661,55945,cz3,cz1
r0015662,55947,cz3,cz1
r0015663,55949,cz3,cz1
r0015664,55951,cz3,cz1
r0015665,55953,cz3,cz1
r0015666,55954,cz3,cz1
r0015667,55956,cz3,cz1
r0015668,55958,cz3,cz1
r0015669,55960,cz3,cz1
r0015670,55962,cz3,cz1
r0015671,55964,cz3,cz1
r0015672,55965,cz3,cz1
r0015673,55967,cz3,cz1
r0015674,55969,cz3,cz1
r0015675,55971,cz3,cz1
r0015676,55973,cz3,cz1
r0015677,55974,cz3,cz1
r0015678,55976,cz3,cz1
r0015679,55978,cz3,cz1
r0015680,55980,cz3,cz1
r0015681,55982,cz3,cz1
r0015682,55984,cz3,cz1
r0015683,55985,cz3,cz1
r0015684,55987,cz3,cz1
r0015685,55989,cz3,cz1
r0015686,55991,cz3,cz1
r0015687,55993,cz3,cz1
r0015688,55995,cz3,cz1
r0015689,55996,cz3,cz1
r0015690,55998,cz3,cz1
r0015691,56000,cz3,cz1
r0015692,56002,cz3,cz1
r0015693,56004,cz3,cz1
r0015694,56005,cz3,cz1
r0015695,56007,cz3,cz1
r0015696,56009,cz3,cz1
r0015697,56011,cz3,cz1
r0015698,56013,cz3,cz1
r0015699,56015,cz3,cz1
r0015700,56016,cz3,cz1
r0015701,56018,cz3,cz1
r0015702,56020,cz3,cz1
r0015703,56022,cz3,cz1
r0015704,56024,cz3,cz1
r0015705,56026,cz3,cz1
r0015706,56027,cz3,cz1
r0015707,56029,cz3,cz1
r0015708,56031,cz3,cz1
r0015709,56033,cz3,cz1
r0015710,56035,cz3,cz1
r0015711,56036,cz3,cz1
r0015712,56038,cz3,cz1
r0015713,56040,cz3,cz1
r0015714,56042,cz3,cz1
r0015715,56044,cz3,cz1
r0015716,56046,cz3,cz1
r0015717,56047,cz3,cz1
r0015718,56049,cz3,cz1
r0015719,56051,cz3,cz1
r0015720,56053,cz3,cz1
r0015721,56055,cz3,cz1
r0015722,56057,cz3,cz1
r0015723,56058,cz3,cz1
r0015724,56060,cz3,cz1
r0015725,56062,cz3,cz1
r0015726,56064,cz3,cz1
r0015727,56066,cz3,cz1
r0015728,56067,cz3,cz1
r0015729,56069,cz3,cz1
r0015730,56071,cz3,cz1
r0015731,56073,cz3,cz1
r0015732,56075,cz3,cz1
r0015733,56077,cz3,cz1
r0015734,56078,cz3,cz1
r0015735,56080,cz3,cz1
r0015736,56082,cz3,cz1
r0015737,56084,cz3,cz1
r0015738,56086,cz3,cz1
r0015739,56088,cz3,cz1
r0015740,56089,cz3,cz1
r0015741,56091,cz3,cz1
r0015742,56093,cz3,cz1
r0015743,56095,cz3,cz1
r0015744,56097,cz3,cz1
r0015745,56098,cz3,cz1
r0015746,56100,cz3,cz1
r0015747,56102,cz3,cz1
r0015748,56104,cz3,cz1
r0015749,56106,cz3,cz1
r0015750,56108,cz3,cz1
r0015751,56109,cz3,cz1
r0015752,56111,cz3,cz1
r0015753,56113,cz3,cz1
r0015754,56115,cz3,cz1
r0015755,56117,cz3,cz1
r0015756,56118,cz3,cz1
r0015757,56120,cz3,cz1
r0015758,56122,cz3,cz1
r0015759,56124,cz3,cz1
r0015760,56126,cz3,cz1
r0015761,56128,cz3,cz2
r0015762,56129,cz3,cz2
r0015763,56131,cz3,cz2
r0015764,56133,cz3,cz2
r0015765,56135,cz3,cz2
r0015766,56137,cz3,cz2
r0015767,56139,cz3,cz2
r0015768,56140,cz3,cz2
r0015769,56142,cz3,cz2
r0015770,56144,cz3,cz2
r0015771,56146,cz3,cz2
r0015772,56148,cz3,cz2
r0015773,56149,cz3,cz2
r0015774,56151,cz3,cz2
r0015775,56153,cz3,cz2
r0015776,56155,cz3,cz2
r0015777,56157,cz3,cz2
r0015778,56159,cz3,cz2
r0015779,56160,cz3,cz2
r0015780,56162,cz3,cz2
r0015781,56164,cz3,cz2
r0015782,56166,cz3,cz2
r0015783,56168,cz3,cz2
r0015784,56170,cz3,cz2
r0015785,56171,cz3,cz2
r0015786,56173,cz3,cz2
r0015787,56175,cz3,cz2
r0015788,56177,cz3,cz2
r0015789,56179,cz3,cz2
r0015790,56180,cz3,cz2
r0015791,56182,cz3,cz2
r0015792,56184,cz3,cz2
r0015793,56186,cz3,cz2
r0015794,56188,cz3,cz2
r0015795,56190,cz3,cz2
r0015796,56191,cz3,cz2
r0015797,56193,cz3,cz2
r0015798,56195,cz3,cz2
r0015799,56197,cz3,cz2
r0015800,56199,cz3,cz2
r0015801,56201,cz3,cz2
r0015802,56202,cz3,cz2
r0015803,56204,cz3,cz2
r0015804,56206,cz3,cz2
r0015805,56208,cz3,cz2
r0015806,56210,cz3,cz2
r0015807,56211,cz3,cz2
r0015808,56213,cz3,cz2
r0015809,56215,cz3,cz2
r0015810,56217,cz3,cz2
r0015811,56219,cz3,cz2
r0015812,56221,cz3,cz2
r0015813,56222,cz3,cz2
r0015814,56224,cz3,cz2
r0015815,56226,cz3,cz2
r0015816,56228,cz3,cz2
r0015817,56230,cz3,cz2
r0015818,56232,cz3,cz2
r0015819,56233,cz3,cz2
r0015820,56235,cz3,cz2
r0015821,56237,cz3,cz2
r0015822,56239,cz3,cz2
r0015823,56241,cz3,cz2
r0015824,56242,cz3,cz2
r0015825,56244,cz3,cz2
r0015826,56246,cz3,cz2
r0015827,56248,cz3,cz2
r0015828,56250,cz3,cz2
r0015829,56252,cz3,cz2
r0015830,56253,cz3,cz2
r0015831,56255,cz3,cz2
r0015832,56257,cz3,cz2
r0015833,56259,cz3,cz2
r0015834,56261,cz3,cz2
r0015835,56262,cz3,cz2
r0015836,56264,cz3,cz2
r0015837,56266,cz3,cz2
r0015838,56268,cz3,cz2
r0015839,56270,cz3,cz2
r0015840,56272,cz3,cz2
r0015841,56273,cz3,cz2
r0015842,56275,cz3,cz2
r0015843,56277,cz3,cz2
r0015844,56279,cz3,cz2
r0015845,56281,cz3,cz2
r0015846,56283,cz3,cz2
r0015847,56284,cz3,cz2
r0015848,56286,cz3,cz2
r0015849,56288,cz3,cz2
r0015850,56290,cz3,cz2
r0015851,56292,cz3,cz2
r0015852,56293,cz3,cz2
r0015853,56295,cz3,cz2
r0015854,56297,cz3,cz2
r0015855,56299,cz3,cz2
r0015856,56301,cz3,cz2
r0015857,56303,cz3,cz2
r0015858,56304,cz3,cz2
r0015859,56306,cz3,cz2
r0015860,56308,cz3,cz2
r0015861,56310,cz3,cz2
r0015862,56312,cz3,cz2
r0015863,56314,cz3,cz2
r0015864,56315,cz3,cz2
r0015865,56317,cz3,cz2
r0015866,56319,cz3,cz2
r0015867,56321,cz3,cz2
r0015868,56323,cz3,cz2
r0015869,56324,cz3,cz2
r0015870,56326,cz3,cz2
r0015871,56328,cz3,cz2
r0015872,56330,cz3,cz2
r0015873,56332,cz3,cz2
r0015874,56334,cz3,cz2
r0015875,56335,cz3,cz2
r0015876,56337,cz3,cz3
r0015877,56339,cz3,cz3
r0015878,56341,cz3,cz3
r0015879,56343,cz3,cz3
r0015880,56345,cz3,cz3
r0015881,56346,cz3,cz3
r0015882,56348,cz3,cz3
r0015883,56350,cz3,cz3
r0015884,56352,cz3,cz3
r0015885,56354,cz3,cz3
r0015886,56355,cz3,cz3
r0015887,56357,cz3,cz3
r0015888,56359,cz3,cz3
r0015889,56361,cz3,cz3
r0015890,56363,cz3,cz3
r0015891,56365,cz3,cz3
r0015892,56366,cz3,cz3
r0015893,56368,cz3,cz3
r0015894,56370,cz3,cz3
r0015895,56372,cz3,cz3
r0015896,56374,cz3,cz3
r0015897,56376,cz3,cz3
r0015898,56377,cz3,cz3
r0015899,56379,cz3,cz3
r0015900,56381,cz3,cz3
r0015901,56383,cz3,cz3
r0015902,56385,cz3,cz3
r0015903,56386,cz3,cz3
r0015904,56388,cz3,cz3
r0015905,56390,cz3,cz3
r0015906,56392,cz3,cz3
r0015907,56394,cz3,cz3
r0015908,56396,cz3,cz3
r0015909,56397,cz3,cz3
r0015910,56399,cz3,cz3
r0015911,56401,cz3,cz3
r0015912,56403,cz3,cz3
r0015913,56405,cz3,cz3
r0015914,56406,cz3,cz3
r0015915,56408,cz3,cz3
r0015916,56410,cz3,cz3
r0015917,56412,cz3,cz3
r0015918,56414,cz3,cz3
r0015919,56416,cz3,cz3
r0015920,56417,cz3,cz3
r0015921,56419,cz3,cz3
r0015922,56421,cz3,cz3
r0015923,56423,cz3,cz3
r0015924,56425,cz3,cz3
r0015925,56427,cz3,cz3
r0015926,56428,cz3,cz3
r0015927,56430,cz3,cz3
r0015928,56432,cz3,cz3
r0015929,56434,cz3,cz3
r0015930,56436,cz3,cz3
r0015931,56437,cz3,cz3
r0015932,56439,cz3,cz3
r0015933,56441,cz3,cz3
r0015934,56443,cz3,cz3
r0015935,56445,cz3,cz3
r0015936,56447,cz3,cz3
r0015937,56448,cz3,cz3
r0015938,56450,cz3,cz3
r0015939,56452,cz3,cz3
r0015940,56454,cz3,cz3
r0015941,56456,cz3,cz3
r0015942,56458,cz3,cz3
r0015943,56459,cz3,cz3
r0015944,56461,cz3,cz3
r0015945,56463,cz3,cz3
r0015946,56465,cz3,cz3
r0015947,56467,cz3,cz3
r0015948,56468,cz3,cz3
r0015949,56470,cz3,cz3
r0015950,56472,cz3,cz3
r0015951,56474,cz3,cz3
r0015952,56476,cz3,cz3
r0015953,56478,cz3,cz3
r0015954,56479,cz3,cz3
r0015955,56481,cz3,cz3
r0015956,56483,cz3,cz3
r0015957,56485,cz3,cz3
r0015958,56487,cz3,cz3
r0015959,56489,cz3,cz3
r0015960,56490,cz3,cz3
r0015961,56492,cz3,cz3
r0015962,56494,cz3,cz3
r0015963,56496,cz3,cz3
r0015964,56498,cz3,cz3
r0015965,56499,cz3,cz3
r0015966,56501,cz3,cz3
r0015967,56503,cz3,cz3
r0015968,56505,cz3,cz3
r0015969,56507,cz3,cz3
r0015970,56509,cz3,cz3
r0015971,56510,cz3,cz3
r0015972,56512,cz3,cz3
r0015973,56514,cz3,cz3
r0015974,56516,cz3,cz3
r0015975,56518,cz3,cz3
r0015976,56520,cz3,cz3
r0015977,56521,cz3,cz3
r0015978,56523,cz3,cz3
r0015979,56525,cz3,cz3
r0015980,56527,cz3,cz3
r0015981,56529,cz3,cz3
r0015982,56530,cz3,cz3
r0015983,56532,cz3,cz3
r0015984,56534,cz3,cz3
r0015985,56536,cz3,cz3
r0015986,56538,cz3,cz3
r0015987,56540,cz3,cz3
r0015988,56541,cz3,cz3
r0015989,56543,cz3,cz3
r0015990,56545,cz3,cz3
r0015991,56547,cz3,cz3
r0015992,56549,cz3,cz3
r0015993,56550,cz3,cz3
r0015994,56552,cz3,cz3
r0015995,56554,cz3,cz3
r0015996,56556,cz3,cz3
r0015997,56558,cz3,cz3
r0015998,56560,cz3,cz3
r0015999,56561,cz3,cz3
r0016000,56563,cz3,cz3
r0016001,56565,cz3,cz3
r0016002,56567,cz3,cz3
r0016003,56569,cz3,cz3
r0016004,56571,cz3,cz3
r0016005,56572,cz3,cz3
r0016006,56574,cz3,cz3
r0016007,56576,cz3,cz3
r0016008,56578,cz3,cz3
r0016009,56580,cz3,cz3
r0016010,56581,cz3,cz3
r0016011,56583,cz3,cz3
r0016012,56585,cz3,cz3
r0016013,56587,cz3,cz3
r0016014,56589,cz3,cz3
r0016015,56591,cz3,cz3
r0016016,56592,cz3,cz3
r0016017,56594,cz3,cz3
r0016018,56596,cz3,cz3
r0016019,56598,cz3,cz3
r0016020,56600,cz3,cz3
r0016021,56602,cz3,cz3
r0016022,56603,cz3,cz3
r0016023,56605,cz3,cz3
r0016024,56607,cz3,cz3
r0016025,56609,cz3,cz3
r0016026,56611,cz3,cz3
r0016027,56612,cz3,cz3
r0016028,56614,cz3,cz3
r0016029,56616,cz3,cz3
r0016030,56618,cz3,cz3
r0016031,56620,cz3,cz3
r0016032,56622,cz3,cz3
r0016033,56623,cz3,cz3
r0016034,56625,cz3,cz3
r0016035,56627,cz3,cz3
r0016036,56629,cz3,cz3
r0016037,56631,cz3,cz3
r0016038,56633,cz3,cz3
r0016039,56634,cz3,cz3
r0016040,56636,cz3,cz3
r0016041,56638,cz3,cz3
r0016042,56640,cz3,cz3
r0016043,56642,cz3,cz3
r0016044,56643,cz3,cz3
r0016045,56645,cz3,cz3
r0016046,56647,cz3,cz3
r0016047,56649,cz3,cz3
r0016048,56651,cz3,cz3
r0016049,56653,cz3,cz4
r0016050,56654,cz3,cz4
r0016051,56656,cz3,cz4
r0016052,56658,cz3,cz4
r0016053,56660,cz3,cz4
r0016054,56662,cz3,cz4
r0016055,56664,cz3,cz4
r0016056,56665,cz3,cz4
r0016057,56667,cz3,cz4
r0016058,56669,cz3,cz4
r0016059,56671,cz3,cz4
r0016060,56673,cz3,cz4
r0016061,56674,cz3,cz4
r0016062,56676,cz3,cz4
r0016063,56678,cz3,cz4
r0016064,56680,cz3,cz4
r0016065,56682,cz3,cz4
r0016066,56684,cz3,cz4
r0016067,56685,cz3,cz4
r0016068,56687,cz3,cz4
r0016069,56689,cz3,cz4
r0016070,56691,cz3,cz4
r0016071,56693,cz3,cz4
r0016072,56694,cz3,cz4
r0016073,56696,cz3,cz4
r0016074,56698,cz3,cz4
r0016075,56700,cz3,cz4
r0016076,56702,cz3,cz4
r0016077,56704,cz3,cz4
r0016078,56705,cz3,cz4
r0016079,56707,cz3,cz4
r0016080,56709,cz3,cz4
r0016081,56711,cz3,cz4
r0016082,56713,cz3,cz4
r0016083,56715,cz3,cz4
r0016084,56716,cz3,cz4
r0016085,56718,cz3,cz4
r0016086,56720,cz3,cz4
r0016087,56722,cz3,cz4
r0016088,56724,cz3,cz4
r0016089,56725,cz3,cz4
r0016090,56727,cz3,cz4
r0016091,56729,cz3,cz4
r0016092,56731,cz3,cz4
r0016093,56733,cz3,cz4
r0016094,56735,cz3,cz4
r0016095,56736,cz3,cz4
r0016096,56738,cz3,cz4
r0016097,56740,cz3,cz4
r0016098,56742,cz3,cz4
r0016099,56744,cz3,cz4
r0016100,56746,cz3,cz4
r0016101,56747,cz3,cz4
r0016102,56749,cz3,cz4
r0016103,56751,cz3,cz4
r0016104,56753,cz3,cz4
r0016105,56755,cz3,cz4
r0016106,56756,cz3,cz4
r0016107,56758,cz3,cz4
r0016108,56760,cz3,cz4
r0016109,56762,cz3,cz4
r0016110,56764,cz3,cz4
r0016111,56766,cz3,cz4
r0016112,56767,cz3,cz4
r0016113,56769,cz3,cz4
r0016114,56771,cz3,cz4
r0016115,56773,cz3,cz4
r0016116,56775,cz3,cz4
r0016117,56777,cz3,cz4
r0016118,56778,cz3,cz4
r0016119,56780,cz3,cz4
r0016120,56782,cz3,cz4
r0016121,56784,cz3,cz4
r0016122,56786,cz3,cz4
r0016123,56787,cz3,cz4
r0016124,56789,cz3,cz4
r0016125,56791,cz3,cz4
r0016126,56793,cz3,cz4
r0016127,56795,cz3,cz4
r0016128,56797,cz3,cz4
r0016129,56798,cz3,cz4
r0016130,56800,cz3,cz4
r0016131,56802,cz3,cz4
r0016132,56804,cz3,cz4
r0016133,56806,cz3,cz4
r0016134,56808,cz3,cz4
r0016135,56809,cz3,cz4
r0016136,56811,cz3,cz4
r0016137,56813,cz3,cz4
r0016138,56815,cz3,cz4
r0016139,56817,cz3,cz4
r0016140,56818,cz3,cz4
r0016141,56820,cz3,cz4
r0016142,56822,cz3,cz4
r0016143,56824,cz3,cz4
r0016144,56826,cz3,cz4
r0016145,56828,cz3,cz4
r0016146,56829,cz3,cz4
r0016147,56831,cz3,cz4
r0016148,56833,cz3,cz4
r0016149,56835,cz3,cz4
r0016150,56837,cz3,cz4
r0016151,56838,cz3,cz4
r0016152,56840,cz3,cz4
r0016153,56842,cz3,cz4
r0016154,56844,cz3,cz4
r0016155,56846,cz3,cz4
r0016156,56848,cz3,cz4
r0016157,56849,cz3,cz4
r0016158,56851,cz3,cz4
r0016159,56853,cz3,cz4
r0016160,56855,cz3,cz4
r0016161,56857,cz3,cz4
r0016162,56859,cz3,cz4
r0016163,56860,cz3,cz4
r0016164,56862,cz3,cz4
r0016165,56864,cz4,cz1
r0016166,56866,cz4,cz1
r0016167,56868,cz4,cz1
r0016168,56869,cz4,cz1
r0016169,56871,cz4,cz1
r0016170,56873,cz4,cz1
r0016171,56875,cz4,cz1
r0016172,56877,cz4,cz1
r0016173,56879,cz4,cz1
r0016174,56880,cz4,cz1
r0016175,56882,cz4,cz1
r0016176,56884,cz4,cz1
r0016177,56886,cz4,cz1
r0016178,56888,cz4,cz1
r0016179,56890,cz4,cz1
r0016180,56891,cz4,cz1
r0016181,56893,cz4,cz1
r0016182,56895,cz4,cz1
r0016183,56897,cz4,cz1
r0016184,56899,cz4,cz1
r0016185,56900,cz4,cz1
r0016186,56902,cz4,cz1
r0016187,56904,cz4,cz1
r0016188,56906,cz4,cz1
r0016189,56908,cz4,cz1
r0016190,56910,cz4,cz1
r0016191,56911,cz4,cz1
r0016192,56913,cz4,cz1
r0016193,56915,cz4,cz1
r0016194,56917,cz4,cz1
r0016195,56919,cz4,cz1
r0016196,56921,cz4,cz1
r0016197,56922,cz4,cz1
r0016198,56924,cz4,cz1
r0016199,56926,cz4,cz1
r0016200,56928,cz4,cz1
r0016201,56930,cz4,cz1
r0016202,56931,cz4,cz1
r0016203,56933,cz4,cz1
r0016204,56935,cz4,cz1
r0016205,56937,cz4,cz1
r0016206,56939,cz4,cz1
r0016207,56941,cz4,cz1
r0016208,56942,cz4,cz1
r0016209,56944,cz4,cz1
r0016210,56946,cz4,cz1
r0016211,56948,cz4,cz1
r0016212,56950,cz4,cz1
r0016213,56952,cz4,cz1
r0016214,56953,cz4,cz1
r0016215,56955,cz4,cz1
r0016216,56957,cz4,cz1
r0016217,56959,cz4,cz1
r0016218,56961,cz4,cz1
r0016219,56962,cz4,cz1
r0016220,56964,cz4,cz1
r0016221,56966,cz4,cz1
r0016222,56968,cz4,cz1
r0016223,56970,cz4,cz1
r0016224,56972,cz4,cz1
r0016225,56973,cz4,cz1
r0016226,56975,cz4,cz1
r0016227,56977,cz4,cz1
r0016228,56979,cz4,cz1
r0016229,56981,cz4,cz1
r0016230,56982,cz4,cz1
r0016231,56984,cz4,cz1
r0016232,56986,cz4,cz1
r0016233,56988,cz4,cz1
r0016234,56990,cz4,cz1
r0016235,56992,cz4,cz1
r0016236,56993,cz4,cz1
r0016237,56995,cz4,cz1
r0016238,56997,cz4,cz1
r0016239,56999,cz4,cz1
r0016240,57001,cz4,cz1
r0016241,57003,cz4,cz1
r0016242,57004,cz4,cz1
r0016243,57006,cz4,cz1
r0016244,57008,cz4,cz1
r0016245,57010,cz4,cz1
r0016246,57012,cz4,cz1
r0016247,57013,cz4,cz1
r0016248,57015,cz4,cz1
r0016249,57017,cz4,cz1
r0016250,57019,cz4,cz1
r0016251,57021,cz4,cz1
r0016252,57023,cz4,cz1
r0016253,57024,cz4,cz1
r0016254,57026,cz4,cz1
r0016255,57028,cz4,cz1
r0016256,57030,cz4,cz1
r0016257,57032,cz4,cz1
r0016258,57034,cz4,cz1
r0016259,57035,cz4,cz1
r0016260,57037,cz4,cz1
r0016261,57039,cz4,cz1
r0016262,57041,cz4,cz1
r0016263,57043,cz4,cz1
r0016264,57044,cz4,cz1
r0016265,57046,cz4,cz1
r0016266,57048,cz4,cz1
r0016267,57050,cz4,cz1
r0016268,57052,cz4,cz1
r0016269,57054,cz4,cz1
r0016270,57055,cz4,cz1
r0016271,57057,cz4,cz1
r0016272,57059,cz4,cz1
r0016273,57061,cz4,cz1
r0016274,57063,cz4,cz1
r0016275,57065,cz4,cz1
r0016276,57066,cz4,cz1
r0016277,57068,cz4,cz1
r0016278,57070,cz4,cz1
r0016279,57072,cz4,cz1
r0016280,57074,cz4,cz2
r0016281,57075,cz4,cz2
r0016282,57077,cz4,cz2
r0016283,57079,cz4,cz2
r0016284,57081,cz4,cz2
r0016285,57083,cz4,cz2
r0016286,57085,cz4,cz2
r0016287,57086,cz4,cz2
r0016288,57088,cz4,cz2
r0016289,57090,cz4,cz2
r0016290,57092,cz4,cz2
r0016291,57094,cz4,cz2
r0016292,57096,cz4,cz2
r0016293,57097,cz4,cz2
r0016294,57099,cz4,cz2
r0016295,57101,cz4,cz2
r0016296,57103,cz4,cz2
r0016297,57105,cz4,cz2
r0016298,57106,cz4,cz2
r0016299,57108,cz4,cz2
r0016300,57110,cz4,cz2
r0016301,57112,cz4,cz2
r0016302,57114,cz4,cz2
r0016303,57116,cz4,cz2
r0016304,57117,cz4,cz2
r0016305,57119,cz4,cz2
r0016306,57121,cz4,cz2
r0016307,57123,cz4,cz2
r0016308,57125,cz4,cz2
r0016309,57126,cz4,cz2
r0016310,57128,cz4,cz2
r0016311,57130,cz4,cz2
r0016312,57132,cz4,cz2
r0016313,57134,cz4,cz2
r0016314,57136,cz4,cz2
r0016315,57137,cz4,cz2
r0016316,57139,cz4,cz2
r0016317,57141,cz4,cz2
r0016318,57143,cz4,cz2
r0016319,57145,cz4,cz2
r0016320,57147,cz4,cz2
r0016321,57148,cz4,cz2
r0016322,57150,cz4,cz2
r0016323,57152,cz4,cz2
r0016324,57154,cz4,cz2
r0016325,57156,cz4,cz2
r0016326,57157,cz4,cz2
r0016327,57159,cz4,cz2
r0016328,57161,cz4,cz2
r0016329,57163,cz4,cz2
r0016330,57165,cz4,cz2
r0016331,57167,cz4,cz2
r0016332,57168,cz4,cz2
r0016333,57170,cz4,cz2
r0016334,57172,cz4,cz2
r0016335,57174,cz4,cz2
r0016336,57176,cz4,cz2
r0016337,57178,cz4,cz2
r0016338,57179,cz4,cz2
r0016339,57181,cz4,cz2
r0016340,57183,cz4,cz2
r0016341,57185,cz4,cz2
r0016342,57187,cz4,cz2
r0016343,57188,cz4,cz2
r0016344,57190,cz4,cz2
r0016345,57192,cz4,cz2
r0016346,57194,cz4,cz2
r0016347,57196,cz4,cz2
r0016348,57198,cz4,cz2
r0016349,57199,cz4,cz2
r0016350,57201,cz4,cz2
r0016351,57203,cz4,cz2
r0016352,57205,cz4,cz2
r0016353,57207,cz4,cz2
r0016354,57209,cz4,cz2
r0016355,57210,cz4,cz2
r0016356,57212,cz4,cz2
r0016357,57214,cz4,cz2
r0016358,57216,cz4,cz2
r0016359,57218,cz4,cz2
r0016360,57219,cz4,cz2
r0016361,57221,cz4,cz2
r0016362,57223,cz4,cz2
r0016363,57225,cz4,cz2
r0016364,57227,cz4,cz2
r0016365,57229,cz4,cz2
r0016366,57230,cz4,cz3
r0016367,57232,cz4,cz3
r0016368,57234,cz4,cz3
r0016369,57236,cz4,cz3
r0016370,57238,cz4,cz3
r0016371,57240,cz4,cz3
r0016372,57241,cz4,cz3
r0016373,57243,cz4,cz3
r0016374,57245,cz4,cz3
r0016375,57247,cz4,cz3
r0016376,57249,cz4,cz3
r0016377,57250,cz4,cz3
r0016378,57252,cz4,cz3
r0016379,57254,cz4,cz3
r0016380,57256,cz4,cz3
r0016381,57258,cz4,cz3
r0016382,57260,cz4,cz3
r0016383,57261,cz4,cz3
r0016384,57263,cz4,cz3
r0016385,57265,cz4,cz3
r0016386,57267,cz4,cz3
r0016387,57269,cz4,cz3
r0016388,57270,cz4,cz3
r0016389,57272,cz4,cz3
r0016390,57274,cz4,cz3
r0016391,57276,cz4,cz3
r0016392,57278,cz4,cz3
r0016393,57280,cz4,cz3
r0016394,57281,cz4,cz3
r0016395,57283,cz4,cz3
r0016396,57285,cz4,cz3
r0016397,57287,cz4,cz3
r0016398,57289,cz4,cz3
r0016399,57291,cz4,cz3
r0016400,57292,cz4,cz3
r0016401,57294,cz4,cz3
r0016402,57296,cz4,cz3
r0016403,57298,cz4,cz3
r0016404,57300,cz4,cz3
r0016405,57301,cz4,cz3
r0016406,57303,cz4,cz3
r0016407,57305,cz4,cz3
r0016408,57307,cz4,cz3
r0016409,57309,cz4,cz3
r0016410,57311,cz4,cz3
r0016411,57312,cz4,cz3
r0016412,57314,cz4,cz3
r0016413,57316,cz4,cz3
r0016414,57318,cz4,cz3
r0016415,57320,cz4,cz3
r0016416,57322,cz4,cz3
r0016417,57323,cz4,cz3
r0016418,57325,cz4,cz3
r0016419,57327,cz4,cz3
r0016420,57329,cz4,cz3
r0016421,57331,cz4,cz3
r0016422,57332,cz4,cz3
r0016423,57334,cz4,cz3
r0016424,57336,cz4,cz3
r0016425,57338,cz4,cz3
r0016426,57340,cz4,cz3
r0016427,57342,cz4,cz3
r0016428,57343,cz4,cz3
r0016429,57345,cz4,cz3
r0016430,57347,cz4,cz3
r0016431,57349,cz4,cz3
r0016432,57351,cz4,cz3
r0016433,57353,cz4,cz3
r0016434,57354,cz4,cz3
r0016435,57356,cz4,cz3
r0016436,57358,cz4,cz3
r0016437,57360,cz4,cz3
r0016438,57362,cz4,cz3
r0016439,57363,cz4,cz3
r0016440,57365,cz4,cz3
r0016441,57367,cz4,cz3
r0016442,57369,cz4,cz3
r0016443,57371,cz4,cz3
r0016444,57373,cz4,cz3
r0016445,57374,cz4,cz3
r0016446,57376,cz4,cz3
r0016447,57378,cz4,cz3
r0016448,57380,cz4,cz3
r0016449,57382,cz4,cz3
r0016450,57384,cz4,cz3
r0016451,57385,cz4,cz3
r0016452,57387,cz4,cz3
r0016453,57389,cz4,cz3
r0016454,57391,cz4,cz3
r0016455,57393,cz4,cz3
r0016456,57394,cz4,cz3
r0016457,57396,cz4,cz3
r0016458,57398,cz4,cz3
r0016459,57400,cz4,cz3
r0016460,57402,cz4,cz3
r0016461,57404,cz4,cz3
r0016462,57405,cz4,cz3
r0016463,57407,cz4,cz3
r0016464,57409,cz4,cz3
r0016465,57411,cz4,cz3
r0016466,57413,cz4,cz3
r0016467,57414,cz4,cz3
r0016468,57416,cz4,cz3
r0016469,57418,cz4,cz3
r0016470,57420,cz4,cz3
r0016471,57422,cz4,cz3
r0016472,57424,cz4,cz3
r0016473,57425,cz4,cz3
r0016474,57427,cz4,cz3
r0016475,57429,cz4,cz3
r0016476,57431,cz4,cz3
r0016477,57433,cz4,cz3
r0016478,57435,cz4,cz3
r0016479,57436,cz4,cz3
r0016480,57438,cz4,cz3
r0016481,57440,cz4,cz3
r0016482,57442,cz4,cz3
r0016483,57444,cz4,cz3
r0016484,57445,cz4,cz3
r0016485,57447,cz4,cz3
r0016486,57449,cz4,cz4
r0016487,57451,cz4,cz4
r0016488,57453,cz4,cz4
r0016489,57455,cz4,cz4
r0016490,57456,cz4,cz4
r0016491,57458,cz4,cz4
r0016492,57460,cz4,cz4
r0016493,57462,cz4,cz4
r0016494,57464,cz4,cz4
r0016495,57466,cz4,cz4
r0016496,57467,cz4,cz4
r0016497,57469,cz4,cz4
r0016498,57471,cz4,cz4
r0016499,57473,cz4,cz4
r0016500,57475,cz4,cz4
r0016501,57476,cz4,cz4
r0016502,57478,cz4,cz4
r0016503,57480,cz4,cz4
r0016504,57482,cz4,cz4
r0016505,57484,cz4,cz4
r0016506,57486,cz4,cz4
r0016507,57487,cz4,cz4
r0016508,57489,cz4,cz4
r0016509,57491,cz4,cz4
r0016510,57493,cz4,cz4
r0016511,57495,cz4,cz4
r0016512,57497,cz4,cz4
r0016513,57498,cz4,cz4
r0016514,57500,cz4,cz4
r0016515,57502,cz4,cz4
r0016516,57504,cz4,cz4
r0016517,57506,cz4,cz4
r0016518,57507,cz4,cz4
r0016519,57509,cz4,cz4
r0016520,57511,cz4,cz4
r0016521,57513,cz4,cz4
r0016522,57515,cz4,cz4
r0016523,57517,cz4,cz4
r0016524,57518,cz4,cz4
r0016525,57520,cz4,cz4
r0016526,57522,cz4,cz4
r0016527,57524,cz4,cz4
r0016528,57526,cz4,cz4
r0016529,57528,cz4,cz4
r0016530,57529,cz4,cz4
r0016531,57531,cz4,cz4
r0016532,57533,cz4,cz4
r0016533,57535,cz4,cz4
r0016534,57537,cz4,cz4
r0016535,57538,cz4,cz4
r0016536,57540,cz4,cz4
r0016537,57542,cz4,cz4
r0016538,57544,cz4,cz4
r0016539,57546,cz4,cz4
r0016540,57548,cz4,cz4
r0016541,57549,cz4,cz4
r0016542,57551,cz4,cz4
r0016543,57553,cz4,cz4
r0016544,57555,cz4,cz4
r0016545,57557,cz4,cz4
r0016546,57558,cz4,cz4
r0016547,57560,cz4,cz4
r0016548,57562,cz4,cz4
r0016549,57564,cz4,cz4
r0016550,57566,cz4,cz4
r0016551,57568,cz4,cz4
r0016552,57569,cz4,cz4
r0016553,57571,cz4,cz4
r0016554,57573,cz4,cz4
r0016555,57575,cz4,cz4
r0016556,57577,cz4,cz4
r0016557,57579,cz4,cz4
r0016558,57580,cz4,cz4
r0016559,57582,cz4,cz4
r0016560,57584,cz4,cz4
r0016561,57586,cz4,cz4
r0016562,57588,cz4,cz4
r0016563,57589,cz4,cz4
r0016564,57591,cz4,cz4
r0016565,57593,cz4,cz4
r0016566,57595,cz4,cz4
r0016567,57597,cz4,cz4
r0016568,57599,cz4,cz4
r0016569,57600,cz1,cz1
r0016570,57602,cz1,cz1
r0016571,57604,cz1,cz1
r0016572,57605,cz1,cz1
r0016573,57607,cz1,cz1
r0016574,57609,cz1,cz1
r0016575,57611,cz1,cz1
r0016576,57612,cz1,cz1
r0016577,57614,cz1,cz1
r0016578,57616,cz1,cz1
r0016579,57617,cz1,cz1
r0016580,57619,cz1,cz1
r0016581,57621,cz1,cz1
r0016582,57622,cz1,cz1
r0016583,57624,cz1,cz1
r0016584,57626,cz1,cz1
r0016585,57627,cz1,cz1
r0016586,57629,cz1,cz1
r0016587,57631,cz1,cz1
r0016588,57633,cz1,cz1
r0016589,57634,cz1,cz1
r0016590,57636,cz1,cz1
r0016591,57638,cz1,cz1
r0016592,57639,cz1,cz1
r0016593,57641,cz1,cz1
r0016594,57643,cz1,cz1
r0016595,57644,cz1,cz1
r0016596,57646,cz1,cz1
r0016597,57648,cz1,cz1
r0016598,57649,cz1,cz1
r0016599,57651,cz1,cz1
r0016600,57653,cz1,cz1
r0016601,57655,cz1,cz1
r0016602,57656,cz1,cz1
r0016603,57658,cz1,cz1
r0016604,57660,cz1,cz1
r0016605,57661,cz1,cz1
r0016606,57663,cz1,cz1
r0016607,57665,cz1,cz1
r0016608,57666,cz1,cz1
r0016609,57668,cz1,cz1
r0016610,57670,cz1,cz1
r0016611,57671,cz1,cz1
r0016612,57673,cz1,cz1
r0016613,57675,cz1,cz1
r0016614,57677,cz1,cz1
r0016615,57678,cz1,cz1
r0016616,57680,cz1,cz1
r0016617,57682,cz1,cz1
r0016618,57683,cz1,cz1
r0016619,57685,cz1,cz1
r0016620,57687,cz1,cz1
r0016621,57688,cz1,cz1
r0016622,57690,cz1,cz1
r0016623,57692,cz1,cz1
r0016624,57693,cz1,cz1
r0016625,57695,cz1,cz1
r0016626,57697,cz1,cz1
r0016627,57699,cz1,cz1
r0016628,57700,cz1,cz1
r0016629,57702,cz1,cz1
r0016630,57704,cz1,cz1
r0016631,57705,cz1,cz1
r0016632,57707,cz1,cz1
r0016633,57709,cz1,cz1
r0016634,57710,cz1,cz1
r0016635,57712,cz1,cz1
r0016636,57714,cz1,cz1
r0016637,57715,cz1,cz1
r0016638,57717,cz1,cz1
r0016639,57719,cz1,cz1
r0016640,57721,cz1,cz1
r0016641,57722,cz1,cz1
r0016642,57724,cz1,cz1
r0016643,57726,cz1,cz1
r0016644,57727,cz1,cz1
r0016645,57729,cz1,cz1
r0016646,57731,cz1,cz1
r0016647,57732,cz1,cz1
r0016648,57734,cz1,cz1
r0016649,57736,cz1,cz1
r0016650,57738,cz1,cz1
r0016651,57739,cz1,cz1
r0016652,57741,cz1,cz1
r0016653,57743,cz1,cz1
r0016654,57744,cz1,cz1
r0016655,57746,cz1,cz1
r0016656,57748,cz1,cz1
r0016657,57749,cz1,cz1
r0016658,57751,cz1,cz1
r0016659,57753,cz1,cz1
r0016660,57754,cz1,cz1
r0016661,57756,cz1,cz1
r0016662,57758,cz1,cz1
r0016663,57760,cz1,cz1
r0016664,57761,cz1,cz1
r0016665,57763,cz1,cz1
r0016666,57765,cz1,cz1
r0016667,57766,cz1,cz1
r0016668,57768,cz1,cz1
r0016669,57770,cz1,cz1
r0016670,57771,cz1,cz1
r0016671,57773,cz1,cz1
r0016672,57775,cz1,cz1
r0016673,57776,cz1,cz1
r0016674,57778,cz1,cz1
r0016675,57780,cz1,cz1
r0016676,57782,cz1,cz1
r0016677,57783,cz1,cz1
r0016678,57785,cz1,cz1
r0016679,57787,cz1,cz1
r0016680,57788,cz1,cz1
r0016681,57790,cz1,cz1
r0016682,57792,cz1,cz1
r0016683,57793,cz1,cz1
r0016684,57795,cz1,cz1
r0016685,57797,cz1,cz1
r0016686,57798,cz1,cz1
r0016687,57800,cz1,cz1
r0016688,57802,cz1,cz1
r0016689,57804,cz1,cz1
r0016690,57805,cz1,cz1
r0016691,57807,cz1,cz1
r0016692,57809,cz1,cz1
r0016693,57810,cz1,cz1
r0016694,57812,cz1,cz1
r0016695,57814,cz1,cz1
r0016696,57815,cz1,cz1
r0016697,57817,cz1,cz1
r0016698,57819,cz1,cz1
r0016699,57820,cz1,cz1
r0016700,57822,cz1,cz1
r0016701,57824,cz1,cz1
r0016702,57826,cz1,cz1
r0016703,57827,cz1,cz1
r0016704,57829,cz1,cz1
r0016705,57831,cz1,cz1
r0016706,57832,cz1,cz1
r0016707,57834,cz1,cz1
r0016708,57836,cz1,cz1
r0016709,57837,cz1,cz1
r0016710,57839,cz1,cz1
r0016711,57841,cz1,cz1
r0016712,57842,cz1,cz1
r0016713,57844,cz1,cz1
r0016714,57846,cz1,cz1
r0016715,57848,cz1,cz1
r0016716,57849,cz1,cz1
r0016717,57851,cz1,cz1
r0016718,57853,cz1,cz1
r0016719,57854,cz1,cz1
r0016720,57856,cz1,cz1
r0016721,57858,cz1,cz1
r0016722,57859,cz1,cz1
r0016723,57861,cz1,cz1
r0016724,57863,cz1,cz1
r0016725,57865,cz1,cz1
r0016726,57866,cz1,cz1
r0016727,57868,cz1,cz1
r0016728,57870,cz1,cz1
r0016729,57871,cz1,cz1
r0016730,57873,cz1,cz1
r0016731,57875,cz1,cz1
r0016732,57876,cz1,cz1
r0016733,57878,cz1,cz1
r0016734,57880,cz1,cz1
r0016735,57881,cz1,cz1
r0016736,57883,cz1,cz1
r0016737,57885,cz1,cz1
r0016738,57887,cz1,cz1
r0016739,57888,cz1,cz1
r0016740,57890,cz1,cz2
r0016741,57892,cz1,cz2
r0016742,57893,cz1,cz2
r0016743,57895,cz1,cz2
r0016744,57897,cz1,cz2
r0016745,57898,cz1,cz2
r0016746,57900,cz1,cz2
r0016747,57902,cz1,cz2
r0016748,57903,cz1,cz2
r0016749,57905,cz1,cz2
r0016750,57907,cz1,cz2
r0016751,57909,cz1,cz2
r0016752,57910,cz1,cz2
r0016753,57912,cz1,cz2
r0016754,57914,cz1,cz2
r0016755,57915,cz1,cz2
r0016756,57917,cz1,cz2
r0016757,57919,cz1,cz2
r0016758,57920,cz1,cz2
r0016759,57922,cz1,cz2
r0016760,57924,cz1,cz2
r0016761,57925,cz1,cz2
r0016762,57927,cz1,cz2
r0016763,57929,cz1,cz2
r0016764,57931,cz1,cz2
r0016765,57932,cz1,cz2
r0016766,57934,cz1,cz2
r0016767,57936,cz1,cz2
r0016768,57937,cz1,cz2
r0016769,57939,cz1,cz2
r0016770,57941,cz1,cz2
r0016771,57942,cz1,cz2
r0016772,57944,cz1,cz2
r0016773,57946,cz1,cz2
r0016774,57947,cz1,cz2
r0016775,57949,cz1,cz2
r0016776,57951,cz1,cz2
r0016777,57953,cz1,cz2
r0016778,57954,cz1,cz2
r0016779,57956,cz1,cz2
r0016780,57958,cz1,cz2
r0016781,57959,cz1,cz2
r0016782,57961,cz1,cz2
r0016783,57963,cz1,cz2
r0016784,57964,cz1,cz2
r0016785,57966,cz1,cz2
r0016786,57968,cz1,cz2
r0016787,57969,cz1,cz2
r0016788,57971,cz1,cz2
r0016789,57973,cz1,cz2
r0016790,57975,cz1,cz2
r0016791,57976,cz1,cz2
r0016792,57978,cz1,cz2
r0016793,57980,cz1,cz2
r0016794,57981,cz1,cz2
r0016795,57983,cz1,cz2
r0016796,57985,cz1,cz2
r0016797,57986,cz1,cz2
r0016798,57988,cz1,cz2
r0016799,57990,cz1,cz2
r0016800,57992,cz1,cz2
r0016801,57993,cz1,cz2
r0016802,57995,cz1,cz2
r0016803,57997,cz1,cz2
r0016804,57998,cz1,cz2
r0016805,58000,cz1,cz2
r0016806,58002,cz1,cz2
r0016807,58003,cz1,cz2
r0016808,58005,cz1,cz2
r0016809,58007,cz1,cz2
r0016810,58008,cz1,cz2
r0016811,58010,cz1,cz2
r0016812,58012,cz1,cz2
r0016813,58014,cz1,cz2
r0016814,58015,cz1,cz2
r0016815,58017,cz1,cz2
r0016816,58019,cz1,cz2
r0016817,58020,cz1,cz2
r0016818,58022,cz1,cz2
r0016819,58024,cz1,cz2
r0016820,58025,cz1,cz2
r0016821,58027,cz1,cz2
r0016822,58029,cz1,cz2
r0016823,58030,cz1,cz2
r0016824,58032,cz1,cz2
r0016825,58034,cz1,cz2
r0016826,58036,cz1,cz2
r0016827,58037,cz1,cz2
r0016828,58039,cz1,cz2
r0016829,58041,cz1,cz2
r0016830,58042,cz1,cz2
r0016831,58044,cz1,cz2
r0016832,58046,cz1,cz2
r0016833,58047,cz1,cz2
r0016834,58049,cz1,cz2
r0016835,58051,cz1,cz2
r0016836,58052,cz1,cz2
r0016837,58054,cz1,cz2
r0016838,58056,cz1,cz2
r0016839,58058,cz1,cz2
r0016840,58059,cz1,cz2
r0016841,58061,cz1,cz2
r0016842,58063,cz1,cz2
r0016843,58064,cz1,cz2
r0016844,58066,cz1,cz2
r0016845,58068,cz1,cz2
r0016846,58069,cz1,cz2
r0016847,58071,cz1,cz2
r0016848,58073,cz1,cz2
r0016849,58074,cz1,cz2
r0016850,58076,cz1,cz2
r0016851,58078,cz1,cz2
r0016852,58080,cz1,cz2
r0016853,58081,cz1,cz2
r0016854,58083,cz1,cz2
r0016855,58085,cz1,cz2
r0016856,58086,cz1,cz2
r0016857,58088,cz1,cz2
r0016858,58090,cz1,cz2
r0016859,58091,cz1,cz2
r0016860,58093,cz1,cz2
r0016861,58095,cz1,cz2
r0016862,58096,cz1,cz2
r0016863,58098,cz1,cz2
r0016864,58100,cz1,cz2
r0016865,58102,cz1,cz2
r0016866,58103,cz1,cz2
r0016867,58105,cz1,cz2
r0016868,58107,cz1,cz2
r0016869,58108,cz1,cz2
r0016870,58110,cz1,cz3
r0016871,58112,cz1,cz3
r0016872,58113,cz1,cz3
r0016873,58115,cz1,cz3
r0016874,58117,cz1,cz3
r0016875,58119,cz1,cz3
r0016876,58120,cz1,cz3
r0016877,58122,cz1,cz3
r0016878,58124,cz1,cz3
r0016879,58125,cz1,cz3
r0016880,58127,cz1,cz3
r0016881,58129,cz1,cz3
r0016882,58130,cz1,cz3
r0016883,58132,cz1,cz3
r0016884,58134,cz1,cz3
r0016885,58135,cz1,cz3
r0016886,58137,cz1,cz3
r0016887,58139,cz1,cz3
r0016888,58141,cz1,cz3
r0016889,58142,cz1,cz3
r0016890,58144,cz1,cz3
r0016891,58146,cz1,cz3
r0016892,58147,cz1,cz3
r0016893,58149,cz1,cz3
r0016894,58151,cz1,cz3
r0016895,58152,cz1,cz3
r0016896,58154,cz1,cz3
r0016897,58156,cz1,cz3
r0016898,58157,cz1,cz3
r0016899,58159,cz1,cz3
r0016900,58161,cz1,cz3
r0016901,58163,cz1,cz3
r0016902,58164,cz1,cz3
r0016903,58166,cz1,cz3
r0016904,58168,cz1,cz3
r0016905,58169,cz1,cz3
r0016906,58171,cz1,cz3
r0016907,58173,cz1,cz3
r0016908,58174,cz1,cz3
r0016909,58176,cz1,cz3
r0016910,58178,cz1,cz3
r0016911,58179,cz1,cz3
r0016912,58181,cz1,cz3
r0016913,58183,cz1,cz3
r0016914,58185,cz1,cz3
r0016915,58186,cz1,cz3
r0016916,58188,cz1,cz3
r0016917,58190,cz1,cz3
r0016918,58191,cz1,cz3
r0016919,58193,cz1,cz3
r0016920,58195,cz1,cz3
r0016921,58196,cz1,cz3
r0016922,58198,cz1,cz3
r0016923,58200,cz1,cz3
r0016924,58201,cz1,cz3
r0016925,58203,cz1,cz3
r0016926,58205,cz1,cz3
r0016927,58207,cz1,cz3
r0016928,58208,cz1,cz3
r0016929,58210,cz1,cz3
r0016930,58212,cz1,cz3
r0016931,58213,cz1,cz3
r0016932,58215,cz1,cz3
r0016933,58217,cz1,cz3
r0016934,58218,cz1,cz3
r0016935,58220,cz1,cz3
r0016936,58222,cz1,cz3
r0016937,58223,cz1,cz3
r0016938,58225,cz1,cz3
r0016939,58227,cz1,cz3
r0016940,58229,cz1,cz3
r0016941,58230,cz1,cz3
r0016942,58232,cz1,cz3
r0016943,58234,cz1,cz3
r0016944,58235,cz1,cz3
r0016945,58237,cz1,cz3
r0016946,58239,cz1,cz3
r0016947,58240,cz1,cz3
r0016948,58242,cz1,cz3
r0016949,58244,cz1,cz3
r0016950,58246,cz1,cz3
r0016951,58247,cz1,cz3
r0016952,58249,cz1,cz3
r0016953,58251,cz1,cz3
r0016954,58252,cz1,cz3
r0016955,58254,cz1,cz3
r0016956,58256,cz1,cz3
r0016957,58257,cz1,cz3
r0016958,58259,cz1,cz3
r0016959,58261,cz1,cz3
r0016960,58262,cz1,cz3
r0016961,58264,cz1,cz3
r0016962,58266,cz1,cz3
r0016963,58268,cz1,cz3
r0016964,58269,cz1,cz3
r0016965,58271,cz1,cz3
r0016966,58273,cz1,cz3
r0016967,58274,cz1,cz3
r0016968,58276,cz1,cz3
r0016969,58278,cz1,cz3
r0016970,58279,cz1,cz3
r0016971,58281,cz1,cz3
r0016972,58283,cz1,cz3
r0016973,58284,cz1,cz3
r0016974,58286,cz1,cz3
r0016975,58288,cz1,cz3
r0016976,58290,cz1,cz3
r0016977,58291,cz1,cz3
r0016978,58293,cz1,cz3
r0016979,58295,cz1,cz3
r0016980,58296,cz1,cz3
r0016981,58298,cz1,cz3
r0016982,58300,cz1,cz3
r0016983,58301,cz1,cz3
r0016984,58303,cz1,cz3
r0016985,58305,cz1,cz3
r0016986,58306,cz1,cz3
r0016987,58308,cz1,cz3
r0016988,58310,cz1,cz3
r0016989,58312,cz1,cz3
r0016990,58313,cz1,cz3
r0016991,58315,cz1,cz3
r0016992,58317,cz1,cz3
r0016993,58318,cz1,cz3
r0016994,58320,cz1,cz3
r0016995,58322,cz1,cz3
r0016996,58323,cz1,cz3
r0016997,58325,cz1,cz3
r0016998,58327,cz1,cz3
r0016999,58328,cz1,cz3
r0017000,58330,cz1,cz3
r0017001,58332,cz1,cz3
r0017002,58334,cz1,cz3
r0017003,58335,cz1,cz3
r0017004,58337,cz1,cz3
r0017005,58339,cz1,cz3
r0017006,58340,cz1,cz3
r0017007,58342,cz1,cz3
r0017008,58344,cz1,cz3
r0017009,58345,cz1,cz3
r0017010,58347,cz1,cz3
r0017011,58349,cz1,cz3
r0017012,58350,cz1,cz3
r0017013,58352,cz1,cz3
r0017014,58354,cz1,cz3
r0017015,58356,cz1,cz3
r0017016,58357,cz1,cz3
r0017017,58359,cz1,cz3
r0017018,58361,cz1,cz3
r0017019,58362,cz1,cz3
r0017020,58364,cz1,cz3
r0017021,58366,cz1,cz3
r0017022,58367,cz1,cz3
r0017023,58369,cz1,cz3
r0017024,58371,cz1,cz3
r0017025,58373,cz1,cz3
r0017026,58374,cz1,cz3
r0017027,58376,cz1,cz3
r0017028,58378,cz1,cz3
r0017029,58379,cz1,cz3
r0017030,58381,cz1,cz3
r0017031,58383,cz1,cz3
r0017032,58384,cz1,cz3
r0017033,58386,cz1,cz3
r0017034,58388,cz1,cz3
r0017035,58389,cz1,cz3
r0017036,58391,cz1,cz3
r0017037,58393,cz1,cz3
r0017038,58395,cz1,cz3
r0017039,58396,cz1,cz3
r0017040,58398,cz1,cz3
r0017041,58400,cz1,cz3
r0017042,58401,cz1,cz3
r0017043,58403,cz1,cz3
r0017044,58405,cz1,cz3
r0017045,58406,cz1,cz3
r0017046,58408,cz1,cz3
r0017047,58410,cz1,cz4
r0017048,58411,cz1,cz4
r0017049,58413,cz1,cz4
r0017050,58415,cz1,cz4
r0017051,58417,cz1,cz4
r0017052,58418,cz1,cz4
r0017053,58420,cz1,cz4
r0017054,58422,cz1,cz4
r0017055,58423,cz1,cz4
r0017056,58425,cz1,cz4
r0017057,58427,cz1,cz4
r0017058,58428,cz1,cz4
r0017059,58430,cz1,cz4
r0017060,58432,cz1,cz4
r0017061,58433,cz1,cz4
r0017062,58435,cz1,cz4
r0017063,58437,cz1,cz4
r0017064,58439,cz1,cz4
r0017065,58440,cz1,cz4
r0017066,58442,cz1,cz4
r0017067,58444,cz1,cz4
r0017068,58445,cz1,cz4
r0017069,58447,cz1,cz4
r0017070,58449,cz1,cz4
r0017071,58450,cz1,cz4
r0017072,58452,cz1,cz4
r0017073,58454,cz1,cz4
r0017074,58455,cz1,cz4
r0017075,58457,cz1,cz4
r0017076,58459,cz1,cz4
r0017077,58461,cz1,cz4
r0017078,58462,cz1,cz4
r0017079,58464,cz1,cz4
r0017080,58466,cz1,cz4
r0017081,58467,cz1,cz4
r0017082,58469,cz1,cz4
r0017083,58471,cz1,cz4
r0017084,58472,cz1,cz4
r0017085,58474,cz1,cz4
r0017086,58476,cz1,cz4
r0017087,58477,cz1,cz4
r0017088,58479,cz1,cz4
r0017089,58481,cz1,cz4
r0017090,58483,cz1,cz4
r0017091,58484,cz1,cz4
r0017092,58486,cz1,cz4
r0017093,58488,cz1,cz4
r0017094,58489,cz1,cz4
r0017095,58491,cz1,cz4
r0017096,58493,cz1,cz4
r0017097,58494,cz1,cz4
r0017098,58496,cz1,cz4
r0017099,58498,cz1,cz4
r0017100,58500,cz1,cz4
r0017101,58501,cz1,cz4
r0017102,58503,cz1,cz4
r0017103,58505,cz1,cz4
r0017104,58506,cz1,cz4
r0017105,58508,cz1,cz4
r0017106,58510,cz1,cz4
r0017107,58511,cz1,cz4
r0017108,58513,cz1,cz4
r0017109,58515,cz1,cz4
r0017110,58516,cz1,cz4
r0017111,58518,cz1,cz4
r0017112,58520,cz1,cz4
r0017113,58522,cz1,cz4
r0017114,58523,cz1,cz4
r0017115,58525,cz1,cz4
r0017116,58527,cz1,cz4
r0017117,58528,cz1,cz4
r0017118,58530,cz1,cz4
r0017119,58532,cz1,cz4
r0017120,58533,cz1,cz4
r0017121,58535,cz1,cz4
r0017122,58537,cz1,cz4
r0017123,58538,cz1,cz4
r0017124,58540,cz1,cz4
r0017125,58542,cz1,cz4
r0017126,58544,cz1,cz4
r0017127,58545,cz1,cz4
r0017128,58547,cz1,cz4
r0017129,58549,cz1,cz4
r0017130,58550,cz1,cz4
r0017131,58552,cz1,cz4
r0017132,58554,cz1,cz4
r0017133,58555,cz1,cz4
r0017134,58557,cz1,cz4
r0017135,58559,cz1,cz4
r0017136,58560,cz1,cz4
r0017137,58562,cz1,cz4
r0017138,58564,cz1,cz4
r0017139,58566,cz1,cz4
r0017140,58567,cz1,cz4
r0017141,58569,cz1,cz4
r0017142,58571,cz1,cz4
r0017143,58572,cz1,cz4
r0017144,58574,cz1,cz4
r0017145,58576,cz1,cz4
r0017146,58577,cz1,cz4
r0017147,58579,cz1,cz4
r0017148,58581,cz1,cz4
r0017149,58582,cz1,cz4
r0017150,58584,cz1,cz4
r0017151,58586,cz1,cz4
r0017152,58588,cz1,cz4
r0017153,58589,cz1,cz4
r0017154,58591,cz1,cz4
r0017155,58593,cz1,cz4
r0017156,58594,cz1,cz4
r0017157,58596,cz1,cz4
r0017158,58598,cz1,cz4
r0017159,58599,cz1,cz4
r0017160,58601,cz1,cz4
r0017161,58603,cz1,cz4
r0017162,58604,cz1,cz4
r0017163,58606,cz1,cz4
r0017164,58608,cz1,cz4
r0017165,58610,cz1,cz4
r0017166,58611,cz1,cz4
r0017167,58613,cz1,cz4
r0017168,58615,cz2,cz1
r0017169,58616,cz2,cz1
r0017170,58618,cz2,cz1
r0017171,58620,cz2,cz1
r0017172,58621,cz2,cz1
r0017173,58623,cz2,cz1
r0017174,58625,cz2,cz1
r0017175,58626,cz2,cz1
r0017176,58628,cz2,cz1
r0017177,58630,cz2,cz1
r0017178,58632,cz2,cz1
r0017179,58633,cz2,cz1
r0017180,58635,cz2,cz1
r0017181,58637,cz2,cz1
r0017182,58638,cz2,cz1
r0017183,58640,cz2,cz1
r0017184,58642,cz2,cz1
r0017185,58643,cz2,cz1
r0017186,58645,cz2,cz1
r0017187,58647,cz2,cz1
r0017188,58649,cz2,cz1
r0017189,58650,cz2,cz1
r0017190,58652,cz2,cz1
r0017191,58654,cz2,cz1
r0017192,58655,cz2,cz1
r0017193,58657,cz2,cz1
r0017194,58659,cz2,cz1
r0017195,58660,cz2,cz1
r0017196,58662,cz2,cz1
r0017197,58664,cz2,cz1
r0017198,58665,cz2,cz1
r0017199,58667,cz2,cz1
r0017200,58669,cz2,cz1
r0017201,58671,cz2,cz1
r0017202,58672,cz2,cz1
r0017203,58674,cz2,cz1
r0017204,58676,cz2,cz1
r0017205,58677,cz2,cz1
r0017206,58679,cz2,cz1
r0017207,58681,cz2,cz1
r0017208,58682,cz2,cz1
r0017209,58684,cz2,cz1
r0017210,58686,cz2,cz1
r0017211,58687,cz2,cz1
r0017212,58689,cz2,cz1
r0017213,58691,cz2,cz1
r0017214,58693,cz2,cz1
r0017215,58694,cz2,cz1
r0017216,58696,cz2,cz1
r0017217,58698,cz2,cz1
r0017218,58699,cz2,cz1
r0017219,58701,cz2,cz1
r0017220,58703,cz2,cz1
r0017221,58704,cz2,cz1
r0017222,58706,cz2,cz1
r0017223,58708,cz2,cz1
r0017224,58709,cz2,cz1
r0017225,58711,cz2,cz1
r0017226,58713,cz2,cz1
r0017227,58715,cz2,cz1
r0017228,58716,cz2,cz1
r0017229,58718,cz2,cz1
r0017230,58720,cz2,cz1
r0017231,58721,cz2,cz1
r0017232,58723,cz2,cz1
r0017233,58725,cz2,cz1
r0017234,58726,cz2,cz1
r0017235,58728,cz2,cz1
r0017236,58730,cz2,cz1
r0017237,58731,cz2,cz1
r0017238,58733,cz2,cz1
r0017239,58735,cz2,cz1
r0017240,58737,cz2,cz1
r0017241,58738,cz2,cz1
r0017242,58740,cz2,cz1
r0017243,58742,cz2,cz1
r0017244,58743,cz2,cz1
r0017245,58745,cz2,cz1
r0017246,58747,cz2,cz1
r0017247,58748,cz2,cz1
r0017248,58750,cz2,cz1
r0017249,58752,cz2,cz1
r0017250,58753,cz2,cz1
r0017251,58755,cz2,cz1
r0017252,58757,cz2,cz1
r0017253,58759,cz2,cz1
r0017254,58760,cz2,cz1
r0017255,58762,cz2,cz1
r0017256,58764,cz2,cz1
r0017257,58765,cz2,cz1
r0017258,58767,cz2,cz1
r0017259,58769,cz2,cz1
r0017260,58770,cz2,cz1
r0017261,58772,cz2,cz1
r0017262,58774,cz2,cz1
r0017263,58776,cz2,cz1
r0017264,58777,cz2,cz1
r0017265,58779,cz2,cz1
r0017266,58781,cz2,cz1
r0017267,58782,cz2,cz1
r0017268,58784,cz2,cz1
r0017269,58786,cz2,cz1
r0017270,58787,cz2,cz1
r0017271,58789,cz2,cz1
r0017272,58791,cz2,cz1
r0017273,58792,cz2,cz1
r0017274,58794,cz2,cz1
r0017275,58796,cz2,cz1
r0017276,58798,cz2,cz1
r0017277,58799,cz2,cz1
r0017278,58801,cz2,cz1
r0017279,58803,cz2,cz1
r0017280,58804,cz2,cz1
r0017281,58806,cz2,cz1
r0017282,58808,cz2,cz1
r0017283,58809,cz2,cz1
r0017284,58811,cz2,cz1
r0017285,58813,cz2,cz1
r0017286,58814,cz2,cz1
r0017287,58816,cz2,cz1
r0017288,58818,cz2,cz1
r0017289,58820,cz2,cz1
r0017290,58821,cz2,cz1
r0017291,58823,cz2,cz1
r0017292,58825,cz2,cz1
r0017293,58826,cz2,cz1
r0017294,58828,cz2,cz1
r0017295,58830,cz2,cz1
r0017296,58831,cz2,cz1
r0017297,58833,cz2,cz1
r0017298,58835,cz2,cz1
r0017299,58836,cz2,cz1
r0017300,58838,cz2,cz1
r0017301,58840,cz2,cz2
r0017302,58842,cz2,cz2
r0017303,58843,cz2,cz2
r0017304,58845,cz2,cz2
r0017305,58847,cz2,cz2
r0017306,58848,cz2,cz2
r0017307,58850,cz2,cz2
r0017308,58852,cz2,cz2
r0017309,58853,cz2,cz2
r0017310,58855,cz2,cz2
r0017311,58857,cz2,cz2
r0017312,58858,cz2,cz2
r0017313,58860,cz2,cz2
r0017314,58862,cz2,cz2
r0017315,58864,cz2,cz2
r0017316,58865,cz2,cz2
r0017317,58867,cz2,cz2
r0017318,58869,cz2,cz2
r0017319,58870,cz2,cz2
r0017320,58872,cz2,cz2
r0017321,58874,cz2,cz2
r0017322,58875,cz2,cz2
r0017323,58877,cz2,cz2
r0017324,58879,cz2,cz2
r0017325,58880,cz2,cz2
r0017326,58882,cz2,cz2
r0017327,58884,cz2,cz2
r0017328,58886,cz2,cz2
r0017329,58887,cz2,cz2
r0017330,58889,cz2,cz2
r0017331,58891,cz2,cz2
r0017332,58892,cz2,cz2
r0017333,58894,cz2,cz2
r0017334,58896,cz2,cz2
r0017335,58897,cz2,cz2
r0017336,58899,cz2,cz2
r0017337,58901,cz2,cz2
r0017338,58903,cz2,cz2
r0017339,58904,cz2,cz2
r0017340,58906,cz2,cz2
r0017341,58908,cz2,cz2
r0017342,58909,cz2,cz2
r0017343,58911,cz2,cz2
r0017344,58913,cz2,cz2
r0017345,58914,cz2,cz2
r0017346,58916,cz2,cz2
r0017347,58918,cz2,cz2
r0017348,58919,cz2,cz2
r0017349,58921,cz2,cz2
r0017350,58923,cz2,cz2
r0017351,58925,cz2,cz2
r0017352,58926,cz2,cz2
r0017353,58928,cz2,cz2
r0017354,58930,cz2,cz2
r0017355,58931,cz2,cz2
r0017356,58933,cz2,cz2
r0017357,58935,cz2,cz2
r0017358,58936,cz2,cz2
r0017359,58938,cz2,cz2
r0017360,58940,cz2,cz2
r0017361,58941,cz2,cz2
r0017362,58943,cz2,cz2
r0017363,58945,cz2,cz2
r0017364,58947,cz2,cz2
r0017365,58948,cz2,cz2
r0017366,58950,cz2,cz2
r0017367,58952,cz2,cz2
r0017368,58953,cz2,cz2
r0017369,58955,cz2,cz2
r0017370,58957,cz2,cz2
r0017371,58958,cz2,cz2
r0017372,58960,cz2,cz2
r0017373,58962,cz2,cz2
r0017374,58963,cz2,cz2
r0017375,58965,cz2,cz2
r0017376,58967,cz2,cz2
r0017377,58969,cz2,cz2
r0017378,58970,cz2,cz2
r0017379,58972,cz2,cz2
r0017380,58974,cz2,cz2
r0017381,58975,cz2,cz2
r0017382,58977,cz2,cz2
r0017383,58979,cz2,cz2
r0017384,58980,cz2,cz2
r0017385,58982,cz2,cz2
r0017386,58984,cz2,cz2
r0017387,58985,cz2,cz2
r0017388,58987,cz2,cz2
r0017389,58989,cz2,cz2
r0017390,58991,cz2,cz2
r0017391,58992,cz2,cz2
r0017392,58994,cz2,cz2
r0017393,58996,cz2,cz2
r0017394,58997,cz2,cz2
r0017395,58999,cz2,cz2
r0017396,59001,cz2,cz2
r0017397,59002,cz2,cz2
r0017398,59004,cz2,cz2
r0017399,59006,cz2,cz2
r0017400,59007,cz2,cz2
r0017401,59009,cz2,cz2
r0017402,59011,cz2,cz2
r0017403,59013,cz2,cz2
r0017404,59014,cz2,cz2
r0017405,59016,cz2,cz2
r0017406,59018,cz2,cz2
r0017407,59019,cz2,cz2
r0017408,59021,cz2,cz2
r0017409,59023,cz2,cz2
r0017410,59024,cz2,cz2
r0017411,59026,cz2,cz2
r0017412,59028,cz2,cz2
r0017413,59030,cz2,cz2
r0017414,59031,cz2,cz2
r0017415,59033,cz2,cz2
r0017416,59035,cz2,cz2
r0017417,59036,cz2,cz2
r0017418,59038,cz2,cz2
r0017419,59040,cz2,cz2
r0017420,59041,cz2,cz2
r0017421,59043,cz2,cz2
r0017422,59045,cz2,cz2
r0017423,59046,cz2,cz2
r0017424,59048,cz2,cz2
r0017425,59050,cz2,cz2
r0017426,59052,cz2,cz2
r0017427,59053,cz2,cz2
r0017428,59055,cz2,cz2
r0017429,59057,cz2,cz2
r0017430,59058,cz2,cz3
r0017431,59060,cz2,cz3
r0017432,59062,cz2,cz3
r0017433,59063,cz2,cz3
r0017434,59065,cz2,cz3
r0017435,59067,cz2,cz3
r0017436,59068,cz2,cz3
r0017437,59070,cz2,cz3
r0017438,59072,cz2,cz3
r0017439,59074,cz2,cz3
r0017440,59075,cz2,cz3
r0017441,59077,cz2,cz3
r0017442,59079,cz2,cz3
r0017443,59080,cz2,cz3
r0017444,59082,cz2,cz3
r0017445,59084,cz2,cz3
r0017446,59085,cz2,cz3
r0017447,59087,cz2,cz3
r0017448,59089,cz2,cz3
r0017449,59090,cz2,cz3
r0017450,59092,cz2,cz3
r0017451,59094,cz2,cz3
r0017452,59096,cz2,cz3
r0017453,59097,cz2,cz3
r0017454,59099,cz2,cz3
r0017455,59101,cz2,cz3
r0017456,59102,cz2,cz3
r0017457,59104,cz2,cz3
r0017458,59106,cz2,cz3
r0017459,59107,cz2,cz3
r0017460,59109,cz2,cz3
r0017461,59111,cz2,cz3
r0017462,59112,cz2,cz3
r0017463,59114,cz2,cz3
r0017464,59116,cz2,cz3
r0017465,59118,cz2,cz3
r0017466,59119,cz2,cz3
r0017467,59121,cz2,cz3
r0017468,59123,cz2,cz3
r0017469,59124,cz2,cz3
r0017470,59126,cz2,cz3
r0017471,59128,cz2,cz3
r0017472,59129,cz2,cz3
r0017473,59131,cz2,cz3
r0017474,59133,cz2,cz3
r0017475,59134,cz2,cz3
r0017476,59136,cz2,cz3
r0017477,59138,cz2,cz3
r0017478,59140,cz2,cz3
r0017479,59141,cz2,cz3
r0017480,59143,cz2,cz3
r0017481,59145,cz2,cz3
r0017482,59146,cz2,cz3
r0017483,59148,cz2,cz3
r0017484,59150,cz2,cz3
r0017485,59151,cz2,cz3
r0017486,59153,cz2,cz3
r0017487,59155,cz2,cz3
r0017488,59157,cz2,cz3
r0017489,59158,cz2,cz3
r0017490,59160,cz2,cz3
r0017491,59162,cz2,cz3
r0017492,59163,cz2,cz3
r0017493,59165,cz2,cz3
r0017494,59167,cz2,cz3
r0017495,59168,cz2,cz3
r0017496,59170,cz2,cz3
r0017497,59172,cz2,cz3
r0017498,59173,cz2,cz3
r0017499,59175,cz2,cz3
r0017500,59177,cz2,cz3
r0017501,59179,cz2,cz3
r0017502,59180,cz2,cz3
r0017503,59182,cz2,cz3
r0017504,59184,cz2,cz3
r0017505,59185,cz2,cz3
r0017506,59187,cz2,cz3
r0017507,59189,cz2,cz3
r0017508,59190,cz2,cz3
r0017509,59192,cz2,cz3
r0017510,59194,cz2,cz3
r0017511,59195,cz2,cz3
r0017512,59197,cz2,cz3
r0017513,59199,cz2,cz3
r0017514,59201,cz2,cz3
r0017515,59202,cz2,cz3
r0017516,59204,cz2,cz3
r0017517,59206,cz2,cz3
r0017518,59207,cz2,cz3
r0017519,59209,cz2,cz3
r0017520,59211,cz2,cz3
r0017521,59212,cz2,cz3
r0017522,59214,cz2,cz3
r0017523,59216,cz2,cz3
r0017524,59217,cz2,cz3
r0017525,59219,cz2,cz3
r0017526,59221,cz2,cz3
r0017527,59223,cz2,cz3
r0017528,59224,cz2,cz3
r0017529,59226,cz2,cz3
r0017530,59228,cz2,cz3
r0017531,59229,cz2,cz3
r0017532,59231,cz2,cz3
r0017533,59233,cz2,cz3
r0017534,59234,cz2,cz3
r0017535,59236,cz2,cz3
r0017536,59238,cz2,cz3
r0017537,59239,cz2,cz3
r0017538,59241,cz2,cz3
r0017539,59243,cz2,cz3
r0017540,59245,cz2,cz3
r0017541,59246,cz2,cz3
r0017542,59248,cz2,cz3
r0017543,59250,cz2,cz3
r0017544,59251,cz2,cz3
r0017545,59253,cz2,cz3
r0017546,59255,cz2,cz3
r0017547,59256,cz2,cz3
r0017548,59258,cz2,cz3
r0017549,59260,cz2,cz3
r0017550,59261,cz2,cz3
r0017551,59263,cz2,cz3
r0017552,59265,cz2,cz3
r0017553,59267,cz2,cz3
r0017554,59268,cz2,cz3
r0017555,59270,cz2,cz3
r0017556,59272,cz2,cz3
r0017557,59273,cz2,cz3
r0017558,59275,cz2,cz4
r0017559,59277,cz2,cz4
r0017560,59278,cz2,cz4
r0017561,59280,cz2,cz4
r0017562,59282,cz2,cz4
r0017563,59284,cz2,cz4
r0017564,59285,cz2,cz4
r0017565,59287,cz2,cz4
r0017566,59289,cz2,cz4
r0017567,59290,cz2,cz4
r0017568,59292,cz2,cz4
r0017569,59294,cz2,cz4
r0017570,59295,cz2,cz4
r0017571,59297,cz2,cz4
r0017572,59299,cz2,cz4
r0017573,59300,cz2,cz4
r0017574,59302,cz2,cz4
r0017575,59304,cz2,cz4
r0017576,59306,cz2,cz4
r0017577,59307,cz2,cz4
r0017578,59309,cz2,cz4
r0017579,59311,cz2,cz4
r0017580,59312,cz2,cz4
r0017581,59314,cz2,cz4
r0017582,59316,cz2,cz4
r0017583,59317,cz2,cz4
r0017584,59319,cz2,cz4
r0017585,59321,cz2,cz4
r0017586,59322,cz2,cz4
r0017587,59324,cz2,cz4
r0017588,59326,cz2,cz4
r0017589,59328,cz2,cz4
r0017590,59329,cz2,cz4
r0017591,59331,cz2,cz4
r0017592,59333,cz2,cz4
r0017593,59334,cz2,cz4
r0017594,59336,cz2,cz4
r0017595,59338,cz2,cz4
r0017596,59339,cz2,cz4
r0017597,59341,cz2,cz4
r0017598,59343,cz2,cz4
r0017599,59344,cz2,cz4
r0017600,59346,cz2,cz4
r0017601,59348,cz2,cz4
r0017602,59350,cz2,cz4
r0017603,59351,cz2,cz4
r0017604,59353,cz2,cz4
r0017605,59355,cz2,cz4
r0017606,59356,cz2,cz4
r0017607,59358,cz2,cz4
r0017608,59360,cz2,cz4
r0017609,59361,cz2,cz4
r0017610,59363,cz2,cz4
r0017611,59365,cz2,cz4
r0017612,59366,cz2,cz4
r0017613,59368,cz2,cz4
r0017614,59370,cz2,cz4
r0017615,59372,cz2,cz4
r0017616,59373,cz2,cz4
r0017617,59375,cz2,cz4
r0017618,59377,cz2,cz4
r0017619,59378,cz2,cz4
r0017620,59380,cz2,cz4
r0017621,59382,cz2,cz4
r0017622,59383,cz2,cz4
r0017623,59385,cz2,cz4
r0017624,59387,cz2,cz4
r0017625,59388,cz2,cz4
r0017626,59390,cz2,cz4
r0017627,59392,cz2,cz4
r0017628,59394,cz2,cz4
r0017629,59395,cz2,cz4
r0017630,59397,cz2,cz4
r0017631,59399,cz2,cz4
r0017632,59400,cz2,cz4
r0017633,59402,cz2,cz4
r0017634,59404,cz2,cz4
r0017635,59405,cz2,cz4
r0017636,59407,cz2,cz4
r0017637,59409,cz2,cz4
r0017638,59411,cz2,cz4
r0017639,59412,cz2,cz4
r0017640,59414,cz2,cz4
r0017641,59416,cz2,cz4
r0017642,59417,cz2,cz4
r0017643,59419,cz2,cz4
r0017644,59421,cz2,cz4
r0017645,59422,cz2,cz4
r0017646,59424,cz2,cz4
r0017647,59426,cz2,cz4
r0017648,59427,cz2,cz4
r0017649,59429,cz2,cz4
r0017650,59431,cz2,cz4
r0017651,59433,cz3,cz1
r0017652,59434,cz3,cz1
r0017653,59436,cz3,cz1
r0017654,59438,cz3,cz1
r0017655,59439,cz3,cz1
r0017656,59441,cz3,cz1
r0017657,59443,cz3,cz1
r0017658,59444,cz3,cz1
r0017659,59446,cz3,cz1
r0017660,59448,cz3,cz1
r0017661,59449,cz3,cz1
r0017662,59451,cz3,cz1
r0017663,59453,cz3,cz1
r0017664,59455,cz3,cz1
r0017665,59456,cz3,cz1
r0017666,59458,cz3,cz1
r0017667,59460,cz3,cz1
r0017668,59461,cz3,cz1
r0017669,59463,cz3,cz1
r0017670,59465,cz3,cz1
r0017671,59466,cz3,cz1
r0017672,59468,cz3,cz1
r0017673,59470,cz3,cz1
r0017674,59471,cz3,cz1
r0017675,59473,cz3,cz1
r0017676,59475,cz3,cz1
r0017677,59477,cz3,cz1
r0017678,59478,cz3,cz1
r0017679,59480,cz3,cz1
r0017680,59482,cz3,cz1
r0017681,59483,cz3,cz1
r0017682,59485,cz3,cz1
r0017683,59487,cz3,cz1
r0017684,59488,cz3,cz1
r0017685,59490,cz3,cz1
r0017686,59492,cz3,cz1
r0017687,59493,cz3,cz1
r0017688,59495,cz3,cz1
r0017689,59497,cz3,cz1
r0017690,59499,cz3,cz1
r0017691,59500,cz3,cz1
r0017692,59502,cz3,cz1
r0017693,59504,cz3,cz1
r0017694,59505,cz3,cz1
r0017695,59507,cz3,cz1
r0017696,59509,cz3,cz1
r0017697,59510,cz3,cz1
r0017698,59512,cz3,cz1
r0017699,59514,cz3,cz1
r0017700,59515,cz3,cz1
r0017701,59517,cz3,cz1
r0017702,59519,cz3,cz1
r0017703,59521,cz3,cz1
r0017704,59522,cz3,cz1
r0017705,59524,cz3,cz1
r0017706,59526,cz3,cz1
r0017707,59527,cz3,cz1
r0017708,59529,cz3,cz1
r0017709,59531,cz3,cz1
r0017710,59532,cz3,cz1
r0017711,59534,cz3,cz1
r0017712,59536,cz3,cz1
r0017713,59538,cz3,cz1
r0017714,59539,cz3,cz1
r0017715,59541,cz3,cz1
r0017716,59543,cz3,cz1
r0017717,59544,cz3,cz1
r0017718,59546,cz3,cz1
r0017719,59548,cz3,cz1
r0017720,59549,cz3,cz1
r0017721,59551,cz3,cz1
r0017722,59553,cz3,cz1
r0017723,59554,cz3,cz1
r0017724,59556,cz3,cz1
r0017725,59558,cz3,cz1
r0017726,59560,cz3,cz1
r0017727,59561,cz3,cz1
r0017728,59563,cz3,cz1
r0017729,59565,cz3,cz1
r0017730,59566,cz3,cz1
r0017731,59568,cz3,cz1
r0017732,59570,cz3,cz1
r0017733,59571,cz3,cz1
r0017734,59573,cz3,cz1
r0017735,59575,cz3,cz1
r0017736,59576,cz3,cz1
r0017737,59578,cz3,cz1
r0017738,59580,cz3,cz1
r0017739,59582,cz3,cz1
r0017740,59583,cz3,cz1
r0017741,59585,cz3,cz1
r0017742,59587,cz3,cz1
r0017743,59588,cz3,cz1
r0017744,59590,cz3,cz1
r0017745,59592,cz3,cz1
r0017746,59593,cz3,cz1
r0017747,59595,cz3,cz1
r0017748,59597,cz3,cz1
r0017749,59598,cz3,cz1
r0017750,59600,cz3,cz1
r0017751,59602,cz3,cz1
r0017752,59604,cz3,cz1
r0017753,59605,cz3,cz1
r0017754,59607,cz3,cz1
r0017755,59609,cz3,cz1
r0017756,59610,cz3,cz1
r0017757,59612,cz3,cz1
r0017758,59614,cz3,cz1
r0017759,59615,cz3,cz1
r0017760,59617,cz3,cz1
r0017761,59619,cz3,cz1
r0017762,59620,cz3,cz1
r0017763,59622,cz3,cz1
r0017764,59624,cz3,cz1
r0017765,59626,cz3,cz1
r0017766,59627,cz3,cz1
r0017767,59629,cz3,cz1
r0017768,59631,cz3,cz1
r0017769,59632,cz3,cz1
r0017770,59634,cz3,cz1
r0017771,59636,cz3,cz1
r0017772,59637,cz3,cz1
r0017773,59639,cz3,cz1
r0017774,59641,cz3,cz1
r0017775,59642,cz3,cz1
r0017776,59644,cz3,cz1
r0017777,59646,cz3,cz1
r0017778,59648,cz3,cz1
r0017779,59649,cz3,cz1
r0017780,59651,cz3,cz1
r0017781,59653,cz3,cz1
r0017782,59654,cz3,cz1
r0017783,59656,cz3,cz1
r0017784,59658,cz3,cz1
r0017785,59659,cz3,cz1
r0017786,59661,cz3,cz1
r0017787,59663,cz3,cz1
r0017788,59665,cz3,cz1
r0017789,59666,cz3,cz1
r0017790,59668,cz3,cz1
r0017791,59670,cz3,cz1
r0017792,59671,cz3,cz1
r0017793,59673,cz3,cz1
r0017794,59675,cz3,cz1
r0017795,59676,cz3,cz1
r0017796,59678,cz3,cz1
r0017797,59680,cz3,cz1
r0017798,59681,cz3,cz1
r0017799,59683,cz3,cz1
r0017800,59685,cz3,cz1
r0017801,59687,cz3,cz1
r0017802,59688,cz3,cz1
r0017803,59690,cz3,cz1
r0017804,59692,cz3,cz1
r0017805,59693,cz3,cz1
r0017806,59695,cz3,cz1
r0017807,59697,cz3,cz1
r0017808,59698,cz3,cz1
r0017809,59700,cz3,cz1
r0017810,59702,cz3,cz1
r0017811,59703,cz3,cz1
r0017812,59705,cz3,cz1
r0017813,59707,cz3,cz1
r0017814,59709,cz3,cz1
r0017815,59710,cz3,cz1
r0017816,59712,cz3,cz1
r0017817,59714,cz3,cz1
r0017818,59715,cz3,cz1
r0017819,59717,cz3,cz1
r0017820,59719,cz3,cz1
r0017821,59720,cz3,cz1
r0017822,59722,cz3,cz1
r0017823,59724,cz3,cz1
r0017824,59725,cz3,cz1
r0017825,59727,cz3,cz2
r0017826,59729,cz3,cz2
r0017827,59731,cz3,cz2
r0017828,59732,cz3,cz2
r0017829,59734,cz3,cz2
r0017830,59736,cz3,cz2
r0017831,59737,cz3,cz2
r0017832,59739,cz3,cz2
r0017833,59741,cz3,cz2
r0017834,59742,cz3,cz2
r0017835,59744,cz3,cz2
r0017836,59746,cz3,cz2
r0017837,59747,cz3,cz2
r0017838,59749,cz3,cz2
r0017839,59751,cz3,cz2
r0017840,59753,cz3,cz2
r0017841,59754,cz3,cz2
r0017842,59756,cz3,cz2
r0017843,59758,cz3,cz2
r0017844,59759,cz3,cz2
r0017845,59761,cz3,cz2
r0017846,59763,cz3,cz2
r0017847,59764,cz3,cz2
r0017848,59766,cz3,cz2
r0017849,59768,cz3,cz2
r0017850,59769,cz3,cz2
r0017851,59771,cz3,cz2
r0017852,59773,cz3,cz2
r0017853,59775,cz3,cz2
r0017854,59776,cz3,cz2
r0017855,59778,cz3,cz2
r0017856,59780,cz3,cz2
r0017857,59781,cz3,cz2
r0017858,59783,cz3,cz2
r0017859,59785,cz3,cz2
r0017860,59786,cz3,cz2
r0017861,59788,cz3,cz2
r0017862,59790,cz3,cz2
r0017863,59792,cz3,cz2
r0017864,59793,cz3,cz2
r0017865,59795,cz3,cz2
r0017866,59797,cz3,cz2
r0017867,59798,cz3,cz2
r0017868,59800,cz3,cz2
r0017869,59802,cz3,cz2
r0017870,59803,cz3,cz2
r0017871,59805,cz3,cz2
r0017872,59807,cz3,cz2
r0017873,59808,cz3,cz2
r0017874,59810,cz3,cz2
r0017875,59812,cz3,cz2
r0017876,59814,cz3,cz2
r0017877,59815,cz3,cz2
r0017878,59817,cz3,cz2
r0017879,59819,cz3,cz2
r0017880,59820,cz3,cz2
r0017881,59822,cz3,cz2
r0017882,59824,cz3,cz2
r0017883,59825,cz3,cz2
r0017884,59827,cz3,cz2
r0017885,59829,cz3,cz2
r0017886,59830,cz3,cz2
r0017887,59832,cz3,cz2
r0017888,59834,cz3,cz2
r0017889,59836,cz3,cz2
r0017890,59837,cz3,cz2
r0017891,59839,cz3,cz2
r0017892,59841,cz3,cz2
r0017893,59842,cz3,cz2
r0017894,59844,cz3,cz2
r0017895,59846,cz3,cz2
r0017896,59847,cz3,cz2
r0017897,59849,cz3,cz2
r0017898,59851,cz3,cz2
r0017899,59852,cz3,cz2
r0017900,59854,cz3,cz2
r0017901,59856,cz3,cz2
r0017902,59858,cz3,cz2
r0017903,59859,cz3,cz2
r0017904,59861,cz3,cz2
r0017905,59863,cz3,cz2
r0017906,59864,cz3,cz2
r0017907,59866,cz3,cz2
r0017908,59868,cz3,cz2
r0017909,59869,cz3,cz2
r0017910,59871,cz3,cz2
r0017911,59873,cz3,cz2
r0017912,59874,cz3,cz2
r0017913,59876,cz3,cz2
r0017914,59878,cz3,cz2
r0017915,59880,cz3,cz2
r0017916,59881,cz3,cz2
r0017917,59883,cz3,cz2
r0017918,59885,cz3,cz2
r0017919,59886,cz3,cz2
r0017920,59888,cz3,cz2
r0017921,59890,cz3,cz2
r0017922,59891,cz3,cz2
r0017923,59893,cz3,cz2
r0017924,59895,cz3,cz2
r0017925,59896,cz3,cz2
r0017926,59898,cz3,cz2
r0017927,59900,cz3,cz2
r0017928,59902,cz3,cz2
r0017929,59903,cz3,cz2
r0017930,59905,cz3,cz2
r0017931,59907,cz3,cz2
r0017932,59908,cz3,cz2
r0017933,59910,cz3,cz2
r0017934,59912,cz3,cz2
r0017935,59913,cz3,cz2
r0017936,59915,cz3,cz2
r0017937,59917,cz3,cz2
r0017938,59919,cz3,cz2
r0017939,59920,cz3,cz2
r0017940,59922,cz3,cz2
r0017941,59924,cz3,cz2
r0017942,59925,cz3,cz2
r0017943,59927,cz3,cz2
r0017944,59929,cz3,cz2
r0017945,59930,cz3,cz2
r0017946,59932,cz3,cz2
r0017947,59934,cz3,cz2
r0017948,59935,cz3,cz2
r0017949,59937,cz3,cz3
r0017950,59939,cz3,cz3
r0017951,59941,cz3,cz3
r0017952,59942,cz3,cz3
r0017953,59944,cz3,cz3
r0017954,59946,cz3,cz3
r0017955,59947,cz3,cz3
r0017956,59949,cz3,cz3
r0017957,59951,cz3,cz3
r0017958,59952,cz3,cz3
r0017959,59954,cz3,cz3
r0017960,59956,cz3,cz3
r0017961,59957,cz3,cz3
r0017962,59959,cz3,cz3
r0017963,59961,cz3,cz3
r0017964,59963,cz3,cz3
r0017965,59964,cz3,cz3
r0017966,59966,cz3,cz3
r0017967,59968,cz3,cz3
r0017968,59969,cz3,cz3
r0017969,59971,cz3,cz3
r0017970,59973,cz3,cz3
r0017971,59974,cz3,cz3
r0017972,59976,cz3,cz3
r0017973,59978,cz3,cz3
r0017974,59979,cz3,cz3
r0017975,59981,cz3,cz3
r0017976,59983,cz3,cz3
r0017977,59985,cz3,cz3
r0017978,59986,cz3,cz3
r0017979,59988,cz3,cz3
r0017980,59990,cz3,cz3
r0017981,59991,cz3,cz3
r0017982,59993,cz3,cz3
r0017983,59995,cz3,cz3
r0017984,59996,cz3,cz3
r0017985,59998,cz3,cz3
r0017986,60000,cz3,cz3
r0017987,60001,cz3,cz3
r0017988,60003,cz3,cz3
r0017989,60005,cz3,cz3
r0017990,60007,cz3,cz3
r0017991,60008,cz3,cz3
r0017992,60010,cz3,cz3
r0017993,60012,cz3,cz3
r0017994,60013,cz3,cz3
r0017995,60015,cz3,cz3
r0017996,60017,cz3,cz3
r0017997,60018,cz3,cz3
r0017998,60020,cz3,cz3
r0017999,60022,cz3,cz3
r0018000,60023,cz3,cz3
r0018001,60025,cz3,cz3
r0018002,60027,cz3,cz3
r0018003,60029,cz3,cz3
r0018004,60030,cz3,cz3
r0018005,60032,cz3,cz3
r0018006,60034,cz3,cz3
r0018007,60035,cz3,cz3
r0018008,60037,cz3,cz3
r0018009,60039,cz3,cz3
r0018010,60040,cz3,cz3
r0018011,60042,cz3,cz3
r0018012,60044,cz3,cz3
r0018013,60046,cz3,cz3
r0018014,60047,cz3,cz3
r0018015,60049,cz3,cz3
r0018016,60051,cz3,cz3
r0018017,60052,cz3,cz3
r0018018,60054,cz3,cz3
r0018019,60056,cz3,cz3
r0018020,60057,cz3,cz3
r0018021,60059,cz3,cz3
r0018022,60061,cz3,cz3
r0018023,60062,cz3,cz3
r0018024,60064,cz3,cz3
r0018025,60066,cz3,cz3
r0018026,60068,cz3,cz3
r0018027,60069,cz3,cz3
r0018028,60071,cz3,cz3
r0018029,60073,cz3,cz3
r0018030,60074,cz3,cz3
r0018031,60076,cz3,cz3
r0018032,60078,cz3,cz3
r0018033,60079,cz3,cz3
r0018034,60081,cz3,cz3
r0018035,60083,cz3,cz3
r0018036,60084,cz3,cz3
r0018037,60086,cz3,cz3
r0018038,60088,cz3,cz3
r0018039,60090,cz3,cz3
r0018040,60091,cz3,cz3
r0018041,60093,cz3,cz3
r0018042,60095,cz3,cz3
r0018043,60096,cz3,cz3
r0018044,60098,cz3,cz3
r0018045,60100,cz3,cz3
r0018046,60101,cz3,cz3
r0018047,60103,cz3,cz3
r0018048,60105,cz3,cz3
r0018049,60106,cz3,cz3
r0018050,60108,cz3,cz3
r0018051,60110,cz3,cz3
r0018052,60112,cz3,cz3
r0018053,60113,cz3,cz3
r0018054,60115,cz3,cz3
r0018055,60117,cz3,cz3
r0018056,60118,cz3,cz3
r0018057,60120,cz3,cz3
r0018058,60122,cz3,cz3
r0018059,60123,cz3,cz3
r0018060,60125,cz3,cz3
r0018061,60127,cz3,cz3
r0018062,60128,cz3,cz3
r0018063,60130,cz3,cz3
r0018064,60132,cz3,cz3
r0018065,60134,cz3,cz3
r0018066,60135,cz3,cz3
r0018067,60137,cz3,cz3
r0018068,60139,cz3,cz3
r0018069,60140,cz3,cz3
r0018070,60142,cz3,cz3
r0018071,60144,cz3,cz3
r0018072,60145,cz3,cz3
r0018073,60147,cz3,cz3
r0018074,60149,cz3,cz3
r0018075,60150,cz3,cz3
r0018076,60152,cz3,cz3
r0018077,60154,cz3,cz3
r0018078,60156,cz3,cz3
r0018079,60157,cz3,cz3
r0018080,60159,cz3,cz3
r0018081,60161,cz3,cz3
r0018082,60162,cz3,cz3
r0018083,60164,cz3,cz3
r0018084,60166,cz3,cz3
r0018085,60167,cz3,cz3
r0018086,60169,cz3,cz3
r0018087,60171,cz3,cz3
r0018088,60173,cz3,cz3
r0018089,60174,cz3,cz3
r0018090,60176,cz3,cz3
r0018091,60178,cz3,cz3
r0018092,60179,cz3,cz3
r0018093,60181,cz3,cz3
r0018094,60183,cz3,cz3
r0018095,60184,cz3,cz3
r0018096,60186,cz3,cz3
r0018097,60188,cz3,cz3
r0018098,60189,cz3,cz3
r0018099,60191,cz3,cz3
r0018100,60193,cz3,cz3
r0018101,60195,cz3,cz3
r0018102,60196,cz3,cz3
r0018103,60198,cz3,cz3
r0018104,60200,cz3,cz3
r0018105,60201,cz3,cz3
r0018106,60203,cz3,cz3
r0018107,60205,cz3,cz3
r0018108,60206,cz3,cz3
r0018109,60208,cz3,cz3
r0018110,60210,cz3,cz3
r0018111,60211,cz3,cz3
r0018112,60213,cz3,cz3
r0018113,60215,cz3,cz3
r0018114,60217,cz3,cz3
r0018115,60218,cz3,cz3
r0018116,60220,cz3,cz3
r0018117,60222,cz3,cz3
r0018118,60223,cz3,cz3
r0018119,60225,cz3,cz3
r0018120,60227,cz3,cz3
r0018121,60228,cz3,cz3
r0018122,60230,cz3,cz3
r0018123,60232,cz3,cz3
r0018124,60233,cz3,cz3
r0018125,60235,cz3,cz3
r0018126,60237,cz3,cz3
r0018127,60239,cz3,cz3
r0018128,60240,cz3,cz3
r0018129,60242,cz3,cz3
r0018130,60244,cz3,cz3
r0018131,60245,cz3,cz3
r0018132,60247,cz3,cz3
r0018133,60249,cz3,cz3
r0018134,60250,cz3,cz3
r0018135,60252,cz3,cz3
r0018136,60254,cz3,cz4
r0018137,60255,cz3,cz4
r0018138,60257,cz3,cz4
r0018139,60259,cz3,cz4
r0018140,60261,cz3,cz4
r0018141,60262,cz3,cz4
r0018142,60264,cz3,cz4
r0018143,60266,cz3,cz4
r0018144,60267,cz3,cz4
r0018145,60269,cz3,cz4
r0018146,60271,cz3,cz4
r0018147,60272,cz3,cz4
r0018148,60274,cz3,cz4
r0018149,60276,cz3,cz4
r0018150,60277,cz3,cz4
r0018151,60279,cz3,cz4
r0018152,60281,cz3,cz4
r0018153,60283,cz3,cz4
r0018154,60284,cz3,cz4
r0018155,60286,cz3,cz4
r0018156,60288,cz3,cz4
r0018157,60289,cz3,cz4
r0018158,60291,cz3,cz4
r0018159,60293,cz3,cz4
r0018160,60294,cz3,cz4
r0018161,60296,cz3,cz4
r0018162,60298,cz3,cz4
r0018163,60300,cz3,cz4
r0018164,60301,cz3,cz4
r0018165,60303,cz3,cz4
r0018166,60305,cz3,cz4
r0018167,60306,cz3,cz4
r0018168,60308,cz3,cz4
r0018169,60310,cz3,cz4
r0018170,60311,cz3,cz4
r0018171,60313,cz3,cz4
r0018172,60315,cz3,cz4
r0018173,60316,cz3,cz4
r0018174,60318,cz3,cz4
r0018175,60320,cz3,cz4
r0018176,60322,cz3,cz4
r0018177,60323,cz3,cz4
r0018178,60325,cz3,cz4
r0018179,60327,cz3,cz4
r0018180,60328,cz3,cz4
r0018181,60330,cz3,cz4
r0018182,60332,cz3,cz4
r0018183,60333,cz3,cz4
r0018184,60335,cz3,cz4
r0018185,60337,cz3,cz4
r0018186,60338,cz3,cz4
r0018187,60340,cz3,cz4
r0018188,60342,cz3,cz4
r0018189,60344,cz3,cz4
r0018190,60345,cz3,cz4
r0018191,60347,cz3,cz4
r0018192,60349,cz3,cz4
r0018193,60350,cz3,cz4
r0018194,60352,cz3,cz4
r0018195,60354,cz3,cz4
r0018196,60355,cz3,cz4
r0018197,60357,cz3,cz4
r0018198,60359,cz3,cz4
r0018199,60360,cz3,cz4
r0018200,60362,cz3,cz4
r0018201,60364,cz3,cz4
r0018202,60366,cz3,cz4
r0018203,60367,cz3,cz4
r0018204,60369,cz3,cz4
r0018205,60371,cz3,cz4
r0018206,60372,cz3,cz4
r0018207,60374,cz3,cz4
r0018208,60376,cz3,cz4
r0018209,60377,cz3,cz4
r0018210,60379,cz3,cz4
r0018211,60381,cz3,cz4
r0018212,60382,cz3,cz4
r0018213,60384,cz3,cz4
r0018214,60386,cz3,cz4
r0018215,60388,cz3,cz4
r0018216,60389,cz3,cz4
r0018217,60391,cz3,cz4
r0018218,60393,cz3,cz4
r0018219,60394,cz3,cz4
r0018220,60396,cz3,cz4
r0018221,60398,cz3,cz4
r0018222,60399,cz3,cz4
r0018223,60401,cz3,cz4
r0018224,60403,cz3,cz4
r0018225,60404,cz3,cz4
r0018226,60406,cz3,cz4
r0018227,60408,cz3,cz4
r0018228,60410,cz3,cz4
r0018229,60411,cz3,cz4
r0018230,60413,cz3,cz4
r0018231,60415,cz3,cz4
r0018232,60416,cz3,cz4
r0018233,60418,cz3,cz4
r0018234,60420,cz3,cz4
r0018235,60421,cz3,cz4
r0018236,60423,cz3,cz4
r0018237,60425,cz3,cz4
r0018238,60426,cz3,cz4
r0018239,60428,cz3,cz4
r0018240,60430,cz3,cz4
r0018241,60432,cz3,cz4
r0018242,60433,cz3,cz4
r0018243,60435,cz3,cz4
r0018244,60437,cz3,cz4
r0018245,60438,cz3,cz4
r0018246,60440,cz3,cz4
r0018247,60442,cz3,cz4
r0018248,60443,cz3,cz4
r0018249,60445,cz3,cz4
r0018250,60447,cz3,cz4
r0018251,60449,cz3,cz4
r0018252,60450,cz3,cz4
r0018253,60452,cz3,cz4
r0018254,60454,cz3,cz4
r0018255,60455,cz3,cz4
r0018256,60457,cz3,cz4
r0018257,60459,cz3,cz4
r0018258,60460,cz3,cz4
r0018259,60462,cz3,cz4
r0018260,60464,cz3,cz4
r0018261,60465,cz4,cz1
r0018262,60467,cz4,cz1
r0018263,60469,cz4,cz1
r0018264,60471,cz4,cz1
r0018265,60472,cz4,cz1
r0018266,60474,cz4,cz1
r0018267,60476,cz4,cz1
r0018268,60477,cz4,cz1
r0018269,60479,cz4,cz1
r0018270,60481,cz4,cz1
r0018271,60482,cz4,cz1
r0018272,60484,cz4,cz1
r0018273,60486,cz4,cz1
r0018274,60487,cz4,cz1
r0018275,60489,cz4,cz1
r0018276,60491,cz4,cz1
r0018277,60493,cz4,cz1
r0018278,60494,cz4,cz1
r0018279,60496,cz4,cz1
r0018280,60498,cz4,cz1
r0018281,60499,cz4,cz1
r0018282,60501,cz4,cz1
r0018283,60503,cz4,cz1
r0018284,60504,cz4,cz1
r0018285,60506,cz4,cz1
r0018286,60508,cz4,cz1
r0018287,60509,cz4,cz1
r0018288,60511,cz4,cz1
r0018289,60513,cz4,cz1
r0018290,60515,cz4,cz1
r0018291,60516,cz4,cz1
r0018292,60518,cz4,cz1
r0018293,60520,cz4,cz1
r0018294,60521,cz4,cz1
r0018295,60523,cz4,cz1
r0018296,60525,cz4,cz1
r0018297,60526,cz4,cz1
r0018298,60528,cz4,cz1
r0018299,60530,cz4,cz1
r0018300,60531,cz4,cz1
r0018301,60533,cz4,cz1
r0018302,60535,cz4,cz1
r0018303,60537,cz4,cz1
r0018304,60538,cz4,cz1
r0018305,60540,cz4,cz1
r0018306,60542,cz4,cz1
r0018307,60543,cz4,cz1
r0018308,60545,cz4,cz1
r0018309,60547,cz4,cz1
r0018310,60548,cz4,cz1
r0018311,60550,cz4,cz1
r0018312,60552,cz4,cz1
r0018313,60553,cz4,cz1
r0018314,60555,cz4,cz1
r0018315,60557,cz4,cz1
r0018316,60559,cz4,cz1
r0018317,60560,cz4,cz1
r0018318,60562,cz4,cz1
r0018319,60564,cz4,cz1
r0018320,60565,cz4,cz1
r0018321,60567,cz4,cz1
r0018322,60569,cz4,cz1
r0018323,60570,cz4,cz1
r0018324,60572,cz4,cz1
r0018325,60574,cz4,cz1
r0018326,60576,cz4,cz1
r0018327,60577,cz4,cz1
r0018328,60579,cz4,cz1
r0018329,60581,cz4,cz1
r0018330,60582,cz4,cz1
r0018331,60584,cz4,cz1
r0018332,60586,cz4,cz1
r0018333,60587,cz4,cz1
r0018334,60589,cz4,cz1
r0018335,60591,cz4,cz1
r0018336,60592,cz4,cz1
r0018337,60594,cz4,cz1
r0018338,60596,cz4,cz1
r0018339,60598,cz4,cz1
r0018340,60599,cz4,cz1
r0018341,60601,cz4,cz1
r0018342,60603,cz4,cz1
r0018343,60604,cz4,cz1
r0018344,60606,cz4,cz1
r0018345,60608,cz4,cz1
r0018346,60609,cz4,cz1
r0018347,60611,cz4,cz1
r0018348,60613,cz4,cz1
r0018349,60614,cz4,cz1
r0018350,60616,cz4,cz1
r0018351,60618,cz4,cz1
r0018352,60620,cz4,cz1
r0018353,60621,cz4,cz1
r0018354,60623,cz4,cz1
r0018355,60625,cz4,cz1
r0018356,60626,cz4,cz1
r0018357,60628,cz4,cz1
r0018358,60630,cz4,cz1
r0018359,60631,cz4,cz1
r0018360,60633,cz4,cz1
r0018361,60635,cz4,cz1
r0018362,60636,cz4,cz1
r0018363,60638,cz4,cz1
r0018364,60640,cz4,cz1
r0018365,60642,cz4,cz1
r0018366,60643,cz4,cz1
r0018367,60645,cz4,cz1
r0018368,60647,cz4,cz1
r0018369,60648,cz4,cz1
r0018370,60650,cz4,cz1
r0018371,60652,cz4,cz1
r0018372,60653,cz4,cz1
r0018373,60655,cz4,cz1
r0018374,60657,cz4,cz1
r0018375,60658,cz4,cz1
r0018376,60660,cz4,cz1
r0018377,60662,cz4,cz1
r0018378,60664,cz4,cz1
r0018379,60665,cz4,cz1
r0018380,60667,cz4,cz1
r0018381,60669,cz4,cz1
r0018382,60670,cz4,cz1
r0018383,60672,cz4,cz1
r0018384,60674,cz4,cz2
r0018385,60675,cz4,cz2
r0018386,60677,cz4,cz2
r0018387,60679,cz4,cz2
r0018388,60680,cz4,cz2
r0018389,60682,cz4,cz2
r0018390,60684,cz4,cz2
r0018391,60686,cz4,cz2
r0018392,60687,cz4,cz2
r0018393,60689,cz4,cz2
r0018394,60691,cz4,cz2
r0018395,60692,cz4,cz2
r0018396,60694,cz4,cz2
r0018397,60696,cz4,cz2
r0018398,60697,cz4,cz2
r0018399,60699,cz4,cz2
r0018400,60701,cz4,cz2
r0018401,60703,cz4,cz2
r0018402,60704,cz4,cz2
r0018403,60706,cz4,cz2
r0018404,60708,cz4,cz2
r0018405,60709,cz4,cz2
r0018406,60711,cz4,cz2
r0018407,60713,cz4,cz2
r0018408,60714,cz4,cz2
r0018409,60716,cz4,cz2
r0018410,60718,cz4,cz2
r0018411,60719,cz4,cz2
r0018412,60721,cz4,cz2
r0018413,60723,cz4,cz2
r0018414,60725,cz4,cz2
r0018415,60726,cz4,cz2
r0018416,60728,cz4,cz2
r0018417,60730,cz4,cz2
r0018418,60731,cz4,cz2
r0018419,60733,cz4,cz2
r0018420,60735,cz4,cz2
r0018421,60736,cz4,cz2
r0018422,60738,cz4,cz2
r0018423,60740,cz4,cz2
r0018424,60741,cz4,cz2
r0018425,60743,cz4,cz2
r0018426,60745,cz4,cz2
r0018427,60747,cz4,cz2
r0018428,60748,cz4,cz2
r0018429,60750,cz4,cz2
r0018430,60752,cz4,cz2
r0018431,60753,cz4,cz2
r0018432,60755,cz4,cz2
r0018433,60757,cz4,cz2
r0018434,60758,cz4,cz2
r0018435,60760,cz4,cz2
r0018436,60762,cz4,cz2
r0018437,60763,cz4,cz2
r0018438,60765,cz4,cz2
r0018439,60767,cz4,cz2
r0018440,60769,cz4,cz2
r0018441,60770,cz4,cz2
r0018442,60772,cz4,cz2
r0018443,60774,cz4,cz2
r0018444,60775,cz4,cz2
r0018445,60777,cz4,cz2
r0018446,60779,cz4,cz2
r0018447,60780,cz4,cz2
r0018448,60782,cz4,cz2
r0018449,60784,cz4,cz2
r0018450,60785,cz4,cz2
r0018451,60787,cz4,cz2
r0018452,60789,cz4,cz2
r0018453,60791,cz4,cz2
r0018454,60792,cz4,cz2
r0018455,60794,cz4,cz2
r0018456,60796,cz4,cz2
r0018457,60797,cz4,cz2
r0018458,60799,cz4,cz2
r0018459,60801,cz4,cz2
r0018460,60802,cz4,cz2
r0018461,60804,cz4,cz2
r0018462,60806,cz4,cz2
r0018463,60807,cz4,cz2
r0018464,60809,cz4,cz2
r0018465,60811,cz4,cz2
r0018466,60813,cz4,cz2
r0018467,60814,cz4,cz2
r0018468,60816,cz4,cz2
r0018469,60818,cz4,cz2
r0018470,60819,cz4,cz2
r0018471,60821,cz4,cz2
r0018472,60823,cz4,cz2
r0018473,60824,cz4,cz2
r0018474,60826,cz4,cz2
r0018475,60828,cz4,cz2
r0018476,60830,cz4,cz2
r0018477,60831,cz4,cz3
r0018478,60833,cz4,cz3
r0018479,60835,cz4,cz3
r0018480,60836,cz4,cz3
r0018481,60838,cz4,cz3
r0018482,60840,cz4,cz3
r0018483,60841,cz4,cz3
r0018484,60843,cz4,cz3
r0018485,60845,cz4,cz3
r0018486,60846,cz4,cz3
r0018487,60848,cz4,cz3
r0018488,60850,cz4,cz3
r0018489,60852,cz4,cz3
r0018490,60853,cz4,cz3
r0018491,60855,cz4,cz3
r0018492,60857,cz4,cz3
r0018493,60858,cz4,cz3
r0018494,60860,cz4,cz3
r0018495,60862,cz4,cz3
r0018496,60863,cz4,cz3
r0018497,60865,cz4,cz3
r0018498,60867,cz4,cz3
r0018499,60868,cz4,cz3
r0018500,60870,cz4,cz3
r0018501,60872,cz4,cz3
r0018502,60874,cz4,cz3
r0018503,60875,cz4,cz3
r0018504,60877,cz4,cz3
r0018505,60879,cz4,cz3
r0018506,60880,cz4,cz3
r0018507,60882,cz4,cz3
r0018508,60884,cz4,cz3
r0018509,60885,cz4,cz3
r0018510,60887,cz4,cz3
r0018511,60889,cz4,cz3
r0018512,60890,cz4,cz3
r0018513,60892,cz4,cz3
r0018514,60894,cz4,cz3
r0018515,60896,cz4,cz3
r0018516,60897,cz4,cz3
r0018517,60899,cz4,cz3
r0018518,60901,cz4,cz3
r0018519,60902,cz4,cz3
r0018520,60904,cz4,cz3
r0018521,60906,cz4,cz3
r0018522,60907,cz4,cz3
r0018523,60909,cz4,cz3
r0018524,60911,cz4,cz3
r0018525,60912,cz4,cz3
r0018526,60914,cz4,cz3
r0018527,60916,cz4,cz3
r0018528,60918,cz4,cz3
r0018529,60919,cz4,cz3
r0018530,60921,cz4,cz3
r0018531,60923,cz4,cz3
r0018532,60924,cz4,cz3
r0018533,60926,cz4,cz3
r0018534,60928,cz4,cz3
r0018535,60929,cz4,cz3
r0018536,60931,cz4,cz3
r0018537,60933,cz4,cz3
r0018538,60934,cz4,cz3
r0018539,60936,cz4,cz3
r0018540,60938,cz4,cz3
r0018541,60940,cz4,cz3
r0018542,60941,cz4,cz3
r0018543,60943,cz4,cz3
r0018544,60945,cz4,cz3
r0018545,60946,cz4,cz3
r0018546,60948,cz4,cz3
r0018547,60950,cz4,cz3
r0018548,60951,cz4,cz3
r0018549,60953,cz4,cz3
r0018550,60955,cz4,cz3
r0018551,60957,cz4,cz3
r0018552,60958,cz4,cz3
r0018553,60960,cz4,cz3
r0018554,60962,cz4,cz3
r0018555,60963,cz4,cz3
r0018556,60965,cz4,cz3
r0018557,60967,cz4,cz3
r0018558,60968,cz4,cz3
r0018559,60970,cz4,cz3
r0018560,60972,cz4,cz3
r0018561,60973,cz4,cz3
r0018562,60975,cz4,cz3
r0018563,60977,cz4,cz3
r0018564,60979,cz4,cz3
r0018565,60980,cz4,cz3
r0018566,60982,cz4,cz3
r0018567,60984,cz4,cz3
r0018568,60985,cz4,cz3
r0018569,60987,cz4,cz3
r0018570,60989,cz4,cz3
r0018571,60990,cz4,cz3
r0018572,60992,cz4,cz3
r0018573,60994,cz4,cz3
r0018574,60995,cz4,cz3
r0018575,60997,cz4,cz3
r0018576,60999,cz4,cz3
r0018577,61001,cz4,cz3
r0018578,61002,cz4,cz3
r0018579,61004,cz4,cz3
r0018580,61006,cz4,cz3
r0018581,61007,cz4,cz3
r0018582,61009,cz4,cz3
r0018583,61011,cz4,cz3
r0018584,61012,cz4,cz3
r0018585,61014,cz4,cz3
r0018586,61016,cz4,cz3
r0018587,61017,cz4,cz3
r0018588,61019,cz4,cz3
r0018589,61021,cz4,cz3
r0018590,61023,cz4,cz3
r0018591,61024,cz4,cz3
r0018592,61026,cz4,cz3
r0018593,61028,cz4,cz3
r0018594,61029,cz4,cz3
r0018595,61031,cz4,cz3
r0018596,61033,cz4,cz3
r0018597,61034,cz4,cz3
r0018598,61036,cz4,cz3
r0018599,61038,cz4,cz3
r0018600,61039,cz4,cz3
r0018601,61041,cz4,cz3
r0018602,61043,cz4,cz3
r0018603,61045,cz4,cz3
r0018604,61046,cz4,cz3
r0018605,61048,cz4,cz3
r0018606,61050,cz4,cz4
r0018607,61051,cz4,cz4
r0018608,61053,cz4,cz4
r0018609,61055,cz4,cz4
r0018610,61056,cz4,cz4
r0018611,61058,cz4,cz4
r0018612,61060,cz4,cz4
r0018613,61061,cz4,cz4
r0018614,61063,cz4,cz4
r0018615,61065,cz4,cz4
r0018616,61067,cz4,cz4
r0018617,61068,cz4,cz4
r0018618,61070,cz4,cz4
r0018619,61072,cz4,cz4
r0018620,61073,cz4,cz4
r0018621,61075,cz4,cz4
r0018622,61077,cz4,cz4
r0018623,61078,cz4,cz4
r0018624,61080,cz4,cz4
r0018625,61082,cz4,cz4
r0018626,61084,cz4,cz4
r0018627,61085,cz4,cz4
r0018628,61087,cz4,cz4
r0018629,61089,cz4,cz4
r0018630,61090,cz4,cz4
r0018631,61092,cz4,cz4
r0018632,61094,cz4,cz4
r0018633,61095,cz4,cz4
r0018634,61097,cz4,cz4
r0018635,61099,cz4,cz4
r0018636,61100,cz4,cz4
r0018637,61102,cz4,cz4
r0018638,61104,cz4,cz4
r0018639,61106,cz4,cz4
r0018640,61107,cz4,cz4
r0018641,61109,cz4,cz4
r0018642,61111,cz4,cz4
r0018643,61112,cz4,cz4
r0018644,61114,cz4,cz4
r0018645,61116,cz4,cz4
r0018646,61117,cz4,cz4
r0018647,61119,cz4,cz4
r0018648,61121,cz4,cz4
r0018649,61122,cz4,cz4
r0018650,61124,cz4,cz4
r0018651,61126,cz4,cz4
r0018652,61128,cz4,cz4
r0018653,61129,cz4,cz4
r0018654,61131,cz4,cz4
r0018655,61133,cz4,cz4
r0018656,61134,cz4,cz4
r0018657,61136,cz4,cz4
r0018658,61138,cz4,cz4
r0018659,61139,cz4,cz4
r0018660,61141,cz4,cz4
r0018661,61143,cz4,cz4
r0018662,61144,cz4,cz4
r0018663,61146,cz4,cz4
r0018664,61148,cz4,cz4
r0018665,61150,cz4,cz4
r0018666,61151,cz4,cz4
r0018667,61153,cz4,cz4
r0018668,61155,cz4,cz4
r0018669,61156,cz4,cz4
r0018670,61158,cz4,cz4
r0018671,61160,cz4,cz4
r0018672,61161,cz4,cz4
r0018673,61163,cz4,cz4
r0018674,61165,cz4,cz4
r0018675,61166,cz4,cz4
r0018676,61168,cz4,cz4
r0018677,61170,cz4,cz4
r0018678,61172,cz4,cz4
r0018679,61173,cz4,cz4
r0018680,61175,cz4,cz4
r0018681,61177,cz4,cz4
r0018682,61178,cz4,cz4
r0018683,61180,cz4,cz4
r0018684,61182,cz4,cz4
r0018685,61183,cz4,cz4
r0018686,61185,cz4,cz4
r0018687,61187,cz4,cz4
r0018688,61188,cz4,cz4
r0018689,61190,cz4,cz4
r0018690,61192,cz4,cz4
r0018691,61194,cz4,cz4
r0018692,61195,cz4,cz4
r0018693,61197,cz4,cz4
r0018694,61199,cz4,cz4
r0018695,61200,cz1,cz1
r0018696,61202,cz1,cz1
r0018697,61204,cz1,cz1
r0018698,61205,cz1,cz1
r0018699,61207,cz1,cz1
r0018700,61208,cz1,cz1
r0018701,61210,cz1,cz1
r0018702,61212,cz1,cz1
r0018703,61213,cz1,cz1
r0018704,61215,cz1,cz1
r0018705,61216,cz1,cz1
r0018706,61218,cz1,cz1
r0018707,61220,cz1,cz1
r0018708,61221,cz1,cz1
r0018709,61223,cz1,cz1
r0018710,61224,cz1,cz1
r0018711,61226,cz1,cz1
r0018712,61228,cz1,cz1
r0018713,61229,cz1,cz1
r0018714,61231,cz1,cz1
r0018715,61232,cz1,cz1
r0018716,61234,cz1,cz1
r0018717,61236,cz1,cz1
r0018718,61237,cz1,cz1
r0018719,61239,cz1,cz1
r0018720,61240,cz1,cz1
r0018721,61242,cz1,cz1
r0018722,61244,cz1,cz1
r0018723,61245,cz1,cz1
r0018724,61247,cz1,cz1
r0018725,61248,cz1,cz1
r0018726,61250,cz1,cz1
r0018727,61252,cz1,cz1
r0018728,61253,cz1,cz1
r0018729,61255,cz1,cz1
r0018730,61256,cz1,cz1
r0018731,61258,cz1,cz1
r0018732,61260,cz1,cz1
r0018733,61261,cz1,cz1
r0018734,61263,cz1,cz1
r0018735,61264,cz1,cz1
r0018736,61266,cz1,cz1
r0018737,61268,cz1,cz1
r0018738,61269,cz1,cz1
r0018739,61271,cz1,cz1
r0018740,61272,cz1,cz1
r0018741,61274,cz1,cz1
r0018742,61276,cz1,cz1
r0018743,61277,cz1,cz1
r0018744,61279,cz1,cz1
r0018745,61280,cz1,cz1
r0018746,61282,cz1,cz1
r0018747,61284,cz1,cz1
r0018748,61285,cz1,cz1
r0018749,61287,cz1,cz1
r0018750,61288,cz1,cz1
r0018751,61290,cz1,cz1
r0018752,61292,cz1,cz1
r0018753,61293,cz1,cz1
r0018754,61295,cz1,cz1
r0018755,61296,cz1,cz1
r0018756,61298,cz1,cz1
r0018757,61300,cz1,cz1
r0018758,61301,cz1,cz1
r0018759,61303,cz1,cz1
r0018760,61304,cz1,cz1
r0018761,61306,cz1,cz1
r0018762,61308,cz1,cz1
r0018763,61309,cz1,cz1
r0018764,61311,cz1,cz1
r0018765,61312,cz1,cz1
r0018766,61314,cz1,cz1
r0018767,61316,cz1,cz1
r0018768,61317,cz1,cz1
r0018769,61319,cz1,cz1
r0018770,61320,cz1,cz1
r0018771,61322,cz1,cz1
r0018772,61324,cz1,cz1
r0018773,61325,cz1,cz1
r0018774,61327,cz1,cz1
r0018775,61328,cz1,cz1
r0018776,61330,cz1,cz1
r0018777,61332,cz1,cz1
r0018778,61333,cz1,cz1
r0018779,61335,cz1,cz1
r0018780,61336,cz1,cz1
r0018781,61338,cz1,cz1
r0018782,61340,cz1,cz1
r0018783,61341,cz1,cz1
r0018784,61343,cz1,cz1
r0018785,61344,cz1,cz1
r0018786,61346,cz1,cz1
r0018787,61348,cz1,cz1
r0018788,61349,cz1,cz1
r0018789,61351,cz1,cz1
r0018790,61352,cz1,cz1
r0018791,61354,cz1,cz1
r0018792,61356,cz1,cz1
r0018793,61357,cz1,cz1
r0018794,61359,cz1,cz1
r0018795,61360,cz1,cz1
r0018796,61362,cz1,cz1
r0018797,61364,cz1,cz1
r0018798,61365,cz1,cz1
r0018799,61367,cz1,cz1
r0018800,61368,cz1,cz1
r0018801,61370,cz1,cz1
r0018802,61372,cz1,cz1
r0018803,61373,cz1,cz1
r0018804,61375,cz1,cz1
r0018805,61376,cz1,cz1
r0018806,61378,cz1,cz1
r0018807,61380,cz1,cz1
r0018808,61381,cz1,cz1
r0018809,61383,cz1,cz1
r0018810,61384,cz1,cz1
r0018811,61386,cz1,cz1
r0018812,61388,cz1,cz1
r0018813,61389,cz1,cz1
r0018814,61391,cz1,cz1
r0018815,61392,cz1,cz1
r0018816,61394,cz1,cz1
r0018817,61396,cz1,cz1
r0018818,61397,cz1,cz1
r0018819,61399,cz1,cz1
r0018820,61400,cz1,cz1
r0018821,61402,cz1,cz1
r0018822,61404,cz1,cz1
r0018823,61405,cz1,cz1
r0018824,61407,cz1,cz1
r0018825,61408,cz1,cz1
r0018826,61410,cz1,cz1
r0018827,61412,cz1,cz1
r0018828,61413,cz1,cz1
r0018829,61415,cz1,cz1
r0018830,61416,cz1,cz1
r0018831,61418,cz1,cz1
r0018832,61420,cz1,cz1
r0018833,61421,cz1,cz1
r0018834,61423,cz1,cz1
r0018835,61424,cz1,cz1
r0018836,61426,cz1,cz1
r0018837,61428,cz1,cz1
r0018838,61429,cz1,cz1
r0018839,61431,cz1,cz1
r0018840,61432,cz1,cz1
r0018841,61434,cz1,cz1
r0018842,61436,cz1,cz1
r0018843,61437,cz1,cz1
r0018844,61439,cz1,cz1
r0018845,61440,cz1,cz1
r0018846,61442,cz1,cz1
r0018847,61444,cz1,cz1
r0018848,61445,cz1,cz1
r0018849,61447,cz1,cz1
r0018850,61448,cz1,cz1
r0018851,61450,cz1,cz1
r0018852,61452,cz1,cz1
r0018853,61453,cz1,cz1
r0018854,61455,cz1,cz1
r0018855,61456,cz1,cz1
r0018856,61458,cz1,cz1
r0018857,61460,cz1,cz1
r0018858,61461,cz1,cz1
r0018859,61463,cz1,cz1
r0018860,61464,cz1,cz1
r0018861,61466,cz1,cz1
r0018862,61468,cz1,cz1
r0018863,61469,cz1,cz1
r0018864,61471,cz1,cz1
r0018865,61472,cz1,cz1
r0018866,61474,cz1,cz1
r0018867,61476,cz1,cz1
r0018868,61477,cz1,cz1
r0018869,61479,cz1,cz1
r0018870,61480,cz1,cz1
r0018871,61482,cz1,cz1
r0018872,61484,cz1,cz1
r0018873,61485,cz1,cz1
r0018874,61487,cz1,cz1
r0018875,61488,cz1,cz2
r0018876,61490,cz1,cz2
r0018877,61492,cz1,cz2
r0018878,61493,cz1,cz2
r0018879,61495,cz1,cz2
r0018880,61496,cz1,cz2
r0018881,61498,cz1,cz2
r0018882,61500,cz1,cz2
r0018883,61501,cz1,cz2
r0018884,61503,cz1,cz2
r0018885,61504,cz1,cz2
r0018886,61506,cz1,cz2
r0018887,61508,cz1,cz2
r0018888,61509,cz1,cz2
r0018889,61511,cz1,cz2
r0018890,61512,cz1,cz2
r0018891,61514,cz1,cz2
r0018892,61516,cz1,cz2
r0018893,61517,cz1,cz2
r0018894,61519,cz1,cz2
r0018895,61520,cz1,cz2
r0018896,61522,cz1,cz2
r0018897,61524,cz1,cz2
r0018898,61525,cz1,cz2
r0018899,61527,cz1,cz2
r0018900,61528,cz1,cz2
r0018901,61530,cz1,cz2
r0018902,61532,cz1,cz2
r0018903,61533,cz1,cz2
r0018904,61535,cz1,cz2
r0018905,61536,cz1,cz2
r0018906,61538,cz1,cz2
r0018907,61540,cz1,cz2
r0018908,61541,cz1,cz2
r0018909,61543,cz1,cz2
r0018910,61544,cz1,cz2
r0018911,61546,cz1,cz2
r0018912,61548,cz1,cz2
r0018913,61549,cz1,cz2
r0018914,61551,cz1,cz2
r0018915,61552,cz1,cz2
r0018916,61554,cz1,cz2
r0018917,61556,cz1,cz2
r0018918,61557,cz1,cz2
r0018919,61559,cz1,cz2
r0018920,61560,cz1,cz2
r0018921,61562,cz1,cz2
r0018922,61564,cz1,cz2
r0018923,61565,cz1,cz2
r0018924,61567,cz1,cz2
r0018925,61568,cz1,cz2
r0018926,61570,cz1,cz2
r0018927,61572,cz1,cz2
r0018928,61573,cz1,cz2
r0018929,61575,cz1,cz2
r0018930,61576,cz1,cz2
r0018931,61578,cz1,cz2
r0018932,61580,cz1,cz2
r0018933,61581,cz1,cz2
r0018934,61583,cz1,cz2
r0018935,61584,cz1,cz2
r0018936,61586,cz1,cz2
r0018937,61588,cz1,cz2
r0018938,61589,cz1,cz2
r0018939,61591,cz1,cz2
r0018940,61592,cz1,cz2
r0018941,61594,cz1,cz2
r0018942,61596,cz1,cz2
r0018943,61597,cz1,cz2
r0018944,61599,cz1,cz2
r0018945,61600,cz1,cz2
r0018946,61602,cz1,cz2
r0018947,61604,cz1,cz2
r0018948,61605,cz1,cz2
r0018949,61607,cz1,cz2
r0018950,61608,cz1,cz2
r0018951,61610,cz1,cz2
r0018952,61612,cz1,cz2
r0018953,61613,cz1,cz2
r0018954,61615,cz1,cz2
r0018955,61616,cz1,cz2
r0018956,61618,cz1,cz2
r0018957,61620,cz1,cz2
r0018958,61621,cz1,cz2
r0018959,61623,cz1,cz2
r0018960,61624,cz1,cz2
r0018961,61626,cz1,cz2
r0018962,61628,cz1,cz2
r0018963,61629,cz1,cz2
r0018964,61631,cz1,cz2
r0018965,61632,cz1,cz2
r0018966,61634,cz1,cz2
r0018967,61636,cz1,cz2
r0018968,61637,cz1,cz2
r0018969,61639,cz1,cz2
r0018970,61640,cz1,cz2
r0018971,61642,cz1,cz2
r0018972,61644,cz1,cz2
r0018973,61645,cz1,cz2
r0018974,61647,cz1,cz2
r0018975,61648,cz1,cz2
r0018976,61650,cz1,cz2
r0018977,61652,cz1,cz2
r0018978,61653,cz1,cz2
r0018979,61655,cz1,cz2
r0018980,61657,cz1,cz2
r0018981,61658,cz1,cz2
r0018982,61660,cz1,cz2
r0018983,61661,cz1,cz2
r0018984,61663,cz1,cz2
r0018985,61665,cz1,cz2
r0018986,61666,cz1,cz2
r0018987,61668,cz1,cz2
r0018988,61669,cz1,cz2
r0018989,61671,cz1,cz2
r0018990,61673,cz1,cz2
r0018991,61674,cz1,cz2
r0018992,61676,cz1,cz2
r0018993,61677,cz1,cz2
r0018994,61679,cz1,cz2
r0018995,61681,cz1,cz2
r0018996,61682,cz1,cz2
r0018997,61684,cz1,cz2
r0018998,61685,cz1,cz2
r0018999,61687,cz1,cz2
r0019000,61689,cz1,cz2
r0019001,61690,cz1,cz2
r0019002,61692,cz1,cz2
r0019003,61693,cz1,cz2
r0019004,61695,cz1,cz2
r0019005,61697,cz1,cz2
r0019006,61698,cz1,cz2
r0019007,61700,cz1,cz2
r0019008,61701,cz1,cz2
r0019009,61703,cz1,cz2
r0019010,61705,cz1,cz2
r0019011,61706,cz1,cz2
r0019012,61708,cz1,cz2
r0019013,61709,cz1,cz3
r0019014,61711,cz1,cz3
r0019015,61713,cz1,cz3
r0019016,61714,cz1,cz3
r0019017,61716,cz1,cz3
r0019018,61717,cz1,cz3
r0019019,61719,cz1,cz3
r0019020,61721,cz1,cz3
r0019021,61722,cz1,cz3
r0019022,61724,cz1,cz3
r0019023,61725,cz1,cz3
r0019024,61727,cz1,cz3
r0019025,61729,cz1,cz3
r0019026,61730,cz1,cz3
r0019027,61732,cz1,cz3
r0019028,61733,cz1,cz3
r0019029,61735,cz1,cz3
r0019030,61737,cz1,cz3
r0019031,61738,cz1,cz3
r0019032,61740,cz1,cz3
r0019033,61741,cz1,cz3
r0019034,61743,cz1,cz3
r0019035,61745,cz1,cz3
r0019036,61746,cz1,cz3
r0019037,61748,cz1,cz3
r0019038,61749,cz1,cz3
r0019039,61751,cz1,cz3
r0019040,61753,cz1,cz3
r0019041,61754,cz1,cz3
r0019042,61756,cz1,cz3
r0019043,61757,cz1,cz3
r0019044,61759,cz1,cz3
r0019045,61761,cz1,cz3
r0019046,61762,cz1,cz3
r0019047,61764,cz1,cz3
r0019048,61765,cz1,cz3
r0019049,61767,cz1,cz3
r0019050,61769,cz1,cz3
r0019051,61770,cz1,cz3
r0019052,61772,cz1,cz3
r0019053,61773,cz1,cz3
r0019054,61775,cz1,cz3
r0019055,61777,cz1,cz3
r0019056,61778,cz1,cz3
r0019057,61780,cz1,cz3
r0019058,61781,cz1,cz3
r0019059,61783,cz1,cz3
r0019060,61785,cz1,cz3
r0019061,61786,cz1,cz3
r0019062,61788,cz1,cz3
r0019063,61789,cz1,cz3
r0019064,61791,cz1,cz3
r0019065,61793,cz1,cz3
r0019066,61794,cz1,cz3
r0019067,61796,cz1,cz3
r0019068,61797,cz1,cz3
r0019069,61799,cz1,cz3
r0019070,61801,cz1,cz3
r0019071,61802,cz1,cz3
r0019072,61804,cz1,cz3
r0019073,61805,cz1,cz3
r0019074,61807,cz1,cz3
r0019075,61809,cz1,cz3
r0019076,61810,cz1,cz3
r0019077,61812,cz1,cz3
r0019078,61813,cz1,cz3
r0019079,61815,cz1,cz3
r0019080,61817,cz1,cz3
r0019081,61818,cz1,cz3
r0019082,61820,cz1,cz3
r0019083,61821,cz1,cz3
r0019084,61823,cz1,cz3
r0019085,61825,cz1,cz3
r0019086,61826,cz1,cz3
r0019087,61828,cz1,cz3
r0019088,61829,cz1,cz3
r0019089,61831,cz1,cz3
r0019090,61833,cz1,cz3
r0019091,61834,cz1,cz3
r0019092,61836,cz1,cz3
r0019093,61837,cz1,cz3
r0019094,61839,cz1,cz3
r0019095,61841,cz1,cz3
r0019096,61842,cz1,cz3
r0019097,61844,cz1,cz3
r0019098,61845,cz1,cz3
r0019099,61847,cz1,cz3
r0019100,61849,cz1,cz3
r0019101,61850,cz1,cz3
r0019102,61852,cz1,cz3
r0019103,61853,cz1,cz3
r0019104,61855,cz1,cz3
r0019105,61857,cz1,cz3
r0019106,61858,cz1,cz3
r0019107,61860,cz1,cz3
r0019108,61861,cz1,cz3
r0019109,61863,cz1,cz3
r0019110,61865,cz1,cz3
r0019111,61866,cz1,cz3
r0019112,61868,cz1,cz3
r0019113,61869,cz1,cz3
r0019114,61871,cz1,cz3
r0019115,61873,cz1,cz3
r0019116,61874,cz1,cz3
r0019117,61876,cz1,cz3
r0019118,61877,cz1,cz3
r0019119,61879,cz1,cz3
r0019120,61881,cz1,cz3
r0019121,61882,cz1,cz3
r0019122,61884,cz1,cz3
r0019123,61885,cz1,cz3
r0019124,61887,cz1,cz3
r0019125,61889,cz1,cz3
r0019126,61890,cz1,cz3
r0019127,61892,cz1,cz3
r0019128,61893,cz1,cz3
r0019129,61895,cz1,cz3
r0019130,61897,cz1,cz3
r0019131,61898,cz1,cz3
r0019132,61900,cz1,cz3
r0019133,61901,cz1,cz3
r0019134,61903,cz1,cz3
r0019135,61905,cz1,cz3
r0019136,61906,cz1,cz3
r0019137,61908,cz1,cz3
r0019138,61909,cz1,cz3
r0019139,61911,cz1,cz3
r0019140,61913,cz1,cz3
r0019141,61914,cz1,cz3
r0019142,61916,cz1,cz3
r0019143,61917,cz1,cz3
r0019144,61919,cz1,cz3
r0019145,61921,cz1,cz3
r0019146,61922,cz1,cz3
r0019147,61924,cz1,cz3
r0019148,61925,cz1,cz3
r0019149,61927,cz1,cz3
r0019150,61929,cz1,cz3
r0019151,61930,cz1,cz3
r0019152,61932,cz1,cz3
r0019153,61933,cz1,cz3
r0019154,61935,cz1,cz3
r0019155,61937,cz1,cz3
r0019156,61938,cz1,cz3
r0019157,61940,cz1,cz3
r0019158,61941,cz1,cz3
r0019159,61943,cz1,cz3
r0019160,61945,cz1,cz3
r0019161,61946,cz1,cz3
r0019162,61948,cz1,cz3
r0019163,61949,cz1,cz3
r0019164,61951,cz1,cz3
r0019165,61953,cz1,cz3
r0019166,61954,cz1,cz3
r0019167,61956,cz1,cz3
r0019168,61957,cz1,cz3
r0019169,61959,cz1,cz3
r0019170,61961,cz1,cz3
r0019171,61962,cz1,cz3
r0019172,61964,cz1,cz3
r0019173,61965,cz1,cz3
r0019174,61967,cz1,cz3
r0019175,61969,cz1,cz3
r0019176,61970,cz1,cz3
r0019177,61972,cz1,cz3
r0019178,61973,cz1,cz3
r0019179,61975,cz1,cz3
r0019180,61977,cz1,cz3
r0019181,61978,cz1,cz3
r0019182,61980,cz1,cz3
r0019183,61981,cz1,cz3
r0019184,61983,cz1,cz3
r0019185,61985,cz1,cz3
r0019186,61986,cz1,cz3
r0019187,61988,cz1,cz3
r0019188,61989,cz1,cz3
r0019189,61991,cz1,cz3
r0019190,61993,cz1,cz3
r0019191,61994,cz1,cz3
r0019192,61996,cz1,cz3
r0019193,61997,cz1,cz3
r0019194,61999,cz1,cz3
r0019195,62001,cz1,cz3
r0019196,62002,cz1,cz3
r0019197,62004,cz1,cz3
r0019198,62005,cz1,cz3
r0019199,62007,cz1,cz3
r0019200,62009,cz1,cz3
r0019201,62010,cz1,cz4
r0019202,62012,cz1,cz4
r0019203,62013,cz1,cz4
r0019204,62015,cz1,cz4
r0019205,62017,cz1,cz4
r0019206,62018,cz1,cz4
r0019207,62020,cz1,cz4
r0019208,62021,cz1,cz4
r0019209,62023,cz1,cz4
r0019210,62025,cz1,cz4
r0019211,62026,cz1,cz4
r0019212,62028,cz1,cz4
r0019213,62029,cz1,cz4
r0019214,62031,cz1,cz4
r0019215,62033,cz1,cz4
r0019216,62034,cz1,cz4
r0019217,62036,cz1,cz4
r0019218,62037,cz1,cz4
r0019219,62039,cz1,cz4
r0019220,62041,cz1,cz4
r0019221,62042,cz1,cz4
r0019222,62044,cz1,cz4
r0019223,62045,cz1,cz4
r0019224,62047,cz1,cz4
r0019225,62049,cz1,cz4
r0019226,62050,cz1,cz4
r0019227,62052,cz1,cz4
r0019228,62053,cz1,cz4
r0019229,62055,cz1,cz4
r0019230,62057,cz1,cz4
r0019231,62058,cz1,cz4
r0019232,62060,cz1,cz4
r0019233,62061,cz1,cz4
r0019234,62063,cz1,cz4
r0019235,62065,cz1,cz4
r0019236,62066,cz1,cz4
r0019237,62068,cz1,cz4
r0019238,62069,cz1,cz4
r0019239,62071,cz1,cz4
r0019240,62073,cz1,cz4
r0019241,62074,cz1,cz4
r0019242,62076,cz1,cz4
r0019243,62077,cz1,cz4
r0019244,62079,cz1,cz4
r0019245,62081,cz1,cz4
r0019246,62082,cz1,cz4
r0019247,62084,cz1,cz4
r0019248,62085,cz1,cz4
r0019249,62087,cz1,cz4
r0019250,62089,cz1,cz4
r0019251,62090,cz1,cz4
r0019252,62092,cz1,cz4
r0019253,62093,cz1,cz4
r0019254,62095,cz1,cz4
r0019255,62097,cz1,cz4
r0019256,62098,cz1,cz4
r0019257,62100,cz1,cz4
r0019258,62102,cz1,cz4
r0019259,62103,cz1,cz4
r0019260,62105,cz1,cz4
r0019261,62106,cz1,cz4
r0019262,62108,cz1,cz4
r0019263,62110,cz1,cz4
r0019264,62111,cz1,cz4
r0019265,62113,cz1,cz4
r0019266,62114,cz1,cz4
r0019267,62116,cz1,cz4
r0019268,62118,cz1,cz4
r0019269,62119,cz1,cz4
r0019270,62121,cz1,cz4
r0019271,62122,cz1,cz4
r0019272,62124,cz1,cz4
r0019273,62126,cz1,cz4
r0019274,62127,cz1,cz4
r0019275,62129,cz1,cz4
r0019276,62130,cz1,cz4
r0019277,62132,cz1,cz4
r0019278,62134,cz1,cz4
r0019279,62135,cz1,cz4
r0019280,62137,cz1,cz4
r0019281,62138,cz1,cz4
r0019282,62140,cz1,cz4
r0019283,62142,cz1,cz4
r0019284,62143,cz1,cz4
r0019285,62145,cz1,cz4
r0019286,62146,cz1,cz4
r0019287,62148,cz1,cz4
r0019288,62150,cz1,cz4
r0019289,62151,cz1,cz4
r0019290,62153,cz1,cz4
r0019291,62154,cz1,cz4
r0019292,62156,cz1,cz4
r0019293,62158,cz1,cz4
r0019294,62159,cz1,cz4
r0019295,62161,cz1,cz4
r0019296,62162,cz1,cz4
r0019297,62164,cz1,cz4
r0019298,62166,cz1,cz4
r0019299,62167,cz1,cz4
r0019300,62169,cz1,cz4
r0019301,62170,cz1,cz4
r0019302,62172,cz1,cz4
r0019303,62174,cz1,cz4
r0019304,62175,cz1,cz4
r0019305,62177,cz1,cz4
r0019306,62178,cz1,cz4
r0019307,62180,cz1,cz4
r0019308,62182,cz1,cz4
r0019309,62183,cz1,cz4
r0019310,62185,cz1,cz4
r0019311,62186,cz1,cz4
r0019312,62188,cz1,cz4
r0019313,62190,cz1,cz4
r0019314,62191,cz1,cz4
r0019315,62193,cz1,cz4
r0019316,62194,cz1,cz4
r0019317,62196,cz1,cz4
r0019318,62198,cz1,cz4
r0019319,62199,cz1,cz4
r0019320,62201,cz1,cz4
r0019321,62202,cz1,cz4
r0019322,62204,cz1,cz4
r0019323,62206,cz1,cz4
r0019324,62207,cz1,cz4
r0019325,62209,cz1,cz4
r0019326,62210,cz1,cz4
r0019327,62212,cz1,cz4
r0019328,62214,cz1,cz4
r0019329,62215,cz2,cz1
r0019330,62217,cz2,cz1
r0019331,62218,cz2,cz1
r0019332,62220,cz2,cz1
r0019333,62222,cz2,cz1
r0019334,62223,cz2,cz1
r0019335,62225,cz2,cz1
r0019336,62226,cz2,cz1
r0019337,62228,cz2,cz1
r0019338,62230,cz2,cz1
r0019339,62231,cz2,cz1
r0019340,62233,cz2,cz1
r0019341,62234,cz2,cz1
r0019342,62236,cz2,cz1
r0019343,62238,cz2,cz1
r0019344,62239,cz2,cz1
r0019345,62241,cz2,cz1
r0019346,62242,cz2,cz1
r0019347,62244,cz2,cz1
r0019348,62246,cz2,cz1
r0019349,62247,cz2,cz1
r0019350,62249,cz2,cz1
r0019351,62250,cz2,cz1
r0019352,62252,cz2,cz1
r0019353,62254,cz2,cz1
r0019354,62255,cz2,cz1
r0019355,62257,cz2,cz1
r0019356,62258,cz2,cz1
r0019357,62260,cz2,cz1
r0019358,62262,cz2,cz1
r0019359,62263,cz2,cz1
r0019360,62265,cz2,cz1
r0019361,62266,cz2,cz1
r0019362,62268,cz2,cz1
r0019363,62270,cz2,cz1
r0019364,62271,cz2,cz1
r0019365,62273,cz2,cz1
r0019366,62274,cz2,cz1
r0019367,62276,cz2,cz1
r0019368,62278,cz2,cz1
r0019369,62279,cz2,cz1
r0019370,62281,cz2,cz1
r0019371,62282,cz2,cz1
r0019372,62284,cz2,cz1
r0019373,62286,cz2,cz1
r0019374,62287,cz2,cz1
r0019375,62289,cz2,cz1
r0019376,62290,cz2,cz1
r0019377,62292,cz2,cz1
r0019378,62294,cz2,cz1
r0019379,62295,cz2,cz1
r0019380,62297,cz2,cz1
r0019381,62298,cz2,cz1
r0019382,62300,cz2,cz1
r0019383,62302,cz2,cz1
r0019384,62303,cz2,cz1
r0019385,62305,cz2,cz1
r0019386,62306,cz2,cz1
r0019387,62308,cz2,cz1
r0019388,62310,cz2,cz1
r0019389,62311,cz2,cz1
r0019390,62313,cz2,cz1
r0019391,62314,cz2,cz1
r0019392,62316,cz2,cz1
r0019393,62318,cz2,cz1
r0019394,62319,cz2,cz1
r0019395,62321,cz2,cz1
r0019396,62322,cz2,cz1
r0019397,62324,cz2,cz1
r0019398,62326,cz2,cz1
r0019399,62327,cz2,cz1
r0019400,62329,cz2,cz1
r0019401,62330,cz2,cz1
r0019402,62332,cz2,cz1
r0019403,62334,cz2,cz1
r0019404,62335,cz2,cz1
r0019405,62337,cz2,cz1
r0019406,62338,cz2,cz1
r0019407,62340,cz2,cz1
r0019408,62342,cz2,cz1
r0019409,62343,cz2,cz1
r0019410,62345,cz2,cz1
r0019411,62346,cz2,cz1
r0019412,62348,cz2,cz1
r0019413,62350,cz2,cz1
r0019414,62351,cz2,cz1
r0019415,62353,cz2,cz1
r0019416,62354,cz2,cz1
r0019417,62356,cz2,cz1
r0019418,62358,cz2,cz1
r0019419,62359,cz2,cz1
r0019420,62361,cz2,cz1
r0019421,62362,cz2,cz1
r0019422,62364,cz2,cz1
r0019423,62366,cz2,cz1
r0019424,62367,cz2,cz1
r0019425,62369,cz2,cz1
r0019426,62370,cz2,cz1
r0019427,62372,cz2,cz1
r0019428,62374,cz2,cz1
r0019429,62375,cz2,cz1
r0019430,62377,cz2,cz1
r0019431,62378,cz2,cz1
r0019432,62380,cz2,cz1
r0019433,62382,cz2,cz1
r0019434,62383,cz2,cz1
r0019435,62385,cz2,cz1
r0019436,62386,cz2,cz1
r0019437,62388,cz2,cz1
r0019438,62390,cz2,cz1
r0019439,62391,cz2,cz1
r0019440,62393,cz2,cz1
r0019441,62394,cz2,cz1
r0019442,62396,cz2,cz1
r0019443,62398,cz2,cz1
r0019444,62399,cz2,cz1
r0019445,62401,cz2,cz1
r0019446,62402,cz2,cz1
r0019447,62404,cz2,cz1
r0019448,62406,cz2,cz1
r0019449,62407,cz2,cz1
r0019450,62409,cz2,cz1
r0019451,62410,cz2,cz1
r0019452,62412,cz2,cz1
r0019453,62414,cz2,cz1
r0019454,62415,cz2,cz1
r0019455,62417,cz2,cz1
r0019456,62418,cz2,cz1
r0019457,62420,cz2,cz1
r0019458,62422,cz2,cz1
r0019459,62423,cz2,cz1
r0019460,62425,cz2,cz1
r0019461,62426,cz2,cz1
r0019462,62428,cz2,cz1
r0019463,62430,cz2,cz1
r0019464,62431,cz2,cz1
r0019465,62433,cz2,cz1
r0019466,62434,cz2,cz1
r0019467,62436,cz2,cz1
r0019468,62438,cz2,cz1
r0019469,62439,cz2,cz1
r0019470,62441,cz2,cz2
r0019471,62442,cz2,cz2
r0019472,62444,cz2,cz2
r0019473,62446,cz2,cz2
r0019474,62447,cz2,cz2
r0019475,62449,cz2,cz2
r0019476,62450,cz2,cz2
r0019477,62452,cz2,cz2
r0019478,62454,cz2,cz2
r0019479,62455,cz2,cz2
r0019480,62457,cz2,cz2
r0019481,62458,cz2,cz2
r0019482,62460,cz2,cz2
r0019483,62462,cz2,cz2
r0019484,62463,cz2,cz2
r0019485,62465,cz2,cz2
r0019486,62466,cz2,cz2
r0019487,62468,cz2,cz2
r0019488,62470,cz2,cz2
r0019489,62471,cz2,cz2
r0019490,62473,cz2,cz2
r0019491,62474,cz2,cz2
r0019492,62476,cz2,cz2
r0019493,62478,cz2,cz2
r0019494,62479,cz2,cz2
r0019495,62481,cz2,cz2
r0019496,62482,cz2,cz2
r0019497,62484,cz2,cz2
r0019498,62486,cz2,cz2
r0019499,62487,cz2,cz2
r0019500,62489,cz2,cz2
r0019501,62490,cz2,cz2
r0019502,62492,cz2,cz2
r0019503,62494,cz2,cz2
r0019504,62495,cz2,cz2
r0019505,62497,cz2,cz2
r0019506,62498,cz2,cz2
r0019507,62500,cz2,cz2
r0019508,62502,cz2,cz2
r0019509,62503,cz2,cz2
r0019510,62505,cz2,cz2
r0019511,62506,cz2,cz2
r0019512,62508,cz2,cz2
r0019513,62510,cz2,cz2
r0019514,62511,cz2,cz2
r0019515,62513,cz2,cz2
r0019516,62514,cz2,cz2
r0019517,62516,cz2,cz2
r0019518,62518,cz2,cz2
r0019519,62519,cz2,cz2
r0019520,62521,cz2,cz2
r0019521,62522,cz2,cz2
r0019522,62524,cz2,cz2
r0019523,62526,cz2,cz2
r0019524,62527,cz2,cz2
r0019525,62529,cz2,cz2
r0019526,62530,cz2,cz2
r0019527,62532,cz2,cz2
r0019528,62534,cz2,cz2
r0019529,62535,cz2,cz2
r0019530,62537,cz2,cz2
r0019531,62538,cz2,cz2
r0019532,62540,cz2,cz2
r0019533,62542,cz2,cz2
r0019534,62543,cz2,cz2
r0019535,62545,cz2,cz2
r0019536,62546,cz2,cz2
r0019537,62548,cz2,cz2
r0019538,62550,cz2,cz2
r0019539,62551,cz2,cz2
r0019540,62553,cz2,cz2
r0019541,62555,cz2,cz2
r0019542,62556,cz2,cz2
r0019543,62558,cz2,cz2
r0019544,62559,cz2,cz2
r0019545,62561,cz2,cz2
r0019546,62563,cz2,cz2
r0019547,62564,cz2,cz2
r0019548,62566,cz2,cz2
r0019549,62567,cz2,cz2
r0019550,62569,cz2,cz2
r0019551,62571,cz2,cz2
r0019552,62572,cz2,cz2
r0019553,62574,cz2,cz2
r0019554,62575,cz2,cz2
r0019555,62577,cz2,cz2
r0019556,62579,cz2,cz2
r0019557,62580,cz2,cz2
r0019558,62582,cz2,cz2
r0019559,62583,cz2,cz2
r0019560,62585,cz2,cz2
r0019561,62587,cz2,cz2
r0019562,62588,cz2,cz2
r0019563,62590,cz2,cz2
r0019564,62591,cz2,cz2
r0019565,62593,cz2,cz2
r0019566,62595,cz2,cz2
r0019567,62596,cz2,cz2
r0019568,62598,cz2,cz2
r0019569,62599,cz2,cz2
r0019570,62601,cz2,cz2
r0019571,62603,cz2,cz2
r0019572,62604,cz2,cz2
r0019573,62606,cz2,cz2
r0019574,62607,cz2,cz2
r0019575,62609,cz2,cz2
r0019576,62611,cz2,cz2
r0019577,62612,cz2,cz2
r0019578,62614,cz2,cz2
r0019579,62615,cz2,cz2
r0019580,62617,cz2,cz2
r0019581,62619,cz2,cz2
r0019582,62620,cz2,cz2
r0019583,62622,cz2,cz2
r0019584,62623,cz2,cz2
r0019585,62625,cz2,cz2
r0019586,62627,cz2,cz2
r0019587,62628,cz2,cz2
r0019588,62630,cz2,cz2
r0019589,62631,cz2,cz2
r0019590,62633,cz2,cz2
r0019591,62635,cz2,cz2
r0019592,62636,cz2,cz2
r0019593,62638,cz2,cz2
r0019594,62639,cz2,cz2
r0019595,62641,cz2,cz2
r0019596,62643,cz2,cz2
r0019597,62644,cz2,cz2
r0019598,62646,cz2,cz2
r0019599,62647,cz2,cz2
r0019600,62649,cz2,cz2
r0019601,62651,cz2,cz2
r0019602,62652,cz2,cz2
r0019603,62654,cz2,cz2
r0019604,62655,cz2,cz2
r0019605,62657,cz2,cz2
r0019606,62659,cz2,cz3
r0019607,62660,cz2,cz3
r0019608,62662,cz2,cz3
r0019609,62663,cz2,cz3
r0019610,62665,cz2,cz3
r0019611,62667,cz2,cz3
r0019612,62668,cz2,cz3
r0019613,62670,cz2,cz3
r0019614,62671,cz2,cz3
r0019615,62673,cz2,cz3
r0019616,62675,cz2,cz3
r0019617,62676,cz2,cz3
r0019618,62678,cz2,cz3
r0019619,62679,cz2,cz3
r0019620,62681,cz2,cz3
r0019621,62683,cz2,cz3
r0019622,62684,cz2,cz3
r0019623,62686,cz2,cz3
r0019624,62687,cz2,cz3
r0019625,62689,cz2,cz3
r0019626,62691,cz2,cz3
r0019627,62692,cz2,cz3
r0019628,62694,cz2,cz3
r0019629,62695,cz2,cz3
r0019630,62697,cz2,cz3
r0019631,62699,cz2,cz3
r0019632,62700,cz2,cz3
r0019633,62702,cz2,cz3
r0019634,62703,cz2,cz3
r0019635,62705,cz2,cz3
r0019636,62707,cz2,cz3
r0019637,62708,cz2,cz3
r0019638,62710,cz2,cz3
r0019639,62711,cz2,cz3
r0019640,62713,cz2,cz3
r0019641,62715,cz2,cz3
r0019642,62716,cz2,cz3
r0019643,62718,cz2,cz3
r0019644,62719,cz2,cz3
r0019645,62721,cz2,cz3
r0019646,62723,cz2,cz3
r0019647,62724,cz2,cz3
r0019648,62726,cz2,cz3
r0019649,62727,cz2,cz3
r0019650,62729,cz2,cz3
r0019651,62731,cz2,cz3
r0019652,62732,cz2,cz3
r0019653,62734,cz2,cz3
r0019654,62735,cz2,cz3
r0019655,62737,cz2,cz3
r0019656,62739,cz2,cz3
r0019657,62740,cz2,cz3
r0019658,62742,cz2,cz3
r0019659,62743,cz2,cz3
r0019660,62745,cz2,cz3
r0019661,62747,cz2,cz3
r0019662,62748,cz2,cz3
r0019663,62750,cz2,cz3
r0019664,62751,cz2,cz3
r0019665,62753,cz2,cz3
r0019666,62755,cz2,cz3
r0019667,62756,cz2,cz3
r0019668,62758,cz2,cz3
r0019669,62759,cz2,cz3
r0019670,62761,cz2,cz3
r0019671,62763,cz2,cz3
r0019672,62764,cz2,cz3
r0019673,62766,cz2,cz3
r0019674,62767,cz2,cz3
r0019675,62769,cz2,cz3
r0019676,62771,cz2,cz3
r0019677,62772,cz2,cz3
r0019678,62774,cz2,cz3
r0019679,62775,cz2,cz3
r0019680,62777,cz2,cz3
r0019681,62779,cz2,cz3
r0019682,62780,cz2,cz3
r0019683,62782,cz2,cz3
r0019684,62783,cz2,cz3
r0019685,62785,cz2,cz3
r0019686,62787,cz2,cz3
r0019687,62788,cz2,cz3
r0019688,62790,cz2,cz3
r0019689,62791,cz2,cz3
r0019690,62793,cz2,cz3
r0019691,62795,cz2,cz3
r0019692,62796,cz2,cz3
r0019693,62798,cz2,cz3
r0019694,62799,cz2,cz3
r0019695,62801,cz2,cz3
r0019696,62803,cz2,cz3
r0019697,62804,cz2,cz3
r0019698,62806,cz2,cz3
r0019699,62807,cz2,cz3
r0019700,62809,cz2,cz3
r0019701,62811,cz2,cz3
r0019702,62812,cz2,cz3
r0019703,62814,cz2,cz3
r0019704,62815,cz2,cz3
r0019705,62817,cz2,cz3
r0019706,62819,cz2,cz3
r0019707,62820,cz2,cz3
r0019708,62822,cz2,cz3
r0019709,62823,cz2,cz3
r0019710,62825,cz2,cz3
r0019711,62827,cz2,cz3
r0019712,62828,cz2,cz3
r0019713,62830,cz2,cz3
r0019714,62831,cz2,cz3
r0019715,62833,cz2,cz3
r0019716,62835,cz2,cz3
r0019717,62836,cz2,cz3
r0019718,62838,cz2,cz3
r0019719,62839,cz2,cz3
r0019720,62841,cz2,cz3
r0019721,62843,cz2,cz3
r0019722,62844,cz2,cz3
r0019723,62846,cz2,cz3
r0019724,62847,cz2,cz3
r0019725,62849,cz2,cz3
r0019726,62851,cz2,cz3
r0019727,62852,cz2,cz3
r0019728,62854,cz2,cz3
r0019729,62855,cz2,cz3
r0019730,62857,cz2,cz3
r0019731,62859,cz2,cz3
r0019732,62860,cz2,cz3
r0019733,62862,cz2,cz3
r0019734,62863,cz2,cz3
r0019735,62865,cz2,cz3
r0019736,62867,cz2,cz3
r0019737,62868,cz2,cz3
r0019738,62870,cz2,cz3
r0019739,62871,cz2,cz3
r0019740,62873,cz2,cz3
r0019741,62875,cz2,cz3
r0019742,62876,cz2,cz4
r0019743,62878,cz2,cz4
r0019744,62879,cz2,cz4
r0019745,62881,cz2,cz4
r0019746,62883,cz2,cz4
r0019747,62884,cz2,cz4
r0019748,62886,cz2,cz4
r0019749,62887,cz2,cz4
r0019750,62889,cz2,cz4
r0019751,62891,cz2,cz4
r0019752,62892,cz2,cz4
r0019753,62894,cz2,cz4
r0019754,62895,cz2,cz4
r0019755,62897,cz2,cz4
r0019756,62899,cz2,cz4
r0019757,62900,cz2,cz4
r0019758,62902,cz2,cz4
r0019759,62903,cz2,cz4
r0019760,62905,cz2,cz4
r0019761,62907,cz2,cz4
r0019762,62908,cz2,cz4
r0019763,62910,cz2,cz4
r0019764,62911,cz2,cz4
r0019765,62913,cz2,cz4
r0019766,62915,cz2,cz4
r0019767,62916,cz2,cz4
r0019768,62918,cz2,cz4
r0019769,62919,cz2,cz4
r0019770,62921,cz2,cz4
r0019771,62923,cz2,cz4
r0019772,62924,cz2,cz4
r0019773,62926,cz2,cz4
r0019774,62927,cz2,cz4
r0019775,62929,cz2,cz4
r0019776,62931,cz2,cz4
r0019777,62932,cz2,cz4
r0019778,62934,cz2,cz4
r0019779,62935,cz2,cz4
r0019780,62937,cz2,cz4
r0019781,62939,cz2,cz4
r0019782,62940,cz2,cz4
r0019783,62942,cz2,cz4
r0019784,62943,cz2,cz4
r0019785,62945,cz2,cz4
r0019786,62947,cz2,cz4
r0019787,62948,cz2,cz4
r0019788,62950,cz2,cz4
r0019789,62951,cz2,cz4
r0019790,62953,cz2,cz4
r0019791,62955,cz2,cz4
r0019792,62956,cz2,cz4
r0019793,62958,cz2,cz4
r0019794,62959,cz2,cz4
r0019795,62961,cz2,cz4
r0019796,62963,cz2,cz4
r0019797,62964,cz2,cz4
r0019798,62966,cz2,cz4
r0019799,62967,cz2,cz4
r0019800,62969,cz2,cz4
r0019801,62971,cz2,cz4
r0019802,62972,cz2,cz4
r0019803,62974,cz2,cz4
r0019804,62975,cz2,cz4
r0019805,62977,cz2,cz4
r0019806,62979,cz2,cz4
r0019807,62980,cz2,cz4
r0019808,62982,cz2,cz4
r0019809,62983,cz2,cz4
r0019810,62985,cz2,cz4
r0019811,62987,cz2,cz4
r0019812,62988,cz2,cz4
r0019813,62990,cz2,cz4
r0019814,62991,cz2,cz4
r0019815,62993,cz2,cz4
r0019816,62995,cz2,cz4
r0019817,62996,cz2,cz4
r0019818,62998,cz2,cz4
r0019819,63000,cz2,cz4
r0019820,63001,cz2,cz4
r0019821,63003,cz2,cz4
r0019822,63004,cz2,cz4
r0019823,63006,cz2,cz4
r0019824,63008,cz2,cz4
r0019825,63009,cz2,cz4
r0019826,63011,cz2,cz4
r0019827,63012,cz2,cz4
r0019828,63014,cz2,cz4
r0019829,63016,cz2,cz4
r0019830,63017,cz2,cz4
r0019831,63019,cz2,cz4
r0019832,63020,cz2,cz4
r0019833,63022,cz2,cz4
r0019834,63024,cz2,cz4
r0019835,63025,cz2,cz4
r0019836,63027,cz2,cz4
r0019837,63028,cz2,cz4
r0019838,63030,cz2,cz4
r0019839,63032,cz2,cz4
r0019840,63033,cz3,cz1
r0019841,63035,cz3,cz1
r0019842,63036,cz3,cz1
r0019843,63038,cz3,cz1
r0019844,63040,cz3,cz1
r0019845,63041,cz3,cz1
r0019846,63043,cz3,cz1
r0019847,63044,cz3,cz1
r0019848,63046,cz3,cz1
r0019849,63048,cz3,cz1
r0019850,63049,cz3,cz1
r0019851,63051,cz3,cz1
r0019852,63052,cz3,cz1
r0019853,63054,cz3,cz1
r0019854,63056,cz3,cz1
r0019855,63057,cz3,cz1
r0019856,63059,cz3,cz1
r0019857,63060,cz3,cz1
r0019858,63062,cz3,cz1
r0019859,63064,cz3,cz1
r0019860,63065,cz3,cz1
r0019861,63067,cz3,cz1
r0019862,63068,cz3,cz1
r0019863,63070,cz3,cz1
r0019864,63072,cz3,cz1
r0019865,63073,cz3,cz1
r0019866,63075,cz3,cz1
r0019867,63076,cz3,cz1
r0019868,63078,cz3,cz1
r0019869,63080,cz3,cz1
r0019870,63081,cz3,cz1
r0019871,63083,cz3,cz1
r0019872,63084,cz3,cz1
r0019873,63086,cz3,cz1
r0019874,63088,cz3,cz1
r0019875,63089,cz3,cz1
r0019876,63091,cz3,cz1
r0019877,63092,cz3,cz1
r0019878,63094,cz3,cz1
r0019879,63096,cz3,cz1
r0019880,63097,cz3,cz1
r0019881,63099,cz3,cz1
r0019882,63100,cz3,cz1
r0019883,63102,cz3,cz1
r0019884,63104,cz3,cz1
r0019885,63105,cz3,cz1
r0019886,63107,cz3,cz1
r0019887,63108,cz3,cz1
r0019888,63110,cz3,cz1
r0019889,63112,cz3,cz1
r0019890,63113,cz3,cz1
r0019891,63115,cz3,cz1
r0019892,63116,cz3,cz1
r0019893,63118,cz3,cz1
r0019894,63120,cz3,cz1
r0019895,63121,cz3,cz1
r0019896,63123,cz3,cz1
r0019897,63124,cz3,cz1
r0019898,63126,cz3,cz1
r0019899,63128,cz3,cz1
r0019900,63129,cz3,cz1
r0019901,63131,cz3,cz1
r0019902,63132,cz3,cz1
r0019903,63134,cz3,cz1
r0019904,63136,cz3,cz1
r0019905,63137,cz3,cz1
r0019906,63139,cz3,cz1
r0019907,63140,cz3,cz1
r0019908,63142,cz3,cz1
r0019909,63144,cz3,cz1
r0019910,63145,cz3,cz1
r0019911,63147,cz3,cz1
r0019912,63148,cz3,cz1
r0019913,63150,cz3,cz1
r0019914,63152,cz3,cz1
r0019915,63153,cz3,cz1
r0019916,63155,cz3,cz1
r0019917,63156,cz3,cz1
r0019918,63158,cz3,cz1
r0019919,63160,cz3,cz1
r0019920,63161,cz3,cz1
r0019921,63163,cz3,cz1
r0019922,63164,cz3,cz1
r0019923,63166,cz3,cz1
r0019924,63168,cz3,cz1
r0019925,63169,cz3,cz1
r0019926,63171,cz3,cz1
r0019927,63172,cz3,cz1
r0019928,63174,cz3,cz1
r0019929,63176,cz3,cz1
r0019930,63177,cz3,cz1
r0019931,63179,cz3,cz1
r0019932,63180,cz3,cz1
r0019933,63182,cz3,cz1
r0019934,63184,cz3,cz1
r0019935,63185,cz3,cz1
r0019936,63187,cz3,cz1
r0019937,63188,cz3,cz1
r0019938,63190,cz3,cz1
r0019939,63192,cz3,cz1
r0019940,63193,cz3,cz1
r0019941,63195,cz3,cz1
r0019942,63196,cz3,cz1
r0019943,63198,cz3,cz1
r0019944,63200,cz3,cz1
r0019945,63201,cz3,cz1
r0019946,63203,cz3,cz1
r0019947,63204,cz3,cz1
r0019948,63206,cz3,cz1
r0019949,63208,cz3,cz1
r0019950,63209,cz3,cz1
r0019951,63211,cz3,cz1
r0019952,63212,cz3,cz1
r0019953,63214,cz3,cz1
r0019954,63216,cz3,cz1
r0019955,63217,cz3,cz1
r0019956,63219,cz3,cz1
r0019957,63220,cz3,cz1
r0019958,63222,cz3,cz1
r0019959,63224,cz3,cz1
r0019960,63225,cz3,cz1
r0019961,63227,cz3,cz1
r0019962,63228,cz3,cz1
r0019963,63230,cz3,cz1
r0019964,63232,cz3,cz1
r0019965,63233,cz3,cz1
r0019966,63235,cz3,cz1
r0019967,63236,cz3,cz1
r0019968,63238,cz3,cz1
r0019969,63240,cz3,cz1
r0019970,63241,cz3,cz1
r0019971,63243,cz3,cz1
r0019972,63244,cz3,cz1
r0019973,63246,cz3,cz1
r0019974,63248,cz3,cz1
r0019975,63249,cz3,cz1
r0019976,63251,cz3,cz1
r0019977,63252,cz3,cz1
r0019978,63254,cz3,cz1
r0019979,63256,cz3,cz1
r0019980,63257,cz3,cz1
r0019981,63259,cz3,cz1
r0019982,63260,cz3,cz1
r0019983,63262,cz3,cz1
r0019984,63264,cz3,cz1
r0019985,63265,cz3,cz1
r0019986,63267,cz3,cz1
r0019987,63268,cz3,cz1
r0019988,63270,cz3,cz1
r0019989,63272,cz3,cz1
r0019990,63273,cz3,cz1
r0019991,63275,cz3,cz1
r0019992,63276,cz3,cz1
r0019993,63278,cz3,cz1
r0019994,63280,cz3,cz1
r0019995,63281,cz3,cz1
r0019996,63283,cz3,cz1
r0019997,63284,cz3,cz1
r0019998,63286,cz3,cz1
r0019999,63288,cz3,cz1
r0020000,63289,cz3,cz1
r0020001,63291,cz3,cz1
r0020002,63292,cz3,cz1
r0020003,63294,cz3,cz1
r0020004,63296,cz3,cz1
r0020005,63297,cz3,cz1
r0020006,63299,cz3,cz1
r0020007,63300,cz3,cz1
r0020008,63302,cz3,cz1
r0020009,63304,cz3,cz1
r0020010,63305,cz3,cz1
r0020011,63307,cz3,cz1
r0020012,63308,cz3,cz1
r0020013,63310,cz3,cz1
r0020014,63312,cz3,cz1
r0020015,63313,cz3,cz1
r0020016,63315,cz3,cz1
r0020017,63316,cz3,cz1
r0020018,63318,cz3,cz1
r0020019,63320,cz3,cz1
r0020020,63321,cz3,cz1
r0020021,63323,cz3,cz1
r0020022,63324,cz3,cz1
r0020023,63326,cz3,cz1
r0020024,63328,cz3,cz1
r0020025,63329,cz3,cz2
r0020026,63331,cz3,cz2
r0020027,63332,cz3,cz2
r0020028,63334,cz3,cz2
r0020029,63336,cz3,cz2
r0020030,63337,cz3,cz2
r0020031,63339,cz3,cz2
r0020032,63340,cz3,cz2
r0020033,63342,cz3,cz2
r0020034,63344,cz3,cz2
r0020035,63345,cz3,cz2
r0020036,63347,cz3,cz2
r0020037,63348,cz3,cz2
r0020038,63350,cz3,cz2
r0020039,63352,cz3,cz2
r0020040,63353,cz3,cz2
r0020041,63355,cz3,cz2
r0020042,63356,cz3,cz2
r0020043,63358,cz3,cz2
r0020044,63360,cz3,cz2
r0020045,63361,cz3,cz2
r0020046,63363,cz3,cz2
r0020047,63364,cz3,cz2
r0020048,63366,cz3,cz2
r0020049,63368,cz3,cz2
r0020050,63369,cz3,cz2
r0020051,63371,cz3,cz2
r0020052,63372,cz3,cz2
r0020053,63374,cz3,cz2
r0020054,63376,cz3,cz2
r0020055,63377,cz3,cz2
r0020056,63379,cz3,cz2
r0020057,63380,cz3,cz2
r0020058,63382,cz3,cz2
r0020059,63384,cz3,cz2
r0020060,63385,cz3,cz2
r0020061,63387,cz3,cz2
r0020062,63388,cz3,cz2
r0020063,63390,cz3,cz2
r0020064,63392,cz3,cz2
r0020065,63393,cz3,cz2
r0020066,63395,cz3,cz2
r0020067,63396,cz3,cz2
r0020068,63398,cz3,cz2
r0020069,63400,cz3,cz2
r0020070,63401,cz3,cz2
r0020071,63403,cz3,cz2
r0020072,63404,cz3,cz2
r0020073,63406,cz3,cz2
r0020074,63408,cz3,cz2
r0020075,63409,cz3,cz2
r0020076,63411,cz3,cz2
r0020077,63412,cz3,cz2
r0020078,63414,cz3,cz2
r0020079,63416,cz3,cz2
r0020080,63417,cz3,cz2
r0020081,63419,cz3,cz2
r0020082,63420,cz3,cz2
r0020083,63422,cz3,cz2
r0020084,63424,cz3,cz2
r0020085,63425,cz3,cz2
r0020086,63427,cz3,cz2
r0020087,63428,cz3,cz2
r0020088,63430,cz3,cz2
r0020089,63432,cz3,cz2
r0020090,63433,cz3,cz2
r0020091,63435,cz3,cz2
r0020092,63436,cz3,cz2
r0020093,63438,cz3,cz2
r0020094,63440,cz3,cz2
r0020095,63441,cz3,cz2
r0020096,63443,cz3,cz2
r0020097,63444,cz3,cz2
r0020098,63446,cz3,cz2
r0020099,63448,cz3,cz2
r0020100,63449,cz3,cz2
r0020101,63451,cz3,cz2
r0020102,63453,cz3,cz2
r0020103,63454,cz3,cz2
r0020104,63456,cz3,cz2
r0020105,63457,cz3,cz2
r0020106,63459,cz3,cz2
r0020107,63461,cz3,cz2
r0020108,63462,cz3,cz2
r0020109,63464,cz3,cz2
r0020110,63465,cz3,cz2
r0020111,63467,cz3,cz2
r0020112,63469,cz3,cz2
r0020113,63470,cz3,cz2
r0020114,63472,cz3,cz2
r0020115,63473,cz3,cz2
r0020116,63475,cz3,cz2
r0020117,63477,cz3,cz2
r0020118,63478,cz3,cz2
r0020119,63480,cz3,cz2
r0020120,63481,cz3,cz2
r0020121,63483,cz3,cz2
r0020122,63485,cz3,cz2
r0020123,63486,cz3,cz2
r0020124,63488,cz3,cz2
r0020125,63489,cz3,cz2
r0020126,63491,cz3,cz2
r0020127,63493,cz3,cz2
r0020128,63494,cz3,cz2
r0020129,63496,cz3,cz2
r0020130,63497,cz3,cz2
r0020131,63499,cz3,cz2
r0020132,63501,cz3,cz2
r0020133,63502,cz3,cz2
r0020134,63504,cz3,cz2
r0020135,63505,cz3,cz2
r0020136,63507,cz3,cz2
r0020137,63509,cz3,cz2
r0020138,63510,cz3,cz2
r0020139,63512,cz3,cz2
r0020140,63513,cz3,cz2
r0020141,63515,cz3,cz2
r0020142,63517,cz3,cz2
r0020143,63518,cz3,cz2
r0020144,63520,cz3,cz2
r0020145,63521,cz3,cz2
r0020146,63523,cz3,cz2
r0020147,63525,cz3,cz2
r0020148,63526,cz3,cz2
r0020149,63528,cz3,cz2
r0020150,63529,cz3,cz2
r0020151,63531,cz3,cz2
r0020152,63533,cz3,cz2
r0020153,63534,cz3,cz2
r0020154,63536,cz3,cz2
r0020155,63537,cz3,cz2
r0020156,63539,cz3,cz3
r0020157,63541,cz3,cz3
r0020158,63542,cz3,cz3
r0020159,63544,cz3,cz3
r0020160,63545,cz3,cz3
r0020161,63547,cz3,cz3
r0020162,63549,cz3,cz3
r0020163,63550,cz3,cz3
r0020164,63552,cz3,cz3
r0020165,63553,cz3,cz3
r0020166,63555,cz3,cz3
r0020167,63557,cz3,cz3
r0020168,63558,cz3,cz3
r0020169,63560,cz3,cz3
r0020170,63561,cz3,cz3
r0020171,63563,cz3,cz3
r0020172,63565,cz3,cz3
r0020173,63566,cz3,cz3
r0020174,63568,cz3,cz3
r0020175,63569,cz3,cz3
r0020176,63571,cz3,cz3
r0020177,63573,cz3,cz3
r0020178,63574,cz3,cz3
r0020179,63576,cz3,cz3
r0020180,63577,cz3,cz3
r0020181,63579,cz3,cz3
r0020182,63581,cz3,cz3
r0020183,63582,cz3,cz3
r0020184,63584,cz3,cz3
r0020185,63585,cz3,cz3
r0020186,63587,cz3,cz3
r0020187,63589,cz3,cz3
r0020188,63590,cz3,cz3
r0020189,63592,cz3,cz3
r0020190,63593,cz3,cz3
r0020191,63595,cz3,cz3
r0020192,63597,cz3,cz3
r0020193,63598,cz3,cz3
r0020194,63600,cz3,cz3
r0020195,63601,cz3,cz3
r0020196,63603,cz3,cz3
r0020197,63605,cz3,cz3
r0020198,63606,cz3,cz3
r0020199,63608,cz3,cz3
r0020200,63609,cz3,cz3
r0020201,63611,cz3,cz3
r0020202,63613,cz3,cz3
r0020203,63614,cz3,cz3
r0020204,63616,cz3,cz3
r0020205,63617,cz3,cz3
r0020206,63619,cz3,cz3
r0020207,63621,cz3,cz3
r0020208,63622,cz3,cz3
r0020209,63624,cz3,cz3
r0020210,63625,cz3,cz3
r0020211,63627,cz3,cz3
r0020212,63629,cz3,cz3
r0020213,63630,cz3,cz3
r0020214,63632,cz3,cz3
r0020215,63633,cz3,cz3
r0020216,63635,cz3,cz3
r0020217,63637,cz3,cz3
r0020218,63638,cz3,cz3
r0020219,63640,cz3,cz3
r0020220,63641,cz3,cz3
r0020221,63643,cz3,cz3
r0020222,63645,cz3,cz3
r0020223,63646,cz3,cz3
r0020224,63648,cz3,cz3
r0020225,63649,cz3,cz3
r0020226,63651,cz3,cz3
r0020227,63653,cz3,cz3
r0020228,63654,cz3,cz3
r0020229,63656,cz3,cz3
r0020230,63657,cz3,cz3
r0020231,63659,cz3,cz3
r0020232,63661,cz3,cz3
r0020233,63662,cz3,cz3
r0020234,63664,cz3,cz3
r0020235,63665,cz3,cz3
r0020236,63667,cz3,cz3
r0020237,63669,cz3,cz3
r0020238,63670,cz3,cz3
r0020239,63672,cz3,cz3
r0020240,63673,cz3,cz3
r0020241,63675,cz3,cz3
r0020242,63677,cz3,cz3
r0020243,63678,cz3,cz3
r0020244,63680,cz3,cz3
r0020245,63681,cz3,cz3
r0020246,63683,cz3,cz3
r0020247,63685,cz3,cz3
r0020248,63686,cz3,cz3
r0020249,63688,cz3,cz3
r0020250,63689,cz3,cz3
r0020251,63691,cz3,cz3
r0020252,63693,cz3,cz3
r0020253,63694,cz3,cz3
r0020254,63696,cz3,cz3
r0020255,63697,cz3,cz3
r0020256,63699,cz3,cz3
r0020257,63701,cz3,cz3
r0020258,63702,cz3,cz3
r0020259,63704,cz3,cz3
r0020260,63705,cz3,cz3
r0020261,63707,cz3,cz3
r0020262,63709,cz3,cz3
r0020263,63710,cz3,cz3
r0020264,63712,cz3,cz3
r0020265,63713,cz3,cz3
r0020266,63715,cz3,cz3
r0020267,63717,cz3,cz3
r0020268,63718,cz3,cz3
r0020269,63720,cz3,cz3
r0020270,63721,cz3,cz3
r0020271,63723,cz3,cz3
r0020272,63725,cz3,cz3
r0020273,63726,cz3,cz3
r0020274,63728,cz3,cz3
r0020275,63729,cz3,cz3
r0020276,63731,cz3,cz3
r0020277,63733,cz3,cz3
r0020278,63734,cz3,cz3
r0020279,63736,cz3,cz3
r0020280,63737,cz3,cz3
r0020281,63739,cz3,cz3
r0020282,63741,cz3,cz3
r0020283,63742,cz3,cz3
r0020284,63744,cz3,cz3
r0020285,63745,cz3,cz3
r0020286,63747,cz3,cz3
r0020287,63749,cz3,cz3
r0020288,63750,cz3,cz3
r0020289,63752,cz3,cz3
r0020290,63753,cz3,cz3
r0020291,63755,cz3,cz3
r0020292,63757,cz3,cz3
r0020293,63758,cz3,cz3
r0020294,63760,cz3,cz3
r0020295,63761,cz3,cz3
r0020296,63763,cz3,cz3
r0020297,63765,cz3,cz3
r0020298,63766,cz3,cz3
r0020299,63768,cz3,cz3
r0020300,63769,cz3,cz3
r0020301,63771,cz3,cz3
r0020302,63773,cz3,cz3
r0020303,63774,cz3,cz3
r0020304,63776,cz3,cz3
r0020305,63777,cz3,cz3
r0020306,63779,cz3,cz3
r0020307,63781,cz3,cz3
r0020308,63782,cz3,cz3
r0020309,63784,cz3,cz3
r0020310,63785,cz3,cz3
r0020311,63787,cz3,cz3
r0020312,63789,cz3,cz3
r0020313,63790,cz3,cz3
r0020314,63792,cz3,cz3
r0020315,63793,cz3,cz3
r0020316,63795,cz3,cz3
r0020317,63797,cz3,cz3
r0020318,63798,cz3,cz3
r0020319,63800,cz3,cz3
r0020320,63801,cz3,cz3
r0020321,63803,cz3,cz3
r0020322,63805,cz3,cz3
r0020323,63806,cz3,cz3
r0020324,63808,cz3,cz3
r0020325,63809,cz3,cz3
r0020326,63811,cz3,cz3
r0020327,63813,cz3,cz3
r0020328,63814,cz3,cz3
r0020329,63816,cz3,cz3
r0020330,63817,cz3,cz3
r0020331,63819,cz3,cz3
r0020332,63821,cz3,cz3
r0020333,63822,cz3,cz3
r0020334,63824,cz3,cz3
r0020335,63825,cz3,cz3
r0020336,63827,cz3,cz3
r0020337,63829,cz3,cz3
r0020338,63830,cz3,cz3
r0020339,63832,cz3,cz3
r0020340,63833,cz3,cz3
r0020341,63835,cz3,cz3
r0020342,63837,cz3,cz3
r0020343,63838,cz3,cz3
r0020344,63840,cz3,cz3
r0020345,63841,cz3,cz3
r0020346,63843,cz3,cz3
r0020347,63845,cz3,cz3
r0020348,63846,cz3,cz3
r0020349,63848,cz3,cz3
r0020350,63849,cz3,cz3
r0020351,63851,cz3,cz3
r0020352,63853,cz3,cz3
r0020353,63854,cz3,cz4
r0020354,63856,cz3,cz4
r0020355,63857,cz3,cz4
r0020356,63859,cz3,cz4
r0020357,63861,cz3,cz4
r0020358,63862,cz3,cz4
r0020359,63864,cz3,cz4
r0020360,63865,cz3,cz4
r0020361,63867,cz3,cz4
r0020362,63869,cz3,cz4
r0020363,63870,cz3,cz4
r0020364,63872,cz3,cz4
r0020365,63873,cz3,cz4
r0020366,63875,cz3,cz4
r0020367,63877,cz3,cz4
r0020368,63878,cz3,cz4
r0020369,63880,cz3,cz4
r0020370,63881,cz3,cz4
r0020371,63883,cz3,cz4
r0020372,63885,cz3,cz4
r0020373,63886,cz3,cz4
r0020374,63888,cz3,cz4
r0020375,63889,cz3,cz4
r0020376,63891,cz3,cz4
r0020377,63893,cz3,cz4
r0020378,63894,cz3,cz4
r0020379,63896,cz3,cz4
r0020380,63897,cz3,cz4
r0020381,63899,cz3,cz4
r0020382,63901,cz3,cz4
r0020383,63902,cz3,cz4
r0020384,63904,cz3,cz4
r0020385,63906,cz3,cz4
r0020386,63907,cz3,cz4
r0020387,63909,cz3,cz4
r0020388,63910,cz3,cz4
r0020389,63912,cz3,cz4
r0020390,63914,cz3,cz4
r0020391,63915,cz3,cz4
r0020392,63917,cz3,cz4
r0020393,63918,cz3,cz4
r0020394,63920,cz3,cz4
r0020395,63922,cz3,cz4
r0020396,63923,cz3,cz4
r0020397,63925,cz3,cz4
r0020398,63926,cz3,cz4
r0020399,63928,cz3,cz4
r0020400,63930,cz3,cz4
r0020401,63931,cz3,cz4
r0020402,63933,cz3,cz4
r0020403,63934,cz3,cz4
r0020404,63936,cz3,cz4
r0020405,63938,cz3,cz4
r0020406,63939,cz3,cz4
r0020407,63941,cz3,cz4
r0020408,63942,cz3,cz4
r0020409,63944,cz3,cz4
r0020410,63946,cz3,cz4
r0020411,63947,cz3,cz4
r0020412,63949,cz3,cz4
r0020413,63950,cz3,cz4
r0020414,63952,cz3,cz4
r0020415,63954,cz3,cz4
r0020416,63955,cz3,cz4
r0020417,63957,cz3,cz4
r0020418,63958,cz3,cz4
r0020419,63960,cz3,cz4
r0020420,63962,cz3,cz4
r0020421,63963,cz3,cz4
r0020422,63965,cz3,cz4
r0020423,63966,cz3,cz4
r0020424,63968,cz3,cz4
r0020425,63970,cz3,cz4
r0020426,63971,cz3,cz4
r0020427,63973,cz3,cz4
r0020428,63974,cz3,cz4
r0020429,63976,cz3,cz4
r0020430,63978,cz3,cz4
r0020431,63979,cz3,cz4
r0020432,63981,cz3,cz4
r0020433,63982,cz3,cz4
r0020434,63984,cz3,cz4
r0020435,63986,cz3,cz4
r0020436,63987,cz3,cz4
r0020437,63989,cz3,cz4
r0020438,63990,cz3,cz4
r0020439,63992,cz3,cz4
r0020440,63994,cz3,cz4
r0020441,63995,cz3,cz4
r0020442,63997,cz3,cz4
r0020443,63998,cz3,cz4
r0020444,64000,cz3,cz4
r0020445,64002,cz3,cz4
r0020446,64003,cz3,cz4
r0020447,64005,cz3,cz4
r0020448,64006,cz3,cz4
r0020449,64008,cz3,cz4
r0020450,64010,cz3,cz4
r0020451,64011,cz3,cz4
r0020452,64013,cz3,cz4
r0020453,64014,cz3,cz4
r0020454,64016,cz3,cz4
r0020455,64018,cz3,cz4
r0020456,64019,cz3,cz4
r0020457,64021,cz3,cz4
r0020458,64022,cz3,cz4
r0020459,64024,cz3,cz4
r0020460,64026,cz3,cz4
r0020461,64027,cz3,cz4
r0020462,64029,cz3,cz4
r0020463,64030,cz3,cz4
r0020464,64032,cz3,cz4
r0020465,64034,cz3,cz4
r0020466,64035,cz3,cz4
r0020467,64037,cz3,cz4
r0020468,64038,cz3,cz4
r0020469,64040,cz3,cz4
r0020470,64042,cz3,cz4
r0020471,64043,cz3,cz4
r0020472,64045,cz3,cz4
r0020473,64046,cz3,cz4
r0020474,64048,cz3,cz4
r0020475,64050,cz3,cz4
r0020476,64051,cz3,cz4
r0020477,64053,cz3,cz4
r0020478,64054,cz3,cz4
r0020479,64056,cz3,cz4
r0020480,64058,cz3,cz4
r0020481,64059,cz3,cz4
r0020482,64061,cz3,cz4
r0020483,64062,cz3,cz4
r0020484,64064,cz3,cz4
r0020485,64066,cz4,cz1
r0020486,64067,cz4,cz1
r0020487,64069,cz4,cz1
r0020488,64070,cz4,cz1
r0020489,64072,cz4,cz1
r0020490,64074,cz4,cz1
r0020491,64075,cz4,cz1
r0020492,64077,cz4,cz1
r0020493,64078,cz4,cz1
r0020494,64080,cz4,cz1
r0020495,64082,cz4,cz1
r0020496,64083,cz4,cz1
r0020497,64085,cz4,cz1
r0020498,64086,cz4,cz1
r0020499,64088,cz4,cz1
r0020500,64090,cz4,cz1
r0020501,64091,cz4,cz1
r0020502,64093,cz4,cz1
r0020503,64094,cz4,cz1
r0020504,64096,cz4,cz1
r0020505,64098,cz4,cz1
r0020506,64099,cz4,cz1
r0020507,64101,cz4,cz1
r0020508,64102,cz4,cz1
r0020509,64104,cz4,cz1
r0020510,64106,cz4,cz1
r0020511,64107,cz4,cz1
r0020512,64109,cz4,cz1
r0020513,64110,cz4,cz1
r0020514,64112,cz4,cz1
r0020515,64114,cz4,cz1
r0020516,64115,cz4,cz1
r0020517,64117,cz4,cz1
r0020518,64118,cz4,cz1
r0020519,64120,cz4,cz1
r0020520,64122,cz4,cz1
r0020521,64123,cz4,cz1
r0020522,64125,cz4,cz1
r0020523,64126,cz4,cz1
r0020524,64128,cz4,cz1
r0020525,64130,cz4,cz1
r0020526,64131,cz4,cz1
r0020527,64133,cz4,cz1
r0020528,64134,cz4,cz1
r0020529,64136,cz4,cz1
r0020530,64138,cz4,cz1
r0020531,64139,cz4,cz1
r0020532,64141,cz4,cz1
r0020533,64142,cz4,cz1
r0020534,64144,cz4,cz1
r0020535,64146,cz4,cz1
r0020536,64147,cz4,cz1
r0020537,64149,cz4,cz1
r0020538,64150,cz4,cz1
r0020539,64152,cz4,cz1
r0020540,64154,cz4,cz1
r0020541,64155,cz4,cz1
r0020542,64157,cz4,cz1
r0020543,64158,cz4,cz1
r0020544,64160,cz4,cz1
r0020545,64162,cz4,cz1
r0020546,64163,cz4,cz1
r0020547,64165,cz4,cz1
r0020548,64166,cz4,cz1
r0020549,64168,cz4,cz1
r0020550,64170,cz4,cz1
r0020551,64171,cz4,cz1
r0020552,64173,cz4,cz1
r0020553,64174,cz4,cz1
r0020554,64176,cz4,cz1
r0020555,64178,cz4,cz1
r0020556,64179,cz4,cz1
r0020557,64181,cz4,cz1
r0020558,64182,cz4,cz1
r0020559,64184,cz4,cz1
r0020560,64186,cz4,cz1
r0020561,64187,cz4,cz1
r0020562,64189,cz4,cz1
r0020563,64190,cz4,cz1
r0020564,64192,cz4,cz1
r0020565,64194,cz4,cz1
r0020566,64195,cz4,cz1
r0020567,64197,cz4,cz1
r0020568,64198,cz4,cz1
r0020569,64200,cz4,cz1
r0020570,64202,cz4,cz1
r0020571,64203,cz4,cz1
r0020572,64205,cz4,cz1
r0020573,64206,cz4,cz1
r0020574,64208,cz4,cz1
r0020575,64210,cz4,cz1
r0020576,64211,cz4,cz1
r0020577,64213,cz4,cz1
r0020578,64214,cz4,cz1
r0020579,64216,cz4,cz1
r0020580,64218,cz4,cz1
r0020581,64219,cz4,cz1
r0020582,64221,cz4,cz1
r0020583,64222,cz4,cz1
r0020584,64224,cz4,cz1
r0020585,64226,cz4,cz1
r0020586,64227,cz4,cz1
r0020587,64229,cz4,cz1
r0020588,64230,cz4,cz1
r0020589,64232,cz4,cz1
r0020590,64234,cz4,cz1
r0020591,64235,cz4,cz1
r0020592,64237,cz4,cz1
r0020593,64238,cz4,cz1
r0020594,64240,cz4,cz1
r0020595,64242,cz4,cz1
r0020596,64243,cz4,cz1
r0020597,64245,cz4,cz1
r0020598,64246,cz4,cz1
r0020599,64248,cz4,cz1
r0020600,64250,cz4,cz1
r0020601,64251,cz4,cz1
r0020602,64253,cz4,cz1
r0020603,64254,cz4,cz1
r0020604,64256,cz4,cz1
r0020605,64258,cz4,cz1
r0020606,64259,cz4,cz1
r0020607,64261,cz4,cz1
r0020608,64262,cz4,cz1
r0020609,64264,cz4,cz1
r0020610,64266,cz4,cz1
r0020611,64267,cz4,cz1
r0020612,64269,cz4,cz1
r0020613,64270,cz4,cz1
r0020614,64272,cz4,cz1
r0020615,64274,cz4,cz2
r0020616,64275,cz4,cz2
r0020617,64277,cz4,cz2
r0020618,64278,cz4,cz2
r0020619,64280,cz4,cz2
r0020620,64282,cz4,cz2
r0020621,64283,cz4,cz2
r0020622,64285,cz4,cz2
r0020623,64286,cz4,cz2
r0020624,64288,cz4,cz2
r0020625,64290,cz4,cz2
r0020626,64291,cz4,cz2
r0020627,64293,cz4,cz2
r0020628,64294,cz4,cz2
r0020629,64296,cz4,cz2
r0020630,64298,cz4,cz2
r0020631,64299,cz4,cz2
r0020632,64301,cz4,cz2
r0020633,64302,cz4,cz2
r0020634,64304,cz4,cz2
r0020635,64306,cz4,cz2
r0020636,64307,cz4,cz2
r0020637,64309,cz4,cz2
r0020638,64310,cz4,cz2
r0020639,64312,cz4,cz2
r0020640,64314,cz4,cz2
r0020641,64315,cz4,cz2
r0020642,64317,cz4,cz2
r0020643,64318,cz4,cz2
r0020644,64320,cz4,cz2
r0020645,64322,cz4,cz2
r0020646,64323,cz4,cz2
r0020647,64325,cz4,cz2
r0020648,64326,cz4,cz2
r0020649,64328,cz4,cz2
r0020650,64330,cz4,cz2
r0020651,64331,cz4,cz2
r0020652,64333,cz4,cz2
r0020653,64334,cz4,cz2
r0020654,64336,cz4,cz2
r0020655,64338,cz4,cz2
r0020656,64339,cz4,cz2
r0020657,64341,cz4,cz2
r0020658,64342,cz4,cz2
r0020659,64344,cz4,cz2
r0020660,64346,cz4,cz2
r0020661,64347,cz4,cz2
r0020662,64349,cz4,cz2
r0020663,64351,cz4,cz2
r0020664,64352,cz4,cz2
r0020665,64354,cz4,cz2
r0020666,64355,cz4,cz2
r0020667,64357,cz4,cz2
r0020668,64359,cz4,cz2
r0020669,64360,cz4,cz2
r0020670,64362,cz4,cz2
r0020671,64363,cz4,cz2
r0020672,64365,cz4,cz2
r0020673,64367,cz4,cz2
r0020674,64368,cz4,cz2
r0020675,64370,cz4,cz2
r0020676,64371,cz4,cz2
r0020677,64373,cz4,cz2
r0020678,64375,cz4,cz2
r0020679,64376,cz4,cz2
r0020680,64378,cz4,cz2
r0020681,64379,cz4,cz2
r0020682,64381,cz4,cz2
r0020683,64383,cz4,cz2
r0020684,64384,cz4,cz2
r0020685,64386,cz4,cz2
r0020686,64387,cz4,cz2
r0020687,64389,cz4,cz2
r0020688,64391,cz4,cz2
r0020689,64392,cz4,cz2
r0020690,64394,cz4,cz2
r0020691,64395,cz4,cz2
r0020692,64397,cz4,cz2
r0020693,64399,cz4,cz2
r0020694,64400,cz4,cz2
r0020695,64402,cz4,cz2
r0020696,64403,cz4,cz2
r0020697,64405,cz4,cz2
r0020698,64407,cz4,cz2
r0020699,64408,cz4,cz2
r0020700,64410,cz4,cz2
r0020701,64411,cz4,cz2
r0020702,64413,cz4,cz2
r0020703,64415,cz4,cz2
r0020704,64416,cz4,cz2
r0020705,64418,cz4,cz2
r0020706,64419,cz4,cz2
r0020707,64421,cz4,cz2
r0020708,64423,cz4,cz2
r0020709,64424,cz4,cz2
r0020710,64426,cz4,cz2
r0020711,64427,cz4,cz2
r0020712,64429,cz4,cz2
r0020713,64431,cz4,cz3
r0020714,64432,cz4,cz3
r0020715,64434,cz4,cz3
r0020716,64435,cz4,cz3
r0020717,64437,cz4,cz3
r0020718,64439,cz4,cz3
r0020719,64440,cz4,cz3
r0020720,64442,cz4,cz3
r0020721,64443,cz4,cz3
r0020722,64445,cz4,cz3
r0020723,64447,cz4,cz3
r0020724,64448,cz4,cz3
r0020725,64450,cz4,cz3
r0020726,64451,cz4,cz3
r0020727,64453,cz4,cz3
r0020728,64455,cz4,cz3
r0020729,64456,cz4,cz3
r0020730,64458,cz4,cz3
r0020731,64459,cz4,cz3
r0020732,64461,cz4,cz3
r0020733,64463,cz4,cz3
r0020734,64464,cz4,cz3
r0020735,64466,cz4,cz3
r0020736,64467,cz4,cz3
r0020737,64469,cz4,cz3
r0020738,64471,cz4,cz3
r0020739,64472,cz4,cz3
r0020740,64474,cz4,cz3
r0020741,64475,cz4,cz3
r0020742,64477,cz4,cz3
r0020743,64479,cz4,cz3
r0020744,64480,cz4,cz3
r0020745,64482,cz4,cz3
r0020746,64483,cz4,cz3
r0020747,64485,cz4,cz3
r0020748,64487,cz4,cz3
r0020749,64488,cz4,cz3
r0020750,64490,cz4,cz3
r0020751,64491,cz4,cz3
r0020752,64493,cz4,cz3
r0020753,64495,cz4,cz3
r0020754,64496,cz4,cz3
r0020755,64498,cz4,cz3
r0020756,64499,cz4,cz3
r0020757,64501,cz4,cz3
r0020758,64503,cz4,cz3
r0020759,64504,cz4,cz3
r0020760,64506,cz4,cz3
r0020761,64507,cz4,cz3
r0020762,64509,cz4,cz3
r0020763,64511,cz4,cz3
r0020764,64512,cz4,cz3
r0020765,64514,cz4,cz3
r0020766,64515,cz4,cz3
r0020767,64517,cz4,cz3
r0020768,64519,cz4,cz3
r0020769,64520,cz4,cz3
r0020770,64522,cz4,cz3
r0020771,64523,cz4,cz3
r0020772,64525,cz4,cz3
r0020773,64527,cz4,cz3
r0020774,64528,cz4,cz3
r0020775,64530,cz4,cz3
r0020776,64531,cz4,cz3
r0020777,64533,cz4,cz3
r0020778,64535,cz4,cz3
r0020779,64536,cz4,cz3
r0020780,64538,cz4,cz3
r0020781,64539,cz4,cz3
r0020782,64541,cz4,cz3
r0020783,64543,cz4,cz3
r0020784,64544,cz4,cz3
r0020785,64546,cz4,cz3
r0020786,64547,cz4,cz3
r0020787,64549,cz4,cz3
r0020788,64551,cz4,cz3
r0020789,64552,cz4,cz3
r0020790,64554,cz4,cz3
r0020791,64555,cz4,cz3
r0020792,64557,cz4,cz3
r0020793,64559,cz4,cz3
r0020794,64560,cz4,cz3
r0020795,64562,cz4,cz3
r0020796,64563,cz4,cz3
r0020797,64565,cz4,cz3
r0020798,64567,cz4,cz3
r0020799,64568,cz4,cz3
r0020800,64570,cz4,cz3
r0020801,64571,cz4,cz3
r0020802,64573,cz4,cz3
r0020803,64575,cz4,cz3
r0020804,64576,cz4,cz3
r0020805,64578,cz4,cz3
r0020806,64579,cz4,cz3
r0020807,64581,cz4,cz3
r0020808,64583,cz4,cz3
r0020809,64584,cz4,cz3
r0020810,64586,cz4,cz3
r0020811,64587,cz4,cz3
r0020812,64589,cz4,cz3
r0020813,64591,cz4,cz3
r0020814,64592,cz4,cz3
r0020815,64594,cz4,cz3
r0020816,64595,cz4,cz3
r0020817,64597,cz4,cz3
r0020818,64599,cz4,cz3
r0020819,64600,cz4,cz3
r0020820,64602,cz4,cz3
r0020821,64603,cz4,cz3
r0020822,64605,cz4,cz3
r0020823,64607,cz4,cz3
r0020824,64608,cz4,cz3
r0020825,64610,cz4,cz3
r0020826,64611,cz4,cz3
r0020827,64613,cz4,cz3
r0020828,64615,cz4,cz3
r0020829,64616,cz4,cz3
r0020830,64618,cz4,cz3
r0020831,64619,cz4,cz3
r0020832,64621,cz4,cz3
r0020833,64623,cz4,cz3
r0020834,64624,cz4,cz3
r0020835,64626,cz4,cz3
r0020836,64627,cz4,cz3
r0020837,64629,cz4,cz3
r0020838,64631,cz4,cz3
r0020839,64632,cz4,cz3
r0020840,64634,cz4,cz3
r0020841,64635,cz4,cz3
r0020842,64637,cz4,cz3
r0020843,64639,cz4,cz3
r0020844,64640,cz4,cz3
r0020845,64642,cz4,cz3
r0020846,64643,cz4,cz3
r0020847,64645,cz4,cz3
r0020848,64647,cz4,cz3
r0020849,64648,cz4,cz3
r0020850,64650,cz4,cz4
r0020851,64651,cz4,cz4
r0020852,64653,cz4,cz4
r0020853,64655,cz4,cz4
r0020854,64656,cz4,cz4
r0020855,64658,cz4,cz4
r0020856,64659,cz4,cz4
r0020857,64661,cz4,cz4
r0020858,64663,cz4,cz4
r0020859,64664,cz4,cz4
r0020860,64666,cz4,cz4
r0020861,64667,cz4,cz4
r0020862,64669,cz4,cz4
r0020863,64671,cz4,cz4
r0020864,64672,cz4,cz4
r0020865,64674,cz4,cz4
r0020866,64675,cz4,cz4
r0020867,64677,cz4,cz4
r0020868,64679,cz4,cz4
r0020869,64680,cz4,cz4
r0020870,64682,cz4,cz4
r0020871,64683,cz4,cz4
r0020872,64685,cz4,cz4
r0020873,64687,cz4,cz4
r0020874,64688,cz4,cz4
r0020875,64690,cz4,cz4
r0020876,64691,cz4,cz4
r0020877,64693,cz4,cz4
r0020878,64695,cz4,cz4
r0020879,64696,cz4,cz4
r0020880,64698,cz4,cz4
r0020881,64699,cz4,cz4
r0020882,64701,cz4,cz4
r0020883,64703,cz4,cz4
r0020884,64704,cz4,cz4
r0020885,64706,cz4,cz4
r0020886,64707,cz4,cz4
r0020887,64709,cz4,cz4
r0020888,64711,cz4,cz4
r0020889,64712,cz4,cz4
r0020890,64714,cz4,cz4
r0020891,64715,cz4,cz4
r0020892,64717,cz4,cz4
r0020893,64719,cz4,cz4
r0020894,64720,cz4,cz4
r0020895,64722,cz4,cz4
r0020896,64723,cz4,cz4
r0020897,64725,cz4,cz4
r0020898,64727,cz4,cz4
r0020899,64728,cz4,cz4
r0020900,64730,cz4,cz4
r0020901,64731,cz4,cz4
r0020902,64733,cz4,cz4
r0020903,64735,cz4,cz4
r0020904,64736,cz4,cz4
r0020905,64738,cz4,cz4
r0020906,64739,cz4,cz4
r0020907,64741,cz4,cz4
r0020908,64743,cz4,cz4
r0020909,64744,cz4,cz4
r0020910,64746,cz4,cz4
r0020911,64747,cz4,cz4
r0020912,64749,cz4,cz4
r0020913,64751,cz4,cz4
r0020914,64752,cz4,cz4
r0020915,64754,cz4,cz4
r0020916,64755,cz4,cz4
r0020917,64757,cz4,cz4
r0020918,64759,cz4,cz4
r0020919,64760,cz4,cz4
r0020920,64762,cz4,cz4
r0020921,64763,cz4,cz4
r0020922,64765,cz4,cz4
r0020923,64767,cz4,cz4
r0020924,64768,cz4,cz4
r0020925,64770,cz4,cz4
r0020926,64771,cz4,cz4
r0020927,64773,cz4,cz4
r0020928,64775,cz4,cz4
r0020929,64776,cz4,cz4
r0020930,64778,cz4,cz4
r0020931,64779,cz4,cz4
r0020932,64781,cz4,cz4
r0020933,64783,cz4,cz4
r0020934,64784,cz4,cz4
r0020935,64786,cz4,cz4
r0020936,64787,cz4,cz4
r0020937,64789,cz4,cz4
r0020938,64791,cz4,cz4
r0020939,64792,cz4,cz4
r0020940,64794,cz4,cz4
r0020941,64795,cz4,cz4
r0020942,64797,cz4,cz4
r0020943,64799,cz4,cz4
r0020944,64800,cz1,cz1
r0020945,64802,cz1,cz1
r0020946,64804,cz1,cz1
r0020947,64806,cz1,cz1
r0020948,64807,cz1,cz1
r0020949,64809,cz1,cz1
r0020950,64811,cz1,cz1
r0020951,64812,cz1,cz1
r0020952,64814,cz1,cz1
r0020953,64816,cz1,cz1
r0020954,64818,cz1,cz1
r0020955,64819,cz1,cz1
r0020956,64821,cz1,cz1
r0020957,64823,cz1,cz1
r0020958,64825,cz1,cz1
r0020959,64826,cz1,cz1
r0020960,64828,cz1,cz1
r0020961,64830,cz1,cz1
r0020962,64831,cz1,cz1
r0020963,64833,cz1,cz1
r0020964,64835,cz1,cz1
r0020965,64837,cz1,cz1
r0020966,64838,cz1,cz1
r0020967,64840,cz1,cz1
r0020968,64842,cz1,cz1
r0020969,64844,cz1,cz1
r0020970,64845,cz1,cz1
r0020971,64847,cz1,cz1
r0020972,64849,cz1,cz1
r0020973,64850,cz1,cz1
r0020974,64852,cz1,cz1
r0020975,64854,cz1,cz1
r0020976,64856,cz1,cz1
r0020977,64857,cz1,cz1
r0020978,64859,cz1,cz1
r0020979,64861,cz1,cz1
r0020980,64862,cz1,cz1
r0020981,64864,cz1,cz1
r0020982,64866,cz1,cz1
r0020983,64868,cz1,cz1
r0020984,64869,cz1,cz1
r0020985,64871,cz1,cz1
r0020986,64873,cz1,cz1
r0020987,64875,cz1,cz1
r0020988,64876,cz1,cz1
r0020989,64878,cz1,cz1
r0020990,64880,cz1,cz1
r0020991,64881,cz1,cz1
r0020992,64883,cz1,cz1
r0020993,64885,cz1,cz1
r0020994,64887,cz1,cz1
r0020995,64888,cz1,cz1
r0020996,64890,cz1,cz1
r0020997,64892,cz1,cz1
r0020998,64894,cz1,cz1
r0020999,64895,cz1,cz1
r0021000,64897,cz1,cz1
r0021001,64899,cz1,cz1
r0021002,64900,cz1,cz1
r0021003,64902,cz1,cz1
r0021004,64904,cz1,cz1
r0021005,64906,cz1,cz1
r0021006,64907,cz1,cz1
r0021007,64909,cz1,cz1
r0021008,64911,cz1,cz1
r0021009,64913,cz1,cz1
r0021010,64914,cz1,cz1
r0021011,64916,cz1,cz1
r0021012,64918,cz1,cz1
r0021013,64919,cz1,cz1
r0021014,64921,cz1,cz1
r0021015,64923,cz1,cz1
r0021016,64925,cz1,cz1
r0021017,64926,cz1,cz1
r0021018,64928,cz1,cz1
r0021019,64930,cz1,cz1
r0021020,64932,cz1,cz1
r0021021,64933,cz1,cz1
r0021022,64935,cz1,cz1
r0021023,64937,cz1,cz1
r0021024,64938,cz1,cz1
r0021025,64940,cz1,cz1
r0021026,64942,cz1,cz1
r0021027,64944,cz1,cz1
r0021028,64945,cz1,cz1
r0021029,64947,cz1,cz1
r0021030,64949,cz1,cz1
r0021031,64951,cz1,cz1
r0021032,64952,cz1,cz1
r0021033,64954,cz1,cz1
r0021034,64956,cz1,cz1
r0021035,64957,cz1,cz1
r0021036,64959,cz1,cz1
r0021037,64961,cz1,cz1
r0021038,64963,cz1,cz1
r0021039,64964,cz1,cz1
r0021040,64966,cz1,cz1
r0021041,64968,cz1,cz1
r0021042,64969,cz1,cz1
r0021043,64971,cz1,cz1
r0021044,64973,cz1,cz1
r0021045,64975,cz1,cz1
r0021046,64976,cz1,cz1
r0021047,64978,cz1,cz1
r0021048,64980,cz1,cz1
r0021049,64982,cz1,cz1
r0021050,64983,cz1,cz1
r0021051,64985,cz1,cz1
r0021052,64987,cz1,cz1
r0021053,64988,cz1,cz1
r0021054,64990,cz1,cz1
r0021055,64992,cz1,cz1
r0021056,64994,cz1,cz1
r0021057,64995,cz1,cz1
r0021058,64997,cz1,cz1
r0021059,64999,cz1,cz1
r0021060,65001,cz1,cz1
r0021061,65002,cz1,cz1
r0021062,65004,cz1,cz1
r0021063,65006,cz1,cz1
r0021064,65007,cz1,cz1
r0021065,65009,cz1,cz1
r0021066,65011,cz1,cz1
r0021067,65013,cz1,cz1
r0021068,65014,cz1,cz1
r0021069,65016,cz1,cz1
r0021070,65018,cz1,cz1
r0021071,65020,cz1,cz1
r0021072,65021,cz1,cz1
r0021073,65023,cz1,cz1
r0021074,65025,cz1,cz1
r0021075,65026,cz1,cz1
r0021076,65028,cz1,cz1
r0021077,65030,cz1,cz1
r0021078,65032,cz1,cz1
r0021079,65033,cz1,cz1
r0021080,65035,cz1,cz1
r0021081,65037,cz1,cz1
r0021082,65039,cz1,cz1
r0021083,65040,cz1,cz1
r0021084,65042,cz1,cz1
r0021085,65044,cz1,cz1
r0021086,65045,cz1,cz1
r0021087,65047,cz1,cz1
r0021088,65049,cz1,cz1
r0021089,65051,cz1,cz1
r0021090,65052,cz1,cz1
r0021091,65054,cz1,cz1
r0021092,65056,cz1,cz1
r0021093,65058,cz1,cz1
r0021094,65059,cz1,cz1
r0021095,65061,cz1,cz1
r0021096,65063,cz1,cz1
r0021097,65064,cz1,cz1
r0021098,65066,cz1,cz1
r0021099,65068,cz1,cz1
r0021100,65070,cz1,cz1
r0021101,65071,cz1,cz1
r0021102,65073,cz1,cz1
r0021103,65075,cz1,cz1
r0021104,65076,cz1,cz1
r0021105,65078,cz1,cz1
r0021106,65080,cz1,cz1
r0021107,65082,cz1,cz1
r0021108,65083,cz1,cz1
r0021109,65085,cz1,cz1
r0021110,65087,cz1,cz1
r0021111,65089,cz1,cz2
r0021112,65090,cz1,cz2
r0021113,65092,cz1,cz2
r0021114,65094,cz1,cz2
r0021115,65095,cz1,cz2
r0021116,65097,cz1,cz2
r0021117,65099,cz1,cz2
r0021118,65101,cz1,cz2
r0021119,65102,cz1,cz2
r0021120,65104,cz1,cz2
r0021121,65106,cz1,cz2
r0021122,65108,cz1,cz2
r0021123,65109,cz1,cz2
r0021124,65111,cz1,cz2
r0021125,65113,cz1,cz2
r0021126,65114,cz1,cz2
r0021127,65116,cz1,cz2
r0021128,65118,cz1,cz2
r0021129,65120,cz1,cz2
r0021130,65121,cz1,cz2
r0021131,65123,cz1,cz2
r0021132,65125,cz1,cz2
r0021133,65127,cz1,cz2
r0021134,65128,cz1,cz2
r0021135,65130,cz1,cz2
r0021136,65132,cz1,cz2
r0021137,65133,cz1,cz2
r0021138,65135,cz1,cz2
r0021139,65137,cz1,cz2
r0021140,65139,cz1,cz2
r0021141,65140,cz1,cz2
r0021142,65142,cz1,cz2
r0021143,65144,cz1,cz2
r0021144,65146,cz1,cz2
r0021145,65147,cz1,cz2
r0021146,65149,cz1,cz2
r0021147,65151,cz1,cz2
r0021148,65152,cz1,cz2
r0021149,65154,cz1,cz2
r0021150,65156,cz1,cz2
r0021151,65158,cz1,cz2
r0021152,65159,cz1,cz2
r0021153,65161,cz1,cz2
r0021154,65163,cz1,cz2
r0021155,65165,cz1,cz2
r0021156,65166,cz1,cz2
r0021157,65168,cz1,cz2
r0021158,65170,cz1,cz2
r0021159,65171,cz1,cz2
r0021160,65173,cz1,cz2
r0021161,65175,cz1,cz2
r0021162,65177,cz1,cz2
r0021163,65178,cz1,cz2
r0021164,65180,cz1,cz2
r0021165,65182,cz1,cz2
r0021166,65183,cz1,cz2
r0021167,65185,cz1,cz2
r0021168,65187,cz1,cz2
r0021169,65189,cz1,cz2
r0021170,65190,cz1,cz2
r0021171,65192,cz1,cz2
r0021172,65194,cz1,cz2
r0021173,65196,cz1,cz2
r0021174,65197,cz1,cz2
r0021175,65199,cz1,cz2
r0021176,65201,cz1,cz2
r0021177,65202,cz1,cz2
r0021178,65204,cz1,cz2
r0021179,65206,cz1,cz2
r0021180,65208,cz1,cz2
r0021181,65209,cz1,cz2
r0021182,65211,cz1,cz2
r0021183,65213,cz1,cz2
r0021184,65215,cz1,cz2
r0021185,65216,cz1,cz2
r0021186,65218,cz1,cz2
r0021187,65220,cz1,cz2
r0021188,65221,cz1,cz2
r0021189,65223,cz1,cz2
r0021190,65225,cz1,cz2
r0021191,65227,cz1,cz2
r0021192,65228,cz1,cz2
r0021193,65230,cz1,cz2
r0021194,65232,cz1,cz2
r0021195,65234,cz1,cz2
r0021196,65235,cz1,cz2
r0021197,65237,cz1,cz2
r0021198,65239,cz1,cz2
r0021199,65240,cz1,cz2
r0021200,65242,cz1,cz2
r0021201,65244,cz1,cz2
r0021202,65246,cz1,cz2
r0021203,65247,cz1,cz2
r0021204,65249,cz1,cz2
r0021205,65251,cz1,cz2
r0021206,65253,cz1,cz2
r0021207,65254,cz1,cz2
r0021208,65256,cz1,cz2
r0021209,65258,cz1,cz2
r0021210,65259,cz1,cz2
r0021211,65261,cz1,cz2
r0021212,65263,cz1,cz2
r0021213,65265,cz1,cz2
r0021214,65266,cz1,cz2
r0021215,65268,cz1,cz2
r0021216,65270,cz1,cz2
r0021217,65272,cz1,cz2
r0021218,65273,cz1,cz2
r0021219,65275,cz1,cz2
r0021220,65277,cz1,cz2
r0021221,65278,cz1,cz2
r0021222,65280,cz1,cz2
r0021223,65282,cz1,cz2
r0021224,65284,cz1,cz2
r0021225,65285,cz1,cz2
r0021226,65287,cz1,cz2
r0021227,65289,cz1,cz2
r0021228,65290,cz1,cz2
r0021229,65292,cz1,cz2
r0021230,65294,cz1,cz2
r0021231,65296,cz1,cz2
r0021232,65297,cz1,cz2
r0021233,65299,cz1,cz2
r0021234,65301,cz1,cz2
r0021235,65303,cz1,cz2
r0021236,65304,cz1,cz2
r0021237,65306,cz1,cz2
r0021238,65308,cz1,cz2
r0021239,65309,cz1,cz3
r0021240,65311,cz1,cz3
r0021241,65313,cz1,cz3
r0021242,65315,cz1,cz3
r0021243,65316,cz1,cz3
r0021244,65318,cz1,cz3
r0021245,65320,cz1,cz3
r0021246,65322,cz1,cz3
r0021247,65323,cz1,cz3
r0021248,65325,cz1,cz3
r0021249,65327,cz1,cz3
r0021250,65328,cz1,cz3
r0021251,65330,cz1,cz3
r0021252,65332,cz1,cz3
r0021253,65334,cz1,cz3
r0021254,65335,cz1,cz3
r0021255,65337,cz1,cz3
r0021256,65339,cz1,cz3
r0021257,65341,cz1,cz3
r0021258,65342,cz1,cz3
r0021259,65344,cz1,cz3
r0021260,65346,cz1,cz3
r0021261,65347,cz1,cz3
r0021262,65349,cz1,cz3
r0021263,65351,cz1,cz3
r0021264,65353,cz1,cz3
r0021265,65354,cz1,cz3
r0021266,65356,cz1,cz3
r0021267,65358,cz1,cz3
r0021268,65360,cz1,cz3
r0021269,65361,cz1,cz3
r0021270,65363,cz1,cz3
r0021271,65365,cz1,cz3
r0021272,65366,cz1,cz3
r0021273,65368,cz1,cz3
r0021274,65370,cz1,cz3
r0021275,65372,cz1,cz3
r0021276,65373,cz1,cz3
r0021277,65375,cz1,cz3
r0021278,65377,cz1,cz3
r0021279,65379,cz1,cz3
r0021280,65380,cz1,cz3
r0021281,65382,cz1,cz3
r0021282,65384,cz1,cz3
r0021283,65385,cz1,cz3
r0021284,65387,cz1,cz3
r0021285,65389,cz1,cz3
r0021286,65391,cz1,cz3
r0021287,65392,cz1,cz3
r0021288,65394,cz1,cz3
r0021289,65396,cz1,cz3
r0021290,65397,cz1,cz3
r0021291,65399,cz1,cz3
r0021292,65401,cz1,cz3
r0021293,65403,cz1,cz3
r0021294,65404,cz1,cz3
r0021295,65406,cz1,cz3
r0021296,65408,cz1,cz3
r0021297,65410,cz1,cz3
r0021298,65411,cz1,cz3
r0021299,65413,cz1,cz3
r0021300,65415,cz1,cz3
r0021301,65416,cz1,cz3
r0021302,65418,cz1,cz3
r0021303,65420,cz1,cz3
r0021304,65422,cz1,cz3
r0021305,65423,cz1,cz3
r0021306,65425,cz1,cz3
r0021307,65427,cz1,cz3
r0021308,65429,cz1,cz3
r0021309,65430,cz1,cz3
r0021310,65432,cz1,cz3
r0021311,65434,cz1,cz3
r0021312,65435,cz1,cz3
r0021313,65437,cz1,cz3
r0021314,65439,cz1,cz3
r0021315,65441,cz1,cz3
r0021316,65442,cz1,cz3
r0021317,65444,cz1,cz3
r0021318,65446,cz1,cz3
r0021319,65448,cz1,cz3
r0021320,65449,cz1,cz3
r0021321,65451,cz1,cz3
r0021322,65453,cz1,cz3
r0021323,65454,cz1,cz3
r0021324,65456,cz1,cz3
r0021325,65458,cz1,cz3
r0021326,65460,cz1,cz3
r0021327,65461,cz1,cz3
r0021328,65463,cz1,cz3
r0021329,65465,cz1,cz3
r0021330,65467,cz1,cz3
r0021331,65468,cz1,cz3
r0021332,65470,cz1,cz3
r0021333,65472,cz1,cz3
r0021334,65473,cz1,cz3
r0021335,65475,cz1,cz3
r0021336,65477,cz1,cz3
r0021337,65479,cz1,cz3
r0021338,65480,cz1,cz3
r0021339,65482,cz1,cz3
r0021340,65484,cz1,cz3
r0021341,65486,cz1,cz3
r0021342,65487,cz1,cz3
r0021343,65489,cz1,cz3
r0021344,65491,cz1,cz3
r0021345,65492,cz1,cz3
r0021346,65494,cz1,cz3
r0021347,65496,cz1,cz3
r0021348,65498,cz1,cz3
r0021349,65499,cz1,cz3
r0021350,65501,cz1,cz3
r0021351,65503,cz1,cz3
r0021352,65504,cz1,cz3
r0021353,65506,cz1,cz3
r0021354,65508,cz1,cz3
r0021355,65510,cz1,cz3
r0021356,65511,cz1,cz3
r0021357,65513,cz1,cz3
r0021358,65515,cz1,cz3
r0021359,65517,cz1,cz3
r0021360,65518,cz1,cz3
r0021361,65520,cz1,cz3
r0021362,65522,cz1,cz3
r0021363,65523,cz1,cz3
r0021364,65525,cz1,cz3
r0021365,65527,cz1,cz3
r0021366,65529,cz1,cz3
r0021367,65530,cz1,cz3
r0021368,65532,cz1,cz3
r0021369,65534,cz1,cz3
r0021370,65536,cz1,cz3
r0021371,65537,cz1,cz3
r0021372,65539,cz1,cz3
r0021373,65541,cz1,cz3
r0021374,65542,cz1,cz3
r0021375,65544,cz1,cz3
r0021376,65546,cz1,cz3
r0021377,65548,cz1,cz3
r0021378,65549,cz1,cz3
r0021379,65551,cz1,cz3
r0021380,65553,cz1,cz3
r0021381,65555,cz1,cz3
r0021382,65556,cz1,cz3
r0021383,65558,cz1,cz3
r0021384,65560,cz1,cz3
r0021385,65561,cz1,cz3
r0021386,65563,cz1,cz3
r0021387,65565,cz1,cz3
r0021388,65567,cz1,cz3
r0021389,65568,cz1,cz3
r0021390,65570,cz1,cz3
r0021391,65572,cz1,cz3
r0021392,65574,cz1,cz3
r0021393,65575,cz1,cz3
r0021394,65577,cz1,cz3
r0021395,65579,cz1,cz3
r0021396,65580,cz1,cz3
r0021397,65582,cz1,cz3
r0021398,65584,cz1,cz3
r0021399,65586,cz1,cz3
r0021400,65587,cz1,cz3
r0021401,65589,cz1,cz3
r0021402,65591,cz1,cz3
r0021403,65593,cz1,cz3
r0021404,65594,cz1,cz3
r0021405,65596,cz1,cz3
r0021406,65598,cz1,cz3
r0021407,65599,cz1,cz3
r0021408,65601,cz1,cz3
r0021409,65603,cz1,cz3
r0021410,65605,cz1,cz3
r0021411,65606,cz1,cz3
r0021412,65608,cz1,cz3
r0021413,65610,cz1,cz4
r0021414,65611,cz1,cz4
r0021415,65613,cz1,cz4
r0021416,65615,cz1,cz4
r0021417,65617,cz1,cz4
r0021418,65618,cz1,cz4
r0021419,65620,cz1,cz4
r0021420,65622,cz1,cz4
r0021421,65624,cz1,cz4
r0021422,65625,cz1,cz4
r0021423,65627,cz1,cz4
r0021424,65629,cz1,cz4
r0021425,65630,cz1,cz4
r0021426,65632,cz1,cz4
r0021427,65634,cz1,cz4
r0021428,65636,cz1,cz4
r0021429,65637,cz1,cz4
r0021430,65639,cz1,cz4
r0021431,65641,cz1,cz4
r0021432,65643,cz1,cz4
r0021433,65644,cz1,cz4
r0021434,65646,cz1,cz4
r0021435,65648,cz1,cz4
r0021436,65649,cz1,cz4
r0021437,65651,cz1,cz4
r0021438,65653,cz1,cz4
r0021439,65655,cz1,cz4
r0021440,65656,cz1,cz4
r0021441,65658,cz1,cz4
r0021442,65660,cz1,cz4
r0021443,65662,cz1,cz4
r0021444,65663,cz1,cz4
r0021445,65665,cz1,cz4
r0021446,65667,cz1,cz4
r0021447,65668,cz1,cz4
r0021448,65670,cz1,cz4
r0021449,65672,cz1,cz4
r0021450,65674,cz1,cz4
r0021451,65675,cz1,cz4
r0021452,65677,cz1,cz4
r0021453,65679,cz1,cz4
r0021454,65681,cz1,cz4
r0021455,65682,cz1,cz4
r0021456,65684,cz1,cz4
r0021457,65686,cz1,cz4
r0021458,65687,cz1,cz4
r0021459,65689,cz1,cz4
r0021460,65691,cz1,cz4
r0021461,65693,cz1,cz4
r0021462,65694,cz1,cz4
r0021463,65696,cz1,cz4
r0021464,65698,cz1,cz4
r0021465,65700,cz1,cz4
r0021466,65701,cz1,cz4
r0021467,65703,cz1,cz4
r0021468,65705,cz1,cz4
r0021469,65706,cz1,cz4
r0021470,65708,cz1,cz4
r0021471,65710,cz1,cz4
r0021472,65712,cz1,cz4
r0021473,65713,cz1,cz4
r0021474,65715,cz1,cz4
r0021475,65717,cz1,cz4
r0021476,65718,cz1,cz4
r0021477,65720,cz1,cz4
r0021478,65722,cz1,cz4
r0021479,65724,cz1,cz4
r0021480,65725,cz1,cz4
r0021481,65727,cz1,cz4
r0021482,65729,cz1,cz4
r0021483,65731,cz1,cz4
r0021484,65732,cz1,cz4
r0021485,65734,cz1,cz4
r0021486,65736,cz1,cz4
r0021487,65737,cz1,cz4
r0021488,65739,cz1,cz4
r0021489,65741,cz1,cz4
r0021490,65743,cz1,cz4
r0021491,65744,cz1,cz4
r0021492,65746,cz1,cz4
r0021493,65748,cz1,cz4
r0021494,65750,cz1,cz4
r0021495,65751,cz1,cz4
r0021496,65753,cz1,cz4
r0021497,65755,cz1,cz4
r0021498,65756,cz1,cz4
r0021499,65758,cz1,cz4
r0021500,65760,cz1,cz4
r0021501,65762,cz1,cz4
r0021502,65763,cz1,cz4
r0021503,65765,cz1,cz4
r0021504,65767,cz1,cz4
r0021505,65769,cz1,cz4
r0021506,65770,cz1,cz4
r0021507,65772,cz1,cz4
r0021508,65774,cz1,cz4
r0021509,65775,cz1,cz4
r0021510,65777,cz1,cz4
r0021511,65779,cz1,cz4
r0021512,65781,cz1,cz4
r0021513,65782,cz1,cz4
r0021514,65784,cz1,cz4
r0021515,65786,cz1,cz4
r0021516,65788,cz1,cz4
r0021517,65789,cz1,cz4
r0021518,65791,cz1,cz4
r0021519,65793,cz1,cz4
r0021520,65794,cz1,cz4
r0021521,65796,cz1,cz4
r0021522,65798,cz1,cz4
r0021523,65800,cz1,cz4
r0021524,65801,cz1,cz4
r0021525,65803,cz1,cz4
r0021526,65805,cz1,cz4
r0021527,65806,cz1,cz4
r0021528,65808,cz1,cz4
r0021529,65810,cz1,cz4
r0021530,65812,cz1,cz4
r0021531,65813,cz1,cz4
r0021532,65815,cz2,cz1
r0021533,65817,cz2,cz1
r0021534,65819,cz2,cz1
r0021535,65820,cz2,cz1
r0021536,65822,cz2,cz1
r0021537,65824,cz2,cz1
r0021538,65825,cz2,cz1
r0021539,65827,cz2,cz1
r0021540,65829,cz2,cz1
r0021541,65831,cz2,cz1
r0021542,65832,cz2,cz1
r0021543,65834,cz2,cz1
r0021544,65836,cz2,cz1
r0021545,65838,cz2,cz1
r0021546,65839,cz2,cz1
r0021547,65841,cz2,cz1
r0021548,65843,cz2,cz1
r0021549,65844,cz2,cz1
r0021550,65846,cz2,cz1
r0021551,65848,cz2,cz1
r0021552,65850,cz2,cz1
r0021553,65851,cz2,cz1
r0021554,65853,cz2,cz1
r0021555,65855,cz2,cz1
r0021556,65857,cz2,cz1
r0021557,65858,cz2,cz1
r0021558,65860,cz2,cz1
r0021559,65862,cz2,cz1
r0021560,65863,cz2,cz1
r0021561,65865,cz2,cz1
r0021562,65867,cz2,cz1
r0021563,65869,cz2,cz1
r0021564,65870,cz2,cz1
r0021565,65872,cz2,cz1
r0021566,65874,cz2,cz1
r0021567,65876,cz2,cz1
r0021568,65877,cz2,cz1
r0021569,65879,cz2,cz1
r0021570,65881,cz2,cz1
r0021571,65882,cz2,cz1
r0021572,65884,cz2,cz1
r0021573,65886,cz2,cz1
r0021574,65888,cz2,cz1
r0021575,65889,cz2,cz1
r0021576,65891,cz2,cz1
r0021577,65893,cz2,cz1
r0021578,65895,cz2,cz1
r0021579,65896,cz2,cz1
r0021580,65898,cz2,cz1
r0021581,65900,cz2,cz1
r0021582,65901,cz2,cz1
r0021583,65903,cz2,cz1
r0021584,65905,cz2,cz1
r0021585,65907,cz2,cz1
r0021586,65908,cz2,cz1
r0021587,65910,cz2,cz1
r0021588,65912,cz2,cz1
r0021589,65913,cz2,cz1
r0021590,65915,cz2,cz1
r0021591,65917,cz2,cz1
r0021592,65919,cz2,cz1
r0021593,65920,cz2,cz1
r0021594,65922,cz2,cz1
r0021595,65924,cz2,cz1
r0021596,65926,cz2,cz1
r0021597,65927,cz2,cz1
r0021598,65929,cz2,cz1
r0021599,65931,cz2,cz1
r0021600,65932,cz2,cz1
r0021601,65934,cz2,cz1
r0021602,65936,cz2,cz1
r0021603,65938,cz2,cz1
r0021604,65939,cz2,cz1
r0021605,65941,cz2,cz1
r0021606,65943,cz2,cz1
r0021607,65945,cz2,cz1
r0021608,65946,cz2,cz1
r0021609,65948,cz2,cz1
r0021610,65950,cz2,cz1
r0021611,65951,cz2,cz1
r0021612,65953,cz2,cz1
r0021613,65955,cz2,cz1
r0021614,65957,cz2,cz1
r0021615,65958,cz2,cz1
r0021616,65960,cz2,cz1
r0021617,65962,cz2,cz1
r0021618,65964,cz2,cz1
r0021619,65965,cz2,cz1
r0021620,65967,cz2,cz1
r0021621,65969,cz2,cz1
r0021622,65970,cz2,cz1
r0021623,65972,cz2,cz1
r0021624,65974,cz2,cz1
r0021625,65976,cz2,cz1
r0021626,65977,cz2,cz1
r0021627,65979,cz2,cz1
r0021628,65981,cz2,cz1
r0021629,65983,cz2,cz1
r0021630,65984,cz2,cz1
r0021631,65986,cz2,cz1
r0021632,65988,cz2,cz1
r0021633,65989,cz2,cz1
r0021634,65991,cz2,cz1
r0021635,65993,cz2,cz1
r0021636,65995,cz2,cz1
r0021637,65996,cz2,cz1
r0021638,65998,cz2,cz1
r0021639,66000,cz2,cz1
r0021640,66002,cz2,cz1
r0021641,66003,cz2,cz1
r0021642,66005,cz2,cz1
r0021643,66007,cz2,cz1
r0021644,66008,cz2,cz1
r0021645,66010,cz2,cz1
r0021646,66012,cz2,cz1
r0021647,66014,cz2,cz1
r0021648,66015,cz2,cz1
r0021649,66017,cz2,cz1
r0021650,66019,cz2,cz1
r0021651,66020,cz2,cz1
r0021652,66022,cz2,cz1
r0021653,66024,cz2,cz1
r0021654,66026,cz2,cz1
r0021655,66027,cz2,cz1
r0021656,66029,cz2,cz1
r0021657,66031,cz2,cz1
r0021658,66033,cz2,cz1
r0021659,66034,cz2,cz1
r0021660,66036,cz2,cz1
r0021661,66038,cz2,cz1
r0021662,66039,cz2,cz2
r0021663,66041,cz2,cz2
r0021664,66043,cz2,cz2
r0021665,66045,cz2,cz2
r0021666,66046,cz2,cz2
r0021667,66048,cz2,cz2
r0021668,66050,cz2,cz2
r0021669,66052,cz2,cz2
r0021670,66053,cz2,cz2
r0021671,66055,cz2,cz2
r0021672,66057,cz2,cz2
r0021673,66058,cz2,cz2
r0021674,66060,cz2,cz2
r0021675,66062,cz2,cz2
r0021676,66064,cz2,cz2
r0021677,66065,cz2,cz2
r0021678,66067,cz2,cz2
r0021679,66069,cz2,cz2
r0021680,66071,cz2,cz2
r0021681,66072,cz2,cz2
r0021682,66074,cz2,cz2
r0021683,66076,cz2,cz2
r0021684,66077,cz2,cz2
r0021685,66079,cz2,cz2
r0021686,66081,cz2,cz2
r0021687,66083,cz2,cz2
r0021688,66084,cz2,cz2
r0021689,66086,cz2,cz2
r0021690,66088,cz2,cz2
r0021691,66090,cz2,cz2
r0021692,66091,cz2,cz2
r0021693,66093,cz2,cz2
r0021694,66095,cz2,cz2
r0021695,66096,cz2,cz2
r0021696,66098,cz2,cz2
r0021697,66100,cz2,cz2
r0021698,66102,cz2,cz2
r0021699,66103,cz2,cz2
r0021700,66105,cz2,cz2
r0021701,66107,cz2,cz2
r0021702,66109,cz2,cz2
r0021703,66110,cz2,cz2
r0021704,66112,cz2,cz2
r0021705,66114,cz2,cz2
r0021706,66115,cz2,cz2
r0021707,66117,cz2,cz2
r0021708,66119,cz2,cz2
r0021709,66121,cz2,cz2
r0021710,66122,cz2,cz2
r0021711,66124,cz2,cz2
r0021712,66126,cz2,cz2
r0021713,66127,cz2,cz2
r0021714,66129,cz2,cz2
r0021715,66131,cz2,cz2
r0021716,66133,cz2,cz2
r0021717,66134,cz2,cz2
r0021718,66136,cz2,cz2
r0021719,66138,cz2,cz2
r0021720,66140,cz2,cz2
r0021721,66141,cz2,cz2
r0021722,66143,cz2,cz2
r0021723,66145,cz2,cz2
r0021724,66146,cz2,cz2
r0021725,66148,cz2,cz2
r0021726,66150,cz2,cz2
r0021727,66152,cz2,cz2
r0021728,66153,cz2,cz2
r0021729,66155,cz2,cz2
r0021730,66157,cz2,cz2
r0021731,66159,cz2,cz2
r0021732,66160,cz2,cz2
r0021733,66162,cz2,cz2
r0021734,66164,cz2,cz2
r0021735,66165,cz2,cz2
r0021736,66167,cz2,cz2
r0021737,66169,cz2,cz2
r0021738,66171,cz2,cz2
r0021739,66172,cz2,cz2
r0021740,66174,cz2,cz2
r0021741,66176,cz2,cz2
r0021742,66178,cz2,cz2
r0021743,66179,cz2,cz2
r0021744,66181,cz2,cz2
r0021745,66183,cz2,cz2
r0021746,66184,cz2,cz2
r0021747,66186,cz2,cz2
r0021748,66188,cz2,cz2
r0021749,66190,cz2,cz2
r0021750,66191,cz2,cz2
r0021751,66193,cz2,cz2
r0021752,66195,cz2,cz2
r0021753,66197,cz2,cz2
r0021754,66198,cz2,cz2
r0021755,66200,cz2,cz2
r0021756,66202,cz2,cz2
r0021757,66203,cz2,cz2
r0021758,66205,cz2,cz2
r0021759,66207,cz2,cz2
r0021760,66209,cz2,cz2
r0021761,66210,cz2,cz2
r0021762,66212,cz2,cz2
r0021763,66214,cz2,cz2
r0021764,66216,cz2,cz2
r0021765,66217,cz2,cz2
r0021766,66219,cz2,cz2
r0021767,66221,cz2,cz2
r0021768,66222,cz2,cz2
r0021769,66224,cz2,cz2
r0021770,66226,cz2,cz2
r0021771,66228,cz2,cz2
r0021772,66229,cz2,cz2
r0021773,66231,cz2,cz2
r0021774,66233,cz2,cz2
r0021775,66234,cz2,cz2
r0021776,66236,cz2,cz2
r0021777,66238,cz2,cz2
r0021778,66240,cz2,cz2
r0021779,66241,cz2,cz2
r0021780,66243,cz2,cz2
r0021781,66245,cz2,cz2
r0021782,66247,cz2,cz2
r0021783,66248,cz2,cz2
r0021784,66250,cz2,cz2
r0021785,66252,cz2,cz2
r0021786,66253,cz2,cz2
r0021787,66255,cz2,cz2
r0021788,66257,cz2,cz3
r0021789,66259,cz2,cz3
r0021790,66260,cz2,cz3
r0021791,66262,cz2,cz3
r0021792,66264,cz2,cz3
r0021793,66266,cz2,cz3
r0021794,66267,cz2,cz3
r0021795,66269,cz2,cz3
r0021796,66271,cz2,cz3
r0021797,66272,cz2,cz3
r0021798,66274,cz2,cz3
r0021799,66276,cz2,cz3
r0021800,66278,cz2,cz3
r0021801,66279,cz2,cz3
r0021802,66281,cz2,cz3
r0021803,66283,cz2,cz3
r0021804,66285,cz2,cz3
r0021805,66286,cz2,cz3
r0021806,66288,cz2,cz3
r0021807,66290,cz2,cz3
r0021808,66291,cz2,cz3
r0021809,66293,cz2,cz3
r0021810,66295,cz2,cz3
r0021811,66297,cz2,cz3
r0021812,66298,cz2,cz3
r0021813,66300,cz2,cz3
r0021814,66302,cz2,cz3
r0021815,66304,cz2,cz3
r0021816,66305,cz2,cz3
r0021817,66307,cz2,cz3
r0021818,66309,cz2,cz3
r0021819,66310,cz2,cz3
r0021820,66312,cz2,cz3
r0021821,66314,cz2,cz3
r0021822,66316,cz2,cz3
r0021823,66317,cz2,cz3
r0021824,66319,cz2,cz3
r0021825,66321,cz2,cz3
r0021826,66323,cz2,cz3
r0021827,66324,cz2,cz3
r0021828,66326,cz2,cz3
r0021829,66328,cz2,cz3
r0021830,66329,cz2,cz3
r0021831,66331,cz2,cz3
r0021832,66333,cz2,cz3
r0021833,66335,cz2,cz3
r0021834,66336,cz2,cz3
r0021835,66338,cz2,cz3
r0021836,66340,cz2,cz3
r0021837,66341,cz2,cz3
r0021838,66343,cz2,cz3
r0021839,66345,cz2,cz3
r0021840,66347,cz2,cz3
r0021841,66348,cz2,cz3
r0021842,66350,cz2,cz3
r0021843,66352,cz2,cz3
r0021844,66354,cz2,cz3
r0021845,66355,cz2,cz3
r0021846,66357,cz2,cz3
r0021847,66359,cz2,cz3
r0021848,66360,cz2,cz3
r0021849,66362,cz2,cz3
r0021850,66364,cz2,cz3
r0021851,66366,cz2,cz3
r0021852,66367,cz2,cz3
r0021853,66369,cz2,cz3
r0021854,66371,cz2,cz3
r0021855,66373,cz2,cz3
r0021856,66374,cz2,cz3
r0021857,66376,cz2,cz3
r0021858,66378,cz2,cz3
r0021859,66379,cz2,cz3
r0021860,66381,cz2,cz3
r0021861,66383,cz2,cz3
r0021862,66385,cz2,cz3
r0021863,66386,cz2,cz3
r0021864,66388,cz2,cz3
r0021865,66390,cz2,cz3
r0021866,66392,cz2,cz3
r0021867,66393,cz2,cz3
r0021868,66395,cz2,cz3
r0021869,66397,cz2,cz3
r0021870,66398,cz2,cz3
r0021871,66400,cz2,cz3
r0021872,66402,cz2,cz3
r0021873,66404,cz2,cz3
r0021874,66405,cz2,cz3
r0021875,66407,cz2,cz3
r0021876,66409,cz2,cz3
r0021877,66411,cz2,cz3
r0021878,66412,cz2,cz3
r0021879,66414,cz2,cz3
r0021880,66416,cz2,cz3
r0021881,66417,cz2,cz3
r0021882,66419,cz2,cz3
r0021883,66421,cz2,cz3
r0021884,66423,cz2,cz3
r0021885,66424,cz2,cz3
r0021886,66426,cz2,cz3
r0021887,66428,cz2,cz3
r0021888,66430,cz2,cz3
r0021889,66431,cz2,cz3
r0021890,66433,cz2,cz3
r0021891,66435,cz2,cz3
r0021892,66436,cz2,cz3
r0021893,66438,cz2,cz3
r0021894,66440,cz2,cz3
r0021895,66442,cz2,cz3
r0021896,66443,cz2,cz3
r0021897,66445,cz2,cz3
r0021898,66447,cz2,cz3
r0021899,66448,cz2,cz3
r0021900,66450,cz2,cz3
r0021901,66452,cz2,cz3
r0021902,66454,cz2,cz3
r0021903,66455,cz2,cz3
r0021904,66457,cz2,cz3
r0021905,66459,cz2,cz3
r0021906,66461,cz2,cz3
r0021907,66462,cz2,cz3
r0021908,66464,cz2,cz3
r0021909,66466,cz2,cz3
r0021910,66467,cz2,cz3
r0021911,66469,cz2,cz3
r0021912,66471,cz2,cz3
r0021913,66473,cz2,cz3
r0021914,66474,cz2,cz4
r0021915,66476,cz2,cz4
r0021916,66478,cz2,cz4
r0021917,66480,cz2,cz4
r0021918,66481,cz2,cz4
r0021919,66483,cz2,cz4
r0021920,66485,cz2,cz4
r0021921,66486,cz2,cz4
r0021922,66488,cz2,cz4
r0021923,66490,cz2,cz4
r0021924,66492,cz2,cz4
r0021925,66493,cz2,cz4
r0021926,66495,cz2,cz4
r0021927,66497,cz2,cz4
r0021928,66499,cz2,cz4
r0021929,66500,cz2,cz4
r0021930,66502,cz2,cz4
r0021931,66504,cz2,cz4
r0021932,66505,cz2,cz4
r0021933,66507,cz2,cz4
r0021934,66509,cz2,cz4
r0021935,66511,cz2,cz4
r0021936,66512,cz2,cz4
r0021937,66514,cz2,cz4
r0021938,66516,cz2,cz4
r0021939,66518,cz2,cz4
r0021940,66519,cz2,cz4
r0021941,66521,cz2,cz4
r0021942,66523,cz2,cz4
r0021943,66524,cz2,cz4
r0021944,66526,cz2,cz4
r0021945,66528,cz2,cz4
r0021946,66530,cz2,cz4
r0021947,66531,cz2,cz4
r0021948,66533,cz2,cz4
r0021949,66535,cz2,cz4
r0021950,66537,cz2,cz4
r0021951,66538,cz2,cz4
r0021952,66540,cz2,cz4
r0021953,66542,cz2,cz4
r0021954,66543,cz2,cz4
r0021955,66545,cz2,cz4
r0021956,66547,cz2,cz4
r0021957,66549,cz2,cz4
r0021958,66550,cz2,cz4
r0021959,66552,cz2,cz4
r0021960,66554,cz2,cz4
r0021961,66555,cz2,cz4
r0021962,66557,cz2,cz4
r0021963,66559,cz2,cz4
r0021964,66561,cz2,cz4
r0021965,66562,cz2,cz4
r0021966,66564,cz2,cz4
r0021967,66566,cz2,cz4
r0021968,66568,cz2,cz4
r0021969,66569,cz2,cz4
r0021970,66571,cz2,cz4
r0021971,66573,cz2,cz4
r0021972,66574,cz2,cz4
r0021973,66576,cz2,cz4
r0021974,66578,cz2,cz4
r0021975,66580,cz2,cz4
r0021976,66581,cz2,cz4
r0021977,66583,cz2,cz4
r0021978,66585,cz2,cz4
r0021979,66587,cz2,cz4
r0021980,66588,cz2,cz4
r0021981,66590,cz2,cz4
r0021982,66592,cz2,cz4
r0021983,66593,cz2,cz4
r0021984,66595,cz2,cz4
r0021985,66597,cz2,cz4
r0021986,66599,cz2,cz4
r0021987,66600,cz2,cz4
r0021988,66602,cz2,cz4
r0021989,66604,cz2,cz4
r0021990,66606,cz2,cz4
r0021991,66607,cz2,cz4
r0021992,66609,cz2,cz4
r0021993,66611,cz2,cz4
r0021994,66612,cz2,cz4
r0021995,66614,cz2,cz4
r0021996,66616,cz2,cz4
r0021997,66618,cz2,cz4
r0021998,66619,cz2,cz4
r0021999,66621,cz2,cz4
r0022000,66623,cz2,cz4
r0022001,66625,cz2,cz4
r0022002,66626,cz2,cz4
r0022003,66628,cz2,cz4
r0022004,66630,cz2,cz4
r0022005,66631,cz3,cz1
r0022006,66633,cz3,cz1
r0022007,66635,cz3,cz1
r0022008,66637,cz3,cz1
r0022009,66638,cz3,cz1
r0022010,66640,cz3,cz1
r0022011,66642,cz3,cz1
r0022012,66644,cz3,cz1
r0022013,66645,cz3,cz1
r0022014,66647,cz3,cz1
r0022015,66649,cz3,cz1
r0022016,66650,cz3,cz1
r0022017,66652,cz3,cz1
r0022018,66654,cz3,cz1
r0022019,66656,cz3,cz1
r0022020,66657,cz3,cz1
r0022021,66659,cz3,cz1
r0022022,66661,cz3,cz1
r0022023,66662,cz3,cz1
r0022024,66664,cz3,cz1
r0022025,66666,cz3,cz1
r0022026,66668,cz3,cz1
r0022027,66669,cz3,cz1
r0022028,66671,cz3,cz1
r0022029,66673,cz3,cz1
r0022030,66675,cz3,cz1
r0022031,66676,cz3,cz1
r0022032,66678,cz3,cz1
r0022033,66680,cz3,cz1
r0022034,66681,cz3,cz1
r0022035,66683,cz3,cz1
r0022036,66685,cz3,cz1
r0022037,66687,cz3,cz1
r0022038,66688,cz3,cz1
r0022039,66690,cz3,cz1
r0022040,66692,cz3,cz1
r0022041,66694,cz3,cz1
r0022042,66695,cz3,cz1
r0022043,66697,cz3,cz1
r0022044,66699,cz3,cz1
r0022045,66700,cz3,cz1
r0022046,66702,cz3,cz1
r0022047,66704,cz3,cz1
r0022048,66706,cz3,cz1
r0022049,66707,cz3,cz1
r0022050,66709,cz3,cz1
r0022051,66711,cz3,cz1
r0022052,66713,cz3,cz1
r0022053,66714,cz3,cz1
r0022054,66716,cz3,cz1
r0022055,66718,cz3,cz1
r0022056,66719,cz3,cz1
r0022057,66721,cz3,cz1
r0022058,66723,cz3,cz1
r0022059,66725,cz3,cz1
r0022060,66726,cz3,cz1
r0022061,66728,cz3,cz1
r0022062,66730,cz3,cz1
r0022063,66732,cz3,cz1
r0022064,66733,cz3,cz1
r0022065,66735,cz3,cz1
r0022066,66737,cz3,cz1
r0022067,66738,cz3,cz1
r0022068,66740,cz3,cz1
r0022069,66742,cz3,cz1
r0022070,66744,cz3,cz1
r0022071,66745,cz3,cz1
r0022072,66747,cz3,cz1
r0022073,66749,cz3,cz1
r0022074,66751,cz3,cz1
r0022075,66752,cz3,cz1
r0022076,66754,cz3,cz1
r0022077,66756,cz3,cz1
r0022078,66757,cz3,cz1
r0022079,66759,cz3,cz1
r0022080,66761,cz3,cz1
r0022081,66763,cz3,cz1
r0022082,66764,cz3,cz1
r0022083,66766,cz3,cz1
r0022084,66768,cz3,cz1
r0022085,66769,cz3,cz1
r0022086,66771,cz3,cz1
r0022087,66773,cz3,cz1
r0022088,66775,cz3,cz1
r0022089,66776,cz3,cz1
r0022090,66778,cz3,cz1
r0022091,66780,cz3,cz1
r0022092,66782,cz3,cz1
r0022093,66783,cz3,cz1
r0022094,66785,cz3,cz1
r0022095,66787,cz3,cz1
r0022096,66788,cz3,cz1
r0022097,66790,cz3,cz1
r0022098,66792,cz3,cz1
r0022099,66794,cz3,cz1
r0022100,66795,cz3,cz1
r0022101,66797,cz3,cz1
r0022102,66799,cz3,cz1
r0022103,66801,cz3,cz1
r0022104,66802,cz3,cz1
r0022105,66804,cz3,cz1
r0022106,66806,cz3,cz1
r0022107,66807,cz3,cz1
r0022108,66809,cz3,cz1
r0022109,66811,cz3,cz1
r0022110,66813,cz3,cz1
r0022111,66814,cz3,cz1
r0022112,66816,cz3,cz1
r0022113,66818,cz3,cz1
r0022114,66820,cz3,cz1
r0022115,66821,cz3,cz1
r0022116,66823,cz3,cz1
r0022117,66825,cz3,cz1
r0022118,66826,cz3,cz1
r0022119,66828,cz3,cz1
r0022120,66830,cz3,cz1
r0022121,66832,cz3,cz1
r0022122,66833,cz3,cz1
r0022123,66835,cz3,cz1
r0022124,66837,cz3,cz1
r0022125,66839,cz3,cz1
r0022126,66840,cz3,cz1
r0022127,66842,cz3,cz1
r0022128,66844,cz3,cz1
r0022129,66845,cz3,cz1
r0022130,66847,cz3,cz1
r0022131,66849,cz3,cz1
r0022132,66851,cz3,cz1
r0022133,66852,cz3,cz1
r0022134,66854,cz3,cz1
r0022135,66856,cz3,cz1
r0022136,66858,cz3,cz1
r0022137,66859,cz3,cz1
r0022138,66861,cz3,cz1
r0022139,66863,cz3,cz1
r0022140,66864,cz3,cz1
r0022141,66866,cz3,cz1
r0022142,66868,cz3,cz1
r0022143,66870,cz3,cz1
r0022144,66871,cz3,cz1
r0022145,66873,cz3,cz1
r0022146,66875,cz3,cz1
r0022147,66876,cz3,cz1
r0022148,66878,cz3,cz1
r0022149,66880,cz3,cz1
r0022150,66882,cz3,cz1
r0022151,66883,cz3,cz1
r0022152,66885,cz3,cz1
r0022153,66887,cz3,cz1
r0022154,66889,cz3,cz1
r0022155,66890,cz3,cz1
r0022156,66892,cz3,cz1
r0022157,66894,cz3,cz1
r0022158,66895,cz3,cz1
r0022159,66897,cz3,cz1
r0022160,66899,cz3,cz1
r0022161,66901,cz3,cz1
r0022162,66902,cz3,cz1
r0022163,66904,cz3,cz1
r0022164,66906,cz3,cz1
r0022165,66908,cz3,cz1
r0022166,66909,cz3,cz1
r0022167,66911,cz3,cz1
r0022168,66913,cz3,cz1
r0022169,66914,cz3,cz1
r0022170,66916,cz3,cz1
r0022171,66918,cz3,cz1
r0022172,66920,cz3,cz1
r0022173,66921,cz3,cz1
r0022174,66923,cz3,cz1
r0022175,66925,cz3,cz1
r0022176,66927,cz3,cz2
r0022177,66928,cz3,cz2
r0022178,66930,cz3,cz2
r0022179,66932,cz3,cz2
r0022180,66933,cz3,cz2
r0022181,66935,cz3,cz2
r0022182,66937,cz3,cz2
r0022183,66939,cz3,cz2
r0022184,66940,cz3,cz2
r0022185,66942,cz3,cz2
r0022186,66944,cz3,cz2
r0022187,66946,cz3,cz2
r0022188,66947,cz3,cz2
r0022189,66949,cz3,cz2
r0022190,66951,cz3,cz2
r0022191,66952,cz3,cz2
r0022192,66954,cz3,cz2
r0022193,66956,cz3,cz2
r0022194,66958,cz3,cz2
r0022195,66959,cz3,cz2
r0022196,66961,cz3,cz2
r0022197,66963,cz3,cz2
r0022198,66965,cz3,cz2
r0022199,66966,cz3,cz2
r0022200,66968,cz3,cz2
r0022201,66970,cz3,cz2
r0022202,66971,cz3,cz2
r0022203,66973,cz3,cz2
r0022204,66975,cz3,cz2
r0022205,66977,cz3,cz2
r0022206,66978,cz3,cz2
r0022207,66980,cz3,cz2
r0022208,66982,cz3,cz2
r0022209,66983,cz3,cz2
r0022210,66985,cz3,cz2
r0022211,66987,cz3,cz2
r0022212,66989,cz3,cz2
r0022213,66990,cz3,cz2
r0022214,66992,cz3,cz2
r0022215,66994,cz3,cz2
r0022216,66996,cz3,cz2
r0022217,66997,cz3,cz2
r0022218,66999,cz3,cz2
r0022219,67001,cz3,cz2
r0022220,67002,cz3,cz2
r0022221,67004,cz3,cz2
r0022222,67006,cz3,cz2
r0022223,67008,cz3,cz2
r0022224,67009,cz3,cz2
r0022225,67011,cz3,cz2
r0022226,67013,cz3,cz2
r0022227,67015,cz3,cz2
r0022228,67016,cz3,cz2
r0022229,67018,cz3,cz2
r0022230,67020,cz3,cz2
r0022231,67021,cz3,cz2
r0022232,67023,cz3,cz2
r0022233,67025,cz3,cz2
r0022234,67027,cz3,cz2
r0022235,67028,cz3,cz2
r0022236,67030,cz3,cz2
r0022237,67032,cz3,cz2
r0022238,67034,cz3,cz2
r0022239,67035,cz3,cz2
r0022240,67037,cz3,cz2
r0022241,67039,cz3,cz2
r0022242,67040,cz3,cz2
r0022243,67042,cz3,cz2
r0022244,67044,cz3,cz2
r0022245,67046,cz3,cz2
r0022246,67047,cz3,cz2
r0022247,67049,cz3,cz2
r0022248,67051,cz3,cz2
r0022249,67053,cz3,cz2
r0022250,67054,cz3,cz2
r0022251,67056,cz3,cz2
r0022252,67058,cz3,cz2
r0022253,67059,cz3,cz2
r0022254,67061,cz3,cz2
r0022255,67063,cz3,cz2
r0022256,67065,cz3,cz2
r0022257,67066,cz3,cz2
r0022258,67068,cz3,cz2
r0022259,67070,cz3,cz2
r0022260,67072,cz3,cz2
r0022261,67073,cz3,cz2
r0022262,67075,cz3,cz2
r0022263,67077,cz3,cz2
r0022264,67078,cz3,cz2
r0022265,67080,cz3,cz2
r0022266,67082,cz3,cz2
r0022267,67084,cz3,cz2
r0022268,67085,cz3,cz2
r0022269,67087,cz3,cz2
r0022270,67089,cz3,cz2
r0022271,67090,cz3,cz2
r0022272,67092,cz3,cz2
r0022273,67094,cz3,cz2
r0022274,67096,cz3,cz2
r0022275,67097,cz3,cz2
r0022276,67099,cz3,cz2
r0022277,67101,cz3,cz2
r0022278,67103,cz3,cz2
r0022279,67104,cz3,cz2
r0022280,67106,cz3,cz2
r0022281,67108,cz3,cz2
r0022282,67109,cz3,cz2
r0022283,67111,cz3,cz2
r0022284,67113,cz3,cz2
r0022285,67115,cz3,cz2
r0022286,67116,cz3,cz2
r0022287,67118,cz3,cz2
r0022288,67120,cz3,cz2
r0022289,67122,cz3,cz2
r0022290,67123,cz3,cz2
r0022291,67125,cz3,cz2
r0022292,67127,cz3,cz2
r0022293,67128,cz3,cz2
r0022294,67130,cz3,cz2
r0022295,67132,cz3,cz2
r0022296,67134,cz3,cz2
r0022297,67135,cz3,cz2
r0022298,67137,cz3,cz3
r0022299,67139,cz3,cz3
r0022300,67141,cz3,cz3
r0022301,67142,cz3,cz3
r0022302,67144,cz3,cz3
r0022303,67146,cz3,cz3
r0022304,67147,cz3,cz3
r0022305,67149,cz3,cz3
r0022306,67151,cz3,cz3
r0022307,67153,cz3,cz3
r0022308,67154,cz3,cz3
r0022309,67156,cz3,cz3
r0022310,67158,cz3,cz3
r0022311,67160,cz3,cz3
r0022312,67161,cz3,cz3
r0022313,67163,cz3,cz3
r0022314,67165,cz3,cz3
r0022315,67166,cz3,cz3
r0022316,67168,cz3,cz3
r0022317,67170,cz3,cz3
r0022318,67172,cz3,cz3
r0022319,67173,cz3,cz3
r0022320,67175,cz3,cz3
r0022321,67177,cz3,cz3
r0022322,67179,cz3,cz3
r0022323,67180,cz3,cz3
r0022324,67182,cz3,cz3
r0022325,67184,cz3,cz3
r0022326,67185,cz3,cz3
r0022327,67187,cz3,cz3
r0022328,67189,cz3,cz3
r0022329,67191,cz3,cz3
r0022330,67192,cz3,cz3
r0022331,67194,cz3,cz3
r0022332,67196,cz3,cz3
r0022333,67197,cz3,cz3
r0022334,67199,cz3,cz3
r0022335,67201,cz3,cz3
r0022336,67203,cz3,cz3
r0022337,67204,cz3,cz3
r0022338,67206,cz3,cz3
r0022339,67208,cz3,cz3
r0022340,67210,cz3,cz3
r0022341,67211,cz3,cz3
r0022342,67213,cz3,cz3
r0022343,67215,cz3,cz3
r0022344,67216,cz3,cz3
r0022345,67218,cz3,cz3
r0022346,67220,cz3,cz3
r0022347,67222,cz3,cz3
r0022348,67223,cz3,cz3
r0022349,67225,cz3,cz3
r0022350,67227,cz3,cz3
r0022351,67229,cz3,cz3
r0022352,67230,cz3,cz3
r0022353,67232,cz3,cz3
r0022354,67234,cz3,cz3
r0022355,67235,cz3,cz3
r0022356,67237,cz3,cz3
r0022357,67239,cz3,cz3
r0022358,67241,cz3,cz3
r0022359,67242,cz3,cz3
r0022360,67244,cz3,cz3
r0022361,67246,cz3,cz3
r0022362,67248,cz3,cz3
r0022363,67249,cz3,cz3
r0022364,67251,cz3,cz3
r0022365,67253,cz3,cz3
r0022366,67254,cz3,cz3
r0022367,67256,cz3,cz3
r0022368,67258,cz3,cz3
r0022369,67260,cz3,cz3
r0022370,67261,cz3,cz3
r0022371,67263,cz3,cz3
r0022372,67265,cz3,cz3
r0022373,67267,cz3,cz3
r0022374,67268,cz3,cz3
r0022375,67270,cz3,cz3
r0022376,67272,cz3,cz3
r0022377,67273,cz3,cz3
r0022378,67275,cz3,cz3
r0022379,67277,cz3,cz3
r0022380,67279,cz3,cz3
r0022381,67280,cz3,cz3
r0022382,67282,cz3,cz3
r0022383,67284,cz3,cz3
r0022384,67286,cz3,cz3
r0022385,67287,cz3,cz3
r0022386,67289,cz3,cz3
r0022387,67291,cz3,cz3
r0022388,67292,cz3,cz3
r0022389,67294,cz3,cz3
r0022390,67296,cz3,cz3
r0022391,67298,cz3,cz3
r0022392,67299,cz3,cz3
r0022393,67301,cz3,cz3
r0022394,67303,cz3,cz3
r0022395,67304,cz3,cz3
r0022396,67306,cz3,cz3
r0022397,67308,cz3,cz3
r0022398,67310,cz3,cz3
r0022399,67311,cz3,cz3
r0022400,67313,cz3,cz3
r0022401,67315,cz3,cz3
r0022402,67317,cz3,cz3
r0022403,67318,cz3,cz3
r0022404,67320,cz3,cz3
r0022405,67322,cz3,cz3
r0022406,67323,cz3,cz3
r0022407,67325,cz3,cz3
r0022408,67327,cz3,cz3
r0022409,67329,cz3,cz3
r0022410,67330,cz3,cz3
r0022411,67332,cz3,cz3
r0022412,67334,cz3,cz3
r0022413,67336,cz3,cz3
r0022414,67337,cz3,cz3
r0022415,67339,cz3,cz3
r0022416,67341,cz3,cz3
r0022417,67342,cz3,cz3
r0022418,67344,cz3,cz3
r0022419,67346,cz3,cz3
r0022420,67348,cz3,cz3
r0022421,67349,cz3,cz3
r0022422,67351,cz3,cz3
r0022423,67353,cz3,cz3
r0022424,67355,cz3,cz3
r0022425,67356,cz3,cz3
r0022426,67358,cz3,cz3
r0022427,67360,cz3,cz3
r0022428,67361,cz3,cz3
r0022429,67363,cz3,cz3
r0022430,67365,cz3,cz3
r0022431,67367,cz3,cz3
r0022432,67368,cz3,cz3
r0022433,67370,cz3,cz3
r0022434,67372,cz3,cz3
r0022435,67374,cz3,cz3
r0022436,67375,cz3,cz3
r0022437,67377,cz3,cz3
r0022438,67379,cz3,cz3
r0022439,67380,cz3,cz3
r0022440,67382,cz3,cz3
r0022441,67384,cz3,cz3
r0022442,67386,cz3,cz3
r0022443,67387,cz3,cz3
r0022444,67389,cz3,cz3
r0022445,67391,cz3,cz3
r0022446,67393,cz3,cz3
r0022447,67394,cz3,cz3
r0022448,67396,cz3,cz3
r0022449,67398,cz3,cz3
r0022450,67399,cz3,cz3
r0022451,67401,cz3,cz3
r0022452,67403,cz3,cz3
r0022453,67405,cz3,cz3
r0022454,67406,cz3,cz3
r0022455,67408,cz3,cz3
r0022456,67410,cz3,cz3
r0022457,67411,cz3,cz3
r0022458,67413,cz3,cz3
r0022459,67415,cz3,cz3
r0022460,67417,cz3,cz3
r0022461,67418,cz3,cz3
r0022462,67420,cz3,cz3
r0022463,67422,cz3,cz3
r0022464,67424,cz3,cz3
r0022465,67425,cz3,cz3
r0022466,67427,cz3,cz3
r0022467,67429,cz3,cz3
r0022468,67430,cz3,cz3
r0022469,67432,cz3,cz3
r0022470,67434,cz3,cz3
r0022471,67436,cz3,cz3
r0022472,67437,cz3,cz3
r0022473,67439,cz3,cz3
r0022474,67441,cz3,cz3
r0022475,67443,cz3,cz3
r0022476,67444,cz3,cz3
r0022477,67446,cz3,cz3
r0022478,67448,cz3,cz3
r0022479,67449,cz3,cz3
r0022480,67451,cz3,cz3
r0022481,67453,cz3,cz4
r0022482,67455,cz3,cz4
r0022483,67456,cz3,cz4
r0022484,67458,cz3,cz4
r0022485,67460,cz3,cz4
r0022486,67462,cz3,cz4
r0022487,67463,cz3,cz4
r0022488,67465,cz3,cz4
r0022489,67467,cz3,cz4
r0022490,67468,cz3,cz4
r0022491,67470,cz3,cz4
r0022492,67472,cz3,cz4
r0022493,67474,cz3,cz4
r0022494,67475,cz3,cz4
r0022495,67477,cz3,cz4
r0022496,67479,cz3,cz4
r0022497,67481,cz3,cz4
r0022498,67482,cz3,cz4
r0022499,67484,cz3,cz4
r0022500,67486,cz3,cz4
r0022501,67487,cz3,cz4
r0022502,67489,cz3,cz4
r0022503,67491,cz3,cz4
r0022504,67493,cz3,cz4
r0022505,67494,cz3,cz4
r0022506,67496,cz3,cz4
r0022507,67498,cz3,cz4
r0022508,67500,cz3,cz4
r0022509,67501,cz3,cz4
r0022510,67503,cz3,cz4
r0022511,67505,cz3,cz4
r0022512,67506,cz3,cz4
r0022513,67508,cz3,cz4
r0022514,67510,cz3,cz4
r0022515,67512,cz3,cz4
r0022516,67513,cz3,cz4
r0022517,67515,cz3,cz4
r0022518,67517,cz3,cz4
r0022519,67518,cz3,cz4
r0022520,67520,cz3,cz4
r0022521,67522,cz3,cz4
r0022522,67524,cz3,cz4
r0022523,67525,cz3,cz4
r0022524,67527,cz3,cz4
r0022525,67529,cz3,cz4
r0022526,67531,cz3,cz4
r0022527,67532,cz3,cz4
r0022528,67534,cz3,cz4
r0022529,67536,cz3,cz4
r0022530,67537,cz3,cz4
r0022531,67539,cz3,cz4
r0022532,67541,cz3,cz4
r0022533,67543,cz3,cz4
r0022534,67544,cz3,cz4
r0022535,67546,cz3,cz4
r0022536,67548,cz3,cz4
r0022537,67550,cz3,cz4
r0022538,67551,cz3,cz4
r0022539,67553,cz3,cz4
r0022540,67555,cz3,cz4
r0022541,67556,cz3,cz4
r0022542,67558,cz3,cz4
r0022543,67560,cz3,cz4
r0022544,67562,cz3,cz4
r0022545,67563,cz3,cz4
r0022546,67565,cz3,cz4
r0022547,67567,cz3,cz4
r0022548,67569,cz3,cz4
r0022549,67570,cz3,cz4
r0022550,67572,cz3,cz4
r0022551,67574,cz3,cz4
r0022552,67575,cz3,cz4
r0022553,67577,cz3,cz4
r0022554,67579,cz3,cz4
r0022555,67581,cz3,cz4
r0022556,67582,cz3,cz4
r0022557,67584,cz3,cz4
r0022558,67586,cz3,cz4
r0022559,67588,cz3,cz4
r0022560,67589,cz3,cz4
r0022561,67591,cz3,cz4
r0022562,67593,cz3,cz4
r0022563,67594,cz3,cz4
r0022564,67596,cz3,cz4
r0022565,67598,cz3,cz4
r0022566,67600,cz3,cz4
r0022567,67601,cz3,cz4
r0022568,67603,cz3,cz4
r0022569,67605,cz3,cz4
r0022570,67606,cz3,cz4
r0022571,67608,cz3,cz4
r0022572,67610,cz3,cz4
r0022573,67612,cz3,cz4
r0022574,67613,cz3,cz4
r0022575,67615,cz3,cz4
r0022576,67617,cz3,cz4
r0022577,67619,cz3,cz4
r0022578,67620,cz3,cz4
r0022579,67622,cz3,cz4
r0022580,67624,cz3,cz4
r0022581,67625,cz3,cz4
r0022582,67627,cz3,cz4
r0022583,67629,cz3,cz4
r0022584,67631,cz3,cz4
r0022585,67632,cz3,cz4
r0022586,67634,cz3,cz4
r0022587,67636,cz3,cz4
r0022588,67638,cz3,cz4
r0022589,67639,cz3,cz4
r0022590,67641,cz3,cz4
r0022591,67643,cz3,cz4
r0022592,67644,cz3,cz4
r0022593,67646,cz3,cz4
r0022594,67648,cz3,cz4
r0022595,67650,cz3,cz4
r0022596,67651,cz3,cz4
r0022597,67653,cz3,cz4
r0022598,67655,cz3,cz4
r0022599,67657,cz3,cz4
r0022600,67658,cz3,cz4
r0022601,67660,cz3,cz4
r0022602,67662,cz3,cz4
r0022603,67663,cz3,cz4
r0022604,67665,cz4,cz1
r0022605,67667,cz4,cz1
r0022606,67669,cz4,cz1
r0022607,67670,cz4,cz1
r0022608,67672,cz4,cz1
r0022609,67674,cz4,cz1
r0022610,67676,cz4,cz1
r0022611,67677,cz4,cz1
r0022612,67679,cz4,cz1
r0022613,67681,cz4,cz1
r0022614,67682,cz4,cz1
r0022615,67684,cz4,cz1
r0022616,67686,cz4,cz1
r0022617,67688,cz4,cz1
r0022618,67689,cz4,cz1
r0022619,67691,cz4,cz1
r0022620,67693,cz4,cz1
r0022621,67695,cz4,cz1
r0022622,67696,cz4,cz1
r0022623,67698,cz4,cz1
r0022624,67700,cz4,cz1
r0022625,67701,cz4,cz1
r0022626,67703,cz4,cz1
r0022627,67705,cz4,cz1
r0022628,67707,cz4,cz1
r0022629,67708,cz4,cz1
r0022630,67710,cz4,cz1
r0022631,67712,cz4,cz1
r0022632,67713,cz4,cz1
r0022633,67715,cz4,cz1
r0022634,67717,cz4,cz1
r0022635,67719,cz4,cz1
r0022636,67720,cz4,cz1
r0022637,67722,cz4,cz1
r0022638,67724,cz4,cz1
r0022639,67726,cz4,cz1
r0022640,67727,cz4,cz1
r0022641,67729,cz4,cz1
r0022642,67731,cz4,cz1
r0022643,67732,cz4,cz1
r0022644,67734,cz4,cz1
r0022645,67736,cz4,cz1
r0022646,67738,cz4,cz1
r0022647,67739,cz4,cz1
r0022648,67741,cz4,cz1
r0022649,67743,cz4,cz1
r0022650,67745,cz4,cz1
r0022651,67746,cz4,cz1
r0022652,67748,cz4,cz1
r0022653,67750,cz4,cz1
r0022654,67751,cz4,cz1
r0022655,67753,cz4,cz1
r0022656,67755,cz4,cz1
r0022657,67757,cz4,cz1
r0022658,67758,cz4,cz1
r0022659,67760,cz4,cz1
r0022660,67762,cz4,cz1
r0022661,67764,cz4,cz1
r0022662,67765,cz4,cz1
r0022663,67767,cz4,cz1
r0022664,67769,cz4,cz1
r0022665,67770,cz4,cz1
r0022666,67772,cz4,cz1
r0022667,67774,cz4,cz1
r0022668,67776,cz4,cz1
r0022669,67777,cz4,cz1
r0022670,67779,cz4,cz1
r0022671,67781,cz4,cz1
r0022672,67783,cz4,cz1
r0022673,67784,cz4,cz1
r0022674,67786,cz4,cz1
r0022675,67788,cz4,cz1
r0022676,67789,cz4,cz1
r0022677,67791,cz4,cz1
r0022678,67793,cz4,cz1
r0022679,67795,cz4,cz1
r0022680,67796,cz4,cz1
r0022681,67798,cz4,cz1
r0022682,67800,cz4,cz1
r0022683,67802,cz4,cz1
r0022684,67803,cz4,cz1
r0022685,67805,cz4,cz1
r0022686,67807,cz4,cz1
r0022687,67808,cz4,cz1
r0022688,67810,cz4,cz1
r0022689,67812,cz4,cz1
r0022690,67814,cz4,cz1
r0022691,67815,cz4,cz1
r0022692,67817,cz4,cz1
r0022693,67819,cz4,cz1
r0022694,67820,cz4,cz1
r0022695,67822,cz4,cz1
r0022696,67824,cz4,cz1
r0022697,67826,cz4,cz1
r0022698,67827,cz4,cz1
r0022699,67829,cz4,cz1
r0022700,67831,cz4,cz1
r0022701,67833,cz4,cz1
r0022702,67834,cz4,cz1
r0022703,67836,cz4,cz1
r0022704,67838,cz4,cz1
r0022705,67839,cz4,cz1
r0022706,67841,cz4,cz1
r0022707,67843,cz4,cz1
r0022708,67845,cz4,cz1
r0022709,67846,cz4,cz1
r0022710,67848,cz4,cz1
r0022711,67850,cz4,cz1
r0022712,67852,cz4,cz1
r0022713,67853,cz4,cz1
r0022714,67855,cz4,cz1
r0022715,67857,cz4,cz1
r0022716,67858,cz4,cz1
r0022717,67860,cz4,cz1
r0022718,67862,cz4,cz1
r0022719,67864,cz4,cz1
r0022720,67865,cz4,cz1
r0022721,67867,cz4,cz1
r0022722,67869,cz4,cz1
r0022723,67871,cz4,cz1
r0022724,67872,cz4,cz1
r0022725,67874,cz4,cz2
r0022726,67876,cz4,cz2
r0022727,67877,cz4,cz2
r0022728,67879,cz4,cz2
r0022729,67881,cz4,cz2
r0022730,67883,cz4,cz2
r0022731,67884,cz4,cz2
r0022732,67886,cz4,cz2
r0022733,67888,cz4,cz2
r0022734,67890,cz4,cz2
r0022735,67891,cz4,cz2
r0022736,67893,cz4,cz2
r0022737,67895,cz4,cz2
r0022738,67896,cz4,cz2
r0022739,67898,cz4,cz2
r0022740,67900,cz4,cz2
r0022741,67902,cz4,cz2
r0022742,67903,cz4,cz2
r0022743,67905,cz4,cz2
r0022744,67907,cz4,cz2
r0022745,67909,cz4,cz2
r0022746,67910,cz4,cz2
r0022747,67912,cz4,cz2
r0022748,67914,cz4,cz2
r0022749,67915,cz4,cz2
r0022750,67917,cz4,cz2
r0022751,67919,cz4,cz2
r0022752,67921,cz4,cz2
r0022753,67922,cz4,cz2
r0022754,67924,cz4,cz2
r0022755,67926,cz4,cz2
r0022756,67927,cz4,cz2
r0022757,67929,cz4,cz2
r0022758,67931,cz4,cz2
r0022759,67933,cz4,cz2
r0022760,67934,cz4,cz2
r0022761,67936,cz4,cz2
r0022762,67938,cz4,cz2
r0022763,67940,cz4,cz2
r0022764,67941,cz4,cz2
r0022765,67943,cz4,cz2
r0022766,67945,cz4,cz2
r0022767,67946,cz4,cz2
r0022768,67948,cz4,cz2
r0022769,67950,cz4,cz2
r0022770,67952,cz4,cz2
r0022771,67953,cz4,cz2
r0022772,67955,cz4,cz2
r0022773,67957,cz4,cz2
r0022774,67959,cz4,cz2
r0022775,67960,cz4,cz2
r0022776,67962,cz4,cz2
r0022777,67964,cz4,cz2
r0022778,67965,cz4,cz2
r0022779,67967,cz4,cz2
r0022780,67969,cz4,cz2
r0022781,67971,cz4,cz2
r0022782,67972,cz4,cz2
r0022783,67974,cz4,cz2
r0022784,67976,cz4,cz2
r0022785,67978,cz4,cz2
r0022786,67979,cz4,cz2
r0022787,67981,cz4,cz2
r0022788,67983,cz4,cz2
r0022789,67984,cz4,cz2
r0022790,67986,cz4,cz2
r0022791,67988,cz4,cz2
r0022792,67990,cz4,cz2
r0022793,67991,cz4,cz2
r0022794,67993,cz4,cz2
r0022795,67995,cz4,cz2
r0022796,67997,cz4,cz2
r0022797,67998,cz4,cz2
r0022798,68000,cz4,cz2
r0022799,68002,cz4,cz2
r0022800,68003,cz4,cz2
r0022801,68005,cz4,cz2
r0022802,68007,cz4,cz2
r0022803,68009,cz4,cz2
r0022804,68010,cz4,cz2
r0022805,68012,cz4,cz2
r0022806,68014,cz4,cz2
r0022807,68016,cz4,cz2
r0022808,68017,cz4,cz2
r0022809,68019,cz4,cz2
r0022810,68021,cz4,cz2
r0022811,68022,cz4,cz2
r0022812,68024,cz4,cz2
r0022813,68026,cz4,cz2
r0022814,68028,cz4,cz2
r0022815,68029,cz4,cz2
r0022816,68031,cz4,cz3
r0022817,68033,cz4,cz3
r0022818,68034,cz4,cz3
r0022819,68036,cz4,cz3
r0022820,68038,cz4,cz3
r0022821,68040,cz4,cz3
r0022822,68041,cz4,cz3
r0022823,68043,cz4,cz3
r0022824,68045,cz4,cz3
r0022825,68047,cz4,cz3
r0022826,68048,cz4,cz3
r0022827,68050,cz4,cz3
r0022828,68052,cz4,cz3
r0022829,68053,cz4,cz3
r0022830,68055,cz4,cz3
r0022831,68057,cz4,cz3
r0022832,68059,cz4,cz3
r0022833,68060,cz4,cz3
r0022834,68062,cz4,cz3
r0022835,68064,cz4,cz3
r0022836,68066,cz4,cz3
r0022837,68067,cz4,cz3
r0022838,68069,cz4,cz3
r0022839,68071,cz4,cz3
r0022840,68072,cz4,cz3
r0022841,68074,cz4,cz3
r0022842,68076,cz4,cz3
r0022843,68078,cz4,cz3
r0022844,68079,cz4,cz3
r0022845,68081,cz4,cz3
r0022846,68083,cz4,cz3
r0022847,68085,cz4,cz3
r0022848,68086,cz4,cz3
r0022849,68088,cz4,cz3
r0022850,68090,cz4,cz3
r0022851,68091,cz4,cz3
r0022852,68093,cz4,cz3
r0022853,68095,cz4,cz3
r0022854,68097,cz4,cz3
r0022855,68098,cz4,cz3
r0022856,68100,cz4,cz3
r0022857,68102,cz4,cz3
r0022858,68104,cz4,cz3
r0022859,68105,cz4,cz3
r0022860,68107,cz4,cz3
r0022861,68109,cz4,cz3
r0022862,68110,cz4,cz3
r0022863,68112,cz4,cz3
r0022864,68114,cz4,cz3
r0022865,68116,cz4,cz3
r0022866,68117,cz4,cz3
r0022867,68119,cz4,cz3
r0022868,68121,cz4,cz3
r0022869,68123,cz4,cz3
r0022870,68124,cz4,cz3
r0022871,68126,cz4,cz3
r0022872,68128,cz4,cz3
r0022873,68129,cz4,cz3
r0022874,68131,cz4,cz3
r0022875,68133,cz4,cz3
r0022876,68135,cz4,cz3
r0022877,68136,cz4,cz3
r0022878,68138,cz4,cz3
r0022879,68140,cz4,cz3
r0022880,68141,cz4,cz3
r0022881,68143,cz4,cz3
r0022882,68145,cz4,cz3
r0022883,68147,cz4,cz3
r0022884,68148,cz4,cz3
r0022885,68150,cz4,cz3
r0022886,68152,cz4,cz3
r0022887,68154,cz4,cz3
r0022888,68155,cz4,cz3
r0022889,68157,cz4,cz3
r0022890,68159,cz4,cz3
r0022891,68160,cz4,cz3
r0022892,68162,cz4,cz3
r0022893,68164,cz4,cz3
r0022894,68166,cz4,cz3
r0022895,68167,cz4,cz3
r0022896,68169,cz4,cz3
r0022897,68171,cz4,cz3
r0022898,68173,cz4,cz3
r0022899,68174,cz4,cz3
r0022900,68176,cz4,cz3
r0022901,68178,cz4,cz3
r0022902,68179,cz4,cz3
r0022903,68181,cz4,cz3
r0022904,68183,cz4,cz3
r0022905,68185,cz4,cz3
r0022906,68186,cz4,cz3
r0022907,68188,cz4,cz3
r0022908,68190,cz4,cz3
r0022909,68192,cz4,cz3
r0022910,68193,cz4,cz3
r0022911,68195,cz4,cz3
r0022912,68197,cz4,cz3
r0022913,68198,cz4,cz3
r0022914,68200,cz4,cz3
r0022915,68202,cz4,cz3
r0022916,68204,cz4,cz3
r0022917,68205,cz4,cz3
r0022918,68207,cz4,cz3
r0022919,68209,cz4,cz3
r0022920,68211,cz4,cz3
r0022921,68212,cz4,cz3
r0022922,68214,cz4,cz3
r0022923,68216,cz4,cz3
r0022924,68217,cz4,cz3
r0022925,68219,cz4,cz3
r0022926,68221,cz4,cz3
r0022927,68223,cz4,cz3
r0022928,68224,cz4,cz3
r0022929,68226,cz4,cz3
r0022930,68228,cz4,cz3
r0022931,68230,cz4,cz3
r0022932,68231,cz4,cz3
r0022933,68233,cz4,cz3
r0022934,68235,cz4,cz3
r0022935,68236,cz4,cz3
r0022936,68238,cz4,cz3
r0022937,68240,cz4,cz3
r0022938,68242,cz4,cz3
r0022939,68243,cz4,cz3
r0022940,68245,cz4,cz3
r0022941,68247,cz4,cz3
r0022942,68248,cz4,cz3
r0022943,68250,cz4,cz4
r0022944,68252,cz4,cz4
r0022945,68254,cz4,cz4
r0022946,68255,cz4,cz4
r0022947,68257,cz4,cz4
r0022948,68259,cz4,cz4
r0022949,68261,cz4,cz4
r0022950,68262,cz4,cz4
r0022951,68264,cz4,cz4
r0022952,68266,cz4,cz4
r0022953,68267,cz4,cz4
r0022954,68269,cz4,cz4
r0022955,68271,cz4,cz4
r0022956,68273,cz4,cz4
r0022957,68274,cz4,cz4
r0022958,68276,cz4,cz4
r0022959,68278,cz4,cz4
r0022960,68280,cz4,cz4
r0022961,68281,cz4,cz4
r0022962,68283,cz4,cz4
r0022963,68285,cz4,cz4
r0022964,68286,cz4,cz4
r0022965,68288,cz4,cz4
r0022966,68290,cz4,cz4
r0022967,68292,cz4,cz4
r0022968,68293,cz4,cz4
r0022969,68295,cz4,cz4
r0022970,68297,cz4,cz4
r0022971,68299,cz4,cz4
r0022972,68300,cz4,cz4
r0022973,68302,cz4,cz4
r0022974,68304,cz4,cz4
r0022975,68305,cz4,cz4
r0022976,68307,cz4,cz4
r0022977,68309,cz4,cz4
r0022978,68311,cz4,cz4
r0022979,68312,cz4,cz4
r0022980,68314,cz4,cz4
r0022981,68316,cz4,cz4
r0022982,68318,cz4,cz4
r0022983,68319,cz4,cz4
r0022984,68321,cz4,cz4
r0022985,68323,cz4,cz4
r0022986,68324,cz4,cz4
r0022987,68326,cz4,cz4
r0022988,68328,cz4,cz4
r0022989,68330,cz4,cz4
r0022990,68331,cz4,cz4
r0022991,68333,cz4,cz4
r0022992,68335,cz4,cz4
r0022993,68337,cz4,cz4
r0022994,68338,cz4,cz4
r0022995,68340,cz4,cz4
r0022996,68342,cz4,cz4
r0022997,68343,cz4,cz4
r0022998,68345,cz4,cz4
r0022999,68347,cz4,cz4
r0023000,68349,cz4,cz4
r0023001,68350,cz4,cz4
r0023002,68352,cz4,cz4
r0023003,68354,cz4,cz4
r0023004,68355,cz4,cz4
r0023005,68357,cz4,cz4
r0023006,68359,cz4,cz4
r0023007,68361,cz4,cz4
r0023008,68362,cz4,cz4
r0023009,68364,cz4,cz4
r0023010,68366,cz4,cz4
r0023011,68368,cz4,cz4
r0023012,68369,cz4,cz4
r0023013,68371,cz4,cz4
r0023014,68373,cz4,cz4
r0023015,68374,cz4,cz4
r0023016,68376,cz4,cz4
r0023017,68378,cz4,cz4
r0023018,68380,cz4,cz4
r0023019,68381,cz4,cz4
r0023020,68383,cz4,cz4
r0023021,68385,cz4,cz4
r0023022,68387,cz4,cz4
r0023023,68388,cz4,cz4
r0023024,68390,cz4,cz4
r0023025,68392,cz4,cz4
r0023026,68393,cz4,cz4
r0023027,68395,cz4,cz4
r0023028,68397,cz4,cz4
r0023029,68399,cz4,cz4
r0023030,68401,cz1,cz1
r0023031,68403,cz1,cz1
r0023032,68405,cz1,cz1
r0023033,68408,cz1,cz1
r0023034,68410,cz1,cz1
r0023035,68412,cz1,cz1
r0023036,68414,cz1,cz1
r0023037,68417,cz1,cz1
r0023038,68419,cz1,cz1
r0023039,68421,cz1,cz1
r0023040,68424,cz1,cz1
r0023041,68426,cz1,cz1
r0023042,68428,cz1,cz1
r0023043,68430,cz1,cz1
r0023044,68433,cz1,cz1
r0023045,68435,cz1,cz1
r0023046,68437,cz1,cz1
r0023047,68440,cz1,cz1
r0023048,68442,cz1,cz1
r0023049,68444,cz1,cz1
r0023050,68446,cz1,cz1
r0023051,68449,cz1,cz1
r0023052,68451,cz1,cz1
r0023053,68453,cz1,cz1
r0023054,68456,cz1,cz1
r0023055,68458,cz1,cz1
r0023056,68460,cz1,cz1
r0023057,68462,cz1,cz1
r0023058,68465,cz1,cz1
r0023059,68467,cz1,cz1
r0023060,68469,cz1,cz1
r0023061,68472,cz1,cz1
r0023062,68474,cz1,cz1
r0023063,68476,cz1,cz1
r0023064,68478,cz1,cz1
r0023065,68481,cz1,cz1
r0023066,68483,cz1,cz1
r0023067,68485,cz1,cz1
r0023068,68488,cz1,cz1
r0023069,68490,cz1,cz1
r0023070,68492,cz1,cz1
r0023071,68494,cz1,cz1
r0023072,68497,cz1,cz1
r0023073,68499,cz1,cz1
r0023074,68501,cz1,cz1
r0023075,68504,cz1,cz1
r0023076,68506,cz1,cz1
r0023077,68508,cz1,cz1
r0023078,68510,cz1,cz1
r0023079,68513,cz1,cz1
r0023080,68515,cz1,cz1
r0023081,68517,cz1,cz1
r0023082,68520,cz1,cz1
r0023083,68522,cz1,cz1
r0023084,68524,cz1,cz1
r0023085,68526,cz1,cz1
r0023086,68529,cz1,cz1
r0023087,68531,cz1,cz1
r0023088,68533,cz1,cz1
r0023089,68536,cz1,cz1
r0023090,68538,cz1,cz1
r0023091,68540,cz1,cz1
r0023092,68542,cz1,cz1
r0023093,68545,cz1,cz1
r0023094,68547,cz1,cz1
r0023095,68549,cz1,cz1
r0023096,68552,cz1,cz1
r0023097,68554,cz1,cz1
r0023098,68556,cz1,cz1
r0023099,68558,cz1,cz1
r0023100,68561,cz1,cz1
r0023101,68563,cz1,cz1
r0023102,68565,cz1,cz1
r0023103,68568,cz1,cz1
r0023104,68570,cz1,cz1
r0023105,68572,cz1,cz1
r0023106,68574,cz1,cz1
r0023107,68577,cz1,cz1
r0023108,68579,cz1,cz1
r0023109,68581,cz1,cz1
r0023110,68584,cz1,cz1
r0023111,68586,cz1,cz1
r0023112,68588,cz1,cz1
r0023113,68590,cz1,cz1
r0023114,68593,cz1,cz1
r0023115,68595,cz1,cz1
r0023116,68597,cz1,cz1
r0023117,68600,cz1,cz1
r0023118,68602,cz1,cz1
r0023119,68604,cz1,cz1
r0023120,68606,cz1,cz1
r0023121,68609,cz1,cz1
r0023122,68611,cz1,cz1
r0023123,68613,cz1,cz1
r0023124,68616,cz1,cz1
r0023125,68618,cz1,cz1
r0023126,68620,cz1,cz1
r0023127,68622,cz1,cz1
r0023128,68625,cz1,cz1
r0023129,68627,cz1,cz1
r0023130,68629,cz1,cz1
r0023131,68632,cz1,cz1
r0023132,68634,cz1,cz1
r0023133,68636,cz1,cz1
r0023134,68639,cz1,cz1
r0023135,68641,cz1,cz1
r0023136,68643,cz1,cz1
r0023137,68645,cz1,cz1
r0023138,68648,cz1,cz1
r0023139,68650,cz1,cz1
r0023140,68652,cz1,cz1
r0023141,68655,cz1,cz1
r0023142,68657,cz1,cz1
r0023143,68659,cz1,cz1
r0023144,68661,cz1,cz1
r0023145,68664,cz1,cz1
r0023146,68666,cz1,cz1
r0023147,68668,cz1,cz1
r0023148,68671,cz1,cz1
r0023149,68673,cz1,cz1
r0023150,68675,cz1,cz1
r0023151,68677,cz1,cz1
r0023152,68680,cz1,cz1
r0023153,68682,cz1,cz1
r0023154,68684,cz1,cz1
r0023155,68687,cz1,cz1
r0023156,68689,cz1,cz2
r0023157,68691,cz1,cz2
r0023158,68693,cz1,cz2
r0023159,68696,cz1,cz2
r0023160,68698,cz1,cz2
r0023161,68700,cz1,cz2
r0023162,68703,cz1,cz2
r0023163,68705,cz1,cz2
r0023164,68707,cz1,cz2
r0023165,68709,cz1,cz2
r0023166,68712,cz1,cz2
r0023167,68714,cz1,cz2
r0023168,68716,cz1,cz2
r0023169,68719,cz1,cz2
r0023170,68721,cz1,cz2
r0023171,68723,cz1,cz2
r0023172,68725,cz1,cz2
r0023173,68728,cz1,cz2
r0023174,68730,cz1,cz2
r0023175,68732,cz1,cz2
r0023176,68735,cz1,cz2
r0023177,68737,cz1,cz2
r0023178,68739,cz1,cz2
r0023179,68741,cz1,cz2
r0023180,68744,cz1,cz2
r0023181,68746,cz1,cz2
r0023182,68748,cz1,cz2
r0023183,68751,cz1,cz2
r0023184,68753,cz1,cz2
r0023185,68755,cz1,cz2
r0023186,68757,cz1,cz2
r0023187,68760,cz1,cz2
r0023188,68762,cz1,cz2
r0023189,68764,cz1,cz2
r0023190,68767,cz1,cz2
r0023191,68769,cz1,cz2
r0023192,68771,cz1,cz2
r0023193,68773,cz1,cz2
r0023194,68776,cz1,cz2
r0023195,68778,cz1,cz2
r0023196,68780,cz1,cz2
r0023197,68783,cz1,cz2
r0023198,68785,cz1,cz2
r0023199,68787,cz1,cz2
r0023200,68789,cz1,cz2
r0023201,68792,cz1,cz2
r0023202,68794,cz1,cz2
r0023203,68796,cz1,cz2
r0023204,68799,cz1,cz2
r0023205,68801,cz1,cz2
r0023206,68803,cz1,cz2
r0023207,68805,cz1,cz2
r0023208,68808,cz1,cz2
r0023209,68810,cz1,cz2
r0023210,68812,cz1,cz2
r0023211,68815,cz1,cz2
r0023212,68817,cz1,cz2
r0023213,68819,cz1,cz2
r0023214,68821,cz1,cz2
r0023215,68824,cz1,cz2
r0023216,68826,cz1,cz2
r0023217,68828,cz1,cz2
r0023218,68831,cz1,cz2
r0023219,68833,cz1,cz2
r0023220,68835,cz1,cz2
r0023221,68837,cz1,cz2
r0023222,68840,cz1,cz2
r0023223,68842,cz1,cz2
r0023224,68844,cz1,cz2
r0023225,68847,cz1,cz2
r0023226,68849,cz1,cz2
r0023227,68851,cz1,cz2
r0023228,68854,cz1,cz2
r0023229,68856,cz1,cz2
r0023230,68858,cz1,cz2
r0023231,68860,cz1,cz2
r0023232,68863,cz1,cz2
r0023233,68865,cz1,cz2
r0023234,68867,cz1,cz2
r0023235,68870,cz1,cz2
r0023236,68872,cz1,cz2
r0023237,68874,cz1,cz2
r0023238,68876,cz1,cz2
r0023239,68879,cz1,cz2
r0023240,68881,cz1,cz2
r0023241,68883,cz1,cz2
r0023242,68886,cz1,cz2
r0023243,68888,cz1,cz2
r0023244,68890,cz1,cz2
r0023245,68892,cz1,cz2
r0023246,68895,cz1,cz2
r0023247,68897,cz1,cz2
r0023248,68899,cz1,cz2
r0023249,68902,cz1,cz2
r0023250,68904,cz1,cz2
r0023251,68906,cz1,cz2
r0023252,68908,cz1,cz3
r0023253,68911,cz1,cz3
r0023254,68913,cz1,cz3
r0023255,68915,cz1,cz3
r0023256,68918,cz1,cz3
r0023257,68920,cz1,cz3
r0023258,68922,cz1,cz3
r0023259,68924,cz1,cz3
r0023260,68927,cz1,cz3
r0023261,68929,cz1,cz3
r0023262,68931,cz1,cz3
r0023263,68934,cz1,cz3
r0023264,68936,cz1,cz3
r0023265,68938,cz1,cz3
r0023266,68940,cz1,cz3
r0023267,68943,cz1,cz3
r0023268,68945,cz1,cz3
r0023269,68947,cz1,cz3
r0023270,68950,cz1,cz3
r0023271,68952,cz1,cz3
r0023272,68954,cz1,cz3
r0023273,68956,cz1,cz3
r0023274,68959,cz1,cz3
r0023275,68961,cz1,cz3
r0023276,68963,cz1,cz3
r0023277,68966,cz1,cz3
r0023278,68968,cz1,cz3
r0023279,68970,cz1,cz3
r0023280,68972,cz1,cz3
r0023281,68975,cz1,cz3
r0023282,68977,cz1,cz3
r0023283,68979,cz1,cz3
r0023284,68982,cz1,cz3
r0023285,68984,cz1,cz3
r0023286,68986,cz1,cz3
r0023287,68988,cz1,cz3
r0023288,68991,cz1,cz3
r0023289,68993,cz1,cz3
r0023290,68995,cz1,cz3
r0023291,68998,cz1,cz3
r0023292,69000,cz1,cz3
r0023293,69002,cz1,cz3
r0023294,69004,cz1,cz3
r0023295,69007,cz1,cz3
r0023296,69009,cz1,cz3
r0023297,69011,cz1,cz3
r0023298,69014,cz1,cz3
r0023299,69016,cz1,cz3
r0023300,69018,cz1,cz3
r0023301,69020,cz1,cz3
r0023302,69023,cz1,cz3
r0023303,69025,cz1,cz3
r0023304,69027,cz1,cz3
r0023305,69030,cz1,cz3
r0023306,69032,cz1,cz3
r0023307,69034,cz1,cz3
r0023308,69036,cz1,cz3
r0023309,69039,cz1,cz3
r0023310,69041,cz1,cz3
r0023311,69043,cz1,cz3
r0023312,69046,cz1,cz3
r0023313,69048,cz1,cz3
r0023314,69050,cz1,cz3
r0023315,69052,cz1,cz3
r0023316,69055,cz1,cz3
r0023317,69057,cz1,cz3
r0023318,69059,cz1,cz3
r0023319,69062,cz1,cz3
r0023320,69064,cz1,cz3
r0023321,69066,cz1,cz3
r0023322,69068,cz1,cz3
r0023323,69071,cz1,cz3
r0023324,69073,cz1,cz3
r0023325,69075,cz1,cz3
r0023326,69078,cz1,cz3
r0023327,69080,cz1,cz3
r0023328,69082,cz1,cz3
r0023329,69085,cz1,cz3
r0023330,69087,cz1,cz3
r0023331,69089,cz1,cz3
r0023332,69091,cz1,cz3
r0023333,69094,cz1,cz3
r0023334,69096,cz1,cz3
r0023335,69098,cz1,cz3
r0023336,69101,cz1,cz3
r0023337,69103,cz1,cz3
r0023338,69105,cz1,cz3
r0023339,69107,cz1,cz3
r0023340,69110,cz1,cz3
r0023341,69112,cz1,cz3
r0023342,69114,cz1,cz3
r0023343,69117,cz1,cz3
r0023344,69119,cz1,cz3
r0023345,69121,cz1,cz3
r0023346,69123,cz1,cz3
r0023347,69126,cz1,cz3
r0023348,69128,cz1,cz3
r0023349,69130,cz1,cz3
r0023350,69133,cz1,cz3
r0023351,69135,cz1,cz3
r0023352,69137,cz1,cz3
r0023353,69139,cz1,cz3
r0023354,69142,cz1,cz3
r0023355,69144,cz1,cz3
r0023356,69146,cz1,cz3
r0023357,69149,cz1,cz3
r0023358,69151,cz1,cz3
r0023359,69153,cz1,cz3
r0023360,69155,cz1,cz3
r0023361,69158,cz1,cz3
r0023362,69160,cz1,cz3
r0023363,69162,cz1,cz3
r0023364,69165,cz1,cz3
r0023365,69167,cz1,cz3
r0023366,69169,cz1,cz3
r0023367,69171,cz1,cz3
r0023368,69174,cz1,cz3
r0023369,69176,cz1,cz3
r0023370,69178,cz1,cz3
r0023371,69181,cz1,cz3
r0023372,69183,cz1,cz3
r0023373,69185,cz1,cz3
r0023374,69187,cz1,cz3
r0023375,69190,cz1,cz3
r0023376,69192,cz1,cz3
r0023377,69194,cz1,cz3
r0023378,69197,cz1,cz3
r0023379,69199,cz1,cz3
r0023380,69201,cz1,cz3
r0023381,69203,cz1,cz3
r0023382,69206,cz1,cz3
r0023383,69208,cz1,cz4
r0023384,69210,cz1,cz4
r0023385,69213,cz1,cz4
r0023386,69215,cz1,cz4
r0023387,69217,cz1,cz4
r0023388,69219,cz1,cz4
r0023389,69222,cz1,cz4
r0023390,69224,cz1,cz4
r0023391,69226,cz1,cz4
r0023392,69229,cz1,cz4
r0023393,69231,cz1,cz4
r0023394,69233,cz1,cz4
r0023395,69235,cz1,cz4
r0023396,69238,cz1,cz4
r0023397,69240,cz1,cz4
r0023398,69242,cz1,cz4
r0023399,69245,cz1,cz4
r0023400,69247,cz1,cz4
r0023401,69249,cz1,cz4
r0023402,69251,cz1,cz4
r0023403,69254,cz1,cz4
r0023404,69256,cz1,cz4
r0023405,69258,cz1,cz4
r0023406,69261,cz1,cz4
r0023407,69263,cz1,cz4
r0023408,69265,cz1,cz4
r0023409,69267,cz1,cz4
r0023410,69270,cz1,cz4
r0023411,69272,cz1,cz4
r0023412,69274,cz1,cz4
r0023413,69277,cz1,cz4
r0023414,69279,cz1,cz4
r0023415,69281,cz1,cz4
r0023416,69283,cz1,cz4
r0023417,69286,cz1,cz4
r0023418,69288,cz1,cz4
r0023419,69290,cz1,cz4
r0023420,69293,cz1,cz4
r0023421,69295,cz1,cz4
r0023422,69297,cz1,cz4
r0023423,69300,cz1,cz4
r0023424,69302,cz1,cz4
r0023425,69304,cz1,cz4
r0023426,69306,cz1,cz4
r0023427,69309,cz1,cz4
r0023428,69311,cz1,cz4
r0023429,69313,cz1,cz4
r0023430,69316,cz1,cz4
r0023431,69318,cz1,cz4
r0023432,69320,cz1,cz4
r0023433,69322,cz1,cz4
r0023434,69325,cz1,cz4
r0023435,69327,cz1,cz4
r0023436,69329,cz1,cz4
r0023437,69332,cz1,cz4
r0023438,69334,cz1,cz4
r0023439,69336,cz1,cz4
r0023440,69338,cz1,cz4
r0023441,69341,cz1,cz4
r0023442,69343,cz1,cz4
r0023443,69345,cz1,cz4
r0023444,69348,cz1,cz4
r0023445,69350,cz1,cz4
r0023446,69352,cz1,cz4
r0023447,69354,cz1,cz4
r0023448,69357,cz1,cz4
r0023449,69359,cz1,cz4
r0023450,69361,cz1,cz4
r0023451,69364,cz1,cz4
r0023452,69366,cz1,cz4
r0023453,69368,cz1,cz4
r0023454,69370,cz1,cz4
r0023455,69373,cz1,cz4
r0023456,69375,cz1,cz4
r0023457,69377,cz1,cz4
r0023458,69380,cz1,cz4
r0023459,69382,cz1,cz4
r0023460,69384,cz1,cz4
r0023461,69386,cz1,cz4
r0023462,69389,cz1,cz4
r0023463,69391,cz1,cz4
r0023464,69393,cz1,cz4
r0023465,69396,cz1,cz4
r0023466,69398,cz1,cz4
r0023467,69400,cz1,cz4
r0023468,69402,cz1,cz4
r0023469,69405,cz1,cz4
r0023470,69407,cz1,cz4
r0023471,69409,cz1,cz4
r0023472,69412,cz1,cz4
r0023473,69414,cz2,cz1
r0023474,69416,cz2,cz1
r0023475,69418,cz2,cz1
r0023476,69421,cz2,cz1
r0023477,69423,cz2,cz1
r0023478,69425,cz2,cz1
r0023479,69428,cz2,cz1
r0023480,69430,cz2,cz1
r0023481,69432,cz2,cz1
r0023482,69434,cz2,cz1
r0023483,69437,cz2,cz1
r0023484,69439,cz2,cz1
r0023485,69441,cz2,cz1
r0023486,69444,cz2,cz1
r0023487,69446,cz2,cz1
r0023488,69448,cz2,cz1
r0023489,69450,cz2,cz1
r0023490,69453,cz2,cz1
r0023491,69455,cz2,cz1
r0023492,69457,cz2,cz1
r0023493,69460,cz2,cz1
r0023494,69462,cz2,cz1
r0023495,69464,cz2,cz1
r0023496,69466,cz2,cz1
r0023497,69469,cz2,cz1
r0023498,69471,cz2,cz1
r0023499,69473,cz2,cz1
r0023500,69476,cz2,cz1
r0023501,69478,cz2,cz1
r0023502,69480,cz2,cz1
r0023503,69482,cz2,cz1
r0023504,69485,cz2,cz1
r0023505,69487,cz2,cz1
r0023506,69489,cz2,cz1
r0023507,69492,cz2,cz1
r0023508,69494,cz2,cz1
r0023509,69496,cz2,cz1
r0023510,69498,cz2,cz1
r0023511,69501,cz2,cz1
r0023512,69503,cz2,cz1
r0023513,69505,cz2,cz1
r0023514,69508,cz2,cz1
r0023515,69510,cz2,cz1
r0023516,69512,cz2,cz1
r0023517,69514,cz2,cz1
r0023518,69517,cz2,cz1
r0023519,69519,cz2,cz1
r0023520,69521,cz2,cz1
r0023521,69524,cz2,cz1
r0023522,69526,cz2,cz1
r0023523,69528,cz2,cz1
r0023524,69531,cz2,cz1
r0023525,69533,cz2,cz1
r0023526,69535,cz2,cz1
r0023527,69537,cz2,cz1
r0023528,69540,cz2,cz1
r0023529,69542,cz2,cz1
r0023530,69544,cz2,cz1
r0023531,69547,cz2,cz1
r0023532,69549,cz2,cz1
r0023533,69551,cz2,cz1
r0023534,69553,cz2,cz1
r0023535,69556,cz2,cz1
r0023536,69558,cz2,cz1
r0023537,69560,cz2,cz1
r0023538,69563,cz2,cz1
r0023539,69565,cz2,cz1
r0023540,69567,cz2,cz1
r0023541,69569,cz2,cz1
r0023542,69572,cz2,cz1
r0023543,69574,cz2,cz1
r0023544,69576,cz2,cz1
r0023545,69579,cz2,cz1
r0023546,69581,cz2,cz1
r0023547,69583,cz2,cz1
r0023548,69585,cz2,cz1
r0023549,69588,cz2,cz1
r0023550,69590,cz2,cz1
r0023551,69592,cz2,cz1
r0023552,69595,cz2,cz1
r0023553,69597,cz2,cz1
r0023554,69599,cz2,cz1
r0023555,69601,cz2,cz1
r0023556,69604,cz2,cz1
r0023557,69606,cz2,cz1
r0023558,69608,cz2,cz1
r0023559,69611,cz2,cz1
r0023560,69613,cz2,cz1
r0023561,69615,cz2,cz1
r0023562,69617,cz2,cz1
r0023563,69620,cz2,cz1
r0023564,69622,cz2,cz1
r0023565,69624,cz2,cz1
r0023566,69627,cz2,cz1
r0023567,69629,cz2,cz1
r0023568,69631,cz2,cz1
r0023569,69633,cz2,cz1
r0023570,69636,cz2,cz1
r0023571,69638,cz2,cz2
r0023572,69640,cz2,cz2
r0023573,69643,cz2,cz2
r0023574,69645,cz2,cz2
r0023575,69647,cz2,cz2
r0023576,69649,cz2,cz2
r0023577,69652,cz2,cz2
r0023578,69654,cz2,cz2
r0023579,69656,cz2,cz2
r0023580,69659,cz2,cz2
r0023581,69661,cz2,cz2
r0023582,69663,cz2,cz2
r0023583,69665,cz2,cz2
r0023584,69668,cz2,cz2
r0023585,69670,cz2,cz2
r0023586,69672,cz2,cz2
r0023587,69675,cz2,cz2
r0023588,69677,cz2,cz2
r0023589,69679,cz2,cz2
r0023590,69681,cz2,cz2
r0023591,69684,cz2,cz2
r0023592,69686,cz2,cz2
r0023593,69688,cz2,cz2
r0023594,69691,cz2,cz2
r0023595,69693,cz2,cz2
r0023596,69695,cz2,cz2
r0023597,69697,cz2,cz2
r0023598,69700,cz2,cz2
r0023599,69702,cz2,cz2
r0023600,69704,cz2,cz2
r0023601,69707,cz2,cz2
r0023602,69709,cz2,cz2
r0023603,69711,cz2,cz2
r0023604,69713,cz2,cz2
r0023605,69716,cz2,cz2
r0023606,69718,cz2,cz2
r0023607,69720,cz2,cz2
r0023608,69723,cz2,cz2
r0023609,69725,cz2,cz2
r0023610,69727,cz2,cz2
r0023611,69729,cz2,cz2
r0023612,69732,cz2,cz2
r0023613,69734,cz2,cz2
r0023614,69736,cz2,cz2
r0023615,69739,cz2,cz2
r0023616,69741,cz2,cz2
r0023617,69743,cz2,cz2
r0023618,69745,cz2,cz2
r0023619,69748,cz2,cz2
r0023620,69750,cz2,cz2
r0023621,69752,cz2,cz2
r0023622,69755,cz2,cz2
r0023623,69757,cz2,cz2
r0023624,69759,cz2,cz2
r0023625,69762,cz2,cz2
r0023626,69764,cz2,cz2
r0023627,69766,cz2,cz2
r0023628,69768,cz2,cz2
r0023629,69771,cz2,cz2
r0023630,69773,cz2,cz2
r0023631,69775,cz2,cz2
r0023632,69778,cz2,cz2
r0023633,69780,cz2,cz2
r0023634,69782,cz2,cz2
r0023635,69784,cz2,cz2
r0023636,69787,cz2,cz2
r0023637,69789,cz2,cz2
r0023638,69791,cz2,cz2
r0023639,69794,cz2,cz2
r0023640,69796,cz2,cz2
r0023641,69798,cz2,cz2
r0023642,69800,cz2,cz2
r0023643,69803,cz2,cz2
r0023644,69805,cz2,cz2
r0023645,69807,cz2,cz2
r0023646,69810,cz2,cz2
r0023647,69812,cz2,cz2
r0023648,69814,cz2,cz2
r0023649,69816,cz2,cz2
r0023650,69819,cz2,cz2
r0023651,69821,cz2,cz2
r0023652,69823,cz2,cz2
r0023653,69826,cz2,cz2
r0023654,69828,cz2,cz2
r0023655,69830,cz2,cz2
r0023656,69832,cz2,cz2
r0023657,69835,cz2,cz2
r0023658,69837,cz2,cz2
r0023659,69839,cz2,cz2
r0023660,69842,cz2,cz2
r0023661,69844,cz2,cz2
r0023662,69846,cz2,cz2
r0023663,69848,cz2,cz2
r0023664,69851,cz2,cz2
r0023665,69853,cz2,cz2
r0023666,69855,cz2,cz3
r0023667,69858,cz2,cz3
r0023668,69860,cz2,cz3
r0023669,69862,cz2,cz3
r0023670,69864,cz2,cz3
r0023671,69867,cz2,cz3
r0023672,69869,cz2,cz3
r0023673,69871,cz2,cz3
r0023674,69874,cz2,cz3
r0023675,69876,cz2,cz3
r0023676,69878,cz2,cz3
r0023677,69880,cz2,cz3
r0023678,69883,cz2,cz3
r0023679,69885,cz2,cz3
r0023680,69887,cz2,cz3
r0023681,69890,cz2,cz3
r0023682,69892,cz2,cz3
r0023683,69894,cz2,cz3
r0023684,69896,cz2,cz3
r0023685,69899,cz2,cz3
r0023686,69901,cz2,cz3
r0023687,69903,cz2,cz3
r0023688,69906,cz2,cz3
r0023689,69908,cz2,cz3
r0023690,69910,cz2,cz3
r0023691,69912,cz2,cz3
r0023692,69915,cz2,cz3
r0023693,69917,cz2,cz3
r0023694,69919,cz2,cz3
r0023695,69922,cz2,cz3
r0023696,69924,cz2,cz3
r0023697,69926,cz2,cz3
r0023698,69928,cz2,cz3
r0023699,69931,cz2,cz3
r0023700,69933,cz2,cz3
r0023701,69935,cz2,cz3
r0023702,69938,cz2,cz3
r0023703,69940,cz2,cz3
r0023704,69942,cz2,cz3
r0023705,69944,cz2,cz3
r0023706,69947,cz2,cz3
r0023707,69949,cz2,cz3
r0023708,69951,cz2,cz3
r0023709,69954,cz2,cz3
r0023710,69956,cz2,cz3
r0023711,69958,cz2,cz3
r0023712,69960,cz2,cz3
r0023713,69963,cz2,cz3
r0023714,69965,cz2,cz3
r0023715,69967,cz2,cz3
r0023716,69970,cz2,cz3
r0023717,69972,cz2,cz3
r0023718,69974,cz2,cz3
r0023719,69977,cz2,cz3
r0023720,69979,cz2,cz3
r0023721,69981,cz2,cz3
r0023722,69983,cz2,cz3
r0023723,69986,cz2,cz3
r0023724,69988,cz2,cz3
r0023725,69990,cz2,cz3
r0023726,69993,cz2,cz3
r0023727,69995,cz2,cz3
r0023728,69997,cz2,cz3
r0023729,69999,cz2,cz3
r0023730,70002,cz2,cz3
r0023731,70004,cz2,cz3
r0023732,70006,cz2,cz3
r0023733,70009,cz2,cz3
r0023734,70011,cz2,cz3
r0023735,70013,cz2,cz3
r0023736,70015,cz2,cz3
r0023737,70018,cz2,cz3
r0023738,70020,cz2,cz3
r0023739,70022,cz2,cz3
r0023740,70025,cz2,cz3
r0023741,70027,cz2,cz3
r0023742,70029,cz2,cz3
r0023743,70031,cz2,cz3
r0023744,70034,cz2,cz3
r0023745,70036,cz2,cz3
r0023746,70038,cz2,cz3
r0023747,70041,cz2,cz3
r0023748,70043,cz2,cz3
r0023749,70045,cz2,cz3
r0023750,70047,cz2,cz3
r0023751,70050,cz2,cz3
r0023752,70052,cz2,cz3
r0023753,70054,cz2,cz3
r0023754,70057,cz2,cz3
r0023755,70059,cz2,cz3
r0023756,70061,cz2,cz3
r0023757,70063,cz2,cz3
r0023758,70066,cz2,cz3
r0023759,70068,cz2,cz3
r0023760,70070,cz2,cz3
r0023761,70073,cz2,cz4
r0023762,70075,cz2,cz4
r0023763,70077,cz2,cz4
r0023764,70079,cz2,cz4
r0023765,70082,cz2,cz4
r0023766,70084,cz2,cz4
r0023767,70086,cz2,cz4
r0023768,70089,cz2,cz4
r0023769,70091,cz2,cz4
r0023770,70093,cz2,cz4
r0023771,70095,cz2,cz4
r0023772,70098,cz2,cz4
r0023773,70100,cz2,cz4
r0023774,70102,cz2,cz4
r0023775,70105,cz2,cz4
r0023776,70107,cz2,cz4
r0023777,70109,cz2,cz4
r0023778,70111,cz2,cz4
r0023779,70114,cz2,cz4
r0023780,70116,cz2,cz4
r0023781,70118,cz2,cz4
r0023782,70121,cz2,cz4
r0023783,70123,cz2,cz4
r0023784,70125,cz2,cz4
r0023785,70127,cz2,cz4
r0023786,70130,cz2,cz4
r0023787,70132,cz2,cz4
r0023788,70134,cz2,cz4
r0023789,70137,cz2,cz4
r0023790,70139,cz2,cz4
r0023791,70141,cz2,cz4
r0023792,70143,cz2,cz4
r0023793,70146,cz2,cz4
r0023794,70148,cz2,cz4
r0023795,70150,cz2,cz4
r0023796,70153,cz2,cz4
r0023797,70155,cz2,cz4
r0023798,70157,cz2,cz4
r0023799,70159,cz2,cz4
r0023800,70162,cz2,cz4
r0023801,70164,cz2,cz4
r0023802,70166,cz2,cz4
r0023803,70169,cz2,cz4
r0023804,70171,cz2,cz4
r0023805,70173,cz2,cz4
r0023806,70175,cz2,cz4
r0023807,70178,cz2,cz4
r0023808,70180,cz2,cz4
r0023809,70182,cz2,cz4
r0023810,70185,cz2,cz4
r0023811,70187,cz2,cz4
r0023812,70189,cz2,cz4
r0023813,70191,cz2,cz4
r0023814,70194,cz2,cz4
r0023815,70196,cz2,cz4
r0023816,70198,cz2,cz4
r0023817,70201,cz2,cz4
r0023818,70203,cz2,cz4
r0023819,70205,cz2,cz4
r0023820,70208,cz2,cz4
r0023821,70210,cz2,cz4
r0023822,70212,cz2,cz4
r0023823,70214,cz2,cz4
r0023824,70217,cz2,cz4
r0023825,70219,cz2,cz4
r0023826,70221,cz2,cz4
r0023827,70224,cz2,cz4
r0023828,70226,cz2,cz4
r0023829,70228,cz2,cz4
r0023830,70230,cz3,cz1
r0023831,70233,cz3,cz1
r0023832,70235,cz3,cz1
r0023833,70237,cz3,cz1
r0023834,70240,cz3,cz1
r0023835,70242,cz3,cz1
r0023836,70244,cz3,cz1
r0023837,70246,cz3,cz1
r0023838,70249,cz3,cz1
r0023839,70251,cz3,cz1
r0023840,70253,cz3,cz1
r0023841,70256,cz3,cz1
r0023842,70258,cz3,cz1
r0023843,70260,cz3,cz1
r0023844,70262,cz3,cz1
r0023845,70265,cz3,cz1
r0023846,70267,cz3,cz1
r0023847,70269,cz3,cz1
r0023848,70272,cz3,cz1
r0023849,70274,cz3,cz1
r0023850,70276,cz3,cz1
r0023851,70278,cz3,cz1
r0023852,70281,cz3,cz1
r0023853,70283,cz3,cz1
r0023854,70285,cz3,cz1
r0023855,70288,cz3,cz1
r0023856,70290,cz3,cz1
r0023857,70292,cz3,cz1
r0023858,70294,cz3,cz1
r0023859,70297,cz3,cz1
r0023860,70299,cz3,cz1
r0023861,70301,cz3,cz1
r0023862,70304,cz3,cz1
r0023863,70306,cz3,cz1
r0023864,70308,cz3,cz1
r0023865,70310,cz3,cz1
r0023866,70313,cz3,cz1
r0023867,70315,cz3,cz1
r0023868,70317,cz3,cz1
r0023869,70320,cz3,cz1
r0023870,70322,cz3,cz1
r0023871,70324,cz3,cz1
r0023872,70326,cz3,cz1
r0023873,70329,cz3,cz1
r0023874,70331,cz3,cz1
r0023875,70333,cz3,cz1
r0023876,70336,cz3,cz1
r0023877,70338,cz3,cz1
r0023878,70340,cz3,cz1
r0023879,70342,cz3,cz1
r0023880,70345,cz3,cz1
r0023881,70347,cz3,cz1
r0023882,70349,cz3,cz1
r0023883,70352,cz3,cz1
r0023884,70354,cz3,cz1
r0023885,70356,cz3,cz1
r0023886,70358,cz3,cz1
r0023887,70361,cz3,cz1
r0023888,70363,cz3,cz1
r0023889,70365,cz3,cz1
r0023890,70368,cz3,cz1
r0023891,70370,cz3,cz1
r0023892,70372,cz3,cz1
r0023893,70374,cz3,cz1
r0023894,70377,cz3,cz1
r0023895,70379,cz3,cz1
r0023896,70381,cz3,cz1
r0023897,70384,cz3,cz1
r0023898,70386,cz3,cz1
r0023899,70388,cz3,cz1
r0023900,70390,cz3,cz1
r0023901,70393,cz3,cz1
r0023902,70395,cz3,cz1
r0023903,70397,cz3,cz1
r0023904,70400,cz3,cz1
r0023905,70402,cz3,cz1
r0023906,70404,cz3,cz1
r0023907,70406,cz3,cz1
r0023908,70409,cz3,cz1
r0023909,70411,cz3,cz1
r0023910,70413,cz3,cz1
r0023911,70416,cz3,cz1
r0023912,70418,cz3,cz1
r0023913,70420,cz3,cz1
r0023914,70422,cz3,cz1
r0023915,70425,cz3,cz1
r0023916,70427,cz3,cz1
r0023917,70429,cz3,cz1
r0023918,70432,cz3,cz1
r0023919,70434,cz3,cz1
r0023920,70436,cz3,cz1
r0023921,70439,cz3,cz1
r0023922,70441,cz3,cz1
r0023923,70443,cz3,cz1
r0023924,70445,cz3,cz1
r0023925,70448,cz3,cz1
r0023926,70450,cz3,cz1
r0023927,70452,cz3,cz1
r0023928,70455,cz3,cz1
r0023929,70457,cz3,cz1
r0023930,70459,cz3,cz1
r0023931,70461,cz3,cz1
r0023932,70464,cz3,cz1
r0023933,70466,cz3,cz1
r0023934,70468,cz3,cz1
r0023935,70471,cz3,cz1
r0023936,70473,cz3,cz1
r0023937,70475,cz3,cz1
r0023938,70477,cz3,cz1
r0023939,70480,cz3,cz1
r0023940,70482,cz3,cz1
r0023941,70484,cz3,cz1
r0023942,70487,cz3,cz1
r0023943,70489,cz3,cz1
r0023944,70491,cz3,cz1
r0023945,70493,cz3,cz1
r0023946,70496,cz3,cz1
r0023947,70498,cz3,cz1
r0023948,70500,cz3,cz1
r0023949,70503,cz3,cz1
r0023950,70505,cz3,cz1
r0023951,70507,cz3,cz1
r0023952,70509,cz3,cz1
r0023953,70512,cz3,cz1
r0023954,70514,cz3,cz1
r0023955,70516,cz3,cz1
r0023956,70519,cz3,cz1
r0023957,70521,cz3,cz1
r0023958,70523,cz3,cz1
r0023959,70525,cz3,cz2
r0023960,70528,cz3,cz2
r0023961,70530,cz3,cz2
r0023962,70532,cz3,cz2
r0023963,70535,cz3,cz2
r0023964,70537,cz3,cz2
r0023965,70539,cz3,cz2
r0023966,70541,cz3,cz2
r0023967,70544,cz3,cz2
r0023968,70546,cz3,cz2
r0023969,70548,cz3,cz2
r0023970,70551,cz3,cz2
r0023971,70553,cz3,cz2
r0023972,70555,cz3,cz2
r0023973,70557,cz3,cz2
r0023974,70560,cz3,cz2
r0023975,70562,cz3,cz2
r0023976,70564,cz3,cz2
r0023977,70567,cz3,cz2
r0023978,70569,cz3,cz2
r0023979,70571,cz3,cz2
r0023980,70573,cz3,cz2
r0023981,70576,cz3,cz2
r0023982,70578,cz3,cz2
r0023983,70580,cz3,cz2
r0023984,70583,cz3,cz2
r0023985,70585,cz3,cz2
r0023986,70587,cz3,cz2
r0023987,70589,cz3,cz2
r0023988,70592,cz3,cz2
r0023989,70594,cz3,cz2
r0023990,70596,cz3,cz2
r0023991,70599,cz3,cz2
r0023992,70601,cz3,cz2
r0023993,70603,cz3,cz2
r0023994,70605,cz3,cz2
r0023995,70608,cz3,cz2
r0023996,70610,cz3,cz2
r0023997,70612,cz3,cz2
r0023998,70615,cz3,cz2
r0023999,70617,cz3,cz2
r0024000,70619,cz3,cz2
r0024001,70621,cz3,cz2
r0024002,70624,cz3,cz2
r0024003,70626,cz3,cz2
r0024004,70628,cz3,cz2
r0024005,70631,cz3,cz2
r0024006,70633,cz3,cz2
r0024007,70635,cz3,cz2
r0024008,70637,cz3,cz2
r0024009,70640,cz3,cz2
r0024010,70642,cz3,cz2
r0024011,70644,cz3,cz2
r0024012,70647,cz3,cz2
r0024013,70649,cz3,cz2
r0024014,70651,cz3,cz2
r0024015,70654,cz3,cz2
r0024016,70656,cz3,cz2
r0024017,70658,cz3,cz2
r0024018,70660,cz3,cz2
r0024019,70663,cz3,cz2
r0024020,70665,cz3,cz2
r0024021,70667,cz3,cz2
r0024022,70670,cz3,cz2
r0024023,70672,cz3,cz2
r0024024,70674,cz3,cz2
r0024025,70676,cz3,cz2
r0024026,70679,cz3,cz2
r0024027,70681,cz3,cz2
r0024028,70683,cz3,cz2
r0024029,70686,cz3,cz2
r0024030,70688,cz3,cz2
r0024031,70690,cz3,cz2
r0024032,70692,cz3,cz2
r0024033,70695,cz3,cz2
r0024034,70697,cz3,cz2
r0024035,70699,cz3,cz2
r0024036,70702,cz3,cz2
r0024037,70704,cz3,cz2
r0024038,70706,cz3,cz2
r0024039,70708,cz3,cz2
r0024040,70711,cz3,cz2
r0024041,70713,cz3,cz2
r0024042,70715,cz3,cz2
r0024043,70718,cz3,cz2
r0024044,70720,cz3,cz2
r0024045,70722,cz3,cz2
r0024046,70724,cz3,cz2
r0024047,70727,cz3,cz2
r0024048,70729,cz3,cz2
r0024049,70731,cz3,cz2
r0024050,70734,cz3,cz2
r0024051,70736,cz3,cz3
r0024052,70738,cz3,cz3
r0024053,70740,cz3,cz3
r0024054,70743,cz3,cz3
r0024055,70745,cz3,cz3
r0024056,70747,cz3,cz3
r0024057,70750,cz3,cz3
r0024058,70752,cz3,cz3
r0024059,70754,cz3,cz3
r0024060,70756,cz3,cz3
r0024061,70759,cz3,cz3
r0024062,70761,cz3,cz3
r0024063,70763,cz3,cz3
r0024064,70766,cz3,cz3
r0024065,70768,cz3,cz3
r0024066,70770,cz3,cz3
r0024067,70772,cz3,cz3
r0024068,70775,cz3,cz3
r0024069,70777,cz3,cz3
r0024070,70779,cz3,cz3
r0024071,70782,cz3,cz3
r0024072,70784,cz3,cz3
r0024073,70786,cz3,cz3
r0024074,70788,cz3,cz3
r0024075,70791,cz3,cz3
r0024076,70793,cz3,cz3
r0024077,70795,cz3,cz3
r0024078,70798,cz3,cz3
r0024079,70800,cz3,cz3
r0024080,70802,cz3,cz3
r0024081,70804,cz3,cz3
r0024082,70807,cz3,cz3
r0024083,70809,cz3,cz3
r0024084,70811,cz3,cz3
r0024085,70814,cz3,cz3
r0024086,70816,cz3,cz3
r0024087,70818,cz3,cz3
r0024088,70820,cz3,cz3
r0024089,70823,cz3,cz3
r0024090,70825,cz3,cz3
r0024091,70827,cz3,cz3
r0024092,70830,cz3,cz3
r0024093,70832,cz3,cz3
r0024094,70834,cz3,cz3
r0024095,70836,cz3,cz3
r0024096,70839,cz3,cz3
r0024097,70841,cz3,cz3
r0024098,70843,cz3,cz3
r0024099,70846,cz3,cz3
r0024100,70848,cz3,cz3
r0024101,70850,cz3,cz3
r0024102,70852,cz3,cz3
r0024103,70855,cz3,cz3
r0024104,70857,cz3,cz3
r0024105,70859,cz3,cz3
r0024106,70862,cz3,cz3
r0024107,70864,cz3,cz3
r0024108,70866,cz3,cz3
r0024109,70868,cz3,cz3
r0024110,70871,cz3,cz3
r0024111,70873,cz3,cz3
r0024112,70875,cz3,cz3
r0024113,70878,cz3,cz3
r0024114,70880,cz3,cz3
r0024115,70882,cz3,cz3
r0024116,70885,cz3,cz3
r0024117,70887,cz3,cz3
r0024118,70889,cz3,cz3
r0024119,70891,cz3,cz3
r0024120,70894,cz3,cz3
r0024121,70896,cz3,cz3
r0024122,70898,cz3,cz3
r0024123,70901,cz3,cz3
r0024124,70903,cz3,cz3
r0024125,70905,cz3,cz3
r0024126,70907,cz3,cz3
r0024127,70910,cz3,cz3
r0024128,70912,cz3,cz3
r0024129,70914,cz3,cz3
r0024130,70917,cz3,cz3
r0024131,70919,cz3,cz3
r0024132,70921,cz3,cz3
r0024133,70923,cz3,cz3
r0024134,70926,cz3,cz3
r0024135,70928,cz3,cz3
r0024136,70930,cz3,cz3
r0024137,70933,cz3,cz3
r0024138,70935,cz3,cz3
r0024139,70937,cz3,cz3
r0024140,70939,cz3,cz3
r0024141,70942,cz3,cz3
r0024142,70944,cz3,cz3
r0024143,70946,cz3,cz3
r0024144,70949,cz3,cz3
r0024145,70951,cz3,cz3
r0024146,70953,cz3,cz3
r0024147,70955,cz3,cz3
r0024148,70958,cz3,cz3
r0024149,70960,cz3,cz3
r0024150,70962,cz3,cz3
r0024151,70965,cz3,cz3
r0024152,70967,cz3,cz3
r0024153,70969,cz3,cz3
r0024154,70971,cz3,cz3
r0024155,70974,cz3,cz3
r0024156,70976,cz3,cz3
r0024157,70978,cz3,cz3
r0024158,70981,cz3,cz3
r0024159,70983,cz3,cz3
r0024160,70985,cz3,cz3
r0024161,70987,cz3,cz3
r0024162,70990,cz3,cz3
r0024163,70992,cz3,cz3
r0024164,70994,cz3,cz3
r0024165,70997,cz3,cz3
r0024166,70999,cz3,cz3
r0024167,71001,cz3,cz3
r0024168,71003,cz3,cz3
r0024169,71006,cz3,cz3
r0024170,71008,cz3,cz3
r0024171,71010,cz3,cz3
r0024172,71013,cz3,cz3
r0024173,71015,cz3,cz3
r0024174,71017,cz3,cz3
r0024175,71019,cz3,cz3
r0024176,71022,cz3,cz3
r0024177,71024,cz3,cz3
r0024178,71026,cz3,cz3
r0024179,71029,cz3,cz3
r0024180,71031,cz3,cz3
r0024181,71033,cz3,cz3
r0024182,71035,cz3,cz3
r0024183,71038,cz3,cz3
r0024184,71040,cz3,cz3
r0024185,71042,cz3,cz3
r0024186,71045,cz3,cz3
r0024187,71047,cz3,cz3
r0024188,71049,cz3,cz3
r0024189,71051,cz3,cz4
r0024190,71054,cz3,cz4
r0024191,71056,cz3,cz4
r0024192,71058,cz3,cz4
r0024193,71061,cz3,cz4
r0024194,71063,cz3,cz4
r0024195,71065,cz3,cz4
r0024196,71067,cz3,cz4
r0024197,71070,cz3,cz4
r0024198,71072,cz3,cz4
r0024199,71074,cz3,cz4
r0024200,71077,cz3,cz4
r0024201,71079,cz3,cz4
r0024202,71081,cz3,cz4
r0024203,71083,cz3,cz4
r0024204,71086,cz3,cz4
r0024205,71088,cz3,cz4
r0024206,71090,cz3,cz4
r0024207,71093,cz3,cz4
r0024208,71095,cz3,cz4
r0024209,71097,cz3,cz4
r0024210,71100,cz3,cz4
r0024211,71102,cz3,cz4
r0024212,71104,cz3,cz4
r0024213,71106,cz3,cz4
r0024214,71109,cz3,cz4
r0024215,71111,cz3,cz4
r0024216,71113,cz3,cz4
r0024217,71116,cz3,cz4
r0024218,71118,cz3,cz4
r0024219,71120,cz3,cz4
r0024220,71122,cz3,cz4
r0024221,71125,cz3,cz4
r0024222,71127,cz3,cz4
r0024223,71129,cz3,cz4
r0024224,71132,cz3,cz4
r0024225,71134,cz3,cz4
r0024226,71136,cz3,cz4
r0024227,71138,cz3,cz4
r0024228,71141,cz3,cz4
r0024229,71143,cz3,cz4
r0024230,71145,cz3,cz4
r0024231,71148,cz3,cz4
r0024232,71150,cz3,cz4
r0024233,71152,cz3,cz4
r0024234,71154,cz3,cz4
r0024235,71157,cz3,cz4
r0024236,71159,cz3,cz4
r0024237,71161,cz3,cz4
r0024238,71164,cz3,cz4
r0024239,71166,cz3,cz4
r0024240,71168,cz3,cz4
r0024241,71170,cz3,cz4
r0024242,71173,cz3,cz4
r0024243,71175,cz3,cz4
r0024244,71177,cz3,cz4
r0024245,71180,cz3,cz4
r0024246,71182,cz3,cz4
r0024247,71184,cz3,cz4
r0024248,71186,cz3,cz4
r0024249,71189,cz3,cz4
r0024250,71191,cz3,cz4
r0024251,71193,cz3,cz4
r0024252,71196,cz3,cz4
r0024253,71198,cz3,cz4
r0024254,71200,cz3,cz4
r0024255,71202,cz3,cz4
r0024256,71205,cz3,cz4
r0024257,71207,cz3,cz4
r0024258,71209,cz3,cz4
r0024259,71212,cz3,cz4
r0024260,71214,cz3,cz4
r0024261,71216,cz3,cz4
r0024262,71218,cz3,cz4
r0024263,71221,cz3,cz4
r0024264,71223,cz3,cz4
r0024265,71225,cz3,cz4
r0024266,71228,cz3,cz4
r0024267,71230,cz3,cz4
r0024268,71232,cz3,cz4
r0024269,71234,cz3,cz4
r0024270,71237,cz3,cz4
r0024271,71239,cz3,cz4
r0024272,71241,cz3,cz4
r0024273,71244,cz3,cz4
r0024274,71246,cz3,cz4
r0024275,71248,cz3,cz4
r0024276,71250,cz3,cz4
r0024277,71253,cz3,cz4
r0024278,71255,cz3,cz4
r0024279,71257,cz3,cz4
r0024280,71260,cz3,cz4
r0024281,71262,cz3,cz4
r0024282,71264,cz4,cz1
r0024283,71266,cz4,cz1
r0024284,71269,cz4,cz1
r0024285,71271,cz4,cz1
r0024286,71273,cz4,cz1
r0024287,71276,cz4,cz1
r0024288,71278,cz4,cz1
r0024289,71280,cz4,cz1
r0024290,71282,cz4,cz1
r0024291,71285,cz4,cz1
r0024292,71287,cz4,cz1
r0024293,71289,cz4,cz1
r0024294,71292,cz4,cz1
r0024295,71294,cz4,cz1
r0024296,71296,cz4,cz1
r0024297,71298,cz4,cz1
r0024298,71301,cz4,cz1
r0024299,71303,cz4,cz1
r0024300,71305,cz4,cz1
r0024301,71308,cz4,cz1
r0024302,71310,cz4,cz1
r0024303,71312,cz4,cz1
r0024304,71314,cz4,cz1
r0024305,71317,cz4,cz1
r0024306,71319,cz4,cz1
r0024307,71321,cz4,cz1
r0024308,71324,cz4,cz1
r0024309,71326,cz4,cz1
r0024310,71328,cz4,cz1
r0024311,71331,cz4,cz1
r0024312,71333,cz4,cz1
r0024313,71335,cz4,cz1
r0024314,71337,cz4,cz1
r0024315,71340,cz4,cz1
r0024316,71342,cz4,cz1
r0024317,71344,cz4,cz1
r0024318,71347,cz4,cz1
r0024319,71349,cz4,cz1
r0024320,71351,cz4,cz1
r0024321,71353,cz4,cz1
r0024322,71356,cz4,cz1
r0024323,71358,cz4,cz1
r0024324,71360,cz4,cz1
r0024325,71363,cz4,cz1
r0024326,71365,cz4,cz1
r0024327,71367,cz4,cz1
r0024328,71369,cz4,cz1
r0024329,71372,cz4,cz1
r0024330,71374,cz4,cz1
r0024331,71376,cz4,cz1
r0024332,71379,cz4,cz1
r0024333,71381,cz4,cz1
r0024334,71383,cz4,cz1
r0024335,71385,cz4,cz1
r0024336,71388,cz4,cz1
r0024337,71390,cz4,cz1
r0024338,71392,cz4,cz1
r0024339,71395,cz4,cz1
r0024340,71397,cz4,cz1
r0024341,71399,cz4,cz1
r0024342,71401,cz4,cz1
r0024343,71404,cz4,cz1
r0024344,71406,cz4,cz1
r0024345,71408,cz4,cz1
r0024346,71411,cz4,cz1
r0024347,71413,cz4,cz1
r0024348,71415,cz4,cz1
r0024349,71417,cz4,cz1
r0024350,71420,cz4,cz1
r0024351,71422,cz4,cz1
r0024352,71424,cz4,cz1
r0024353,71427,cz4,cz1
r0024354,71429,cz4,cz1
r0024355,71431,cz4,cz1
r0024356,71433,cz4,cz1
r0024357,71436,cz4,cz1
r0024358,71438,cz4,cz1
r0024359,71440,cz4,cz1
r0024360,71443,cz4,cz1
r0024361,71445,cz4,cz1
r0024362,71447,cz4,cz1
r0024363,71449,cz4,cz1
r0024364,71452,cz4,cz1
r0024365,71454,cz4,cz1
r0024366,71456,cz4,cz1
r0024367,71459,cz4,cz1
r0024368,71461,cz4,cz1
r0024369,71463,cz4,cz1
r0024370,71465,cz4,cz1
r0024371,71468,cz4,cz1
r0024372,71470,cz4,cz1
r0024373,71472,cz4,cz2
r0024374,71475,cz4,cz2
r0024375,71477,cz4,cz2
r0024376,71479,cz4,cz2
r0024377,71481,cz4,cz2
r0024378,71484,cz4,cz2
r0024379,71486,cz4,cz2
r0024380,71488,cz4,cz2
r0024381,71491,cz4,cz2
r0024382,71493,cz4,cz2
r0024383,71495,cz4,cz2
r0024384,71497,cz4,cz2
r0024385,71500,cz4,cz2
r0024386,71502,cz4,cz2
r0024387,71504,cz4,cz2
r0024388,71507,cz4,cz2
r0024389,71509,cz4,cz2
r0024390,71511,cz4,cz2
r0024391,71513,cz4,cz2
r0024392,71516,cz4,cz2
r0024393,71518,cz4,cz2
r0024394,71520,cz4,cz2
r0024395,71523,cz4,cz2
r0024396,71525,cz4,cz2
r0024397,71527,cz4,cz2
r0024398,71529,cz4,cz2
r0024399,71532,cz4,cz2
r0024400,71534,cz4,cz2
r0024401,71536,cz4,cz2
r0024402,71539,cz4,cz2
r0024403,71541,cz4,cz2
r0024404,71543,cz4,cz2
r0024405,71545,cz4,cz2
r0024406,71548,cz4,cz2
r0024407,71550,cz4,cz2
r0024408,71552,cz4,cz2
r0024409,71555,cz4,cz2
r0024410,71557,cz4,cz2
r0024411,71559,cz4,cz2
r0024412,71562,cz4,cz2
r0024413,71564,cz4,cz2
r0024414,71566,cz4,cz2
r0024415,71568,cz4,cz2
r0024416,71571,cz4,cz2
r0024417,71573,cz4,cz2
r0024418,71575,cz4,cz2
r0024419,71578,cz4,cz2
r0024420,71580,cz4,cz2
r0024421,71582,cz4,cz2
r0024422,71584,cz4,cz2
r0024423,71587,cz4,cz2
r0024424,71589,cz4,cz2
r0024425,71591,cz4,cz2
r0024426,71594,cz4,cz2
r0024427,71596,cz4,cz2
r0024428,71598,cz4,cz2
r0024429,71600,cz4,cz2
r0024430,71603,cz4,cz2
r0024431,71605,cz4,cz2
r0024432,71607,cz4,cz2
r0024433,71610,cz4,cz2
r0024434,71612,cz4,cz2
r0024435,71614,cz4,cz2
r0024436,71616,cz4,cz2
r0024437,71619,cz4,cz2
r0024438,71621,cz4,cz2
r0024439,71623,cz4,cz2
r0024440,71626,cz4,cz2
r0024441,71628,cz4,cz2
r0024442,71630,cz4,cz3
r0024443,71632,cz4,cz3
r0024444,71635,cz4,cz3
r0024445,71637,cz4,cz3
r0024446,71639,cz4,cz3
r0024447,71642,cz4,cz3
r0024448,71644,cz4,cz3
r0024449,71646,cz4,cz3
r0024450,71648,cz4,cz3
r0024451,71651,cz4,cz3
r0024452,71653,cz4,cz3
r0024453,71655,cz4,cz3
r0024454,71658,cz4,cz3
r0024455,71660,cz4,cz3
r0024456,71662,cz4,cz3
r0024457,71664,cz4,cz3
r0024458,71667,cz4,cz3
r0024459,71669,cz4,cz3
r0024460,71671,cz4,cz3
r0024461,71674,cz4,cz3
r0024462,71676,cz4,cz3
r0024463,71678,cz4,cz3
r0024464,71680,cz4,cz3
r0024465,71683,cz4,cz3
r0024466,71685,cz4,cz3
r0024467,71687,cz4,cz3
r0024468,71690,cz4,cz3
r0024469,71692,cz4,cz3
r0024470,71694,cz4,cz3
r0024471,71696,cz4,cz3
r0024472,71699,cz4,cz3
r0024473,71701,cz4,cz3
r0024474,71703,cz4,cz3
r0024475,71706,cz4,cz3
r0024476,71708,cz4,cz3
r0024477,71710,cz4,cz3
r0024478,71712,cz4,cz3
r0024479,71715,cz4,cz3
r0024480,71717,cz4,cz3
r0024481,71719,cz4,cz3
r0024482,71722,cz4,cz3
r0024483,71724,cz4,cz3
r0024484,71726,cz4,cz3
r0024485,71728,cz4,cz3
r0024486,71731,cz4,cz3
r0024487,71733,cz4,cz3
r0024488,71735,cz4,cz3
r0024489,71738,cz4,cz3
r0024490,71740,cz4,cz3
r0024491,71742,cz4,cz3
r0024492,71744,cz4,cz3
r0024493,71747,cz4,cz3
r0024494,71749,cz4,cz3
r0024495,71751,cz4,cz3
r0024496,71754,cz4,cz3
r0024497,71756,cz4,cz3
r0024498,71758,cz4,cz3
r0024499,71760,cz4,cz3
r0024500,71763,cz4,cz3
r0024501,71765,cz4,cz3
r0024502,71767,cz4,cz3
r0024503,71770,cz4,cz3
r0024504,71772,cz4,cz3
r0024505,71774,cz4,cz3
r0024506,71777,cz4,cz3
r0024507,71779,cz4,cz3
r0024508,71781,cz4,cz3
r0024509,71783,cz4,cz3
r0024510,71786,cz4,cz3
r0024511,71788,cz4,cz3
r0024512,71790,cz4,cz3
r0024513,71793,cz4,cz3
r0024514,71795,cz4,cz3
r0024515,71797,cz4,cz3
r0024516,71799,cz4,cz3
r0024517,71802,cz4,cz3
r0024518,71804,cz4,cz3
r0024519,71806,cz4,cz3
r0024520,71809,cz4,cz3
r0024521,71811,cz4,cz3
r0024522,71813,cz4,cz3
r0024523,71815,cz4,cz3
r0024524,71818,cz4,cz3
r0024525,71820,cz4,cz3
r0024526,71822,cz4,cz3
r0024527,71825,cz4,cz3
r0024528,71827,cz4,cz3
r0024529,71829,cz4,cz3
r0024530,71831,cz4,cz3
r0024531,71834,cz4,cz3
r0024532,71836,cz4,cz3
r0024533,71838,cz4,cz3
r0024534,71841,cz4,cz3
r0024535,71843,cz4,cz3
r0024536,71845,cz4,cz3
r0024537,71847,cz4,cz3
r0024538,71850,cz4,cz4
r0024539,71852,cz4,cz4
r0024540,71854,cz4,cz4
r0024541,71857,cz4,cz4
r0024542,71859,cz4,cz4
r0024543,71861,cz4,cz4
r0024544,71863,cz4,cz4
r0024545,71866,cz4,cz4
r0024546,71868,cz4,cz4
r0024547,71870,cz4,cz4
r0024548,71873,cz4,cz4
r0024549,71875,cz4,cz4
r0024550,71877,cz4,cz4
r0024551,71879,cz4,cz4
r0024552,71882,cz4,cz4
r0024553,71884,cz4,cz4
r0024554,71886,cz4,cz4
r0024555,71889,cz4,cz4
r0024556,71891,cz4,cz4
r0024557,71893,cz4,cz4
r0024558,71895,cz4,cz4
r0024559,71898,cz4,cz4
r0024560,71900,cz4,cz4
r0024561,71902,cz4,cz4
r0024562,71905,cz4,cz4
r0024563,71907,cz4,cz4
r0024564,71909,cz4,cz4
r0024565,71911,cz4,cz4
r0024566,71914,cz4,cz4
r0024567,71916,cz4,cz4
r0024568,71918,cz4,cz4
r0024569,71921,cz4,cz4
r0024570,71923,cz4,cz4
r0024571,71925,cz4,cz4
r0024572,71927,cz4,cz4
r0024573,71930,cz4,cz4
r0024574,71932,cz4,cz4
r0024575,71934,cz4,cz4
r0024576,71937,cz4,cz4
r0024577,71939,cz4,cz4
r0024578,71941,cz4,cz4
r0024579,71943,cz4,cz4
r0024580,71946,cz4,cz4
r0024581,71948,cz4,cz4
r0024582,71950,cz4,cz4
r0024583,71953,cz4,cz4
r0024584,71955,cz4,cz4
r0024585,71957,cz4,cz4
r0024586,71959,cz4,cz4
r0024587,71962,cz4,cz4
r0024588,71964,cz4,cz4
r0024589,71966,cz4,cz4
r0024590,71969,cz4,cz4
r0024591,71971,cz4,cz4
r0024592,71973,cz4,cz4
r0024593,71975,cz4,cz4
r0024594,71978,cz4,cz4
r0024595,71980,cz4,cz4
r0024596,71982,cz4,cz4
r0024597,71985,cz4,cz4
r0024598,71987,cz4,cz4
r0024599,71989,cz4,cz4
r0024600,71991,cz4,cz4
r0024601,71994,cz4,cz4
r0024602,71996,cz4,cz4
r0024603,71998,cz4,cz4
r0024604,72001,cz1,cz1
r0024605,72004,cz1,cz1
r0024606,72008,cz1,cz1
r0024607,72011,cz1,cz1
r0024608,72014,cz1,cz1
r0024609,72017,cz1,cz1
r0024610,72021,cz1,cz1
r0024611,72024,cz1,cz1
r0024612,72027,cz1,cz1
r0024613,72030,cz1,cz1
r0024614,72034,cz1,cz1
r0024615,72037,cz1,cz1
r0024616,72040,cz1,cz1
r0024617,72043,cz1,cz1
r0024618,72047,cz1,cz1
r0024619,72050,cz1,cz1
r0024620,72053,cz1,cz1
r0024621,72056,cz1,cz1
r0024622,72060,cz1,cz1
r0024623,72063,cz1,cz1
r0024624,72066,cz1,cz1
r0024625,72069,cz1,cz1
r0024626,72072,cz1,cz1
r0024627,72076,cz1,cz1
r0024628,72079,cz1,cz1
r0024629,72082,cz1,cz1
r0024630,72085,cz1,cz1
r0024631,72089,cz1,cz1
r0024632,72092,cz1,cz1
r0024633,72095,cz1,cz1
r0024634,72098,cz1,cz1
r0024635,72102,cz1,cz1
r0024636,72105,cz1,cz1
r0024637,72108,cz1,cz1
r0024638,72111,cz1,cz1
r0024639,72115,cz1,cz1
r0024640,72118,cz1,cz1
r0024641,72121,cz1,cz1
r0024642,72124,cz1,cz1
r0024643,72128,cz1,cz1
r0024644,72131,cz1,cz1
r0024645,72134,cz1,cz1
r0024646,72137,cz1,cz1
r0024647,72141,cz1,cz1
r0024648,72144,cz1,cz1
r0024649,72147,cz1,cz1
r0024650,72150,cz1,cz1
r0024651,72154,cz1,cz1
r0024652,72157,cz1,cz1
r0024653,72160,cz1,cz1
r0024654,72163,cz1,cz1
r0024655,72167,cz1,cz1
r0024656,72170,cz1,cz1
r0024657,72173,cz1,cz1
r0024658,72176,cz1,cz1
r0024659,72180,cz1,cz1
r0024660,72183,cz1,cz1
r0024661,72186,cz1,cz1
r0024662,72189,cz1,cz1
r0024663,72192,cz1,cz1
r0024664,72196,cz1,cz1
r0024665,72199,cz1,cz1
r0024666,72202,cz1,cz1
r0024667,72205,cz1,cz1
r0024668,72209,cz1,cz1
r0024669,72212,cz1,cz1
r0024670,72215,cz1,cz1
r0024671,72218,cz1,cz1
r0024672,72222,cz1,cz1
r0024673,72225,cz1,cz1
r0024674,72228,cz1,cz1
r0024675,72231,cz1,cz1
r0024676,72235,cz1,cz1
r0024677,72238,cz1,cz1
r0024678,72241,cz1,cz1
r0024679,72244,cz1,cz1
r0024680,72248,cz1,cz1
r0024681,72251,cz1,cz1
r0024682,72254,cz1,cz1
r0024683,72257,cz1,cz1
r0024684,72261,cz1,cz1
r0024685,72264,cz1,cz1
r0024686,72267,cz1,cz1
r0024687,72270,cz1,cz1
r0024688,72274,cz1,cz1
r0024689,72277,cz1,cz1
r0024690,72280,cz1,cz1
r0024691,72283,cz1,cz1
r0024692,72287,cz1,cz1
r0024693,72290,cz1,cz2
r0024694,72293,cz1,cz2
r0024695,72296,cz1,cz2
r0024696,72300,cz1,cz2
r0024697,72303,cz1,cz2
r0024698,72306,cz1,cz2
r0024699,72309,cz1,cz2
r0024700,72312,cz1,cz2
r0024701,72316,cz1,cz2
r0024702,72319,cz1,cz2
r0024703,72322,cz1,cz2
r0024704,72325,cz1,cz2
r0024705,72329,cz1,cz2
r0024706,72332,cz1,cz2
r0024707,72335,cz1,cz2
r0024708,72338,cz1,cz2
r0024709,72342,cz1,cz2
r0024710,72345,cz1,cz2
r0024711,72348,cz1,cz2
r0024712,72351,cz1,cz2
r0024713,72355,cz1,cz2
r0024714,72358,cz1,cz2
r0024715,72361,cz1,cz2
r0024716,72364,cz1,cz2
r0024717,72368,cz1,cz2
r0024718,72371,cz1,cz2
r0024719,72374,cz1,cz2
r0024720,72377,cz1,cz2
r0024721,72381,cz1,cz2
r0024722,72384,cz1,cz2
r0024723,72387,cz1,cz2
r0024724,72390,cz1,cz2
r0024725,72394,cz1,cz2
r0024726,72397,cz1,cz2
r0024727,72400,cz1,cz2
r0024728,72403,cz1,cz2
r0024729,72407,cz1,cz2
r0024730,72410,cz1,cz2
r0024731,72413,cz1,cz2
r0024732,72416,cz1,cz2
r0024733,72420,cz1,cz2
r0024734,72423,cz1,cz2
r0024735,72426,cz1,cz2
r0024736,72429,cz1,cz2
r0024737,72432,cz1,cz2
r0024738,72436,cz1,cz2
r0024739,72439,cz1,cz2
r0024740,72442,cz1,cz2
r0024741,72445,cz1,cz2
r0024742,72449,cz1,cz2
r0024743,72452,cz1,cz2
r0024744,72455,cz1,cz2
r0024745,72458,cz1,cz2
r0024746,72462,cz1,cz2
r0024747,72465,cz1,cz2
r0024748,72468,cz1,cz2
r0024749,72471,cz1,cz2
r0024750,72475,cz1,cz2
r0024751,72478,cz1,cz2
r0024752,72481,cz1,cz2
r0024753,72484,cz1,cz2
r0024754,72488,cz1,cz2
r0024755,72491,cz1,cz2
r0024756,72494,cz1,cz2
r0024757,72497,cz1,cz2
r0024758,72501,cz1,cz2
r0024759,72504,cz1,cz2
r0024760,72507,cz1,cz2
r0024761,72510,cz1,cz3
r0024762,72514,cz1,cz3
r0024763,72517,cz1,cz3
r0024764,72520,cz1,cz3
r0024765,72523,cz1,cz3
r0024766,72527,cz1,cz3
r0024767,72530,cz1,cz3
r0024768,72533,cz1,cz3
r0024769,72536,cz1,cz3
r0024770,72540,cz1,cz3
r0024771,72543,cz1,cz3
r0024772,72546,cz1,cz3
r0024773,72549,cz1,cz3
r0024774,72552,cz1,cz3
r0024775,72556,cz1,cz3
r0024776,72559,cz1,cz3
r0024777,72562,cz1,cz3
r0024778,72565,cz1,cz3
r0024779,72569,cz1,cz3
r0024780,72572,cz1,cz3
r0024781,72575,cz1,cz3
r0024782,72578,cz1,cz3
r0024783,72582,cz1,cz3
r0024784,72585,cz1,cz3
r0024785,72588,cz1,cz3
r0024786,72591,cz1,cz3
r0024787,72595,cz1,cz3
r0024788,72598,cz1,cz3
r0024789,72601,cz1,cz3
r0024790,72604,cz1,cz3
r0024791,72608,cz1,cz3
r0024792,72611,cz1,cz3
r0024793,72614,cz1,cz3
r0024794,72617,cz1,cz3
r0024795,72621,cz1,cz3
r0024796,72624,cz1,cz3
r0024797,72627,cz1,cz3
r0024798,72630,cz1,cz3
r0024799,72634,cz1,cz3
r0024800,72637,cz1,cz3
r0024801,72640,cz1,cz3
r0024802,72643,cz1,cz3
r0024803,72647,cz1,cz3
r0024804,72650,cz1,cz3
r0024805,72653,cz1,cz3
r0024806,72656,cz1,cz3
r0024807,72660,cz1,cz3
r0024808,72663,cz1,cz3
r0024809,72666,cz1,cz3
r0024810,72669,cz1,cz3
r0024811,72672,cz1,cz3
r0024812,72676,cz1,cz3
r0024813,72679,cz1,cz3
r0024814,72682,cz1,cz3
r0024815,72685,cz1,cz3
r0024816,72689,cz1,cz3
r0024817,72692,cz1,cz3
r0024818,72695,cz1,cz3
r0024819,72698,cz1,cz3
r0024820,72702,cz1,cz3
r0024821,72705,cz1,cz3
r0024822,72708,cz1,cz3
r0024823,72711,cz1,cz3
r0024824,72715,cz1,cz3
r0024825,72718,cz1,cz3
r0024826,72721,cz1,cz3
r0024827,72724,cz1,cz3
r0024828,72728,cz1,cz3
r0024829,72731,cz1,cz3
r0024830,72734,cz1,cz3
r0024831,72737,cz1,cz3
r0024832,72741,cz1,cz3
r0024833,72744,cz1,cz3
r0024834,72747,cz1,cz3
r0024835,72750,cz1,cz3
r0024836,72754,cz1,cz3
r0024837,72757,cz1,cz3
r0024838,72760,cz1,cz3
r0024839,72763,cz1,cz3
r0024840,72767,cz1,cz3
r0024841,72770,cz1,cz3
r0024842,72773,cz1,cz3
r0024843,72776,cz1,cz3
r0024844,72780,cz1,cz3
r0024845,72783,cz1,cz3
r0024846,72786,cz1,cz3
r0024847,72789,cz1,cz3
r0024848,72792,cz1,cz3
r0024849,72796,cz1,cz3
r0024850,72799,cz1,cz3
r0024851,72802,cz1,cz3
r0024852,72805,cz1,cz3
r0024853,72809,cz1,cz3
r0024854,72812,cz1,cz4
r0024855,72815,cz1,cz4
r0024856,72818,cz1,cz4
r0024857,72822,cz1,cz4
r0024858,72825,cz1,cz4
r0024859,72828,cz1,cz4
r0024860,72831,cz1,cz4
r0024861,72835,cz1,cz4
r0024862,72838,cz1,cz4
r0024863,72841,cz1,cz4
r0024864,72844,cz1,cz4
r0024865,72848,cz1,cz4
r0024866,72851,cz1,cz4
r0024867,72854,cz1,cz4
r0024868,72857,cz1,cz4
r0024869,72861,cz1,cz4
r0024870,72864,cz1,cz4
r0024871,72867,cz1,cz4
r0024872,72870,cz1,cz4
r0024873,72874,cz1,cz4
r0024874,72877,cz1,cz4
r0024875,72880,cz1,cz4
r0024876,72883,cz1,cz4
r0024877,72887,cz1,cz4
r0024878,72890,cz1,cz4
r0024879,72893,cz1,cz4
r0024880,72896,cz1,cz4
r0024881,72900,cz1,cz4
r0024882,72903,cz1,cz4
r0024883,72906,cz1,cz4
r0024884,72909,cz1,cz4
r0024885,72912,cz1,cz4
r0024886,72916,cz1,cz4
r0024887,72919,cz1,cz4
r0024888,72922,cz1,cz4
r0024889,72925,cz1,cz4
r0024890,72929,cz1,cz4
r0024891,72932,cz1,cz4
r0024892,72935,cz1,cz4
r0024893,72938,cz1,cz4
r0024894,72942,cz1,cz4
r0024895,72945,cz1,cz4
r0024896,72948,cz1,cz4
r0024897,72951,cz1,cz4
r0024898,72955,cz1,cz4
r0024899,72958,cz1,cz4
r0024900,72961,cz1,cz4
r0024901,72964,cz1,cz4
r0024902,72968,cz1,cz4
r0024903,72971,cz1,cz4
r0024904,72974,cz1,cz4
r0024905,72977,cz1,cz4
r0024906,72981,cz1,cz4
r0024907,72984,cz1,cz4
r0024908,72987,cz1,cz4
r0024909,72990,cz1,cz4
r0024910,72994,cz1,cz4
r0024911,72997,cz1,cz4
r0024912,73000,cz1,cz4
r0024913,73003,cz1,cz4
r0024914,73007,cz1,cz4
r0024915,73010,cz1,cz4
r0024916,73013,cz1,cz4
r0024917,73016,cz2,cz1
r0024918,73020,cz2,cz1
r0024919,73023,cz2,cz1
r0024920,73026,cz2,cz1
r0024921,73029,cz2,cz1
r0024922,73032,cz2,cz1
r0024923,73036,cz2,cz1
r0024924,73039,cz2,cz1
r0024925,73042,cz2,cz1
r0024926,73045,cz2,cz1
r0024927,73049,cz2,cz1
r0024928,73052,cz2,cz1
r0024929,73055,cz2,cz1
r0024930,73058,cz2,cz1
r0024931,73062,cz2,cz1
r0024932,73065,cz2,cz1
r0024933,73068,cz2,cz1
r0024934,73071,cz2,cz1
r0024935,73075,cz2,cz1
r0024936,73078,cz2,cz1
r0024937,73081,cz2,cz1
r0024938,73084,cz2,cz1
r0024939,73088,cz2,cz1
r0024940,73091,cz2,cz1
r0024941,73094,cz2,cz1
r0024942,73097,cz2,cz1
r0024943,73101,cz2,cz1
r0024944,73104,cz2,cz1
r0024945,73107,cz2,cz1
r0024946,73110,cz2,cz1
r0024947,73114,cz2,cz1
r0024948,73117,cz2,cz1
r0024949,73120,cz2,cz1
r0024950,73123,cz2,cz1
r0024951,73127,cz2,cz1
r0024952,73130,cz2,cz1
r0024953,73133,cz2,cz1
r0024954,73136,cz2,cz1
r0024955,73140,cz2,cz1
r0024956,73143,cz2,cz1
r0024957,73146,cz2,cz1
r0024958,73149,cz2,cz1
r0024959,73152,cz2,cz1
r0024960,73156,cz2,cz1
r0024961,73159,cz2,cz1
r0024962,73162,cz2,cz1
r0024963,73165,cz2,cz1
r0024964,73169,cz2,cz1
r0024965,73172,cz2,cz1
r0024966,73175,cz2,cz1
r0024967,73178,cz2,cz1
r0024968,73182,cz2,cz1
r0024969,73185,cz2,cz1
r0024970,73188,cz2,cz1
r0024971,73191,cz2,cz1
r0024972,73195,cz2,cz1
r0024973,73198,cz2,cz1
r0024974,73201,cz2,cz1
r0024975,73204,cz2,cz1
r0024976,73208,cz2,cz1
r0024977,73211,cz2,cz1
r0024978,73214,cz2,cz1
r0024979,73217,cz2,cz1
r0024980,73221,cz2,cz1
r0024981,73224,cz2,cz1
r0024982,73227,cz2,cz1
r0024983,73230,cz2,cz1
r0024984,73234,cz2,cz1
r0024985,73237,cz2,cz1
r0024986,73240,cz2,cz2
r0024987,73243,cz2,cz2
r0024988,73247,cz2,cz2
r0024989,73250,cz2,cz2
r0024990,73253,cz2,cz2
r0024991,73256,cz2,cz2
r0024992,73260,cz2,cz2
r0024993,73263,cz2,cz2
r0024994,73266,cz2,cz2
r0024995,73269,cz2,cz2
r0024996,73272,cz2,cz2
r0024997,73276,cz2,cz2
r0024998,73279,cz2,cz2
r0024999,73282,cz2,cz2
r0025000,73285,cz2,cz2
r0025001,73289,cz2,cz2
r0025002,73292,cz2,cz2
r0025003,73295,cz2,cz2
r0025004,73298,cz2,cz2
r0025005,73302,cz2,cz2
r0025006,73305,cz2,cz2
r0025007,73308,cz2,cz2
r0025008,73311,cz2,cz2
r0025009,73315,cz2,cz2
r0025010,73318,cz2,cz2
r0025011,73321,cz2,cz2
r0025012,73324,cz2,cz2
r0025013,73328,cz2,cz2
r0025014,73331,cz2,cz2
r0025015,73334,cz2,cz2
r0025016,73337,cz2,cz2
r0025017,73341,cz2,cz2
r0025018,73344,cz2,cz2
r0025019,73347,cz2,cz2
r0025020,73350,cz2,cz2
r0025021,73354,cz2,cz2
r0025022,73357,cz2,cz2
r0025023,73360,cz2,cz2
r0025024,73363,cz2,cz2
r0025025,73367,cz2,cz2
r0025026,73370,cz2,cz2
r0025027,73373,cz2,cz2
r0025028,73376,cz2,cz2
r0025029,73380,cz2,cz2
r0025030,73383,cz2,cz2
r0025031,73386,cz2,cz2
r0025032,73389,cz2,cz2
r0025033,73392,cz2,cz2
r0025034,73396,cz2,cz2
r0025035,73399,cz2,cz2
r0025036,73402,cz2,cz2
r0025037,73405,cz2,cz2
r0025038,73409,cz2,cz2
r0025039,73412,cz2,cz2
r0025040,73415,cz2,cz2
r0025041,73418,cz2,cz2
r0025042,73422,cz2,cz2
r0025043,73425,cz2,cz2
r0025044,73428,cz2,cz2
r0025045,73431,cz2,cz2
r0025046,73435,cz2,cz2
r0025047,73438,cz2,cz2
r0025048,73441,cz2,cz2
r0025049,73444,cz2,cz2
r0025050,73448,cz2,cz2
r0025051,73451,cz2,cz2
r0025052,73454,cz2,cz2
r0025053,73457,cz2,cz3
r0025054,73461,cz2,cz3
r0025055,73464,cz2,cz3
r0025056,73467,cz2,cz3
r0025057,73470,cz2,cz3
r0025058,73474,cz2,cz3
r0025059,73477,cz2,cz3
r0025060,73480,cz2,cz3
r0025061,73483,cz2,cz3
r0025062,73487,cz2,cz3
r0025063,73490,cz2,cz3
r0025064,73493,cz2,cz3
r0025065,73496,cz2,cz3
r0025066,73500,cz2,cz3
r0025067,73503,cz2,cz3
r0025068,73506,cz2,cz3
r0025069,73509,cz2,cz3
r0025070,73512,cz2,cz3
r0025071,73516,cz2,cz3
r0025072,73519,cz2,cz3
r0025073,73522,cz2,cz3
r0025074,73525,cz2,cz3
r0025075,73529,cz2,cz3
r0025076,73532,cz2,cz3
r0025077,73535,cz2,cz3
r0025078,73538,cz2,cz3
r0025079,73542,cz2,cz3
r0025080,73545,cz2,cz3
r0025081,73548,cz2,cz3
r0025082,73551,cz2,cz3
r0025083,73555,cz2,cz3
r0025084,73558,cz2,cz3
r0025085,73561,cz2,cz3
r0025086,73564,cz2,cz3
r0025087,73568,cz2,cz3
r0025088,73571,cz2,cz3
r0025089,73574,cz2,cz3
r0025090,73577,cz2,cz3
r0025091,73581,cz2,cz3
r0025092,73584,cz2,cz3
r0025093,73587,cz2,cz3
r0025094,73590,cz2,cz3
r0025095,73594,cz2,cz3
r0025096,73597,cz2,cz3
r0025097,73600,cz2,cz3
r0025098,73603,cz2,cz3
r0025099,73607,cz2,cz3
r0025100,73610,cz2,cz3
r0025101,73613,cz2,cz3
r0025102,73616,cz2,cz3
r0025103,73620,cz2,cz3
r0025104,73623,cz2,cz3
r0025105,73626,cz2,cz3
r0025106,73629,cz2,cz3
r0025107,73632,cz2,cz3
r0025108,73636,cz2,cz3
r0025109,73639,cz2,cz3
r0025110,73642,cz2,cz3
r0025111,73645,cz2,cz3
r0025112,73649,cz2,cz3
r0025113,73652,cz2,cz3
r0025114,73655,cz2,cz3
r0025115,73658,cz2,cz3
r0025116,73662,cz2,cz3
r0025117,73665,cz2,cz3
r0025118,73668,cz2,cz3
r0025119,73671,cz2,cz3
r0025120,73675,cz2,cz4
r0025121,73678,cz2,cz4
r0025122,73681,cz2,cz4
r0025123,73684,cz2,cz4
r0025124,73688,cz2,cz4
r0025125,73691,cz2,cz4
r0025126,73694,cz2,cz4
r0025127,73697,cz2,cz4
r0025128,73701,cz2,cz4
r0025129,73704,cz2,cz4
r0025130,73707,cz2,cz4
r0025131,73710,cz2,cz4
r0025132,73714,cz2,cz4
r0025133,73717,cz2,cz4
r0025134,73720,cz2,cz4
r0025135,73723,cz2,cz4
r0025136,73727,cz2,cz4
r0025137,73730,cz2,cz4
r0025138,73733,cz2,cz4
r0025139,73736,cz2,cz4
r0025140,73740,cz2,cz4
r0025141,73743,cz2,cz4
r0025142,73746,cz2,cz4
r0025143,73749,cz2,cz4
r0025144,73752,cz2,cz4
r0025145,73756,cz2,cz4
r0025146,73759,cz2,cz4
r0025147,73762,cz2,cz4
r0025148,73765,cz2,cz4
r0025149,73769,cz2,cz4
r0025150,73772,cz2,cz4
r0025151,73775,cz2,cz4
r0025152,73778,cz2,cz4
r0025153,73782,cz2,cz4
r0025154,73785,cz2,cz4
r0025155,73788,cz2,cz4
r0025156,73791,cz2,cz4
r0025157,73795,cz2,cz4
r0025158,73798,cz2,cz4
r0025159,73801,cz2,cz4
r0025160,73804,cz2,cz4
r0025161,73808,cz2,cz4
r0025162,73811,cz2,cz4
r0025163,73814,cz2,cz4
r0025164,73817,cz2,cz4
r0025165,73821,cz2,cz4
r0025166,73824,cz2,cz4
r0025167,73827,cz2,cz4
r0025168,73830,cz2,cz4
r0025169,73834,cz3,cz1
r0025170,73837,cz3,cz1
r0025171,73840,cz3,cz1
r0025172,73843,cz3,cz1
r0025173,73847,cz3,cz1
r0025174,73850,cz3,cz1
r0025175,73853,cz3,cz1
r0025176,73856,cz3,cz1
r0025177,73860,cz3,cz1
r0025178,73863,cz3,cz1
r0025179,73866,cz3,cz1
r0025180,73869,cz3,cz1
r0025181,73872,cz3,cz1
r0025182,73876,cz3,cz1
r0025183,73879,cz3,cz1
r0025184,73882,cz3,cz1
r0025185,73885,cz3,cz1
r0025186,73889,cz3,cz1
r0025187,73892,cz3,cz1
r0025188,73895,cz3,cz1
r0025189,73898,cz3,cz1
r0025190,73902,cz3,cz1
r0025191,73905,cz3,cz1
r0025192,73908,cz3,cz1
r0025193,73911,cz3,cz1
r0025194,73915,cz3,cz1
r0025195,73918,cz3,cz1
r0025196,73921,cz3,cz1
r0025197,73924,cz3,cz1
r0025198,73928,cz3,cz1
r0025199,73931,cz3,cz1
r0025200,73934,cz3,cz1
r0025201,73937,cz3,cz1
r0025202,73941,cz3,cz1
r0025203,73944,cz3,cz1
r0025204,73947,cz3,cz1
r0025205,73950,cz3,cz1
r0025206,73954,cz3,cz1
r0025207,73957,cz3,cz1
r0025208,73960,cz3,cz1
r0025209,73963,cz3,cz1
r0025210,73967,cz3,cz1
r0025211,73970,cz3,cz1
r0025212,73973,cz3,cz1
r0025213,73976,cz3,cz1
r0025214,73980,cz3,cz1
r0025215,73983,cz3,cz1
r0025216,73986,cz3,cz1
r0025217,73989,cz3,cz1
r0025218,73992,cz3,cz1
r0025219,73996,cz3,cz1
r0025220,73999,cz3,cz1
r0025221,74002,cz3,cz1
r0025222,74005,cz3,cz1
r0025223,74009,cz3,cz1
r0025224,74012,cz3,cz1
r0025225,74015,cz3,cz1
r0025226,74018,cz3,cz1
r0025227,74022,cz3,cz1
r0025228,74025,cz3,cz1
r0025229,74028,cz3,cz1
r0025230,74031,cz3,cz1
r0025231,74035,cz3,cz1
r0025232,74038,cz3,cz1
r0025233,74041,cz3,cz1
r0025234,74044,cz3,cz1
r0025235,74048,cz3,cz1
r0025236,74051,cz3,cz1
r0025237,74054,cz3,cz1
r0025238,74057,cz3,cz1
r0025239,74061,cz3,cz1
r0025240,74064,cz3,cz1
r0025241,74067,cz3,cz1
r0025242,74070,cz3,cz1
r0025243,74074,cz3,cz1
r0025244,74077,cz3,cz1
r0025245,74080,cz3,cz1
r0025246,74083,cz3,cz1
r0025247,74087,cz3,cz1
r0025248,74090,cz3,cz1
r0025249,74093,cz3,cz1
r0025250,74096,cz3,cz1
r0025251,74100,cz3,cz1
r0025252,74103,cz3,cz1
r0025253,74106,cz3,cz1
r0025254,74109,cz3,cz1
r0025255,74112,cz3,cz1
r0025256,74116,cz3,cz1
r0025257,74119,cz3,cz1
r0025258,74122,cz3,cz1
r0025259,74125,cz3,cz1
r0025260,74129,cz3,cz2
r0025261,74132,cz3,cz2
r0025262,74135,cz3,cz2
r0025263,74138,cz3,cz2
r0025264,74142,cz3,cz2
r0025265,74145,cz3,cz2
r0025266,74148,cz3,cz2
r0025267,74151,cz3,cz2
r0025268,74155,cz3,cz2
r0025269,74158,cz3,cz2
r0025270,74161,cz3,cz2
r0025271,74164,cz3,cz2
r0025272,74168,cz3,cz2
r0025273,74171,cz3,cz2
r0025274,74174,cz3,cz2
r0025275,74177,cz3,cz2
r0025276,74181,cz3,cz2
r0025277,74184,cz3,cz2
r0025278,74187,cz3,cz2
r0025279,74190,cz3,cz2
r0025280,74194,cz3,cz2
r0025281,74197,cz3,cz2
r0025282,74200,cz3,cz2
r0025283,74203,cz3,cz2
r0025284,74207,cz3,cz2
r0025285,74210,cz3,cz2
r0025286,74213,cz3,cz2
r0025287,74216,cz3,cz2
r0025288,74220,cz3,cz2
r0025289,74223,cz3,cz2
r0025290,74226,cz3,cz2
r0025291,74229,cz3,cz2
r0025292,74232,cz3,cz2
r0025293,74236,cz3,cz2
r0025294,74239,cz3,cz2
r0025295,74242,cz3,cz2
r0025296,74245,cz3,cz2
r0025297,74249,cz3,cz2
r0025298,74252,cz3,cz2
r0025299,74255,cz3,cz2
r0025300,74258,cz3,cz2
r0025301,74262,cz3,cz2
r0025302,74265,cz3,cz2
r0025303,74268,cz3,cz2
r0025304,74271,cz3,cz2
r0025305,74275,cz3,cz2
r0025306,74278,cz3,cz2
r0025307,74281,cz3,cz2
r0025308,74284,cz3,cz2
r0025309,74288,cz3,cz2
r0025310,74291,cz3,cz2
r0025311,74294,cz3,cz2
r0025312,74297,cz3,cz2
r0025313,74301,cz3,cz2
r0025314,74304,cz3,cz2
r0025315,74307,cz3,cz2
r0025316,74310,cz3,cz2
r0025317,74314,cz3,cz2
r0025318,74317,cz3,cz2
r0025319,74320,cz3,cz2
r0025320,74323,cz3,cz2
r0025321,74327,cz3,cz2
r0025322,74330,cz3,cz2
r0025323,74333,cz3,cz2
r0025324,74336,cz3,cz2
r0025325,74340,cz3,cz3
r0025326,74343,cz3,cz3
r0025327,74346,cz3,cz3
r0025328,74349,cz3,cz3
r0025329,74352,cz3,cz3
r0025330,74356,cz3,cz3
r0025331,74359,cz3,cz3
r0025332,74362,cz3,cz3
r0025333,74365,cz3,cz3
r0025334,74369,cz3,cz3
r0025335,74372,cz3,cz3
r0025336,74375,cz3,cz3
r0025337,74378,cz3,cz3
r0025338,74382,cz3,cz3
r0025339,74385,cz3,cz3
r0025340,74388,cz3,cz3
r0025341,74391,cz3,cz3
r0025342,74395,cz3,cz3
r0025343,74398,cz3,cz3
r0025344,74401,cz3,cz3
r0025345,74404,cz3,cz3
r0025346,74408,cz3,cz3
r0025347,74411,cz3,cz3
r0025348,74414,cz3,cz3
r0025349,74417,cz3,cz3
r0025350,74421,cz3,cz3
r0025351,74424,cz3,cz3
r0025352,74427,cz3,cz3
r0025353,74430,cz3,cz3
r0025354,74434,cz3,cz3
r0025355,74437,cz3,cz3
r0025356,74440,cz3,cz3
r0025357,74443,cz3,cz3
r0025358,74447,cz3,cz3
r0025359,74450,cz3,cz3
r0025360,74453,cz3,cz3
r0025361,74456,cz3,cz3
r0025362,74460,cz3,cz3
r0025363,74463,cz3,cz3
r0025364,74466,cz3,cz3
r0025365,74469,cz3,cz3
r0025366,74472,cz3,cz3
r0025367,74476,cz3,cz3
r0025368,74479,cz3,cz3
r0025369,74482,cz3,cz3
r0025370,74485,cz3,cz3
r0025371,74489,cz3,cz3
r0025372,74492,cz3,cz3
r0025373,74495,cz3,cz3
r0025374,74498,cz3,cz3
r0025375,74502,cz3,cz3
r0025376,74505,cz3,cz3
r0025377,74508,cz3,cz3
r0025378,74511,cz3,cz3
r0025379,74515,cz3,cz3
r0025380,74518,cz3,cz3
r0025381,74521,cz3,cz3
r0025382,74524,cz3,cz3
r0025383,74528,cz3,cz3
r0025384,74531,cz3,cz3
r0025385,74534,cz3,cz3
r0025386,74537,cz3,cz3
r0025387,74541,cz3,cz3
r0025388,74544,cz3,cz3
r0025389,74547,cz3,cz3
r0025390,74550,cz3,cz3
r0025391,74554,cz3,cz3
r0025392,74557,cz3,cz3
r0025393,74560,cz3,cz3
r0025394,74563,cz3,cz3
r0025395,74567,cz3,cz3
r0025396,74570,cz3,cz3
r0025397,74573,cz3,cz3
r0025398,74576,cz3,cz3
r0025399,74580,cz3,cz3
r0025400,74583,cz3,cz3
r0025401,74586,cz3,cz3
r0025402,74589,cz3,cz3
r0025403,74592,cz3,cz3
r0025404,74596,cz3,cz3
r0025405,74599,cz3,cz3
r0025406,74602,cz3,cz3
r0025407,74605,cz3,cz3
r0025408,74609,cz3,cz3
r0025409,74612,cz3,cz3
r0025410,74615,cz3,cz3
r0025411,74618,cz3,cz3
r0025412,74622,cz3,cz3
r0025413,74625,cz3,cz3
r0025414,74628,cz3,cz3
r0025415,74631,cz3,cz3
r0025416,74635,cz3,cz3
r0025417,74638,cz3,cz3
r0025418,74641,cz3,cz3
r0025419,74644,cz3,cz3
r0025420,74648,cz3,cz3
r0025421,74651,cz3,cz3
r0025422,74654,cz3,cz3
r0025423,74657,cz3,cz4
r0025424,74661,cz3,cz4
r0025425,74664,cz3,cz4
r0025426,74667,cz3,cz4
r0025427,74670,cz3,cz4
r0025428,74674,cz3,cz4
r0025429,74677,cz3,cz4
r0025430,74680,cz3,cz4
r0025431,74683,cz3,cz4
r0025432,74687,cz3,cz4
r0025433,74690,cz3,cz4
r0025434,74693,cz3,cz4
r0025435,74696,cz3,cz4
r0025436,74700,cz3,cz4
r0025437,74703,cz3,cz4
r0025438,74706,cz3,cz4
r0025439,74709,cz3,cz4
r0025440,74712,cz3,cz4
r0025441,74716,cz3,cz4
r0025442,74719,cz3,cz4
r0025443,74722,cz3,cz4
r0025444,74725,cz3,cz4
r0025445,74729,cz3,cz4
r0025446,74732,cz3,cz4
r0025447,74735,cz3,cz4
r0025448,74738,cz3,cz4
r0025449,74742,cz3,cz4
r0025450,74745,cz3,cz4
r0025451,74748,cz3,cz4
r0025452,74751,cz3,cz4
r0025453,74755,cz3,cz4
r0025454,74758,cz3,cz4
r0025455,74761,cz3,cz4
r0025456,74764,cz3,cz4
r0025457,74768,cz3,cz4
r0025458,74771,cz3,cz4
r0025459,74774,cz3,cz4
r0025460,74777,cz3,cz4
r0025461,74781,cz3,cz4
r0025462,74784,cz3,cz4
r0025463,74787,cz3,cz4
r0025464,74790,cz3,cz4
r0025465,74794,cz3,cz4
r0025466,74797,cz3,cz4
r0025467,74800,cz3,cz4
r0025468,74803,cz3,cz4
r0025469,74807,cz3,cz4
r0025470,74810,cz3,cz4
r0025471,74813,cz3,cz4
r0025472,74816,cz3,cz4
r0025473,74820,cz3,cz4
r0025474,74823,cz3,cz4
r0025475,74826,cz3,cz4
r0025476,74829,cz3,cz4
r0025477,74832,cz3,cz4
r0025478,74836,cz3,cz4
r0025479,74839,cz3,cz4
r0025480,74842,cz3,cz4
r0025481,74845,cz3,cz4
r0025482,74849,cz3,cz4
r0025483,74852,cz3,cz4
r0025484,74855,cz3,cz4
r0025485,74858,cz3,cz4
r0025486,74862,cz3,cz4
r0025487,74865,cz3,cz4
r0025488,74868,cz4,cz1
r0025489,74871,cz4,cz1
r0025490,74875,cz4,cz1
r0025491,74878,cz4,cz1
r0025492,74881,cz4,cz1
r0025493,74884,cz4,cz1
r0025494,74888,cz4,cz1
r0025495,74891,cz4,cz1
r0025496,74894,cz4,cz1
r0025497,74897,cz4,cz1
r0025498,74901,cz4,cz1
r0025499,74904,cz4,cz1
r0025500,74907,cz4,cz1
r0025501,74910,cz4,cz1
r0025502,74914,cz4,cz1
r0025503,74917,cz4,cz1
r0025504,74920,cz4,cz1
r0025505,74923,cz4,cz1
r0025506,74927,cz4,cz1
r0025507,74930,cz4,cz1
r0025508,74933,cz4,cz1
r0025509,74936,cz4,cz1
r0025510,74940,cz4,cz1
r0025511,74943,cz4,cz1
r0025512,74946,cz4,cz1
r0025513,74949,cz4,cz1
r0025514,74952,cz4,cz1
r0025515,74956,cz4,cz1
r0025516,74959,cz4,cz1
r0025517,74962,cz4,cz1
r0025518,74965,cz4,cz1
r0025519,74969,cz4,cz1
r0025520,74972,cz4,cz1
r0025521,74975,cz4,cz1
r0025522,74978,cz4,cz1
r0025523,74982,cz4,cz1
r0025524,74985,cz4,cz1
r0025525,74988,cz4,cz1
r0025526,74991,cz4,cz1
r0025527,74995,cz4,cz1
r0025528,74998,cz4,cz1
r0025529,75001,cz4,cz1
r0025530,75004,cz4,cz1
r0025531,75008,cz4,cz1
r0025532,75011,cz4,cz1
r0025533,75014,cz4,cz1
r0025534,75017,cz4,cz1
r0025535,75021,cz4,cz1
r0025536,75024,cz4,cz1
r0025537,75027,cz4,cz1
r0025538,75030,cz4,cz1
r0025539,75034,cz4,cz1
r0025540,75037,cz4,cz1
r0025541,75040,cz4,cz1
r0025542,75043,cz4,cz1
r0025543,75047,cz4,cz1
r0025544,75050,cz4,cz1
r0025545,75053,cz4,cz1
r0025546,75056,cz4,cz1
r0025547,75060,cz4,cz1
r0025548,75063,cz4,cz1
r0025549,75066,cz4,cz1
r0025550,75069,cz4,cz1
r0025551,75072,cz4,cz1
r0025552,75076,cz4,cz2
r0025553,75079,cz4,cz2
r0025554,75082,cz4,cz2
r0025555,75085,cz4,cz2
r0025556,75089,cz4,cz2
r0025557,75092,cz4,cz2
r0025558,75095,cz4,cz2
r0025559,75098,cz4,cz2
r0025560,75102,cz4,cz2
r0025561,75105,cz4,cz2
r0025562,75108,cz4,cz2
r0025563,75111,cz4,cz2
r0025564,75115,cz4,cz2
r0025565,75118,cz4,cz2
r0025566,75121,cz4,cz2
r0025567,75124,cz4,cz2
r0025568,75128,cz4,cz2
r0025569,75131,cz4,cz2
r0025570,75134,cz4,cz2
r0025571,75137,cz4,cz2
r0025572,75141,cz4,cz2
r0025573,75144,cz4,cz2
r0025574,75147,cz4,cz2
r0025575,75150,cz4,cz2
r0025576,75154,cz4,cz2
r0025577,75157,cz4,cz2
r0025578,75160,cz4,cz2
r0025579,75163,cz4,cz2
r0025580,75167,cz4,cz2
r0025581,75170,cz4,cz2
r0025582,75173,cz4,cz2
r0025583,75176,cz4,cz2
r0025584,75180,cz4,cz2
r0025585,75183,cz4,cz2
r0025586,75186,cz4,cz2
r0025587,75189,cz4,cz2
r0025588,75192,cz4,cz2
r0025589,75196,cz4,cz2
r0025590,75199,cz4,cz2
r0025591,75202,cz4,cz2
r0025592,75205,cz4,cz2
r0025593,75209,cz4,cz2
r0025594,75212,cz4,cz2
r0025595,75215,cz4,cz2
r0025596,75218,cz4,cz2
r0025597,75222,cz4,cz2
r0025598,75225,cz4,cz2
r0025599,75228,cz4,cz2
r0025600,75231,cz4,cz3
r0025601,75235,cz4,cz3
r0025602,75238,cz4,cz3
r0025603,75241,cz4,cz3
r0025604,75244,cz4,cz3
r0025605,75248,cz4,cz3
r0025606,75251,cz4,cz3
r0025607,75254,cz4,cz3
r0025608,75257,cz4,cz3
r0025609,75261,cz4,cz3
r0025610,75264,cz4,cz3
r0025611,75267,cz4,cz3
r0025612,75270,cz4,cz3
r0025613,75274,cz4,cz3
r0025614,75277,cz4,cz3
r0025615,75280,cz4,cz3
r0025616,75283,cz4,cz3
r0025617,75287,cz4,cz3
r0025618,75290,cz4,cz3
r0025619,75293,cz4,cz3
r0025620,75296,cz4,cz3
r0025621,75300,cz4,cz3
r0025622,75303,cz4,cz3
r0025623,75306,cz4,cz3
r0025624,75309,cz4,cz3
r0025625,75312,cz4,cz3
r0025626,75316,cz4,cz3
r0025627,75319,cz4,cz3
r0025628,75322,cz4,cz3
r0025629,75325,cz4,cz3
r0025630,75329,cz4,cz3
r0025631,75332,cz4,cz3
r0025632,75335,cz4,cz3
r0025633,75338,cz4,cz3
r0025634,75342,cz4,cz3
r0025635,75345,cz4,cz3
r0025636,75348,cz4,cz3
r0025637,75351,cz4,cz3
r0025638,75355,cz4,cz3
r0025639,75358,cz4,cz3
r0025640,75361,cz4,cz3
r0025641,75364,cz4,cz3
r0025642,75368,cz4,cz3
r0025643,75371,cz4,cz3
r0025644,75374,cz4,cz3
r0025645,75377,cz4,cz3
r0025646,75381,cz4,cz3
r0025647,75384,cz4,cz3
r0025648,75387,cz4,cz3
r0025649,75390,cz4,cz3
r0025650,75394,cz4,cz3
r0025651,75397,cz4,cz3
r0025652,75400,cz4,cz3
r0025653,75403,cz4,cz3
r0025654,75407,cz4,cz3
r0025655,75410,cz4,cz3
r0025656,75413,cz4,cz3
r0025657,75416,cz4,cz3
r0025658,75420,cz4,cz3
r0025659,75423,cz4,cz3
r0025660,75426,cz4,cz3
r0025661,75429,cz4,cz3
r0025662,75432,cz4,cz3
r0025663,75436,cz4,cz3
r0025664,75439,cz4,cz3
r0025665,75442,cz4,cz3
r0025666,75445,cz4,cz3
r0025667,75449,cz4,cz3
r0025668,75452,cz4,cz4
r0025669,75455,cz4,cz4
r0025670,75458,cz4,cz4
r0025671,75462,cz4,cz4
r0025672,75465,cz4,cz4
r0025673,75468,cz4,cz4
r0025674,75471,cz4,cz4
r0025675,75475,cz4,cz4
r0025676,75478,cz4,cz4
r0025677,75481,cz4,cz4
r0025678,75484,cz4,cz4
r0025679,75488,cz4,cz4
r0025680,75491,cz4,cz4
r0025681,75494,cz4,cz4
r0025682,75497,cz4,cz4
r0025683,75501,cz4,cz4
r0025684,75504,cz4,cz4
r0025685,75507,cz4,cz4
r0025686,75510,cz4,cz4
r0025687,75514,cz4,cz4
r0025688,75517,cz4,cz4
r0025689,75520,cz4,cz4
r0025690,75523,cz4,cz4
r0025691,75527,cz4,cz4
r0025692,75530,cz4,cz4
r0025693,75533,cz4,cz4
r0025694,75536,cz4,cz4
r0025695,75540,cz4,cz4
r0025696,75543,cz4,cz4
r0025697,75546,cz4,cz4
r0025698,75549,cz4,cz4
r0025699,75552,cz4,cz4
r0025700,75556,cz4,cz4
r0025701,75559,cz4,cz4
r0025702,75562,cz4,cz4
r0025703,75565,cz4,cz4
r0025704,75569,cz4,cz4
r0025705,75572,cz4,cz4
r0025706,75575,cz4,cz4
r0025707,75578,cz4,cz4
r0025708,75582,cz4,cz4
r0025709,75585,cz4,cz4
r0025710,75588,cz4,cz4
r0025711,75591,cz4,cz4
r0025712,75595,cz4,cz4
r0025713,75598,cz4,cz4
r0025714,75601,cz1,cz1
r0025715,75605,cz1,cz1
r0025716,75609,cz1,cz1
r0025717,75613,cz1,cz1
r0025718,75617,cz1,cz1
r0025719,75621,cz1,cz1
r0025720,75625,cz1,cz1
r0025721,75629,cz1,cz1
r0025722,75633,cz1,cz1
r0025723,75637,cz1,cz1
r0025724,75641,cz1,cz1
r0025725,75645,cz1,cz1
r0025726,75649,cz1,cz1
r0025727,75653,cz1,cz1
r0025728,75657,cz1,cz1
r0025729,75661,cz1,cz1
r0025730,75665,cz1,cz1
r0025731,75669,cz1,cz1
r0025732,75673,cz1,cz1
r0025733,75677,cz1,cz1
r0025734,75681,cz1,cz1
r0025735,75685,cz1,cz1
r0025736,75689,cz1,cz1
r0025737,75693,cz1,cz1
r0025738,75697,cz1,cz1
r0025739,75701,cz1,cz1
r0025740,75705,cz1,cz1
r0025741,75709,cz1,cz1
r0025742,75713,cz1,cz1
r0025743,75717,cz1,cz1
r0025744,75721,cz1,cz1
r0025745,75725,cz1,cz1
r0025746,75729,cz1,cz1
r0025747,75733,cz1,cz1
r0025748,75737,cz1,cz1
r0025749,75741,cz1,cz1
r0025750,75745,cz1,cz1
r0025751,75749,cz1,cz1
r0025752,75753,cz1,cz1
r0025753,75757,cz1,cz1
r0025754,75761,cz1,cz1
r0025755,75765,cz1,cz1
r0025756,75769,cz1,cz1
r0025757,75773,cz1,cz1
r0025758,75777,cz1,cz1
r0025759,75780,cz1,cz1
r0025760,75784,cz1,cz1
r0025761,75788,cz1,cz1
r0025762,75792,cz1,cz1
r0025763,75796,cz1,cz1
r0025764,75800,cz1,cz1
r0025765,75804,cz1,cz1
r0025766,75808,cz1,cz1
r0025767,75812,cz1,cz1
r0025768,75816,cz1,cz1
r0025769,75820,cz1,cz1
r0025770,75824,cz1,cz1
r0025771,75828,cz1,cz1
r0025772,75832,cz1,cz1
r0025773,75836,cz1,cz1
r0025774,75840,cz1,cz1
r0025775,75844,cz1,cz1
r0025776,75848,cz1,cz1
r0025777,75852,cz1,cz1
r0025778,75856,cz1,cz1
r0025779,75860,cz1,cz1
r0025780,75864,cz1,cz1
r0025781,75868,cz1,cz1
r0025782,75872,cz1,cz1
r0025783,75876,cz1,cz1
r0025784,75880,cz1,cz1
r0025785,75884,cz1,cz1
r0025786,75888,cz1,cz1
r0025787,75892,cz1,cz2
r0025788,75896,cz1,cz2
r0025789,75900,cz1,cz2
r0025790,75904,cz1,cz2
r0025791,75908,cz1,cz2
r0025792,75912,cz1,cz2
r0025793,75916,cz1,cz2
r0025794,75920,cz1,cz2
r0025795,75924,cz1,cz2
r0025796,75928,cz1,cz2
r0025797,75932,cz1,cz2
r0025798,75936,cz1,cz2
r0025799,75940,cz1,cz2
r0025800,75944,cz1,cz2
r0025801,75948,cz1,cz2
r0025802,75952,cz1,cz2
r0025803,75956,cz1,cz2
r0025804,75960,cz1,cz2
r0025805,75963,cz1,cz2
r0025806,75967,cz1,cz2
r0025807,75971,cz1,cz2
r0025808,75975,cz1,cz2
r0025809,75979,cz1,cz2
r0025810,75983,cz1,cz2
r0025811,75987,cz1,cz2
r0025812,75991,cz1,cz2
r0025813,75995,cz1,cz2
r0025814,75999,cz1,cz2
r0025815,76003,cz1,cz2
r0025816,76007,cz1,cz2
r0025817,76011,cz1,cz2
r0025818,76015,cz1,cz2
r0025819,76019,cz1,cz2
r0025820,76023,cz1,cz2
r0025821,76027,cz1,cz2
r0025822,76031,cz1,cz2
r0025823,76035,cz1,cz2
r0025824,76039,cz1,cz2
r0025825,76043,cz1,cz2
r0025826,76047,cz1,cz2
r0025827,76051,cz1,cz2
r0025828,76055,cz1,cz2
r0025829,76059,cz1,cz2
r0025830,76063,cz1,cz2
r0025831,76067,cz1,cz2
r0025832,76071,cz1,cz2
r0025833,76075,cz1,cz2
r0025834,76079,cz1,cz2
r0025835,76083,cz1,cz2
r0025836,76087,cz1,cz2
r0025837,76091,cz1,cz2
r0025838,76095,cz1,cz2
r0025839,76099,cz1,cz2
r0025840,76103,cz1,cz2
r0025841,76107,cz1,cz2
r0025842,76111,cz1,cz3
r0025843,76115,cz1,cz3
r0025844,76119,cz1,cz3
r0025845,76123,cz1,cz3
r0025846,76127,cz1,cz3
r0025847,76131,cz1,cz3
r0025848,76135,cz1,cz3
r0025849,76139,cz1,cz3
r0025850,76142,cz1,cz3
r0025851,76146,cz1,cz3
r0025852,76150,cz1,cz3
r0025853,76154,cz1,cz3
r0025854,76158,cz1,cz3
r0025855,76162,cz1,cz3
r0025856,76166,cz1,cz3
r0025857,76170,cz1,cz3
r0025858,76174,cz1,cz3
r0025859,76178,cz1,cz3
r0025860,76182,cz1,cz3
r0025861,76186,cz1,cz3
r0025862,76190,cz1,cz3
r0025863,76194,cz1,cz3
r0025864,76198,cz1,cz3
r0025865,76202,cz1,cz3
r0025866,76206,cz1,cz3
r0025867,76210,cz1,cz3
r0025868,76214,cz1,cz3
r0025869,76218,cz1,cz3
r0025870,76222,cz1,cz3
r0025871,76226,cz1,cz3
r0025872,76230,cz1,cz3
r0025873,76234,cz1,cz3
r0025874,76238,cz1,cz3
r0025875,76242,cz1,cz3
r0025876,76246,cz1,cz3
r0025877,76250,cz1,cz3
r0025878,76254,cz1,cz3
r0025879,76258,cz1,cz3
r0025880,76262,cz1,cz3
r0025881,76266,cz1,cz3
r0025882,76270,cz1,cz3
r0025883,76274,cz1,cz3
r0025884,76278,cz1,cz3
r0025885,76282,cz1,cz3
r0025886,76286,cz1,cz3
r0025887,76290,cz1,cz3
r0025888,76294,cz1,cz3
r0025889,76298,cz1,cz3
r0025890,76302,cz1,cz3
r0025891,76306,cz1,cz3
r0025892,76310,cz1,cz3
r0025893,76314,cz1,cz3
r0025894,76318,cz1,cz3
r0025895,76321,cz1,cz3
r0025896,76325,cz1,cz3
r0025897,76329,cz1,cz3
r0025898,76333,cz1,cz3
r0025899,76337,cz1,cz3
r0025900,76341,cz1,cz3
r0025901,76345,cz1,cz3
r0025902,76349,cz1,cz3
r0025903,76353,cz1,cz3
r0025904,76357,cz1,cz3
r0025905,76361,cz1,cz3
r0025906,76365,cz1,cz3
r0025907,76369,cz1,cz3
r0025908,76373,cz1,cz3
r0025909,76377,cz1,cz3
r0025910,76381,cz1,cz3
r0025911,76385,cz1,cz3
r0025912,76389,cz1,cz3
r0025913,76393,cz1,cz3
r0025914,76397,cz1,cz3
r0025915,76401,cz1,cz3
r0025916,76405,cz1,cz3
r0025917,76409,cz1,cz4
r0025918,76413,cz1,cz4
r0025919,76417,cz1,cz4
r0025920,76421,cz1,cz4
r0025921,76425,cz1,cz4
r0025922,76429,cz1,cz4
r0025923,76433,cz1,cz4
r0025924,76437,cz1,cz4
r0025925,76441,cz1,cz4
r0025926,76445,cz1,cz4
r0025927,76449,cz1,cz4
r0025928,76453,cz1,cz4
r0025929,76457,cz1,cz4
r0025930,76461,cz1,cz4
r0025931,76465,cz1,cz4
r0025932,76469,cz1,cz4
r0025933,76473,cz1,cz4
r0025934,76477,cz1,cz4
r0025935,76481,cz1,cz4
r0025936,76485,cz1,cz4
r0025937,76489,cz1,cz4
r0025938,76493,cz1,cz4
r0025939,76497,cz1,cz4
r0025940,76500,cz1,cz4
r0025941,76504,cz1,cz4
r0025942,76508,cz1,cz4
r0025943,76512,cz1,cz4
r0025944,76516,cz1,cz4
r0025945,76520,cz1,cz4
r0025946,76524,cz1,cz4
r0025947,76528,cz1,cz4
r0025948,76532,cz1,cz4
r0025949,76536,cz1,cz4
r0025950,76540,cz1,cz4
r0025951,76544,cz1,cz4
r0025952,76548,cz1,cz4
r0025953,76552,cz1,cz4
r0025954,76556,cz1,cz4
r0025955,76560,cz1,cz4
r0025956,76564,cz1,cz4
r0025957,76568,cz1,cz4
r0025958,76572,cz1,cz4
r0025959,76576,cz1,cz4
r0025960,76580,cz1,cz4
r0025961,76584,cz1,cz4
r0025962,76588,cz1,cz4
r0025963,76592,cz1,cz4
r0025964,76596,cz1,cz4
r0025965,76600,cz1,cz4
r0025966,76604,cz1,cz4
r0025967,76608,cz1,cz4
r0025968,76612,cz1,cz4
r0025969,76616,cz2,cz1
r0025970,76620,cz2,cz1
r0025971,76624,cz2,cz1
r0025972,76628,cz2,cz1
r0025973,76632,cz2,cz1
r0025974,76636,cz2,cz1
r0025975,76640,cz2,cz1
r0025976,76644,cz2,cz1
r0025977,76648,cz2,cz1
r0025978,76652,cz2,cz1
r0025979,76656,cz2,cz1
r0025980,76660,cz2,cz1
r0025981,76664,cz2,cz1
r0025982,76668,cz2,cz1
r0025983,76672,cz2,cz1
r0025984,76676,cz2,cz1
r0025985,76680,cz2,cz1
r0025986,76683,cz2,cz1
r0025987,76687,cz2,cz1
r0025988,76691,cz2,cz1
r0025989,76695,cz2,cz1
r0025990,76699,cz2,cz1
r0025991,76703,cz2,cz1
r0025992,76707,cz2,cz1
r0025993,76711,cz2,cz1
r0025994,76715,cz2,cz1
r0025995,76719,cz2,cz1
r0025996,76723,cz2,cz1
r0025997,76727,cz2,cz1
r0025998,76731,cz2,cz1
r0025999,76735,cz2,cz1
r0026000,76739,cz2,cz1
r0026001,76743,cz2,cz1
r0026002,76747,cz2,cz1
r0026003,76751,cz2,cz1
r0026004,76755,cz2,cz1
r0026005,76759,cz2,cz1
r0026006,76763,cz2,cz1
r0026007,76767,cz2,cz1
r0026008,76771,cz2,cz1
r0026009,76775,cz2,cz1
r0026010,76779,cz2,cz1
r0026011,76783,cz2,cz1
r0026012,76787,cz2,cz1
r0026013,76791,cz2,cz1
r0026014,76795,cz2,cz1
r0026015,76799,cz2,cz1
r0026016,76803,cz2,cz1
r0026017,76807,cz2,cz1
r0026018,76811,cz2,cz1
r0026019,76815,cz2,cz1
r0026020,76819,cz2,cz1
r0026021,76823,cz2,cz1
r0026022,76827,cz2,cz1
r0026023,76831,cz2,cz1
r0026024,76835,cz2,cz1
r0026025,76839,cz2,cz1
r0026026,76843,cz2,cz2
r0026027,76847,cz2,cz2
r0026028,76851,cz2,cz2
r0026029,76855,cz2,cz2
r0026030,76859,cz2,cz2
r0026031,76862,cz2,cz2
r0026032,76866,cz2,cz2
r0026033,76870,cz2,cz2
r0026034,76874,cz2,cz2
r0026035,76878,cz2,cz2
r0026036,76882,cz2,cz2
r0026037,76886,cz2,cz2
r0026038,76890,cz2,cz2
r0026039,76894,cz2,cz2
r0026040,76898,cz2,cz2
r0026041,76902,cz2,cz2
r0026042,76906,cz2,cz2
r0026043,76910,cz2,cz2
r0026044,76914,cz2,cz2
r0026045,76918,cz2,cz2
r0026046,76922,cz2,cz2
r0026047,76926,cz2,cz2
r0026048,76930,cz2,cz2
r0026049,76934,cz2,cz2
r0026050,76938,cz2,cz2
r0026051,76942,cz2,cz2
r0026052,76946,cz2,cz2
r0026053,76950,cz2,cz2
r0026054,76954,cz2,cz2
r0026055,76958,cz2,cz2
r0026056,76962,cz2,cz2
r0026057,76966,cz2,cz2
r0026058,76970,cz2,cz2
r0026059,76974,cz2,cz2
r0026060,76978,cz2,cz2
r0026061,76982,cz2,cz2
r0026062,76986,cz2,cz2
r0026063,76990,cz2,cz2
r0026064,76994,cz2,cz2
r0026065,76998,cz2,cz2
r0026066,77002,cz2,cz2
r0026067,77006,cz2,cz2
r0026068,77010,cz2,cz2
r0026069,77014,cz2,cz2
r0026070,77018,cz2,cz2
r0026071,77022,cz2,cz2
r0026072,77026,cz2,cz2
r0026073,77030,cz2,cz2
r0026074,77034,cz2,cz2
r0026075,77038,cz2,cz2
r0026076,77041,cz2,cz2
r0026077,77045,cz2,cz2
r0026078,77049,cz2,cz2
r0026079,77053,cz2,cz2
r0026080,77057,cz2,cz2
r0026081,77061,cz2,cz3
r0026082,77065,cz2,cz3
r0026083,77069,cz2,cz3
r0026084,77073,cz2,cz3
r0026085,77077,cz2,cz3
r0026086,77081,cz2,cz3
r0026087,77085,cz2,cz3
r0026088,77089,cz2,cz3
r0026089,77093,cz2,cz3
r0026090,77097,cz2,cz3
r0026091,77101,cz2,cz3
r0026092,77105,cz2,cz3
r0026093,77109,cz2,cz3
r0026094,77113,cz2,cz3
r0026095,77117,cz2,cz3
r0026096,77121,cz2,cz3
r0026097,77125,cz2,cz3
r0026098,77129,cz2,cz3
r0026099,77133,cz2,cz3
r0026100,77137,cz2,cz3
r0026101,77141,cz2,cz3
r0026102,77145,cz2,cz3
r0026103,77149,cz2,cz3
r0026104,77153,cz2,cz3
r0026105,77157,cz2,cz3
r0026106,77161,cz2,cz3
r0026107,77165,cz2,cz3
r0026108,77169,cz2,cz3
r0026109,77173,cz2,cz3
r0026110,77177,cz2,cz3
r0026111,77181,cz2,cz3
r0026112,77185,cz2,cz3
r0026113,77189,cz2,cz3
r0026114,77193,cz2,cz3
r0026115,77197,cz2,cz3
r0026116,77201,cz2,cz3
r0026117,77205,cz2,cz3
r0026118,77209,cz2,cz3
r0026119,77213,cz2,cz3
r0026120,77217,cz2,cz3
r0026121,77220,cz2,cz3
r0026122,77224,cz2,cz3
r0026123,77228,cz2,cz3
r0026124,77232,cz2,cz3
r0026125,77236,cz2,cz3
r0026126,77240,cz2,cz3
r0026127,77244,cz2,cz3
r0026128,77248,cz2,cz3
r0026129,77252,cz2,cz3
r0026130,77256,cz2,cz3
r0026131,77260,cz2,cz3
r0026132,77264,cz2,cz3
r0026133,77268,cz2,cz3
r0026134,77272,cz2,cz3
r0026135,77276,cz2,cz3
r0026136,77280,cz2,cz4
r0026137,77284,cz2,cz4
r0026138,77288,cz2,cz4
r0026139,77292,cz2,cz4
r0026140,77296,cz2,cz4
r0026141,77300,cz2,cz4
r0026142,77304,cz2,cz4
r0026143,77308,cz2,cz4
r0026144,77312,cz2,cz4
r0026145,77316,cz2,cz4
r0026146,77320,cz2,cz4
r0026147,77324,cz2,cz4
r0026148,77328,cz2,cz4
r0026149,77332,cz2,cz4
r0026150,77336,cz2,cz4
r0026151,77340,cz2,cz4
r0026152,77344,cz2,cz4
r0026153,77348,cz2,cz4
r0026154,77352,cz2,cz4
r0026155,77356,cz2,cz4
r0026156,77360,cz2,cz4
r0026157,77364,cz2,cz4
r0026158,77368,cz2,cz4
r0026159,77372,cz2,cz4
r0026160,77376,cz2,cz4
r0026161,77380,cz2,cz4
r0026162,77384,cz2,cz4
r0026163,77388,cz2,cz4
r0026164,77392,cz2,cz4
r0026165,77396,cz2,cz4
r0026166,77400,cz2,cz4
r0026167,77403,cz2,cz4
r0026168,77407,cz2,cz4
r0026169,77411,cz2,cz4
r0026170,77415,cz2,cz4
r0026171,77419,cz2,cz4
r0026172,77423,cz2,cz4
r0026173,77427,cz2,cz4
r0026174,77431,cz2,cz4
r0026175,77435,cz2,cz4
r0026176,77439,cz3,cz1
r0026177,77443,cz3,cz1
r0026178,77447,cz3,cz1
r0026179,77451,cz3,cz1
r0026180,77455,cz3,cz1
r0026181,77459,cz3,cz1
r0026182,77463,cz3,cz1
r0026183,77467,cz3,cz1
r0026184,77471,cz3,cz1
r0026185,77475,cz3,cz1
r0026186,77479,cz3,cz1
r0026187,77483,cz3,cz1
r0026188,77487,cz3,cz1
r0026189,77491,cz3,cz1
r0026190,77495,cz3,cz1
r0026191,77499,cz3,cz1
r0026192,77503,cz3,cz1
r0026193,77507,cz3,cz1
r0026194,77511,cz3,cz1
r0026195,77515,cz3,cz1
r0026196,77519,cz3,cz1
r0026197,77523,cz3,cz1
r0026198,77527,cz3,cz1
r0026199,77531,cz3,cz1
r0026200,77535,cz3,cz1
r0026201,77539,cz3,cz1
r0026202,77543,cz3,cz1
r0026203,77547,cz3,cz1
r0026204,77551,cz3,cz1
r0026205,77555,cz3,cz1
r0026206,77559,cz3,cz1
r0026207,77563,cz3,cz1
r0026208,77567,cz3,cz1
r0026209,77571,cz3,cz1
r0026210,77575,cz3,cz1
r0026211,77579,cz3,cz1
r0026212,77582,cz3,cz1
r0026213,77586,cz3,cz1
r0026214,77590,cz3,cz1
r0026215,77594,cz3,cz1
r0026216,77598,cz3,cz1
r0026217,77602,cz3,cz1
r0026218,77606,cz3,cz1
r0026219,77610,cz3,cz1
r0026220,77614,cz3,cz1
r0026221,77618,cz3,cz1
r0026222,77622,cz3,cz1
r0026223,77626,cz3,cz1
r0026224,77630,cz3,cz1
r0026225,77634,cz3,cz1
r0026226,77638,cz3,cz1
r0026227,77642,cz3,cz1
r0026228,77646,cz3,cz1
r0026229,77650,cz3,cz1
r0026230,77654,cz3,cz1
r0026231,77658,cz3,cz1
r0026232,77662,cz3,cz1
r0026233,77666,cz3,cz1
r0026234,77670,cz3,cz1
r0026235,77674,cz3,cz1
r0026236,77678,cz3,cz1
r0026237,77682,cz3,cz1
r0026238,77686,cz3,cz1
r0026239,77690,cz3,cz1
r0026240,77694,cz3,cz1
r0026241,77698,cz3,cz1
r0026242,77702,cz3,cz1
r0026243,77706,cz3,cz1
r0026244,77710,cz3,cz1
r0026245,77714,cz3,cz1
r0026246,77718,cz3,cz1
r0026247,77722,cz3,cz1
r0026248,77726,cz3,cz1
r0026249,77730,cz3,cz1
r0026250,77734,cz3,cz2
r0026251,77738,cz3,cz2
r0026252,77742,cz3,cz2
r0026253,77746,cz3,cz2
r0026254,77750,cz3,cz2
r0026255,77754,cz3,cz2
r0026256,77758,cz3,cz2
r0026257,77761,cz3,cz2
r0026258,77765,cz3,cz2
r0026259,77769,cz3,cz2
r0026260,77773,cz3,cz2
r0026261,77777,cz3,cz2
r0026262,77781,cz3,cz2
r0026263,77785,cz3,cz2
r0026264,77789,cz3,cz2
r0026265,77793,cz3,cz2
r0026266,77797,cz3,cz2
r0026267,77801,cz3,cz2
r0026268,77805,cz3,cz2
r0026269,77809,cz3,cz2
r0026270,77813,cz3,cz2
r0026271,77817,cz3,cz2
r0026272,77821,cz3,cz2
r0026273,77825,cz3,cz2
r0026274,77829,cz3,cz2
r0026275,77833,cz3,cz2
r0026276,77837,cz3,cz2
r0026277,77841,cz3,cz2
r0026278,77845,cz3,cz2
r0026279,77849,cz3,cz2
r0026280,77853,cz3,cz2
r0026281,77857,cz3,cz2
r0026282,77861,cz3,cz2
r0026283,77865,cz3,cz2
r0026284,77869,cz3,cz2
r0026285,77873,cz3,cz2
r0026286,77877,cz3,cz2
r0026287,77881,cz3,cz2
r0026288,77885,cz3,cz2
r0026289,77889,cz3,cz2
r0026290,77893,cz3,cz2
r0026291,77897,cz3,cz2
r0026292,77901,cz3,cz2
r0026293,77905,cz3,cz2
r0026294,77909,cz3,cz2
r0026295,77913,cz3,cz2
r0026296,77917,cz3,cz2
r0026297,77921,cz3,cz2
r0026298,77925,cz3,cz2
r0026299,77929,cz3,cz2
r0026300,77933,cz3,cz2
r0026301,77937,cz3,cz2
r0026302,77940,cz3,cz2
r0026303,77944,cz3,cz3
r0026304,77948,cz3,cz3
r0026305,77952,cz3,cz3
r0026306,77956,cz3,cz3
r0026307,77960,cz3,cz3
r0026308,77964,cz3,cz3
r0026309,77968,cz3,cz3
r0026310,77972,cz3,cz3
r0026311,77976,cz3,cz3
r0026312,77980,cz3,cz3
r0026313,77984,cz3,cz3
r0026314,77988,cz3,cz3
r0026315,77992,cz3,cz3
r0026316,77996,cz3,cz3
r0026317,78000,cz3,cz3
r0026318,78004,cz3,cz3
r0026319,78008,cz3,cz3
r0026320,78012,cz3,cz3
r0026321,78016,cz3,cz3
r0026322,78020,cz3,cz3
r0026323,78024,cz3,cz3
r0026324,78028,cz3,cz3
r0026325,78032,cz3,cz3
r0026326,78036,cz3,cz3
r0026327,78040,cz3,cz3
r0026328,78044,cz3,cz3
r0026329,78048,cz3,cz3
r0026330,78052,cz3,cz3
r0026331,78056,cz3,cz3
r0026332,78060,cz3,cz3
r0026333,78064,cz3,cz3
r0026334,78068,cz3,cz3
r0026335,78072,cz3,cz3
r0026336,78076,cz3,cz3
r0026337,78080,cz3,cz3
r0026338,78084,cz3,cz3
r0026339,78088,cz3,cz3
r0026340,78092,cz3,cz3
r0026341,78096,cz3,cz3
r0026342,78100,cz3,cz3
r0026343,78104,cz3,cz3
r0026344,78108,cz3,cz3
r0026345,78112,cz3,cz3
r0026346,78116,cz3,cz3
r0026347,78120,cz3,cz3
r0026348,78123,cz3,cz3
r0026349,78127,cz3,cz3
r0026350,78131,cz3,cz3
r0026351,78135,cz3,cz3
r0026352,78139,cz3,cz3
r0026353,78143,cz3,cz3
r0026354,78147,cz3,cz3
r0026355,78151,cz3,cz3
r0026356,78155,cz3,cz3
r0026357,78159,cz3,cz3
r0026358,78163,cz3,cz3
r0026359,78167,cz3,cz3
r0026360,78171,cz3,cz3
r0026361,78175,cz3,cz3
r0026362,78179,cz3,cz3
r0026363,78183,cz3,cz3
r0026364,78187,cz3,cz3
r0026365,78191,cz3,cz3
r0026366,78195,cz3,cz3
r0026367,78199,cz3,cz3
r0026368,78203,cz3,cz3
r0026369,78207,cz3,cz3
r0026370,78211,cz3,cz3
r0026371,78215,cz3,cz3
r0026372,78219,cz3,cz3
r0026373,78223,cz3,cz3
r0026374,78227,cz3,cz3
r0026375,78231,cz3,cz3
r0026376,78235,cz3,cz3
r0026377,78239,cz3,cz3
r0026378,78243,cz3,cz3
r0026379,78247,cz3,cz3
r0026380,78251,cz3,cz3
r0026381,78255,cz3,cz3
r0026382,78259,cz3,cz4
r0026383,78263,cz3,cz4
r0026384,78267,cz3,cz4
r0026385,78271,cz3,cz4
r0026386,78275,cz3,cz4
r0026387,78279,cz3,cz4
r0026388,78283,cz3,cz4
r0026389,78287,cz3,cz4
r0026390,78291,cz3,cz4
r0026391,78295,cz3,cz4
r0026392,78299,cz3,cz4
r0026393,78302,cz3,cz4
r0026394,78306,cz3,cz4
r0026395,78310,cz3,cz4
r0026396,78314,cz3,cz4
r0026397,78318,cz3,cz4
r0026398,78322,cz3,cz4
r0026399,78326,cz3,cz4
r0026400,78330,cz3,cz4
r0026401,78334,cz3,cz4
r0026402,78338,cz3,cz4
r0026403,78342,cz3,cz4
r0026404,78346,cz3,cz4
r0026405,78350,cz3,cz4
r0026406,78354,cz3,cz4
r0026407,78358,cz3,cz4
r0026408,78362,cz3,cz4
r0026409,78366,cz3,cz4
r0026410,78370,cz3,cz4
r0026411,78374,cz3,cz4
r0026412,78378,cz3,cz4
r0026413,78382,cz3,cz4
r0026414,78386,cz3,cz4
r0026415,78390,cz3,cz4
r0026416,78394,cz3,cz4
r0026417,78398,cz3,cz4
r0026418,78402,cz3,cz4
r0026419,78406,cz3,cz4
r0026420,78410,cz3,cz4
r0026421,78414,cz3,cz4
r0026422,78418,cz3,cz4
r0026423,78422,cz3,cz4
r0026424,78426,cz3,cz4
r0026425,78430,cz3,cz4
r0026426,78434,cz3,cz4
r0026427,78438,cz3,cz4
r0026428,78442,cz3,cz4
r0026429,78446,cz3,cz4
r0026430,78450,cz3,cz4
r0026431,78454,cz3,cz4
r0026432,78458,cz3,cz4
r0026433,78462,cz3,cz4
r0026434,78466,cz3,cz4
r0026435,78470,cz4,cz1
r0026436,78474,cz4,cz1
r0026437,78478,cz4,cz1
r0026438,78481,cz4,cz1
r0026439,78485,cz4,cz1
r0026440,78489,cz4,cz1
r0026441,78493,cz4,cz1
r0026442,78497,cz4,cz1
r0026443,78501,cz4,cz1
r0026444,78505,cz4,cz1
r0026445,78509,cz4,cz1
r0026446,78513,cz4,cz1
r0026447,78517,cz4,cz1
r0026448,78521,cz4,cz1
r0026449,78525,cz4,cz1
r0026450,78529,cz4,cz1
r0026451,78533,cz4,cz1
r0026452,78537,cz4,cz1
r0026453,78541,cz4,cz1
r0026454,78545,cz4,cz1
r0026455,78549,cz4,cz1
r0026456,78553,cz4,cz1
r0026457,78557,cz4,cz1
r0026458,78561,cz4,cz1
r0026459,78565,cz4,cz1
r0026460,78569,cz4,cz1
r0026461,78573,cz4,cz1
r0026462,78577,cz4,cz1
r0026463,78581,cz4,cz1
r0026464,78585,cz4,cz1
r0026465,78589,cz4,cz1
r0026466,78593,cz4,cz1
r0026467,78597,cz4,cz1
r0026468,78601,cz4,cz1
r0026469,78605,cz4,cz1
r0026470,78609,cz4,cz1
r0026471,78613,cz4,cz1
r0026472,78617,cz4,cz1
r0026473,78621,cz4,cz1
r0026474,78625,cz4,cz1
r0026475,78629,cz4,cz1
r0026476,78633,cz4,cz1
r0026477,78637,cz4,cz1
r0026478,78641,cz4,cz1
r0026479,78645,cz4,cz1
r0026480,78649,cz4,cz1
r0026481,78653,cz4,cz1
r0026482,78657,cz4,cz1
r0026483,78660,cz4,cz1
r0026484,78664,cz4,cz1
r0026485,78668,cz4,cz1
r0026486,78672,cz4,cz1
r0026487,78676,cz4,cz2
r0026488,78680,cz4,cz2
r0026489,78684,cz4,cz2
r0026490,78688,cz4,cz2
r0026491,78692,cz4,cz2
r0026492,78696,cz4,cz2
r0026493,78700,cz4,cz2
r0026494,78704,cz4,cz2
r0026495,78708,cz4,cz2
r0026496,78712,cz4,cz2
r0026497,78716,cz4,cz2
r0026498,78720,cz4,cz2
r0026499,78724,cz4,cz2
r0026500,78728,cz4,cz2
r0026501,78732,cz4,cz2
r0026502,78736,cz4,cz2
r0026503,78740,cz4,cz2
r0026504,78744,cz4,cz2
r0026505,78748,cz4,cz2
r0026506,78752,cz4,cz2
r0026507,78756,cz4,cz2
r0026508,78760,cz4,cz2
r0026509,78764,cz4,cz2
r0026510,78768,cz4,cz2
r0026511,78772,cz4,cz2
r0026512,78776,cz4,cz2
r0026513,78780,cz4,cz2
r0026514,78784,cz4,cz2
r0026515,78788,cz4,cz2
r0026516,78792,cz4,cz2
r0026517,78796,cz4,cz2
r0026518,78800,cz4,cz2
r0026519,78804,cz4,cz2
r0026520,78808,cz4,cz2
r0026521,78812,cz4,cz2
r0026522,78816,cz4,cz2
r0026523,78820,cz4,cz2
r0026524,78824,cz4,cz2
r0026525,78828,cz4,cz2
r0026526,78832,cz4,cz3
r0026527,78836,cz4,cz3
r0026528,78840,cz4,cz3
r0026529,78843,cz4,cz3
r0026530,78847,cz4,cz3
r0026531,78851,cz4,cz3
r0026532,78855,cz4,cz3
r0026533,78859,cz4,cz3
r0026534,78863,cz4,cz3
r0026535,78867,cz4,cz3
r0026536,78871,cz4,cz3
r0026537,78875,cz4,cz3
r0026538,78879,cz4,cz3
r0026539,78883,cz4,cz3
r0026540,78887,cz4,cz3
r0026541,78891,cz4,cz3
r0026542,78895,cz4,cz3
r0026543,78899,cz4,cz3
r0026544,78903,cz4,cz3
r0026545,78907,cz4,cz3
r0026546,78911,cz4,cz3
r0026547,78915,cz4,cz3
r0026548,78919,cz4,cz3
r0026549,78923,cz4,cz3
r0026550,78927,cz4,cz3
r0026551,78931,cz4,cz3
r0026552,78935,cz4,cz3
r0026553,78939,cz4,cz3
r0026554,78943,cz4,cz3
r0026555,78947,cz4,cz3
r0026556,78951,cz4,cz3
r0026557,78955,cz4,cz3
r0026558,78959,cz4,cz3
r0026559,78963,cz4,cz3
r0026560,78967,cz4,cz3
r0026561,78971,cz4,cz3
r0026562,78975,cz4,cz3
r0026563,78979,cz4,cz3
r0026564,78983,cz4,cz3
r0026565,78987,cz4,cz3
r0026566,78991,cz4,cz3
r0026567,78995,cz4,cz3
r0026568,78999,cz4,cz3
r0026569,79003,cz4,cz3
r0026570,79007,cz4,cz3
r0026571,79011,cz4,cz3
r0026572,79015,cz4,cz3
r0026573,79019,cz4,cz3
r0026574,79022,cz4,cz3
r0026575,79026,cz4,cz3
r0026576,79030,cz4,cz3
r0026577,79034,cz4,cz3
r0026578,79038,cz4,cz3
r0026579,79042,cz4,cz3
r0026580,79046,cz4,cz3
r0026581,79050,cz4,cz4
r0026582,79054,cz4,cz4
r0026583,79058,cz4,cz4
r0026584,79062,cz4,cz4
r0026585,79066,cz4,cz4
r0026586,79070,cz4,cz4
r0026587,79074,cz4,cz4
r0026588,79078,cz4,cz4
r0026589,79082,cz4,cz4
r0026590,79086,cz4,cz4
r0026591,79090,cz4,cz4
r0026592,79094,cz4,cz4
r0026593,79098,cz4,cz4
r0026594,79102,cz4,cz4
r0026595,79106,cz4,cz4
r0026596,79110,cz4,cz4
r0026597,79114,cz4,cz4
r0026598,79118,cz4,cz4
r0026599,79122,cz4,cz4
r0026600,79126,cz4,cz4
r0026601,79130,cz4,cz4
r0026602,79134,cz4,cz4
r0026603,79138,cz4,cz4
r0026604,79142,cz4,cz4
r0026605,79146,cz4,cz4
r0026606,79150,cz4,cz4
r0026607,79154,cz4,cz4
r0026608,79158,cz4,cz4
r0026609,79162,cz4,cz4
r0026610,79166,cz4,cz4
r0026611,79170,cz4,cz4
r0026612,79174,cz4,cz4
r0026613,79178,cz4,cz4
r0026614,79182,cz4,cz4
r0026615,79186,cz4,cz4
r0026616,79190,cz4,cz4
r0026617,79194,cz4,cz4
r0026618,79198,cz4,cz4
r0026619,79202,cz1,cz1
r0026620,79208,cz1,cz1
r0026621,79213,cz1,cz1
r0026622,79218,cz1,cz1
r0026623,79224,cz1,cz1
r0026624,79229,cz1,cz1
r0026625,79234,cz1,cz1
r0026626,79240,cz1,cz1
r0026627,79245,cz1,cz1
r0026628,79251,cz1,cz1
r0026629,79256,cz1,cz1
r0026630,79261,cz1,cz1
r0026631,79267,cz1,cz1
r0026632,79272,cz1,cz1
r0026633,79278,cz1,cz1
r0026634,79283,cz1,cz1
r0026635,79288,cz1,cz1
r0026636,79294,cz1,cz1
r0026637,79299,cz1,cz1
r0026638,79304,cz1,cz1
r0026639,79310,cz1,cz1
r0026640,79315,cz1,cz1
r0026641,79321,cz1,cz1
r0026642,79326,cz1,cz1
r0026643,79331,cz1,cz1
r0026644,79337,cz1,cz1
r0026645,79342,cz1,cz1
r0026646,79347,cz1,cz1
r0026647,79353,cz1,cz1
r0026648,79358,cz1,cz1
r0026649,79364,cz1,cz1
r0026650,79369,cz1,cz1
r0026651,79374,cz1,cz1
r0026652,79380,cz1,cz1
r0026653,79385,cz1,cz1
r0026654,79391,cz1,cz1
r0026655,79396,cz1,cz1
r0026656,79401,cz1,cz1
r0026657,79407,cz1,cz1
r0026658,79412,cz1,cz1
r0026659,79417,cz1,cz1
r0026660,79423,cz1,cz1
r0026661,79428,cz1,cz1
r0026662,79434,cz1,cz1
r0026663,79439,cz1,cz1
r0026664,79444,cz1,cz1
r0026665,79450,cz1,cz1
r0026666,79455,cz1,cz1
r0026667,79460,cz1,cz1
r0026668,79466,cz1,cz1
r0026669,79471,cz1,cz1
r0026670,79477,cz1,cz1
r0026671,79482,cz1,cz1
r0026672,79487,cz1,cz1
r0026673,79493,cz1,cz2
r0026674,79498,cz1,cz2
r0026675,79504,cz1,cz2
r0026676,79509,cz1,cz2
r0026677,79514,cz1,cz2
r0026678,79520,cz1,cz2
r0026679,79525,cz1,cz2
r0026680,79530,cz1,cz2
r0026681,79536,cz1,cz2
r0026682,79541,cz1,cz2
r0026683,79547,cz1,cz2
r0026684,79552,cz1,cz2
r0026685,79557,cz1,cz2
r0026686,79563,cz1,cz2
r0026687,79568,cz1,cz2
r0026688,79573,cz1,cz2
r0026689,79579,cz1,cz2
r0026690,79584,cz1,cz2
r0026691,79590,cz1,cz2
r0026692,79595,cz1,cz2
r0026693,79600,cz1,cz2
r0026694,79606,cz1,cz2
r0026695,79611,cz1,cz2
r0026696,79617,cz1,cz2
r0026697,79622,cz1,cz2
r0026698,79627,cz1,cz2
r0026699,79633,cz1,cz2
r0026700,79638,cz1,cz2
r0026701,79643,cz1,cz2
r0026702,79649,cz1,cz2
r0026703,79654,cz1,cz2
r0026704,79660,cz1,cz2
r0026705,79665,cz1,cz2
r0026706,79670,cz1,cz2
r0026707,79676,cz1,cz2
r0026708,79681,cz1,cz2
r0026709,79686,cz1,cz2
r0026710,79692,cz1,cz2
r0026711,79697,cz1,cz2
r0026712,79703,cz1,cz2
r0026713,79708,cz1,cz2
r0026714,79713,cz1,cz3
r0026715,79719,cz1,cz3
r0026716,79724,cz1,cz3
r0026717,79730,cz1,cz3
r0026718,79735,cz1,cz3
r0026719,79740,cz1,cz3
r0026720,79746,cz1,cz3
r0026721,79751,cz1,cz3
r0026722,79756,cz1,cz3
r0026723,79762,cz1,cz3
r0026724,79767,cz1,cz3
r0026725,79773,cz1,cz3
r0026726,79778,cz1,cz3
r0026727,79783,cz1,cz3
r0026728,79789,cz1,cz3
r0026729,79794,cz1,cz3
r0026730,79800,cz1,cz3
r0026731,79805,cz1,cz3
r0026732,79810,cz1,cz3
r0026733,79816,cz1,cz3
r0026734,79821,cz1,cz3
r0026735,79826,cz1,cz3
r0026736,79832,cz1,cz3
r0026737,79837,cz1,cz3
r0026738,79843,cz1,cz3
r0026739,79848,cz1,cz3
r0026740,79853,cz1,cz3
r0026741,79859,cz1,cz3
r0026742,79864,cz1,cz3
r0026743,79869,cz1,cz3
r0026744,79875,cz1,cz3
r0026745,79880,cz1,cz3
r0026746,79886,cz1,cz3
r0026747,79891,cz1,cz3
r0026748,79896,cz1,cz3
r0026749,79902,cz1,cz3
r0026750,79907,cz1,cz3
r0026751,79913,cz1,cz3
r0026752,79918,cz1,cz3
r0026753,79923,cz1,cz3
r0026754,79929,cz1,cz3
r0026755,79934,cz1,cz3
r0026756,79939,cz1,cz3
r0026757,79945,cz1,cz3
r0026758,79950,cz1,cz3
r0026759,79956,cz1,cz3
r0026760,79961,cz1,cz3
r0026761,79966,cz1,cz3
r0026762,79972,cz1,cz3
r0026763,79977,cz1,cz3
r0026764,79982,cz1,cz3
r0026765,79988,cz1,cz3
r0026766,79993,cz1,cz3
r0026767,79999,cz1,cz3
r0026768,80004,cz1,cz3
r0026769,80009,cz1,cz3
r0026770,80015,cz1,cz4
r0026771,80020,cz1,cz4
r0026772,80026,cz1,cz4
r0026773,80031,cz1,cz4
r0026774,80036,cz1,cz4
r0026775,80042,cz1,cz4
r0026776,80047,cz1,cz4
r0026777,80052,cz1,cz4
r0026778,80058,cz1,cz4
r0026779,80063,cz1,cz4
r0026780,80069,cz1,cz4
r0026781,80074,cz1,cz4
r0026782,80079,cz1,cz4
r0026783,80085,cz1,cz4
r0026784,80090,cz1,cz4
r0026785,80095,cz1,cz4
r0026786,80101,cz1,cz4
r0026787,80106,cz1,cz4
r0026788,80112,cz1,cz4
r0026789,80117,cz1,cz4
r0026790,80122,cz1,cz4
r0026791,80128,cz1,cz4
r0026792,80133,cz1,cz4
r0026793,80139,cz1,cz4
r0026794,80144,cz1,cz4
r0026795,80149,cz1,cz4
r0026796,80155,cz1,cz4
r0026797,80160,cz1,cz4
r0026798,80165,cz1,cz4
r0026799,80171,cz1,cz4
r0026800,80176,cz1,cz4
r0026801,80182,cz1,cz4
r0026802,80187,cz1,cz4
r0026803,80192,cz1,cz4
r0026804,80198,cz1,cz4
r0026805,80203,cz1,cz4
r0026806,80208,cz1,cz4
r0026807,80214,cz1,cz4
r0026808,80219,cz2,cz1
r0026809,80225,cz2,cz1
r0026810,80230,cz2,cz1
r0026811,80235,cz2,cz1
r0026812,80241,cz2,cz1
r0026813,80246,cz2,cz1
r0026814,80252,cz2,cz1
r0026815,80257,cz2,cz1
r0026816,80262,cz2,cz1
r0026817,80268,cz2,cz1
r0026818,80273,cz2,cz1
r0026819,80278,cz2,cz1
r0026820,80284,cz2,cz1
r0026821,80289,cz2,cz1
r0026822,80295,cz2,cz1
r0026823,80300,cz2,cz1
r0026824,80305,cz2,cz1
r0026825,80311,cz2,cz1
r0026826,80316,cz2,cz1
r0026827,80321,cz2,cz1
r0026828,80327,cz2,cz1
r0026829,80332,cz2,cz1
r0026830,80338,cz2,cz1
r0026831,80343,cz2,cz1
r0026832,80348,cz2,cz1
r0026833,80354,cz2,cz1
r0026834,80359,cz2,cz1
r0026835,80365,cz2,cz1
r0026836,80370,cz2,cz1
r0026837,80375,cz2,cz1
r0026838,80381,cz2,cz1
r0026839,80386,cz2,cz1
r0026840,80391,cz2,cz1
r0026841,80397,cz2,cz1
r0026842,80402,cz2,cz1
r0026843,80408,cz2,cz1
r0026844,80413,cz2,cz1
r0026845,80418,cz2,cz1
r0026846,80424,cz2,cz1
r0026847,80429,cz2,cz1
r0026848,80434,cz2,cz1
r0026849,80440,cz2,cz1
r0026850,80445,cz2,cz2
r0026851,80451,cz2,cz2
r0026852,80456,cz2,cz2
r0026853,80461,cz2,cz2
r0026854,80467,cz2,cz2
r0026855,80472,cz2,cz2
r0026856,80478,cz2,cz2
r0026857,80483,cz2,cz2
r0026858,80488,cz2,cz2
r0026859,80494,cz2,cz2
r0026860,80499,cz2,cz2
r0026861,80504,cz2,cz2
r0026862,80510,cz2,cz2
r0026863,80515,cz2,cz2
r0026864,80521,cz2,cz2
r0026865,80526,cz2,cz2
r0026866,80531,cz2,cz2
r0026867,80537,cz2,cz2
r0026868,80542,cz2,cz2
r0026869,80547,cz2,cz2
r0026870,80553,cz2,cz2
r0026871,80558,cz2,cz2
r0026872,80564,cz2,cz2
r0026873,80569,cz2,cz2
r0026874,80574,cz2,cz2
r0026875,80580,cz2,cz2
r0026876,80585,cz2,cz2
r0026877,80591,cz2,cz2
r0026878,80596,cz2,cz2
r0026879,80601,cz2,cz2
r0026880,80607,cz2,cz2
r0026881,80612,cz2,cz2
r0026882,80617,cz2,cz2
r0026883,80623,cz2,cz2
r0026884,80628,cz2,cz2
r0026885,80634,cz2,cz2
r0026886,80639,cz2,cz2
r0026887,80644,cz2,cz2
r0026888,80650,cz2,cz2
r0026889,80655,cz2,cz2
r0026890,80660,cz2,cz3
r0026891,80666,cz2,cz3
r0026892,80671,cz2,cz3
r0026893,80677,cz2,cz3
r0026894,80682,cz2,cz3
r0026895,80687,cz2,cz3
r0026896,80693,cz2,cz3
r0026897,80698,cz2,cz3
r0026898,80704,cz2,cz3
r0026899,80709,cz2,cz3
r0026900,80714,cz2,cz3
r0026901,80720,cz2,cz3
r0026902,80725,cz2,cz3
r0026903,80730,cz2,cz3
r0026904,80736,cz2,cz3
r0026905,80741,cz2,cz3
r0026906,80747,cz2,cz3
r0026907,80752,cz2,cz3
r0026908,80757,cz2,cz3
r0026909,80763,cz2,cz3
r0026910,80768,cz2,cz3
r0026911,80773,cz2,cz3
r0026912,80779,cz2,cz3
r0026913,80784,cz2,cz3
r0026914,80790,cz2,cz3
r0026915,80795,cz2,cz3
r0026916,80800,cz2,cz3
r0026917,80806,cz2,cz3
r0026918,80811,cz2,cz3
r0026919,80817,cz2,cz3
r0026920,80822,cz2,cz3
r0026921,80827,cz2,cz3
r0026922,80833,cz2,cz3
r0026923,80838,cz2,cz3
r0026924,80843,cz2,cz3
r0026925,80849,cz2,cz3
r0026926,80854,cz2,cz3
r0026927,80860,cz2,cz3
r0026928,80865,cz2,cz3
r0026929,80870,cz2,cz3
r0026930,80876,cz2,cz4
r0026931,80881,cz2,cz4
r0026932,80886,cz2,cz4
r0026933,80892,cz2,cz4
r0026934,80897,cz2,cz4
r0026935,80903,cz2,cz4
r0026936,80908,cz2,cz4
r0026937,80913,cz2,cz4
r0026938,80919,cz2,cz4
r0026939,80924,cz2,cz4
r0026940,80930,cz2,cz4
r0026941,80935,cz2,cz4
r0026942,80940,cz2,cz4
r0026943,80946,cz2,cz4
r0026944,80951,cz2,cz4
r0026945,80956,cz2,cz4
r0026946,80962,cz2,cz4
r0026947,80967,cz2,cz4
r0026948,80973,cz2,cz4
r0026949,80978,cz2,cz4
r0026950,80983,cz2,cz4
r0026951,80989,cz2,cz4
r0026952,80994,cz2,cz4
r0026953,81000,cz2,cz4
r0026954,81005,cz2,cz4
r0026955,81010,cz2,cz4
r0026956,81016,cz2,cz4
r0026957,81021,cz2,cz4
r0026958,81026,cz2,cz4
r0026959,81032,cz3,cz1
r0026960,81037,cz3,cz1
r0026961,81043,cz3,cz1
r0026962,81048,cz3,cz1
r0026963,81053,cz3,cz1
r0026964,81059,cz3,cz1
r0026965,81064,cz3,cz1
r0026966,81069,cz3,cz1
r0026967,81075,cz3,cz1
r0026968,81080,cz3,cz1
r0026969,81086,cz3,cz1
r0026970,81091,cz3,cz1
r0026971,81096,cz3,cz1
r0026972,81102,cz3,cz1
r0026973,81107,cz3,cz1
r0026974,81113,cz3,cz1
r0026975,81118,cz3,cz1
r0026976,81123,cz3,cz1
r0026977,81129,cz3,cz1
r0026978,81134,cz3,cz1
r0026979,81139,cz3,cz1
r0026980,81145,cz3,cz1
r0026981,81150,cz3,cz1
r0026982,81156,cz3,cz1
r0026983,81161,cz3,cz1
r0026984,81166,cz3,cz1
r0026985,81172,cz3,cz1
r0026986,81177,cz3,cz1
r0026987,81182,cz3,cz1
r0026988,81188,cz3,cz1
r0026989,81193,cz3,cz1
r0026990,81199,cz3,cz1
r0026991,81204,cz3,cz1
r0026992,81209,cz3,cz1
r0026993,81215,cz3,cz1
r0026994,81220,cz3,cz1
r0026995,81226,cz3,cz1
r0026996,81231,cz3,cz1
r0026997,81236,cz3,cz1
r0026998,81242,cz3,cz1
r0026999,81247,cz3,cz1
r0027000,81252,cz3,cz1
r0027001,81258,cz3,cz1
r0027002,81263,cz3,cz1
r0027003,81269,cz3,cz1
r0027004,81274,cz3,cz1
r0027005,81279,cz3,cz1
r0027006,81285,cz3,cz1
r0027007,81290,cz3,cz1
r0027008,81295,cz3,cz1
r0027009,81301,cz3,cz1
r0027010,81306,cz3,cz1
r0027011,81312,cz3,cz1
r0027012,81317,cz3,cz1
r0027013,81322,cz3,cz1
r0027014,81328,cz3,cz2
r0027015,81333,cz3,cz2
r0027016,81339,cz3,cz2
r0027017,81344,cz3,cz2
r0027018,81349,cz3,cz2
r0027019,81355,cz3,cz2
r0027020,81360,cz3,cz2
r0027021,81365,cz3,cz2
r0027022,81371,cz3,cz2
r0027023,81376,cz3,cz2
r0027024,81382,cz3,cz2
r0027025,81387,cz3,cz2
r0027026,81392,cz3,cz2
r0027027,81398,cz3,cz2
r0027028,81403,cz3,cz2
r0027029,81408,cz3,cz2
r0027030,81414,cz3,cz2
r0027031,81419,cz3,cz2
r0027032,81425,cz3,cz2
r0027033,81430,cz3,cz2
r0027034,81435,cz3,cz2
r0027035,81441,cz3,cz2
r0027036,81446,cz3,cz2
r0027037,81452,cz3,cz2
r0027038,81457,cz3,cz2
r0027039,81462,cz3,cz2
r0027040,81468,cz3,cz2
r0027041,81473,cz3,cz2
r0027042,81478,cz3,cz2
r0027043,81484,cz3,cz2
r0027044,81489,cz3,cz2
r0027045,81495,cz3,cz2
r0027046,81500,cz3,cz2
r0027047,81505,cz3,cz2
r0027048,81511,cz3,cz2
r0027049,81516,cz3,cz2
r0027050,81521,cz3,cz2
r0027051,81527,cz3,cz2
r0027052,81532,cz3,cz2
r0027053,81538,cz3,cz3
r0027054,81543,cz3,cz3
r0027055,81548,cz3,cz3
r0027056,81554,cz3,cz3
r0027057,81559,cz3,cz3
r0027058,81565,cz3,cz3
r0027059,81570,cz3,cz3
r0027060,81575,cz3,cz3
r0027061,81581,cz3,cz3
r0027062,81586,cz3,cz3
r0027063,81591,cz3,cz3
r0027064,81597,cz3,cz3
r0027065,81602,cz3,cz3
r0027066,81608,cz3,cz3
r0027067,81613,cz3,cz3
r0027068,81618,cz3,cz3
r0027069,81624,cz3,cz3
r0027070,81629,cz3,cz3
r0027071,81634,cz3,cz3
r0027072,81640,cz3,cz3
r0027073,81645,cz3,cz3
r0027074,81651,cz3,cz3
r0027075,81656,cz3,cz3
r0027076,81661,cz3,cz3
r0027077,81667,cz3,cz3
r0027078,81672,cz3,cz3
r0027079,81678,cz3,cz3
r0027080,81683,cz3,cz3
r0027081,81688,cz3,cz3
r0027082,81694,cz3,cz3
r0027083,81699,cz3,cz3
r0027084,81704,cz3,cz3
r0027085,81710,cz3,cz3
r0027086,81715,cz3,cz3
r0027087,81721,cz3,cz3
r0027088,81726,cz3,cz3
r0027089,81731,cz3,cz3
r0027090,81737,cz3,cz3
r0027091,81742,cz3,cz3
r0027092,81747,cz3,cz3
r0027093,81753,cz3,cz3
r0027094,81758,cz3,cz3
r0027095,81764,cz3,cz3
r0027096,81769,cz3,cz3
r0027097,81774,cz3,cz3
r0027098,81780,cz3,cz3
r0027099,81785,cz3,cz3
r0027100,81791,cz3,cz3
r0027101,81796,cz3,cz3
r0027102,81801,cz3,cz3
r0027103,81807,cz3,cz3
r0027104,81812,cz3,cz3
r0027105,81817,cz3,cz3
r0027106,81823,cz3,cz3
r0027107,81828,cz3,cz3
r0027108,81834,cz3,cz3
r0027109,81839,cz3,cz3
r0027110,81844,cz3,cz3
r0027111,81850,cz3,cz3
r0027112,81855,cz3,cz4
r0027113,81860,cz3,cz4
r0027114,81866,cz3,cz4
r0027115,81871,cz3,cz4
r0027116,81877,cz3,cz4
r0027117,81882,cz3,cz4
r0027118,81887,cz3,cz4
r0027119,81893,cz3,cz4
r0027120,81898,cz3,cz4
r0027121,81904,cz3,cz4
r0027122,81909,cz3,cz4
r0027123,81914,cz3,cz4
r0027124,81920,cz3,cz4
r0027125,81925,cz3,cz4
r0027126,81930,cz3,cz4
r0027127,81936,cz3,cz4
r0027128,81941,cz3,cz4
r0027129,81947,cz3,cz4
r0027130,81952,cz3,cz4
r0027131,81957,cz3,cz4
r0027132,81963,cz3,cz4
r0027133,81968,cz3,cz4
r0027134,81973,cz3,cz4
r0027135,81979,cz3,cz4
r0027136,81984,cz3,cz4
r0027137,81990,cz3,cz4
r0027138,81995,cz3,cz4
r0027139,82000,cz3,cz4
r0027140,82006,cz3,cz4
r0027141,82011,cz3,cz4
r0027142,82017,cz3,cz4
r0027143,82022,cz3,cz4
r0027144,82027,cz3,cz4
r0027145,82033,cz3,cz4
r0027146,82038,cz3,cz4
r0027147,82043,cz3,cz4
r0027148,82049,cz3,cz4
r0027149,82054,cz3,cz4
r0027150,82060,cz3,cz4
r0027151,82065,cz4,cz1
r0027152,82070,cz4,cz1
r0027153,82076,cz4,cz1
r0027154,82081,cz4,cz1
r0027155,82086,cz4,cz1
r0027156,82092,cz4,cz1
r0027157,82097,cz4,cz1
r0027158,82103,cz4,cz1
r0027159,82108,cz4,cz1
r0027160,82113,cz4,cz1
r0027161,82119,cz4,cz1
r0027162,82124,cz4,cz1
r0027163,82130,cz4,cz1
r0027164,82135,cz4,cz1
r0027165,82140,cz4,cz1
r0027166,82146,cz4,cz1
r0027167,82151,cz4,cz1
r0027168,82156,cz4,cz1
r0027169,82162,cz4,cz1
r0027170,82167,cz4,cz1
r0027171,82173,cz4,cz1
r0027172,82178,cz4,cz1
r0027173,82183,cz4,cz1
r0027174,82189,cz4,cz1
r0027175,82194,cz4,cz1
r0027176,82200,cz4,cz1
r0027177,82205,cz4,cz1
r0027178,82210,cz4,cz1
r0027179,82216,cz4,cz1
r0027180,82221,cz4,cz1
r0027181,82226,cz4,cz1
r0027182,82232,cz4,cz1
r0027183,82237,cz4,cz1
r0027184,82243,cz4,cz1
r0027185,82248,cz4,cz1
r0027186,82253,cz4,cz1
r0027187,82259,cz4,cz1
r0027188,82264,cz4,cz1
r0027189,82269,cz4,cz1
r0027190,82275,cz4,cz2
r0027191,82280,cz4,cz2
r0027192,82286,cz4,cz2
r0027193,82291,cz4,cz2
r0027194,82296,cz4,cz2
r0027195,82302,cz4,cz2
r0027196,82307,cz4,cz2
r0027197,82313,cz4,cz2
r0027198,82318,cz4,cz2
r0027199,82323,cz4,cz2
r0027200,82329,cz4,cz2
r0027201,82334,cz4,cz2
r0027202,82339,cz4,cz2
r0027203,82345,cz4,cz2
r0027204,82350,cz4,cz2
r0027205,82356,cz4,cz2
r0027206,82361,cz4,cz2
r0027207,82366,cz4,cz2
r0027208,82372,cz4,cz2
r0027209,82377,cz4,cz2
r0027210,82382,cz4,cz2
r0027211,82388,cz4,cz2
r0027212,82393,cz4,cz2
r0027213,82399,cz4,cz2
r0027214,82404,cz4,cz2
r0027215,82409,cz4,cz2
r0027216,82415,cz4,cz2
r0027217,82420,cz4,cz2
r0027218,82426,cz4,cz2
r0027219,82431,cz4,cz3
r0027220,82436,cz4,cz3
r0027221,82442,cz4,cz3
r0027222,82447,cz4,cz3
r0027223,82452,cz4,cz3
r0027224,82458,cz4,cz3
r0027225,82463,cz4,cz3
r0027226,82469,cz4,cz3
r0027227,82474,cz4,cz3
r0027228,82479,cz4,cz3
r0027229,82485,cz4,cz3
r0027230,82490,cz4,cz3
r0027231,82495,cz4,cz3
r0027232,82501,cz4,cz3
r0027233,82506,cz4,cz3
r0027234,82512,cz4,cz3
r0027235,82517,cz4,cz3
r0027236,82522,cz4,cz3
r0027237,82528,cz4,cz3
r0027238,82533,cz4,cz3
r0027239,82539,cz4,cz3
r0027240,82544,cz4,cz3
r0027241,82549,cz4,cz3
r0027242,82555,cz4,cz3
r0027243,82560,cz4,cz3
r0027244,82565,cz4,cz3
r0027245,82571,cz4,cz3
r0027246,82576,cz4,cz3
r0027247,82582,cz4,cz3
r0027248,82587,cz4,cz3
r0027249,82592,cz4,cz3
r0027250,82598,cz4,cz3
r0027251,82603,cz4,cz3
r0027252,82608,cz4,cz3
r0027253,82614,cz4,cz3
r0027254,82619,cz4,cz3
r0027255,82625,cz4,cz3
r0027256,82630,cz4,cz3
r0027257,82635,cz4,cz3
r0027258,82641,cz4,cz3
r0027259,82646,cz4,cz3
r0027260,82652,cz4,cz4
r0027261,82657,cz4,cz4
r0027262,82662,cz4,cz4
r0027263,82668,cz4,cz4
r0027264,82673,cz4,cz4
r0027265,82678,cz4,cz4
r0027266,82684,cz4,cz4
r0027267,82689,cz4,cz4
r0027268,82695,cz4,cz4
r0027269,82700,cz4,cz4
r0027270,82705,cz4,cz4
r0027271,82711,cz4,cz4
r0027272,82716,cz4,cz4
r0027273,82721,cz4,cz4
r0027274,82727,cz4,cz4
r0027275,82732,cz4,cz4
r0027276,82738,cz4,cz4
r0027277,82743,cz4,cz4
r0027278,82748,cz4,cz4
r0027279,82754,cz4,cz4
r0027280,82759,cz4,cz4
r0027281,82765,cz4,cz4
r0027282,82770,cz4,cz4
r0027283,82775,cz4,cz4
r0027284,82781,cz4,cz4
r0027285,82786,cz4,cz4
r0027286,82791,cz4,cz4
r0027287,82797,cz4,cz4
r0027288,82804,cz1,cz1
r0027289,82813,cz1,cz1
r0027290,82823,cz1,cz1
r0027291,82832,cz1,cz1
r0027292,82841,cz1,cz1
r0027293,82851,cz1,cz1
r0027294,82860,cz1,cz1
r0027295,82869,cz1,cz1
r0027296,82878,cz1,cz1
r0027297,82888,cz1,cz1
r0027298,82897,cz1,cz1
r0027299,82906,cz1,cz1
r0027300,82915,cz1,cz1
r0027301,82925,cz1,cz1
r0027302,82934,cz1,cz1
r0027303,82943,cz1,cz1
r0027304,82953,cz1,cz1
r0027305,82962,cz1,cz1
r0027306,82971,cz1,cz1
r0027307,82980,cz1,cz1
r0027308,82990,cz1,cz1
r0027309,82999,cz1,cz1
r0027310,83008,cz1,cz1
r0027311,83018,cz1,cz1
r0027312,83027,cz1,cz1
r0027313,83036,cz1,cz1
r0027314,83045,cz1,cz1
r0027315,83055,cz1,cz1
r0027316,83064,cz1,cz1
r0027317,83073,cz1,cz1
r0027318,83082,cz1,cz1
r0027319,83092,cz1,cz2
r0027320,83101,cz1,cz2
r0027321,83110,cz1,cz2
r0027322,83120,cz1,cz2
r0027323,83129,cz1,cz2
r0027324,83138,cz1,cz2
r0027325,83147,cz1,cz2
r0027326,83157,cz1,cz2
r0027327,83166,cz1,cz2
r0027328,83175,cz1,cz2
r0027329,83185,cz1,cz2
r0027330,83194,cz1,cz2
r0027331,83203,cz1,cz2
r0027332,83212,cz1,cz2
r0027333,83222,cz1,cz2
r0027334,83231,cz1,cz2
r0027335,83240,cz1,cz2
r0027336,83250,cz1,cz2
r0027337,83259,cz1,cz2
r0027338,83268,cz1,cz2
r0027339,83277,cz1,cz2
r0027340,83287,cz1,cz2
r0027341,83296,cz1,cz2
r0027342,83305,cz1,cz2
r0027343,83314,cz1,cz3
r0027344,83324,cz1,cz3
r0027345,83333,cz1,cz3
r0027346,83342,cz1,cz3
r0027347,83352,cz1,cz3
r0027348,83361,cz1,cz3
r0027349,83370,cz1,cz3
r0027350,83379,cz1,cz3
r0027351,83389,cz1,cz3
r0027352,83398,cz1,cz3
r0027353,83407,cz1,cz3
r0027354,83417,cz1,cz3
r0027355,83426,cz1,cz3
r0027356,83435,cz1,cz3
r0027357,83444,cz1,cz3
r0027358,83454,cz1,cz3
r0027359,83463,cz1,cz3
r0027360,83472,cz1,cz3
r0027361,83481,cz1,cz3
r0027362,83491,cz1,cz3
r0027363,83500,cz1,cz3
r0027364,83509,cz1,cz3
r0027365,83519,cz1,cz3
r0027366,83528,cz1,cz3
r0027367,83537,cz1,cz3
r0027368,83546,cz1,cz3
r0027369,83556,cz1,cz3
r0027370,83565,cz1,cz3
r0027371,83574,cz1,cz3
r0027372,83584,cz1,cz3
r0027373,83593,cz1,cz3
r0027374,83602,cz1,cz3
r0027375,83611,cz1,cz4
r0027376,83621,cz1,cz4
r0027377,83630,cz1,cz4
r0027378,83639,cz1,cz4
r0027379,83648,cz1,cz4
r0027380,83658,cz1,cz4
r0027381,83667,cz1,cz4
r0027382,83676,cz1,cz4
r0027383,83686,cz1,cz4
r0027384,83695,cz1,cz4
r0027385,83704,cz1,cz4
r0027386,83713,cz1,cz4
r0027387,83723,cz1,cz4
r0027388,83732,cz1,cz4
r0027389,83741,cz1,cz4
r0027390,83751,cz1,cz4
r0027391,83760,cz1,cz4
r0027392,83769,cz1,cz4
r0027393,83778,cz1,cz4
r0027394,83788,cz1,cz4
r0027395,83797,cz1,cz4
r0027396,83806,cz1,cz4
r0027397,83815,cz2,cz1
r0027398,83825,cz2,cz1
r0027399,83834,cz2,cz1
r0027400,83843,cz2,cz1
r0027401,83853,cz2,cz1
r0027402,83862,cz2,cz1
r0027403,83871,cz2,cz1
r0027404,83880,cz2,cz1
r0027405,83890,cz2,cz1
r0027406,83899,cz2,cz1
r0027407,83908,cz2,cz1
r0027408,83918,cz2,cz1
r0027409,83927,cz2,cz1
r0027410,83936,cz2,cz1
r0027411,83945,cz2,cz1
r0027412,83955,cz2,cz1
r0027413,83964,cz2,cz1
r0027414,83973,cz2,cz1
r0027415,83982,cz2,cz1
r0027416,83992,cz2,cz1
r0027417,84001,cz2,cz1
r0027418,84010,cz2,cz1
r0027419,84020,cz2,cz1
r0027420,84029,cz2,cz1
r0027421,84038,cz2,cz2
r0027422,84047,cz2,cz2
r0027423,84057,cz2,cz2
r0027424,84066,cz2,cz2
r0027425,84075,cz2,cz2
r0027426,84085,cz2,cz2
r0027427,84094,cz2,cz2
r0027428,84103,cz2,cz2
r0027429,84112,cz2,cz2
r0027430,84122,cz2,cz2
r0027431,84131,cz2,cz2
r0027432,84140,cz2,cz2
r0027433,84150,cz2,cz2
r0027434,84159,cz2,cz2
r0027435,84168,cz2,cz2
r0027436,84177,cz2,cz2
r0027437,84187,cz2,cz2
r0027438,84196,cz2,cz2
r0027439,84205,cz2,cz2
r0027440,84214,cz2,cz2
r0027441,84224,cz2,cz2
r0027442,84233,cz2,cz2
r0027443,84242,cz2,cz2
r0027444,84252,cz2,cz3
r0027445,84261,cz2,cz3
r0027446,84270,cz2,cz3
r0027447,84279,cz2,cz3
r0027448,84289,cz2,cz3
r0027449,84298,cz2,cz3
r0027450,84307,cz2,cz3
r0027451,84317,cz2,cz3
r0027452,84326,cz2,cz3
r0027453,84335,cz2,cz3
r0027454,84344,cz2,cz3
r0027455,84354,cz2,cz3
r0027456,84363,cz2,cz3
r0027457,84372,cz2,cz3
r0027458,84381,cz2,cz3
r0027459,84391,cz2,cz3
r0027460,84400,cz2,cz3
r0027461,84409,cz2,cz3
r0027462,84419,cz2,cz3
r0027463,84428,cz2,cz3
r0027464,84437,cz2,cz3
r0027465,84446,cz2,cz3
r0027466,84456,cz2,cz3
r0027467,84465,cz2,cz4
r0027468,84474,cz2,cz4
r0027469,84484,cz2,cz4
r0027470,84493,cz2,cz4
r0027471,84502,cz2,cz4
r0027472,84511,cz2,cz4
r0027473,84521,cz2,cz4
r0027474,84530,cz2,cz4
r0027475,84539,cz2,cz4
r0027476,84548,cz2,cz4
r0027477,84558,cz2,cz4
r0027478,84567,cz2,cz4
r0027479,84576,cz2,cz4
r0027480,84586,cz2,cz4
r0027481,84595,cz2,cz4
r0027482,84604,cz2,cz4
r0027483,84613,cz2,cz4
r0027484,84623,cz3,cz1
r0027485,84632,cz3,cz1
r0027486,84641,cz3,cz1
r0027487,84651,cz3,cz1
r0027488,84660,cz3,cz1
r0027489,84669,cz3,cz1
r0027490,84678,cz3,cz1
r0027491,84688,cz3,cz1
r0027492,84697,cz3,cz1
r0027493,84706,cz3,cz1
r0027494,84715,cz3,cz1
r0027495,84725,cz3,cz1
r0027496,84734,cz3,cz1
r0027497,84743,cz3,cz1
r0027498,84753,cz3,cz1
r0027499,84762,cz3,cz1
r0027500,84771,cz3,cz1
r0027501,84780,cz3,cz1
r0027502,84790,cz3,cz1
r0027503,84799,cz3,cz1
r0027504,84808,cz3,cz1
r0027505,84818,cz3,cz1
r0027506,84827,cz3,cz1
r0027507,84836,cz3,cz1
r0027508,84845,cz3,cz1
r0027509,84855,cz3,cz1
r0027510,84864,cz3,cz1
r0027511,84873,cz3,cz1
r0027512,84882,cz3,cz1
r0027513,84892,cz3,cz1
r0027514,84901,cz3,cz1
r0027515,84910,cz3,cz1
r0027516,84920,cz3,cz2
r0027517,84929,cz3,cz2
r0027518,84938,cz3,cz2
r0027519,84947,cz3,cz2
r0027520,84957,cz3,cz2
r0027521,84966,cz3,cz2
r0027522,84975,cz3,cz2
r0027523,84985,cz3,cz2
r0027524,84994,cz3,cz2
r0027525,85003,cz3,cz2
r0027526,85012,cz3,cz2
r0027527,85022,cz3,cz2
r0027528,85031,cz3,cz2
r0027529,85040,cz3,cz2
r0027530,85050,cz3,cz2
r0027531,85059,cz3,cz2
r0027532,85068,cz3,cz2
r0027533,85077,cz3,cz2
r0027534,85087,cz3,cz2
r0027535,85096,cz3,cz2
r0027536,85105,cz3,cz2
r0027537,85114,cz3,cz2
r0027538,85124,cz3,cz2
r0027539,85133,cz3,cz3
r0027540,85142,cz3,cz3
r0027541,85152,cz3,cz3
r0027542,85161,cz3,cz3
r0027543,85170,cz3,cz3
r0027544,85179,cz3,cz3
r0027545,85189,cz3,cz3
r0027546,85198,cz3,cz3
r0027547,85207,cz3,cz3
r0027548,85217,cz3,cz3
r0027549,85226,cz3,cz3
r0027550,85235,cz3,cz3
r0027551,85244,cz3,cz3
r0027552,85254,cz3,cz3
r0027553,85263,cz3,cz3
r0027554,85272,cz3,cz3
r0027555,85281,cz3,cz3
r0027556,85291,cz3,cz3
r0027557,85300,cz3,cz3
r0027558,85309,cz3,cz3
r0027559,85319,cz3,cz3
r0027560,85328,cz3,cz3
r0027561,85337,cz3,cz3
r0027562,85346,cz3,cz3
r0027563,85356,cz3,cz3
r0027564,85365,cz3,cz3
r0027565,85374,cz3,cz3
r0027566,85384,cz3,cz3
r0027567,85393,cz3,cz3
r0027568,85402,cz3,cz3
r0027569,85411,cz3,cz3
r0027570,85421,cz3,cz3
r0027571,85430,cz3,cz3
r0027572,85439,cz3,cz3
r0027573,85448,cz3,cz4
r0027574,85458,cz3,cz4
r0027575,85467,cz3,cz4
r0027576,85476,cz3,cz4
r0027577,85486,cz3,cz4
r0027578,85495,cz3,cz4
r0027579,85504,cz3,cz4
r0027580,85513,cz3,cz4
r0027581,85523,cz3,cz4
r0027582,85532,cz3,cz4
r0027583,85541,cz3,cz4
r0027584,85551,cz3,cz4
r0027585,85560,cz3,cz4
r0027586,85569,cz3,cz4
r0027587,85578,cz3,cz4
r0027588,85588,cz3,cz4
r0027589,85597,cz3,cz4
r0027590,85606,cz3,cz4
r0027591,85615,cz3,cz4
r0027592,85625,cz3,cz4
r0027593,85634,cz3,cz4
r0027594,85643,cz3,cz4
r0027595,85653,cz3,cz4
r0027596,85662,cz4,cz1
r0027597,85671,cz4,cz1
r0027598,85680,cz4,cz1
r0027599,85690,cz4,cz1
r0027600,85699,cz4,cz1
r0027601,85708,cz4,cz1
r0027602,85718,cz4,cz1
r0027603,85727,cz4,cz1
r0027604,85736,cz4,cz1
r0027605,85745,cz4,cz1
r0027606,85755,cz4,cz1
r0027607,85764,cz4,cz1
r0027608,85773,cz4,cz1
r0027609,85782,cz4,cz1
r0027610,85792,cz4,cz1
r0027611,85801,cz4,cz1
r0027612,85810,cz4,cz1
r0027613,85820,cz4,cz1
r0027614,85829,cz4,cz1
r0027615,85838,cz4,cz1
r0027616,85847,cz4,cz1
r0027617,85857,cz4,cz1
r0027618,85866,cz4,cz1
r0027619,85875,cz4,cz2
r0027620,85885,cz4,cz2
r0027621,85894,cz4,cz2
r0027622,85903,cz4,cz2
r0027623,85912,cz4,cz2
r0027624,85922,cz4,cz2
r0027625,85931,cz4,cz2
r0027626,85940,cz4,cz2
r0027627,85950,cz4,cz2
r0027628,85959,cz4,cz2
r0027629,85968,cz4,cz2
r0027630,85977,cz4,cz2
r0027631,85987,cz4,cz2
r0027632,85996,cz4,cz2
r0027633,86005,cz4,cz2
r0027634,86014,cz4,cz2
r0027635,86024,cz4,cz2
r0027636,86033,cz4,cz3
r0027637,86042,cz4,cz3
r0027638,86052,cz4,cz3
r0027639,86061,cz4,cz3
r0027640,86070,cz4,cz3
r0027641,86079,cz4,cz3
r0027642,86089,cz4,cz3
r0027643,86098,cz4,cz3
r0027644,86107,cz4,cz3
r0027645,86117,cz4,cz3
r0027646,86126,cz4,cz3
r0027647,86135,cz4,cz3
r0027648,86144,cz4,cz3
r0027649,86154,cz4,cz3
r0027650,86163,cz4,cz3
r0027651,86172,cz4,cz3
r0027652,86181,cz4,cz3
r0027653,86191,cz4,cz3
r0027654,86200,cz4,cz3
r0027655,86209,cz4,cz3
r0027656,86219,cz4,cz3
r0027657,86228,cz4,cz3
r0027658,86237,cz4,cz3
r0027659,86246,cz4,cz3
r0027660,86256,cz4,cz4
r0027661,86265,cz4,cz4
r0027662,86274,cz4,cz4
r0027663,86284,cz4,cz4
r0027664,86293,cz4,cz4
r0027665,86302,cz4,cz4
r0027666,86311,cz4,cz4
r0027667,86321,cz4,cz4
r0027668,86330,cz4,cz4
r0027669,86339,cz4,cz4
r0027670,86348,cz4,cz4
r0027671,86358,cz4,cz4
r0027672,86367,cz4,cz4
r0027673,86376,cz4,cz4
r0027674,86386,cz4,cz4
r0027675,86395,cz4,cz4
