request_id,request_time,origin_zone,destination_zone
r0000001,21,cz1,cz1
r0000002,64,cz1,cz1
r0000003,107,cz1,cz1
r0000004,150,cz1,cz1
r0000005,192,cz1,cz1
r0000006,235,cz1,cz1
r0000007,278,cz1,cz1
r0000008,321,cz1,cz2
r0000009,364,cz1,cz2
r0000010,407,cz1,cz2
r0000011,450,cz1,cz2
r0000012,492,cz1,cz2
r0000013,535,cz1,cz3
r0000014,578,cz1,cz3
r0000015,621,cz1,cz3
r0000016,664,cz1,cz3
r0000017,707,cz1,cz3
r0000018,750,cz1,cz3
r0000019,792,cz1,cz3
r0000020,835,cz1,cz4
r0000021,878,cz1,cz4
r0000022,921,cz1,cz4
r0000023,964,cz1,cz4
r0000024,1007,cz1,cz4
r0000025,1050,cz2,cz1
r0000026,1092,cz2,cz1
r0000027,1135,cz2,cz1
r0000028,1178,cz2,cz1
r0000029,1221,cz2,cz1
r0000030,1264,cz2,cz2
r0000031,1307,cz2,cz2
r0000032,1350,cz2,cz2
r0000033,1392,cz2,cz2
r0000034,1435,cz2,cz2
r0000035,1478,cz2,cz3
r0000036,1521,cz2,cz3
r0000037,1564,cz2,cz3
r0000038,1607,cz2,cz3
r0000039,1650,cz2,cz3
r0000040,1692,cz2,cz4
r0000041,1735,cz2,cz4
r0000042,1778,cz2,cz4
r0000043,1821,cz2,cz4
r0000044,1864,cz3,cz1
r0000045,1907,cz3,cz1
r0000046,1949,cz3,cz1
r0000047,1992,cz3,cz1
r0000048,2035,cz3,cz1
r0000049,2078,cz3,cz1
r0000050,2121,cz3,cz1
r0000051,2164,cz3,cz2
r0000052,2207,cz3,cz2
r0000053,2250,cz3,cz2
r0000054,2292,cz3,cz2
r0000055,2335,cz3,cz2
r0000056,2378,cz3,cz3
r0000057,2421,cz3,cz3
r0000058,2464,cz3,cz3
r0000059,2507,cz3,cz3
r0000060,2550,cz3,cz3
r0000061,2592,cz3,cz3
r0000062,2635,cz3,cz3
r0000063,2678,cz3,cz4
r0000064,2721,cz3,cz4
r0000065,2764,cz3,cz4
r0000066,2807,cz3,cz4
r0000067,2850,cz3,cz4
r0000068,2892,cz4,cz1
r0000069,2935,cz4,cz1
r0000070,2978,cz4,cz1
r0000071,3021,cz4,cz1
r0000072,3064,cz4,cz1
r0000073,3107,cz4,cz2
r0000074,3150,cz4,cz2
r0000075,3192,cz4,cz2
r0000076,3235,cz4,cz2
r0000077,3278,cz4,cz3
r0000078,3321,cz4,cz3
r0000079,3364,cz4,cz3
r0000080,3407,cz4,cz3
r0000081,3450,cz4,cz3
r0000082,3492,cz4,cz4
r0000083,3535,cz4,cz4
r0000084,3578,cz4,cz4
r0000085,3635,cz1,cz1
r0000086,3705,cz1,cz1
r0000087,3776,cz1,cz1
r0000088,3847,cz1,cz1
r0000089,3917,cz1,cz2
r0000090,3988,cz1,cz2
r0000091,4058,cz1,cz2
r0000092,4129,cz1,cz3
r0000093,4200,cz1,cz3
r0000094,4270,cz1,cz3
r0000095,4341,cz1,cz3
r0000096,4411,cz1,cz3
r0000097,4482,cz1,cz4
r0000098,4552,cz1,cz4
r0000099,4623,cz1,cz4
r0000100,4694,cz2,cz1
r0000101,4764,cz2,cz1
r0000102,4835,cz2,cz1
r0000103,4905,cz2,cz2
r0000104,4976,cz2,cz2
r0000105,5047,cz2,cz2
r0000106,5117,cz2,cz3
r0000107,5188,cz2,cz3
r0000108,5258,cz2,cz3
r0000109,5329,cz2,cz4
r0000110,5400,cz2,cz4
r0000111,5470,cz3,cz1
r0000112,5541,cz3,cz1
r0000113,5611,cz3,cz1
r0000114,5682,cz3,cz1
r0000115,5752,cz3,cz2
r0000116,5823,cz3,cz2
r0000117,5894,cz3,cz2
r0000118,5964,cz3,cz3
r0000119,6035,cz3,cz3
r0000120,6105,cz3,cz3
r0000121,6176,cz3,cz3
r0000122,6247,cz3,cz3
r0000123,6317,cz3,cz4
r0000124,6388,cz3,cz4
r0000125,6458,cz3,cz4
r0000126,6529,cz4,cz1
r0000127,6600,cz4,cz1
r0000128,6670,cz4,cz1
r0000129,6741,cz4,cz2
r0000130,6811,cz4,cz2
r0000131,6882,cz4,cz3
r0000132,6952,cz4,cz3
r0000133,7023,cz4,cz3
r0000134,7094,cz4,cz4
r0000135,7164,cz4,cz4
r0000136,7254,cz1,cz1
r0000137,7363,cz1,cz1
r0000138,7472,cz1,cz1
r0000139,7581,cz1,cz2
r0000140,7690,cz1,cz2
r0000141,7800,cz1,cz3
r0000142,7909,cz1,cz3
r0000143,8018,cz1,cz3
r0000144,8127,cz1,cz4
r0000145,8236,cz1,cz4
r0000146,8345,cz2,cz1
r0000147,8454,cz2,cz1
r0000148,8563,cz2,cz2
r0000149,8672,cz2,cz2
r0000150,8781,cz2,cz3
r0000151,8890,cz2,cz3
r0000152,9000,cz2,cz4
r0000153,9109,cz3,cz1
r0000154,9218,cz3,cz1
r0000155,9327,cz3,cz1
r0000156,9436,cz3,cz2
r0000157,9545,cz3,cz2
r0000158,9654,cz3,cz3
r0000159,9763,cz3,cz3
r0000160,9872,cz3,cz3
r0000161,9981,cz3,cz4
r0000162,10090,cz3,cz4
r0000163,10200,cz4,cz1
r0000164,10309,cz4,cz1
r0000165,10418,cz4,cz2
r0000166,10527,cz4,cz3
r0000167,10636,cz4,cz3
r0000168,10745,cz4,cz4
r0000169,10890,cz1,cz1
r0000170,11070,cz1,cz1
r0000171,11250,cz1,cz2
r0000172,11430,cz1,cz3
r0000173,11610,cz1,cz3
r0000174,11790,cz1,cz4
r0000175,11970,cz2,cz1
r0000176,12150,cz2,cz2
r0000177,12330,cz2,cz3
r0000178,12510,cz2,cz4
r0000179,12690,cz3,cz1
r0000180,12870,cz3,cz1
r0000181,13050,cz3,cz2
r0000182,13230,cz3,cz3
r0000183,13410,cz3,cz3
r0000184,13590,cz3,cz4
r0000185,13770,cz4,cz1
r0000186,13950,cz4,cz2
r0000187,14130,cz4,cz3
r0000188,14310,cz4,cz4
r0000189,14485,cz1,cz1
r0000190,14657,cz1,cz1
r0000191,14828,cz1,cz2
r0000192,15000,cz1,cz3
r0000193,15171,cz1,cz3
r0000194,15342,cz1,cz4
r0000195,15514,cz2,cz1
r0000196,15685,cz2,cz1
r0000197,15857,cz2,cz2
r0000198,16028,cz2,cz3
r0000199,16200,cz2,cz4
r0000200,16371,cz3,cz1
r0000201,16542,cz3,cz1
r0000202,16714,cz3,cz2
r0000203,16885,cz3,cz3
r0000204,17057,cz3,cz3
r0000205,17228,cz3,cz4
r0000206,17400,cz4,cz1
r0000207,17571,cz4,cz2
r0000208,17742,cz4,cz3
r0000209,17914,cz4,cz4
r0000210,18037,cz1,cz1
r0000211,18112,cz1,cz1
r0000212,18187,cz1,cz1
r0000213,18262,cz1,cz1
r0000214,18337,cz1,cz2
r0000215,18412,cz1,cz2
r0000216,18487,cz1,cz2
r0000217,18562,cz1,cz3
r0000218,18637,cz1,cz3
r0000219,18712,cz1,cz3
r0000220,18787,cz1,cz3
r0000221,18862,cz1,cz4
r0000222,18937,cz1,cz4
r0000223,19012,cz2,cz1
r0000224,19087,cz2,cz1
r0000225,19162,cz2,cz1
r0000226,19237,cz2,cz2
r0000227,19312,cz2,cz2
r0000228,19387,cz2,cz2
r0000229,19462,cz2,cz3
r0000230,19537,cz2,cz3
r0000231,19612,cz2,cz3
r0000232,19687,cz2,cz4
r0000233,19762,cz2,cz4
r0000234,19837,cz3,cz1
r0000235,19912,cz3,cz1
r0000236,19987,cz3,cz1
r0000237,20062,cz3,cz1
r0000238,20137,cz3,cz2
r0000239,20212,cz3,cz2
r0000240,20287,cz3,cz2
r0000241,20362,cz3,cz3
r0000242,20437,cz3,cz3
r0000243,20512,cz3,cz3
r0000244,20587,cz3,cz3
r0000245,20662,cz3,cz4
r0000246,20737,cz3,cz4
r0000247,20812,cz3,cz4
r0000248,20887,cz4,cz1
r0000249,20962,cz4,cz1
r0000250,21037,cz4,cz1
r0000251,21112,cz4,cz2
r0000252,21187,cz4,cz2
r0000253,21262,cz4,cz3
r0000254,21337,cz4,cz3
r0000255,21412,cz4,cz3
r0000256,21487,cz4,cz4
r0000257,21562,cz4,cz4
r0000258,21610,cz1,cz1
r0000259,21631,cz1,cz1
r0000260,21652,cz1,cz1
r0000261,21673,cz1,cz1
r0000262,21694,cz1,cz1
r0000263,21715,cz1,cz1
r0000264,21736,cz1,cz1
r0000265,21757,cz1,cz1
r0000266,21778,cz1,cz1
r0000267,21800,cz1,cz1
r0000268,21821,cz1,cz1
r0000269,21842,cz1,cz1
r0000270,21863,cz1,cz1
r0000271,21884,cz1,cz1
r0000272,21905,cz1,cz2
r0000273,21926,cz1,cz2
r0000274,21947,cz1,cz2
r0000275,21968,cz1,cz2
r0000276,21989,cz1,cz2
r0000277,22010,cz1,cz2
r0000278,22031,cz1,cz2
r0000279,22052,cz1,cz2
r0000280,22073,cz1,cz2
r0000281,22094,cz1,cz2
r0000282,22115,cz1,cz2
r0000283,22136,cz1,cz3
r0000284,22157,cz1,cz3
r0000285,22178,cz1,cz3
r0000286,22200,cz1,cz3
r0000287,22221,cz1,cz3
r0000288,22242,cz1,cz3
r0000289,22263,cz1,cz3
r0000290,22284,cz1,cz3
r0000291,22305,cz1,cz3
r0000292,22326,cz1,cz3
r0000293,22347,cz1,cz3
r0000294,22368,cz1,cz3
r0000295,22389,cz1,cz3
r0000296,22410,cz1,cz3
r0000297,22431,cz1,cz4
r0000298,22452,cz1,cz4
r0000299,22473,cz1,cz4
r0000300,22494,cz1,cz4
r0000301,22515,cz1,cz4
r0000302,22536,cz1,cz4
r0000303,22557,cz1,cz4
r0000304,22578,cz1,cz4
r0000305,22600,cz1,cz4
r0000306,22621,cz1,cz4
r0000307,22642,cz2,cz1
r0000308,22663,cz2,cz1
r0000309,22684,cz2,cz1
r0000310,22705,cz2,cz1
r0000311,22726,cz2,cz1
r0000312,22747,cz2,cz1
r0000313,22768,cz2,cz1
r0000314,22789,cz2,cz1
r0000315,22810,cz2,cz1
r0000316,22831,cz2,cz1
r0000317,22852,cz2,cz1
r0000318,22873,cz2,cz2
r0000319,22894,cz2,cz2
r0000320,22915,cz2,cz2
r0000321,22936,cz2,cz2
r0000322,22957,cz2,cz2
r0000323,22978,cz2,cz2
r0000324,23000,cz2,cz2
r0000325,23021,cz2,cz2
r0000326,23042,cz2,cz2
r0000327,23063,cz2,cz2
r0000328,23084,cz2,cz3
r0000329,23105,cz2,cz3
r0000330,23126,cz2,cz3
r0000331,23147,cz2,cz3
r0000332,23168,cz2,cz3
r0000333,23189,cz2,cz3
r0000334,23210,cz2,cz3
r0000335,23231,cz2,cz3
r0000336,23252,cz2,cz3
r0000337,23273,cz2,cz3
r0000338,23294,cz2,cz4
r0000339,23315,cz2,cz4
r0000340,23336,cz2,cz4
r0000341,23357,cz2,cz4
r0000342,23378,cz2,cz4
r0000343,23400,cz2,cz4
r0000344,23421,cz2,cz4
r0000345,23442,cz2,cz4
r0000346,23463,cz3,cz1
r0000347,23484,cz3,cz1
r0000348,23505,cz3,cz1
r0000349,23526,cz3,cz1
r0000350,23547,cz3,cz1
r0000351,23568,cz3,cz1
r0000352,23589,cz3,cz1
r0000353,23610,cz3,cz1
r0000354,23631,cz3,cz1
r0000355,23652,cz3,cz1
r0000356,23673,cz3,cz1
r0000357,23694,cz3,cz1
r0000358,23715,cz3,cz1
r0000359,23736,cz3,cz1
r0000360,23757,cz3,cz2
r0000361,23778,cz3,cz2
r0000362,23800,cz3,cz2
r0000363,23821,cz3,cz2
r0000364,23842,cz3,cz2
r0000365,23863,cz3,cz2
r0000366,23884,cz3,cz2
r0000367,23905,cz3,cz2
r0000368,23926,cz3,cz2
r0000369,23947,cz3,cz2
r0000370,23968,cz3,cz3
r0000371,23989,cz3,cz3
r0000372,24010,cz3,cz3
r0000373,24031,cz3,cz3
r0000374,24052,cz3,cz3
r0000375,24073,cz3,cz3
r0000376,24094,cz3,cz3
r0000377,24115,cz3,cz3
r0000378,24136,cz3,cz3
r0000379,24157,cz3,cz3
r0000380,24178,cz3,cz3
r0000381,24200,cz3,cz3
r0000382,24221,cz3,cz3
r0000383,24242,cz3,cz3
r0000384,24263,cz3,cz3
r0000385,24284,cz3,cz4
r0000386,24305,cz3,cz4
r0000387,24326,cz3,cz4
r0000388,24347,cz3,cz4
r0000389,24368,cz3,cz4
r0000390,24389,cz3,cz4
r0000391,24410,cz3,cz4
r0000392,24431,cz3,cz4
r0000393,24452,cz3,cz4
r0000394,24473,cz3,cz4
r0000395,24494,cz4,cz1
r0000396,24515,cz4,cz1
r0000397,24536,cz4,cz1
r0000398,24557,cz4,cz1
r0000399,24578,cz4,cz1
r0000400,24600,cz4,cz1
r0000401,24621,cz4,cz1
r0000402,24642,cz4,cz1
r0000403,24663,cz4,cz1
r0000404,24684,cz4,cz1
r0000405,24705,cz4,cz2
r0000406,24726,cz4,cz2
r0000407,24747,cz4,cz2
r0000408,24768,cz4,cz2
r0000409,24789,cz4,cz2
r0000410,24810,cz4,cz2
r0000411,24831,cz4,cz2
r0000412,24852,cz4,cz3
r0000413,24873,cz4,cz3
r0000414,24894,cz4,cz3
r0000415,24915,cz4,cz3
r0000416,24936,cz4,cz3
r0000417,24957,cz4,cz3
r0000418,24978,cz4,cz3
r0000419,25000,cz4,cz3
r0000420,25021,cz4,cz3
r0000421,25042,cz4,cz3
r0000422,25063,cz4,cz4
r0000423,25084,cz4,cz4
r0000424,25105,cz4,cz4
r0000425,25126,cz4,cz4
r0000426,25147,cz4,cz4
r0000427,25168,cz4,cz4
r0000428,25189,cz4,cz4
r0000429,25203,cz1,cz1
r0000430,25211,cz1,cz1
r0000431,25218,cz1,cz1
r0000432,25225,cz1,cz1
r0000433,25233,cz1,cz1
r0000434,25240,cz1,cz1
r0000435,25248,cz1,cz1
r0000436,25255,cz1,cz1
r0000437,25263,cz1,cz1
r0000438,25270,cz1,cz1
r0000439,25277,cz1,cz1
r0000440,25285,cz1,cz1
r0000441,25292,cz1,cz1
r0000442,25300,cz1,cz1
r0000443,25307,cz1,cz1
r0000444,25315,cz1,cz1
r0000445,25322,cz1,cz1
r0000446,25329,cz1,cz1
r0000447,25337,cz1,cz1
r0000448,25344,cz1,cz1
r0000449,25352,cz1,cz1
r0000450,25359,cz1,cz1
r0000451,25367,cz1,cz1
r0000452,25374,cz1,cz1
r0000453,25381,cz1,cz1
r0000454,25389,cz1,cz1
r0000455,25396,cz1,cz1
r0000456,25404,cz1,cz1
r0000457,25411,cz1,cz1
r0000458,25418,cz1,cz1
r0000459,25426,cz1,cz1
r0000460,25433,cz1,cz1
r0000461,25441,cz1,cz1
r0000462,25448,cz1,cz1
r0000463,25456,cz1,cz1
r0000464,25463,cz1,cz1
r0000465,25470,cz1,cz1
r0000466,25478,cz1,cz1
r0000467,25485,cz1,cz1
r0000468,25493,cz1,cz2
r0000469,25500,cz1,cz2
r0000470,25508,cz1,cz2
r0000471,25515,cz1,cz2
r0000472,25522,cz1,cz2
r0000473,25530,cz1,cz2
r0000474,25537,cz1,cz2
r0000475,25545,cz1,cz2
r0000476,25552,cz1,cz2
r0000477,25560,cz1,cz2
r0000478,25567,cz1,cz2
r0000479,25574,cz1,cz2
r0000480,25582,cz1,cz2
r0000481,25589,cz1,cz2
r0000482,25597,cz1,cz2
r0000483,25604,cz1,cz2
r0000484,25611,cz1,cz2
r0000485,25619,cz1,cz2
r0000486,25626,cz1,cz2
r0000487,25634,cz1,cz2
r0000488,25641,cz1,cz2
r0000489,25649,cz1,cz2
r0000490,25656,cz1,cz2
r0000491,25663,cz1,cz2
r0000492,25671,cz1,cz2
r0000493,25678,cz1,cz2
r0000494,25686,cz1,cz2
r0000495,25693,cz1,cz2
r0000496,25701,cz1,cz2
r0000497,25708,cz1,cz2
r0000498,25715,cz1,cz3
r0000499,25723,cz1,cz3
r0000500,25730,cz1,cz3
r0000501,25738,cz1,cz3
r0000502,25745,cz1,cz3
r0000503,25752,cz1,cz3
r0000504,25760,cz1,cz3
r0000505,25767,cz1,cz3
r0000506,25775,cz1,cz3
r0000507,25782,cz1,cz3
r0000508,25790,cz1,cz3
r0000509,25797,cz1,cz3
r0000510,25804,cz1,cz3
r0000511,25812,cz1,cz3
r0000512,25819,cz1,cz3
r0000513,25827,cz1,cz3
r0000514,25834,cz1,cz3
r0000515,25842,cz1,cz3
r0000516,25849,cz1,cz3
r0000517,25856,cz1,cz3
r0000518,25864,cz1,cz3
r0000519,25871,cz1,cz3
r0000520,25879,cz1,cz3
r0000521,25886,cz1,cz3
r0000522,25894,cz1,cz3
r0000523,25901,cz1,cz3
r0000524,25908,cz1,cz3
r0000525,25916,cz1,cz3
r0000526,25923,cz1,cz3
r0000527,25931,cz1,cz3
r0000528,25938,cz1,cz3
r0000529,25945,cz1,cz3
r0000530,25953,cz1,cz3
r0000531,25960,cz1,cz3
r0000532,25968,cz1,cz3
r0000533,25975,cz1,cz3
r0000534,25983,cz1,cz3
r0000535,25990,cz1,cz3
r0000536,25997,cz1,cz3
r0000537,26005,cz1,cz3
r0000538,26012,cz1,cz4
r0000539,26020,cz1,cz4
r0000540,26027,cz1,cz4
r0000541,26035,cz1,cz4
r0000542,26042,cz1,cz4
r0000543,26049,cz1,cz4
r0000544,26057,cz1,cz4
r0000545,26064,cz1,cz4
r0000546,26072,cz1,cz4
r0000547,26079,cz1,cz4
r0000548,26087,cz1,cz4
r0000549,26094,cz1,cz4
r0000550,26101,cz1,cz4
r0000551,26109,cz1,cz4
r0000552,26116,cz1,cz4
r0000553,26124,cz1,cz4
r0000554,26131,cz1,cz4
r0000555,26138,cz1,cz4
r0000556,26146,cz1,cz4
r0000557,26153,cz1,cz4
r0000558,26161,cz1,cz4
r0000559,26168,cz1,cz4
r0000560,26176,cz1,cz4
r0000561,26183,cz1,cz4
r0000562,26190,cz1,cz4
r0000563,26198,cz1,cz4
r0000564,26205,cz1,cz4
r0000565,26213,cz1,cz4
r0000566,26220,cz2,cz1
r0000567,26228,cz2,cz1
r0000568,26235,cz2,cz1
r0000569,26242,cz2,cz1
r0000570,26250,cz2,cz1
r0000571,26257,cz2,cz1
r0000572,26265,cz2,cz1
r0000573,26272,cz2,cz1
r0000574,26280,cz2,cz1
r0000575,26287,cz2,cz1
r0000576,26294,cz2,cz1
r0000577,26302,cz2,cz1
r0000578,26309,cz2,cz1
r0000579,26317,cz2,cz1
r0000580,26324,cz2,cz1
r0000581,26331,cz2,cz1
r0000582,26339,cz2,cz1
r0000583,26346,cz2,cz1
r0000584,26354,cz2,cz1
r0000585,26361,cz2,cz1
r0000586,26369,cz2,cz1
r0000587,26376,cz2,cz1
r0000588,26383,cz2,cz1
r0000589,26391,cz2,cz1
r0000590,26398,cz2,cz1
r0000591,26406,cz2,cz1
r0000592,26413,cz2,cz1
r0000593,26421,cz2,cz1
r0000594,26428,cz2,cz1
r0000595,26435,cz2,cz1
r0000596,26443,cz2,cz2
r0000597,26450,cz2,cz2
r0000598,26458,cz2,cz2
r0000599,26465,cz2,cz2
r0000600,26472,cz2,cz2
r0000601,26480,cz2,cz2
r0000602,26487,cz2,cz2
r0000603,26495,cz2,cz2
r0000604,26502,cz2,cz2
r0000605,26510,cz2,cz2
r0000606,26517,cz2,cz2
r0000607,26524,cz2,cz2
r0000608,26532,cz2,cz2
r0000609,26539,cz2,cz2
r0000610,26547,cz2,cz2
r0000611,26554,cz2,cz2
r0000612,26562,cz2,cz2
r0000613,26569,cz2,cz2
r0000614,26576,cz2,cz2
r0000615,26584,cz2,cz2
r0000616,26591,cz2,cz2
r0000617,26599,cz2,cz2
r0000618,26606,cz2,cz2
r0000619,26614,cz2,cz2
r0000620,26621,cz2,cz2
r0000621,26628,cz2,cz2
r0000622,26636,cz2,cz2
r0000623,26643,cz2,cz2
r0000624,26651,cz2,cz2
r0000625,26658,cz2,cz3
r0000626,26665,cz2,cz3
r0000627,26673,cz2,cz3
r0000628,26680,cz2,cz3
r0000629,26688,cz2,cz3
r0000630,26695,cz2,cz3
r0000631,26703,cz2,cz3
r0000632,26710,cz2,cz3
r0000633,26717,cz2,cz3
r0000634,26725,cz2,cz3
r0000635,26732,cz2,cz3
r0000636,26740,cz2,cz3
r0000637,26747,cz2,cz3
r0000638,26755,cz2,cz3
r0000639,26762,cz2,cz3
r0000640,26769,cz2,cz3
r0000641,26777,cz2,cz3
r0000642,26784,cz2,cz3
r0000643,26792,cz2,cz3
r0000644,26799,cz2,cz3
r0000645,26807,cz2,cz3
r0000646,26814,cz2,cz3
r0000647,26821,cz2,cz3
r0000648,26829,cz2,cz3
r0000649,26836,cz2,cz3
r0000650,26844,cz2,cz3
r0000651,26851,cz2,cz3
r0000652,26858,cz2,cz3
r0000653,26866,cz2,cz3
r0000654,26873,cz2,cz4
r0000655,26881,cz2,cz4
r0000656,26888,cz2,cz4
r0000657,26896,cz2,cz4
r0000658,26903,cz2,cz4
r0000659,26910,cz2,cz4
r0000660,26918,cz2,cz4
r0000661,26925,cz2,cz4
r0000662,26933,cz2,cz4
r0000663,26940,cz2,cz4
r0000664,26948,cz2,cz4
r0000665,26955,cz2,cz4
r0000666,26962,cz2,cz4
r0000667,26970,cz2,cz4
r0000668,26977,cz2,cz4
r0000669,26985,cz2,cz4
r0000670,26992,cz2,cz4
r0000671,27000,cz2,cz4
r0000672,27007,cz2,cz4
r0000673,27014,cz2,cz4
r0000674,27022,cz2,cz4
r0000675,27029,cz3,cz1
r0000676,27037,cz3,cz1
r0000677,27044,cz3,cz1
r0000678,27051,cz3,cz1
r0000679,27059,cz3,cz1
r0000680,27066,cz3,cz1
r0000681,27074,cz3,cz1
r0000682,27081,cz3,cz1
r0000683,27089,cz3,cz1
r0000684,27096,cz3,cz1
r0000685,27103,cz3,cz1
r0000686,27111,cz3,cz1
r0000687,27118,cz3,cz1
r0000688,27126,cz3,cz1
r0000689,27133,cz3,cz1
r0000690,27141,cz3,cz1
r0000691,27148,cz3,cz1
r0000692,27155,cz3,cz1
r0000693,27163,cz3,cz1
r0000694,27170,cz3,cz1
r0000695,27178,cz3,cz1
r0000696,27185,cz3,cz1
r0000697,27192,cz3,cz1
r0000698,27200,cz3,cz1
r0000699,27207,cz3,cz1
r0000700,27215,cz3,cz1
r0000701,27222,cz3,cz1
r0000702,27230,cz3,cz1
r0000703,27237,cz3,cz1
r0000704,27244,cz3,cz1
r0000705,27252,cz3,cz1
r0000706,27259,cz3,cz1
r0000707,27267,cz3,cz1
r0000708,27274,cz3,cz1
r0000709,27282,cz3,cz1
r0000710,27289,cz3,cz1
r0000711,27296,cz3,cz1
r0000712,27304,cz3,cz1
r0000713,27311,cz3,cz1
r0000714,27319,cz3,cz1
r0000715,27326,cz3,cz2
r0000716,27334,cz3,cz2
r0000717,27341,cz3,cz2
r0000718,27348,cz3,cz2
r0000719,27356,cz3,cz2
r0000720,27363,cz3,cz2
r0000721,27371,cz3,cz2
r0000722,27378,cz3,cz2
r0000723,27385,cz3,cz2
r0000724,27393,cz3,cz2
r0000725,27400,cz3,cz2
r0000726,27408,cz3,cz2
r0000727,27415,cz3,cz2
r0000728,27423,cz3,cz2
r0000729,27430,cz3,cz2
r0000730,27437,cz3,cz2
r0000731,27445,cz3,cz2
r0000732,27452,cz3,cz2
r0000733,27460,cz3,cz2
r0000734,27467,cz3,cz2
r0000735,27475,cz3,cz2
r0000736,27482,cz3,cz2
r0000737,27489,cz3,cz2
r0000738,27497,cz3,cz2
r0000739,27504,cz3,cz2
r0000740,27512,cz3,cz2
r0000741,27519,cz3,cz2
r0000742,27527,cz3,cz2
r0000743,27534,cz3,cz3
r0000744,27541,cz3,cz3
r0000745,27549,cz3,cz3
r0000746,27556,cz3,cz3
r0000747,27564,cz3,cz3
r0000748,27571,cz3,cz3
r0000749,27578,cz3,cz3
r0000750,27586,cz3,cz3
r0000751,27593,cz3,cz3
r0000752,27601,cz3,cz3
r0000753,27608,cz3,cz3
r0000754,27616,cz3,cz3
r0000755,27623,cz3,cz3
r0000756,27630,cz3,cz3
r0000757,27638,cz3,cz3
r0000758,27645,cz3,cz3
r0000759,27653,cz3,cz3
r0000760,27660,cz3,cz3
r0000761,27668,cz3,cz3
r0000762,27675,cz3,cz3
r0000763,27682,cz3,cz3
r0000764,27690,cz3,cz3
r0000765,27697,cz3,cz3
r0000766,27705,cz3,cz3
r0000767,27712,cz3,cz3
r0000768,27720,cz3,cz3
r0000769,27727,cz3,cz3
r0000770,27734,cz3,cz3
r0000771,27742,cz3,cz3
r0000772,27749,cz3,cz3
r0000773,27757,cz3,cz3
r0000774,27764,cz3,cz3
r0000775,27771,cz3,cz3
r0000776,27779,cz3,cz3
r0000777,27786,cz3,cz3
r0000778,27794,cz3,cz3
r0000779,27801,cz3,cz3
r0000780,27809,cz3,cz3
r0000781,27816,cz3,cz3
r0000782,27823,cz3,cz3
r0000783,27831,cz3,cz3
r0000784,27838,cz3,cz3
r0000785,27846,cz3,cz3
r0000786,27853,cz3,cz4
r0000787,27861,cz3,cz4
r0000788,27868,cz3,cz4
r0000789,27875,cz3,cz4
r0000790,27883,cz3,cz4
r0000791,27890,cz3,cz4
r0000792,27898,cz3,cz4
r0000793,27905,cz3,cz4
r0000794,27912,cz3,cz4
r0000795,27920,cz3,cz4
r0000796,27927,cz3,cz4
r0000797,27935,cz3,cz4
r0000798,27942,cz3,cz4
r0000799,27950,cz3,cz4
r0000800,27957,cz3,cz4
r0000801,27964,cz3,cz4
r0000802,27972,cz3,cz4
r0000803,27979,cz3,cz4
r0000804,27987,cz3,cz4
r0000805,27994,cz3,cz4
r0000806,28002,cz3,cz4
r0000807,28009,cz3,cz4
r0000808,28016,cz3,cz4
r0000809,28024,cz3,cz4
r0000810,28031,cz3,cz4
r0000811,28039,cz3,cz4
r0000812,28046,cz3,cz4
r0000813,28054,cz3,cz4
r0000814,28061,cz3,cz4
r0000815,28068,cz4,cz1
r0000816,28076,cz4,cz1
r0000817,28083,cz4,cz1
r0000818,28091,cz4,cz1
r0000819,28098,cz4,cz1
r0000820,28105,cz4,cz1
r0000821,28113,cz4,cz1
r0000822,28120,cz4,cz1
r0000823,28128,cz4,cz1
r0000824,28135,cz4,cz1
r0000825,28143,cz4,cz1
r0000826,28150,cz4,cz1
r0000827,28157,cz4,cz1
r0000828,28165,cz4,cz1
r0000829,28172,cz4,cz1
r0000830,28180,cz4,cz1
r0000831,28187,cz4,cz1
r0000832,28195,cz4,cz1
r0000833,28202,cz4,cz1
r0000834,28209,cz4,cz1
r0000835,28217,cz4,cz1
r0000836,28224,cz4,cz1
r0000837,28232,cz4,cz1
r0000838,28239,cz4,cz1
r0000839,28247,cz4,cz1
r0000840,28254,cz4,cz1
r0000841,28261,cz4,cz1
r0000842,28269,cz4,cz1
r0000843,28276,cz4,cz2
r0000844,28284,cz4,cz2
r0000845,28291,cz4,cz2
r0000846,28298,cz4,cz2
r0000847,28306,cz4,cz2
r0000848,28313,cz4,cz2
r0000849,28321,cz4,cz2
r0000850,28328,cz4,cz2
r0000851,28336,cz4,cz2
r0000852,28343,cz4,cz2
r0000853,28350,cz4,cz2
r0000854,28358,cz4,cz2
r0000855,28365,cz4,cz2
r0000856,28373,cz4,cz2
r0000857,28380,cz4,cz2
r0000858,28388,cz4,cz2
r0000859,28395,cz4,cz2
r0000860,28402,cz4,cz2
r0000861,28410,cz4,cz2
r0000862,28417,cz4,cz2
r0000863,28425,cz4,cz2
r0000864,28432,cz4,cz3
r0000865,28440,cz4,cz3
r0000866,28447,cz4,cz3
r0000867,28454,cz4,cz3
r0000868,28462,cz4,cz3
r0000869,28469,cz4,cz3
r0000870,28477,cz4,cz3
r0000871,28484,cz4,cz3
r0000872,28491,cz4,cz3
r0000873,28499,cz4,cz3
r0000874,28506,cz4,cz3
r0000875,28514,cz4,cz3
r0000876,28521,cz4,cz3
r0000877,28529,cz4,cz3
r0000878,28536,cz4,cz3
r0000879,28543,cz4,cz3
r0000880,28551,cz4,cz3
r0000881,28558,cz4,cz3
r0000882,28566,cz4,cz3
r0000883,28573,cz4,cz3
r0000884,28581,cz4,cz3
r0000885,28588,cz4,cz3
r0000886,28595,cz4,cz3
r0000887,28603,cz4,cz3
r0000888,28610,cz4,cz3
r0000889,28618,cz4,cz3
r0000890,28625,cz4,cz3
r0000891,28632,cz4,cz3
r0000892,28640,cz4,cz3
r0000893,28647,cz4,cz3
r0000894,28655,cz4,cz4
r0000895,28662,cz4,cz4
r0000896,28670,cz4,cz4
r0000897,28677,cz4,cz4
r0000898,28684,cz4,cz4
r0000899,28692,cz4,cz4
r0000900,28699,cz4,cz4
r0000901,28707,cz4,cz4
r0000902,28714,cz4,cz4
r0000903,28722,cz4,cz4
r0000904,28729,cz4,cz4
r0000905,28736,cz4,cz4
r0000906,28744,cz4,cz4
r0000907,28751,cz4,cz4
r0000908,28759,cz4,cz4
r0000909,28766,cz4,cz4
r0000910,28774,cz4,cz4
r0000911,28781,cz4,cz4
r0000912,28788,cz4,cz4
r0000913,28796,cz4,cz4
r0000914,28802,cz1,cz1
r0000915,28806,cz1,cz1
r0000916,28811,cz1,cz1
r0000917,28816,cz1,cz1
r0000918,28820,cz1,cz1
r0000919,28825,cz1,cz1
r0000920,28829,cz1,cz1
r0000921,28834,cz1,cz1
r0000922,28839,cz1,cz1
r0000923,28843,cz1,cz1
r0000924,28848,cz1,cz1
r0000925,28852,cz1,cz1
r0000926,28857,cz1,cz1
r0000927,28861,cz1,cz1
r0000928,28866,cz1,cz1
r0000929,28871,cz1,cz1
r0000930,28875,cz1,cz1
r0000931,28880,cz1,cz1
r0000932,28884,cz1,cz1
r0000933,28889,cz1,cz1
r0000934,28894,cz1,cz1
r0000935,28898,cz1,cz1
r0000936,28903,cz1,cz1
r0000937,28907,cz1,cz1
r0000938,28912,cz1,cz1
r0000939,28917,cz1,cz1
r0000940,28921,cz1,cz1
r0000941,28926,cz1,cz1
r0000942,28930,cz1,cz1
r0000943,28935,cz1,cz1
r0000944,28940,cz1,cz1
r0000945,28944,cz1,cz1
r0000946,28949,cz1,cz1
r0000947,28953,cz1,cz1
r0000948,28958,cz1,cz1
r0000949,28963,cz1,cz1
r0000950,28967,cz1,cz1
r0000951,28972,cz1,cz1
r0000952,28976,cz1,cz1
r0000953,28981,cz1,cz1
r0000954,28985,cz1,cz1
r0000955,28990,cz1,cz1
r0000956,28995,cz1,cz1
r0000957,28999,cz1,cz1
r0000958,29004,cz1,cz1
r0000959,29008,cz1,cz1
r0000960,29013,cz1,cz1
r0000961,29018,cz1,cz1
r0000962,29022,cz1,cz1
r0000963,29027,cz1,cz1
r0000964,29031,cz1,cz1
r0000965,29036,cz1,cz1
r0000966,29041,cz1,cz1
r0000967,29045,cz1,cz1
r0000968,29050,cz1,cz1
r0000969,29054,cz1,cz1
r0000970,29059,cz1,cz1
r0000971,29064,cz1,cz1
r0000972,29068,cz1,cz1
r0000973,29073,cz1,cz1
r0000974,29077,cz1,cz1
r0000975,29082,cz1,cz1
r0000976,29086,cz1,cz1
r0000977,29091,cz1,cz2
r0000978,29096,cz1,cz2
r0000979,29100,cz1,cz2
r0000980,29105,cz1,cz2
r0000981,29109,cz1,cz2
r0000982,29114,cz1,cz2
r0000983,29119,cz1,cz2
r0000984,29123,cz1,cz2
r0000985,29128,cz1,cz2
r0000986,29132,cz1,cz2
r0000987,29137,cz1,cz2
r0000988,29142,cz1,cz2
r0000989,29146,cz1,cz2
r0000990,29151,cz1,cz2
r0000991,29155,cz1,cz2
r0000992,29160,cz1,cz2
r0000993,29165,cz1,cz2
r0000994,29169,cz1,cz2
r0000995,29174,cz1,cz2
r0000996,29178,cz1,cz2
r0000997,29183,cz1,cz2
r0000998,29188,cz1,cz2
r0000999,29192,cz1,cz2
r0001000,29197,cz1,cz2
r0001001,29201,cz1,cz2
r0001002,29206,cz1,cz2
r0001003,29210,cz1,cz2
r0001004,29215,cz1,cz2
r0001005,29220,cz1,cz2
r0001006,29224,cz1,cz2
r0001007,29229,cz1,cz2
r0001008,29233,cz1,cz2
r0001009,29238,cz1,cz2
r0001010,29243,cz1,cz2
r0001011,29247,cz1,cz2
r0001012,29252,cz1,cz2
r0001013,29256,cz1,cz2
r0001014,29261,cz1,cz2
r0001015,29266,cz1,cz2
r0001016,29270,cz1,cz2
r0001017,29275,cz1,cz2
r0001018,29279,cz1,cz2
r0001019,29284,cz1,cz2
r0001020,29289,cz1,cz2
r0001021,29293,cz1,cz2
r0001022,29298,cz1,cz2
r0001023,29302,cz1,cz2
r0001024,29307,cz1,cz2
r0001025,29311,cz1,cz3
r0001026,29316,cz1,cz3
r0001027,29321,cz1,cz3
r0001028,29325,cz1,cz3
r0001029,29330,cz1,cz3
r0001030,29334,cz1,cz3
r0001031,29339,cz1,cz3
r0001032,29344,cz1,cz3
r0001033,29348,cz1,cz3
r0001034,29353,cz1,cz3
r0001035,29357,cz1,cz3
r0001036,29362,cz1,cz3
r0001037,29367,cz1,cz3
r0001038,29371,cz1,cz3
r0001039,29376,cz1,cz3
r0001040,29380,cz1,cz3
r0001041,29385,cz1,cz3
r0001042,29390,cz1,cz3
r0001043,29394,cz1,cz3
r0001044,29399,cz1,cz3
r0001045,29403,cz1,cz3
r0001046,29408,cz1,cz3
r0001047,29413,cz1,cz3
r0001048,29417,cz1,cz3
r0001049,29422,cz1,cz3
r0001050,29426,cz1,cz3
r0001051,29431,cz1,cz3
r0001052,29435,cz1,cz3
r0001053,29440,cz1,cz3
r0001054,29445,cz1,cz3
r0001055,29449,cz1,cz3
r0001056,29454,cz1,cz3
r0001057,29458,cz1,cz3
r0001058,29463,cz1,cz3
r0001059,29468,cz1,cz3
r0001060,29472,cz1,cz3
r0001061,29477,cz1,cz3
r0001062,29481,cz1,cz3
r0001063,29486,cz1,cz3
r0001064,29491,cz1,cz3
r0001065,29495,cz1,cz3
r0001066,29500,cz1,cz3
r0001067,29504,cz1,cz3
r0001068,29509,cz1,cz3
r0001069,29514,cz1,cz3
r0001070,29518,cz1,cz3
r0001071,29523,cz1,cz3
r0001072,29527,cz1,cz3
r0001073,29532,cz1,cz3
r0001074,29536,cz1,cz3
r0001075,29541,cz1,cz3
r0001076,29546,cz1,cz3
r0001077,29550,cz1,cz3
r0001078,29555,cz1,cz3
r0001079,29559,cz1,cz3
r0001080,29564,cz1,cz3
r0001081,29569,cz1,cz3
r0001082,29573,cz1,cz3
r0001083,29578,cz1,cz3
r0001084,29582,cz1,cz3
r0001085,29587,cz1,cz3
r0001086,29592,cz1,cz3
r0001087,29596,cz1,cz3
r0001088,29601,cz1,cz3
r0001089,29605,cz1,cz3
r0001090,29610,cz1,cz4
r0001091,29615,cz1,cz4
r0001092,29619,cz1,cz4
r0001093,29624,cz1,cz4
r0001094,29628,cz1,cz4
r0001095,29633,cz1,cz4
r0001096,29638,cz1,cz4
r0001097,29642,cz1,cz4
r0001098,29647,cz1,cz4
r0001099,29651,cz1,cz4
r0001100,29656,cz1,cz4
r0001101,29660,cz1,cz4
r0001102,29665,cz1,cz4
r0001103,29670,cz1,cz4
r0001104,29674,cz1,cz4
r0001105,29679,cz1,cz4
r0001106,29683,cz1,cz4
r0001107,29688,cz1,cz4
r0001108,29693,cz1,cz4
r0001109,29697,cz1,cz4
r0001110,29702,cz1,cz4
r0001111,29706,cz1,cz4
r0001112,29711,cz1,cz4
r0001113,29716,cz1,cz4
r0001114,29720,cz1,cz4
r0001115,29725,cz1,cz4
r0001116,29729,cz1,cz4
r0001117,29734,cz1,cz4
r0001118,29739,cz1,cz4
r0001119,29743,cz1,cz4
r0001120,29748,cz1,cz4
r0001121,29752,cz1,cz4
r0001122,29757,cz1,cz4
r0001123,29761,cz1,cz4
r0001124,29766,cz1,cz4
r0001125,29771,cz1,cz4
r0001126,29775,cz1,cz4
r0001127,29780,cz1,cz4
r0001128,29784,cz1,cz4
r0001129,29789,cz1,cz4
r0001130,29794,cz1,cz4
r0001131,29798,cz1,cz4
r0001132,29803,cz1,cz4
r0001133,29807,cz1,cz4
r0001134,29812,cz1,cz4
r0001135,29817,cz2,cz1
r0001136,29821,cz2,cz1
r0001137,29826,cz2,cz1
r0001138,29830,cz2,cz1
r0001139,29835,cz2,cz1
r0001140,29840,cz2,cz1
r0001141,29844,cz2,cz1
r0001142,29849,cz2,cz1
r0001143,29853,cz2,cz1
r0001144,29858,cz2,cz1
r0001145,29863,cz2,cz1
r0001146,29867,cz2,cz1
r0001147,29872,cz2,cz1
r0001148,29876,cz2,cz1
r0001149,29881,cz2,cz1
r0001150,29885,cz2,cz1
r0001151,29890,cz2,cz1
r0001152,29895,cz2,cz1
r0001153,29899,cz2,cz1
r0001154,29904,cz2,cz1
r0001155,29908,cz2,cz1
r0001156,29913,cz2,cz1
r0001157,29918,cz2,cz1
r0001158,29922,cz2,cz1
r0001159,29927,cz2,cz1
r0001160,29931,cz2,cz1
r0001161,29936,cz2,cz1
r0001162,29941,cz2,cz1
r0001163,29945,cz2,cz1
r0001164,29950,cz2,cz1
r0001165,29954,cz2,cz1
r0001166,29959,cz2,cz1
r0001167,29964,cz2,cz1
r0001168,29968,cz2,cz1
r0001169,29973,cz2,cz1
r0001170,29977,cz2,cz1
r0001171,29982,cz2,cz1
r0001172,29986,cz2,cz1
r0001173,29991,cz2,cz1
r0001174,29996,cz2,cz1
r0001175,30000,cz2,cz1
r0001176,30005,cz2,cz1
r0001177,30009,cz2,cz1
r0001178,30014,cz2,cz1
r0001179,30019,cz2,cz1
r0001180,30023,cz2,cz1
r0001181,30028,cz2,cz1
r0001182,30032,cz2,cz1
r0001183,30037,cz2,cz1
r0001184,30042,cz2,cz2
r0001185,30046,cz2,cz2
r0001186,30051,cz2,cz2
r0001187,30055,cz2,cz2
r0001188,30060,cz2,cz2
r0001189,30065,cz2,cz2
r0001190,30069,cz2,cz2
r0001191,30074,cz2,cz2
r0001192,30078,cz2,cz2
r0001193,30083,cz2,cz2
r0001194,30088,cz2,cz2
r0001195,30092,cz2,cz2
r0001196,30097,cz2,cz2
r0001197,30101,cz2,cz2
r0001198,30106,cz2,cz2
r0001199,30110,cz2,cz2
r0001200,30115,cz2,cz2
r0001201,30120,cz2,cz2
r0001202,30124,cz2,cz2
r0001203,30129,cz2,cz2
r0001204,30133,cz2,cz2
r0001205,30138,cz2,cz2
r0001206,30143,cz2,cz2
r0001207,30147,cz2,cz2
r0001208,30152,cz2,cz2
r0001209,30156,cz2,cz2
r0001210,30161,cz2,cz2
r0001211,30166,cz2,cz2
r0001212,30170,cz2,cz2
r0001213,30175,cz2,cz2
r0001214,30179,cz2,cz2
r0001215,30184,cz2,cz2
r0001216,30189,cz2,cz2
r0001217,30193,cz2,cz2
r0001218,30198,cz2,cz2
r0001219,30202,cz2,cz2
r0001220,30207,cz2,cz2
r0001221,30211,cz2,cz2
r0001222,30216,cz2,cz2
r0001223,30221,cz2,cz2
r0001224,30225,cz2,cz2
r0001225,30230,cz2,cz2
r0001226,30234,cz2,cz2
r0001227,30239,cz2,cz2
r0001228,30244,cz2,cz2
r0001229,30248,cz2,cz2
r0001230,30253,cz2,cz2
r0001231,30257,cz2,cz3
r0001232,30262,cz2,cz3
r0001233,30267,cz2,cz3
r0001234,30271,cz2,cz3
r0001235,30276,cz2,cz3
r0001236,30280,cz2,cz3
r0001237,30285,cz2,cz3
r0001238,30290,cz2,cz3
r0001239,30294,cz2,cz3
r0001240,30299,cz2,cz3
r0001241,30303,cz2,cz3
r0001242,30308,cz2,cz3
r0001243,30313,cz2,cz3
r0001244,30317,cz2,cz3
r0001245,30322,cz2,cz3
r0001246,30326,cz2,cz3
r0001247,30331,cz2,cz3
r0001248,30335,cz2,cz3
r0001249,30340,cz2,cz3
r0001250,30345,cz2,cz3
r0001251,30349,cz2,cz3
r0001252,30354,cz2,cz3
r0001253,30358,cz2,cz3
r0001254,30363,cz2,cz3
r0001255,30368,cz2,cz3
r0001256,30372,cz2,cz3
r0001257,30377,cz2,cz3
r0001258,30381,cz2,cz3
r0001259,30386,cz2,cz3
r0001260,30391,cz2,cz3
r0001261,30395,cz2,cz3
r0001262,30400,cz2,cz3
r0001263,30404,cz2,cz3
r0001264,30409,cz2,cz3
r0001265,30414,cz2,cz3
r0001266,30418,cz2,cz3
r0001267,30423,cz2,cz3
r0001268,30427,cz2,cz3
r0001269,30432,cz2,cz3
r0001270,30436,cz2,cz3
r0001271,30441,cz2,cz3
r0001272,30446,cz2,cz3
r0001273,30450,cz2,cz3
r0001274,30455,cz2,cz3
r0001275,30459,cz2,cz3
r0001276,30464,cz2,cz3
r0001277,30469,cz2,cz3
r0001278,30473,cz2,cz4
r0001279,30478,cz2,cz4
r0001280,30482,cz2,cz4
r0001281,30487,cz2,cz4
r0001282,30492,cz2,cz4
r0001283,30496,cz2,cz4
r0001284,30501,cz2,cz4
r0001285,30505,cz2,cz4
r0001286,30510,cz2,cz4
r0001287,30515,cz2,cz4
r0001288,30519,cz2,cz4
r0001289,30524,cz2,cz4
r0001290,30528,cz2,cz4
r0001291,30533,cz2,cz4
r0001292,30538,cz2,cz4
r0001293,30542,cz2,cz4
r0001294,30547,cz2,cz4
r0001295,30551,cz2,cz4
r0001296,30556,cz2,cz4
r0001297,30560,cz2,cz4
r0001298,30565,cz2,cz4
r0001299,30570,cz2,cz4
r0001300,30574,cz2,cz4
r0001301,30579,cz2,cz4
r0001302,30583,cz2,cz4
r0001303,30588,cz2,cz4
r0001304,30593,cz2,cz4
r0001305,30597,cz2,cz4
r0001306,30602,cz2,cz4
r0001307,30606,cz2,cz4
r0001308,30611,cz2,cz4
r0001309,30616,cz2,cz4
r0001310,30620,cz2,cz4
r0001311,30625,cz2,cz4
r0001312,30629,cz3,cz1
r0001313,30634,cz3,cz1
r0001314,30639,cz3,cz1
r0001315,30643,cz3,cz1
r0001316,30648,cz3,cz1
r0001317,30652,cz3,cz1
r0001318,30657,cz3,cz1
r0001319,30661,cz3,cz1
r0001320,30666,cz3,cz1
r0001321,30671,cz3,cz1
r0001322,30675,cz3,cz1
r0001323,30680,cz3,cz1
r0001324,30684,cz3,cz1
r0001325,30689,cz3,cz1
r0001326,30694,cz3,cz1
r0001327,30698,cz3,cz1
r0001328,30703,cz3,cz1
r0001329,30707,cz3,cz1
r0001330,30712,cz3,cz1
r0001331,30717,cz3,cz1
r0001332,30721,cz3,cz1
r0001333,30726,cz3,cz1
r0001334,30730,cz3,cz1
r0001335,30735,cz3,cz1
r0001336,30740,cz3,cz1
r0001337,30744,cz3,cz1
r0001338,30749,cz3,cz1
r0001339,30753,cz3,cz1
r0001340,30758,cz3,cz1
r0001341,30763,cz3,cz1
r0001342,30767,cz3,cz1
r0001343,30772,cz3,cz1
r0001344,30776,cz3,cz1
r0001345,30781,cz3,cz1
r0001346,30785,cz3,cz1
r0001347,30790,cz3,cz1
r0001348,30795,cz3,cz1
r0001349,30799,cz3,cz1
r0001350,30804,cz3,cz1
r0001351,30808,cz3,cz1
r0001352,30813,cz3,cz1
r0001353,30818,cz3,cz1
r0001354,30822,cz3,cz1
r0001355,30827,cz3,cz1
r0001356,30831,cz3,cz1
r0001357,30836,cz3,cz1
r0001358,30841,cz3,cz1
r0001359,30845,cz3,cz1
r0001360,30850,cz3,cz1
r0001361,30854,cz3,cz1
r0001362,30859,cz3,cz1
r0001363,30864,cz3,cz1
r0001364,30868,cz3,cz1
r0001365,30873,cz3,cz1
r0001366,30877,cz3,cz1
r0001367,30882,cz3,cz1
r0001368,30886,cz3,cz1
r0001369,30891,cz3,cz1
r0001370,30896,cz3,cz1
r0001371,30900,cz3,cz1
r0001372,30905,cz3,cz1
r0001373,30909,cz3,cz1
r0001374,30914,cz3,cz1
r0001375,30919,cz3,cz1
r0001376,30923,cz3,cz2
r0001377,30928,cz3,cz2
r0001378,30932,cz3,cz2
r0001379,30937,cz3,cz2
r0001380,30942,cz3,cz2
r0001381,30946,cz3,cz2
r0001382,30951,cz3,cz2
r0001383,30955,cz3,cz2
r0001384,30960,cz3,cz2
r0001385,30965,cz3,cz2
r0001386,30969,cz3,cz2
r0001387,30974,cz3,cz2
r0001388,30978,cz3,cz2
r0001389,30983,cz3,cz2
r0001390,30988,cz3,cz2
r0001391,30992,cz3,cz2
r0001392,30997,cz3,cz2
r0001393,31001,cz3,cz2
r0001394,31006,cz3,cz2
r0001395,31010,cz3,cz2
r0001396,31015,cz3,cz2
r0001397,31020,cz3,cz2
r0001398,31024,cz3,cz2
r0001399,31029,cz3,cz2
r0001400,31033,cz3,cz2
r0001401,31038,cz3,cz2
r0001402,31043,cz3,cz2
r0001403,31047,cz3,cz2
r0001404,31052,cz3,cz2
r0001405,31056,cz3,cz2
r0001406,31061,cz3,cz2
r0001407,31066,cz3,cz2
r0001408,31070,cz3,cz2
r0001409,31075,cz3,cz2
r0001410,31079,cz3,cz2
r0001411,31084,cz3,cz2
r0001412,31089,cz3,cz2
r0001413,31093,cz3,cz2
r0001414,31098,cz3,cz2
r0001415,31102,cz3,cz2
r0001416,31107,cz3,cz2
r0001417,31111,cz3,cz2
r0001418,31116,cz3,cz2
r0001419,31121,cz3,cz2
r0001420,31125,cz3,cz2
r0001421,31130,cz3,cz2
r0001422,31134,cz3,cz3
r0001423,31139,cz3,cz3
r0001424,31144,cz3,cz3
r0001425,31148,cz3,cz3
r0001426,31153,cz3,cz3
r0001427,31157,cz3,cz3
r0001428,31162,cz3,cz3
r0001429,31167,cz3,cz3
r0001430,31171,cz3,cz3
r0001431,31176,cz3,cz3
r0001432,31180,cz3,cz3
r0001433,31185,cz3,cz3
r0001434,31190,cz3,cz3
r0001435,31194,cz3,cz3
r0001436,31199,cz3,cz3
r0001437,31203,cz3,cz3
r0001438,31208,cz3,cz3
r0001439,31213,cz3,cz3
r0001440,31217,cz3,cz3
r0001441,31222,cz3,cz3
r0001442,31226,cz3,cz3
r0001443,31231,cz3,cz3
r0001444,31235,cz3,cz3
r0001445,31240,cz3,cz3
r0001446,31245,cz3,cz3
r0001447,31249,cz3,cz3
r0001448,31254,cz3,cz3
r0001449,31258,cz3,cz3
r0001450,31263,cz3,cz3
r0001451,31268,cz3,cz3
r0001452,31272,cz3,cz3
r0001453,31277,cz3,cz3
r0001454,31281,cz3,cz3
r0001455,31286,cz3,cz3
r0001456,31291,cz3,cz3
r0001457,31295,cz3,cz3
r0001458,31300,cz3,cz3
r0001459,31304,cz3,cz3
r0001460,31309,cz3,cz3
r0001461,31314,cz3,cz3
r0001462,31318,cz3,cz3
r0001463,31323,cz3,cz3
r0001464,31327,cz3,cz3
r0001465,31332,cz3,cz3
r0001466,31336,cz3,cz3
r0001467,31341,cz3,cz3
r0001468,31346,cz3,cz3
r0001469,31350,cz3,cz3
r0001470,31355,cz3,cz3
r0001471,31359,cz3,cz3
r0001472,31364,cz3,cz3
r0001473,31369,cz3,cz3
r0001474,31373,cz3,cz3
r0001475,31378,cz3,cz3
r0001476,31382,cz3,cz3
r0001477,31387,cz3,cz3
r0001478,31392,cz3,cz3
r0001479,31396,cz3,cz3
r0001480,31401,cz3,cz3
r0001481,31405,cz3,cz3
r0001482,31410,cz3,cz3
r0001483,31415,cz3,cz3
r0001484,31419,cz3,cz3
r0001485,31424,cz3,cz3
r0001486,31428,cz3,cz3
r0001487,31433,cz3,cz3
r0001488,31438,cz3,cz3
r0001489,31442,cz3,cz3
r0001490,31447,cz3,cz3
r0001491,31451,cz3,cz4
r0001492,31456,cz3,cz4
r0001493,31460,cz3,cz4
r0001494,31465,cz3,cz4
r0001495,31470,cz3,cz4
r0001496,31474,cz3,cz4
r0001497,31479,cz3,cz4
r0001498,31483,cz3,cz4
r0001499,31488,cz3,cz4
r0001500,31493,cz3,cz4
r0001501,31497,cz3,cz4
r0001502,31502,cz3,cz4
r0001503,31506,cz3,cz4
r0001504,31511,cz3,cz4
r0001505,31516,cz3,cz4
r0001506,31520,cz3,cz4
r0001507,31525,cz3,cz4
r0001508,31529,cz3,cz4
r0001509,31534,cz3,cz4
r0001510,31539,cz3,cz4
r0001511,31543,cz3,cz4
r0001512,31548,cz3,cz4
r0001513,31552,cz3,cz4
r0001514,31557,cz3,cz4
r0001515,31561,cz3,cz4
r0001516,31566,cz3,cz4
r0001517,31571,cz3,cz4
r0001518,31575,cz3,cz4
r0001519,31580,cz3,cz4
r0001520,31584,cz3,cz4
r0001521,31589,cz3,cz4
r0001522,31594,cz3,cz4
r0001523,31598,cz3,cz4
r0001524,31603,cz3,cz4
r0001525,31607,cz3,cz4
r0001526,31612,cz3,cz4
r0001527,31617,cz3,cz4
r0001528,31621,cz3,cz4
r0001529,31626,cz3,cz4
r0001530,31630,cz3,cz4
r0001531,31635,cz3,cz4
r0001532,31640,cz3,cz4
r0001533,31644,cz3,cz4
r0001534,31649,cz3,cz4
r0001535,31653,cz3,cz4
r0001536,31658,cz3,cz4
r0001537,31663,cz4,cz1
r0001538,31667,cz4,cz1
r0001539,31672,cz4,cz1
r0001540,31676,cz4,cz1
r0001541,31681,cz4,cz1
r0001542,31685,cz4,cz1
r0001543,31690,cz4,cz1
r0001544,31695,cz4,cz1
r0001545,31699,cz4,cz1
r0001546,31704,cz4,cz1
r0001547,31708,cz4,cz1
r0001548,31713,cz4,cz1
r0001549,31718,cz4,cz1
r0001550,31722,cz4,cz1
r0001551,31727,cz4,cz1
r0001552,31731,cz4,cz1
r0001553,31736,cz4,cz1
r0001554,31741,cz4,cz1
r0001555,31745,cz4,cz1
r0001556,31750,cz4,cz1
r0001557,31754,cz4,cz1
r0001558,31759,cz4,cz1
r0001559,31764,cz4,cz1
r0001560,31768,cz4,cz1
r0001561,31773,cz4,cz1
r0001562,31777,cz4,cz1
r0001563,31782,cz4,cz1
r0001564,31786,cz4,cz1
r0001565,31791,cz4,cz1
r0001566,31796,cz4,cz1
r0001567,31800,cz4,cz1
r0001568,31805,cz4,cz1
r0001569,31809,cz4,cz1
r0001570,31814,cz4,cz1
r0001571,31819,cz4,cz1
r0001572,31823,cz4,cz1
r0001573,31828,cz4,cz1
r0001574,31832,cz4,cz1
r0001575,31837,cz4,cz1
r0001576,31842,cz4,cz1
r0001577,31846,cz4,cz1
r0001578,31851,cz4,cz1
r0001579,31855,cz4,cz1
r0001580,31860,cz4,cz1
r0001581,31865,cz4,cz1
r0001582,31869,cz4,cz1
r0001583,31874,cz4,cz2
r0001584,31878,cz4,cz2
r0001585,31883,cz4,cz2
r0001586,31888,cz4,cz2
r0001587,31892,cz4,cz2
r0001588,31897,cz4,cz2
r0001589,31901,cz4,cz2
r0001590,31906,cz4,cz2
r0001591,31910,cz4,cz2
r0001592,31915,cz4,cz2
r0001593,31920,cz4,cz2
r0001594,31924,cz4,cz2
r0001595,31929,cz4,cz2
r0001596,31933,cz4,cz2
r0001597,31938,cz4,cz2
r0001598,31943,cz4,cz2
r0001599,31947,cz4,cz2
r0001600,31952,cz4,cz2
r0001601,31956,cz4,cz2
r0001602,31961,cz4,cz2
r0001603,31966,cz4,cz2
r0001604,31970,cz4,cz2
r0001605,31975,cz4,cz2
r0001606,31979,cz4,cz2
r0001607,31984,cz4,cz2
r0001608,31989,cz4,cz2
r0001609,31993,cz4,cz2
r0001610,31998,cz4,cz2
r0001611,32002,cz4,cz2
r0001612,32007,cz4,cz2
r0001613,32011,cz4,cz2
r0001614,32016,cz4,cz2
r0001615,32021,cz4,cz2
r0001616,32025,cz4,cz2
r0001617,32030,cz4,cz3
r0001618,32034,cz4,cz3
r0001619,32039,cz4,cz3
r0001620,32044,cz4,cz3
r0001621,32048,cz4,cz3
r0001622,32053,cz4,cz3
r0001623,32057,cz4,cz3
r0001624,32062,cz4,cz3
r0001625,32067,cz4,cz3
r0001626,32071,cz4,cz3
r0001627,32076,cz4,cz3
r0001628,32080,cz4,cz3
r0001629,32085,cz4,cz3
r0001630,32090,cz4,cz3
r0001631,32094,cz4,cz3
r0001632,32099,cz4,cz3
r0001633,32103,cz4,cz3
r0001634,32108,cz4,cz3
r0001635,32113,cz4,cz3
r0001636,32117,cz4,cz3
r0001637,32122,cz4,cz3
r0001638,32126,cz4,cz3
r0001639,32131,cz4,cz3
r0001640,32135,cz4,cz3
r0001641,32140,cz4,cz3
r0001642,32145,cz4,cz3
r0001643,32149,cz4,cz3
r0001644,32154,cz4,cz3
r0001645,32158,cz4,cz3
r0001646,32163,cz4,cz3
r0001647,32168,cz4,cz3
r0001648,32172,cz4,cz3
r0001649,32177,cz4,cz3
r0001650,32181,cz4,cz3
r0001651,32186,cz4,cz3
r0001652,32191,cz4,cz3
r0001653,32195,cz4,cz3
r0001654,32200,cz4,cz3
r0001655,32204,cz4,cz3
r0001656,32209,cz4,cz3
r0001657,32214,cz4,cz3
r0001658,32218,cz4,cz3
r0001659,32223,cz4,cz3
r0001660,32227,cz4,cz3
r0001661,32232,cz4,cz3
r0001662,32236,cz4,cz3
r0001663,32241,cz4,cz3
r0001664,32246,cz4,cz3
r0001665,32250,cz4,cz4
r0001666,32255,cz4,cz4
r0001667,32259,cz4,cz4
r0001668,32264,cz4,cz4
r0001669,32269,cz4,cz4
r0001670,32273,cz4,cz4
r0001671,32278,cz4,cz4
r0001672,32282,cz4,cz4
r0001673,32287,cz4,cz4
r0001674,32292,cz4,cz4
r0001675,32296,cz4,cz4
r0001676,32301,cz4,cz4
r0001677,32305,cz4,cz4
r0001678,32310,cz4,cz4
r0001679,32315,cz4,cz4
r0001680,32319,cz4,cz4
r0001681,32324,cz4,cz4
r0001682,32328,cz4,cz4
r0001683,32333,cz4,cz4
r0001684,32338,cz4,cz4
r0001685,32342,cz4,cz4
r0001686,32347,cz4,cz4
r0001687,32351,cz4,cz4
r0001688,32356,cz4,cz4
r0001689,32360,cz4,cz4
r0001690,32365,cz4,cz4
r0001691,32370,cz4,cz4
r0001692,32374,cz4,cz4
r0001693,32379,cz4,cz4
r0001694,32383,cz4,cz4
r0001695,32388,cz4,cz4
r0001696,32393,cz4,cz4
r0001697,32397,cz4,cz4
r0001698,32402,cz1,cz1
r0001699,32406,cz1,cz1
r0001700,32411,cz1,cz1
r0001701,32416,cz1,cz1
r0001702,32420,cz1,cz1
r0001703,32425,cz1,cz1
r0001704,32430,cz1,cz1
r0001705,32434,cz1,cz1
r0001706,32439,cz1,cz1
r0001707,32444,cz1,cz1
r0001708,32448,cz1,cz1
r0001709,32453,cz1,cz1
r0001710,32458,cz1,cz1
r0001711,32462,cz1,cz1
r0001712,32467,cz1,cz1
r0001713,32472,cz1,cz1
r0001714,32476,cz1,cz1
r0001715,32481,cz1,cz1
r0001716,32485,cz1,cz1
r0001717,32490,cz1,cz1
r0001718,32495,cz1,cz1
r0001719,32499,cz1,cz1
r0001720,32504,cz1,cz1
r0001721,32509,cz1,cz1
r0001722,32513,cz1,cz1
r0001723,32518,cz1,cz1
r0001724,32523,cz1,cz1
r0001725,32527,cz1,cz1
r0001726,32532,cz1,cz1
r0001727,32537,cz1,cz1
r0001728,32541,cz1,cz1
r0001729,32546,cz1,cz1
r0001730,32550,cz1,cz1
r0001731,32555,cz1,cz1
r0001732,32560,cz1,cz1
r0001733,32564,cz1,cz1
r0001734,32569,cz1,cz1
r0001735,32574,cz1,cz1
r0001736,32578,cz1,cz1
r0001737,32583,cz1,cz1
r0001738,32588,cz1,cz1
r0001739,32592,cz1,cz1
r0001740,32597,cz1,cz1
r0001741,32602,cz1,cz1
r0001742,32606,cz1,cz1
r0001743,32611,cz1,cz1
r0001744,32616,cz1,cz1
r0001745,32620,cz1,cz1
r0001746,32625,cz1,cz1
r0001747,32629,cz1,cz1
r0001748,32634,cz1,cz1
r0001749,32639,cz1,cz1
r0001750,32643,cz1,cz1
r0001751,32648,cz1,cz1
r0001752,32653,cz1,cz1
r0001753,32657,cz1,cz1
r0001754,32662,cz1,cz1
r0001755,32667,cz1,cz1
r0001756,32671,cz1,cz1
r0001757,32676,cz1,cz1
r0001758,32681,cz1,cz1
r0001759,32685,cz1,cz1
r0001760,32690,cz1,cz2
r0001761,32694,cz1,cz2
r0001762,32699,cz1,cz2
r0001763,32704,cz1,cz2
r0001764,32708,cz1,cz2
r0001765,32713,cz1,cz2
r0001766,32718,cz1,cz2
r0001767,32722,cz1,cz2
r0001768,32727,cz1,cz2
r0001769,32732,cz1,cz2
r0001770,32736,cz1,cz2
r0001771,32741,cz1,cz2
r0001772,32746,cz1,cz2
r0001773,32750,cz1,cz2
r0001774,32755,cz1,cz2
r0001775,32760,cz1,cz2
r0001776,32764,cz1,cz2
r0001777,32769,cz1,cz2
r0001778,32773,cz1,cz2
r0001779,32778,cz1,cz2
r0001780,32783,cz1,cz2
r0001781,32787,cz1,cz2
r0001782,32792,cz1,cz2
r0001783,32797,cz1,cz2
r0001784,32801,cz1,cz2
r0001785,32806,cz1,cz2
r0001786,32811,cz1,cz2
r0001787,32815,cz1,cz2
r0001788,32820,cz1,cz2
r0001789,32825,cz1,cz2
r0001790,32829,cz1,cz2
r0001791,32834,cz1,cz2
r0001792,32838,cz1,cz2
r0001793,32843,cz1,cz2
r0001794,32848,cz1,cz2
r0001795,32852,cz1,cz2
r0001796,32857,cz1,cz2
r0001797,32862,cz1,cz2
r0001798,32866,cz1,cz2
r0001799,32871,cz1,cz2
r0001800,32876,cz1,cz2
r0001801,32880,cz1,cz2
r0001802,32885,cz1,cz2
r0001803,32890,cz1,cz2
r0001804,32894,cz1,cz2
r0001805,32899,cz1,cz2
r0001806,32904,cz1,cz2
r0001807,32908,cz1,cz3
r0001808,32913,cz1,cz3
r0001809,32917,cz1,cz3
r0001810,32922,cz1,cz3
r0001811,32927,cz1,cz3
r0001812,32931,cz1,cz3
r0001813,32936,cz1,cz3
r0001814,32941,cz1,cz3
r0001815,32945,cz1,cz3
r0001816,32950,cz1,cz3
r0001817,32955,cz1,cz3
r0001818,32959,cz1,cz3
r0001819,32964,cz1,cz3
r0001820,32969,cz1,cz3
r0001821,32973,cz1,cz3
r0001822,32978,cz1,cz3
r0001823,32982,cz1,cz3
r0001824,32987,cz1,cz3
r0001825,32992,cz1,cz3
r0001826,32996,cz1,cz3
r0001827,33001,cz1,cz3
r0001828,33006,cz1,cz3
r0001829,33010,cz1,cz3
r0001830,33015,cz1,cz3
r0001831,33020,cz1,cz3
r0001832,33024,cz1,cz3
r0001833,33029,cz1,cz3
r0001834,33034,cz1,cz3
r0001835,33038,cz1,cz3
r0001836,33043,cz1,cz3
r0001837,33048,cz1,cz3
r0001838,33052,cz1,cz3
r0001839,33057,cz1,cz3
r0001840,33061,cz1,cz3
r0001841,33066,cz1,cz3
r0001842,33071,cz1,cz3
r0001843,33075,cz1,cz3
r0001844,33080,cz1,cz3
r0001845,33085,cz1,cz3
r0001846,33089,cz1,cz3
r0001847,33094,cz1,cz3
r0001848,33099,cz1,cz3
r0001849,33103,cz1,cz3
r0001850,33108,cz1,cz3
r0001851,33113,cz1,cz3
r0001852,33117,cz1,cz3
r0001853,33122,cz1,cz3
r0001854,33126,cz1,cz3
r0001855,33131,cz1,cz3
r0001856,33136,cz1,cz3
r0001857,33140,cz1,cz3
r0001858,33145,cz1,cz3
r0001859,33150,cz1,cz3
r0001860,33154,cz1,cz3
r0001861,33159,cz1,cz3
r0001862,33164,cz1,cz3
r0001863,33168,cz1,cz3
r0001864,33173,cz1,cz3
r0001865,33178,cz1,cz3
r0001866,33182,cz1,cz3
r0001867,33187,cz1,cz3
r0001868,33192,cz1,cz3
r0001869,33196,cz1,cz3
r0001870,33201,cz1,cz3
r0001871,33205,cz1,cz3
r0001872,33210,cz1,cz4
r0001873,33215,cz1,cz4
r0001874,33219,cz1,cz4
r0001875,33224,cz1,cz4
r0001876,33229,cz1,cz4
r0001877,33233,cz1,cz4
r0001878,33238,cz1,cz4
r0001879,33243,cz1,cz4
r0001880,33247,cz1,cz4
r0001881,33252,cz1,cz4
r0001882,33257,cz1,cz4
r0001883,33261,cz1,cz4
r0001884,33266,cz1,cz4
r0001885,33270,cz1,cz4
r0001886,33275,cz1,cz4
r0001887,33280,cz1,cz4
r0001888,33284,cz1,cz4
r0001889,33289,cz1,cz4
r0001890,33294,cz1,cz4
r0001891,33298,cz1,cz4
r0001892,33303,cz1,cz4
r0001893,33308,cz1,cz4
r0001894,33312,cz1,cz4
r0001895,33317,cz1,cz4
r0001896,33322,cz1,cz4
r0001897,33326,cz1,cz4
r0001898,33331,cz1,cz4
r0001899,33336,cz1,cz4
r0001900,33340,cz1,cz4
r0001901,33345,cz1,cz4
r0001902,33349,cz1,cz4
r0001903,33354,cz1,cz4
r0001904,33359,cz1,cz4
r0001905,33363,cz1,cz4
r0001906,33368,cz1,cz4
r0001907,33373,cz1,cz4
r0001908,33377,cz1,cz4
r0001909,33382,cz1,cz4
r0001910,33387,cz1,cz4
r0001911,33391,cz1,cz4
r0001912,33396,cz1,cz4
r0001913,33401,cz1,cz4
r0001914,33405,cz1,cz4
r0001915,33410,cz1,cz4
r0001916,33414,cz2,cz1
r0001917,33419,cz2,cz1
r0001918,33424,cz2,cz1
r0001919,33428,cz2,cz1
r0001920,33433,cz2,cz1
r0001921,33438,cz2,cz1
r0001922,33442,cz2,cz1
r0001923,33447,cz2,cz1
r0001924,33452,cz2,cz1
r0001925,33456,cz2,cz1
r0001926,33461,cz2,cz1
r0001927,33466,cz2,cz1
r0001928,33470,cz2,cz1
r0001929,33475,cz2,cz1
r0001930,33480,cz2,cz1
r0001931,33484,cz2,cz1
r0001932,33489,cz2,cz1
r0001933,33493,cz2,cz1
r0001934,33498,cz2,cz1
r0001935,33503,cz2,cz1
r0001936,33507,cz2,cz1
r0001937,33512,cz2,cz1
r0001938,33517,cz2,cz1
r0001939,33521,cz2,cz1
r0001940,33526,cz2,cz1
r0001941,33531,cz2,cz1
r0001942,33535,cz2,cz1
r0001943,33540,cz2,cz1
r0001944,33545,cz2,cz1
r0001945,33549,cz2,cz1
r0001946,33554,cz2,cz1
r0001947,33558,cz2,cz1
r0001948,33563,cz2,cz1
r0001949,33568,cz2,cz1
r0001950,33572,cz2,cz1
r0001951,33577,cz2,cz1
r0001952,33582,cz2,cz1
r0001953,33586,cz2,cz1
r0001954,33591,cz2,cz1
r0001955,33596,cz2,cz1
r0001956,33600,cz2,cz1
r0001957,33605,cz2,cz1
r0001958,33610,cz2,cz1
r0001959,33614,cz2,cz1
r0001960,33619,cz2,cz1
r0001961,33624,cz2,cz1
r0001962,33628,cz2,cz1
r0001963,33633,cz2,cz1
r0001964,33637,cz2,cz2
r0001965,33642,cz2,cz2
r0001966,33647,cz2,cz2
r0001967,33651,cz2,cz2
r0001968,33656,cz2,cz2
r0001969,33661,cz2,cz2
r0001970,33665,cz2,cz2
r0001971,33670,cz2,cz2
r0001972,33675,cz2,cz2
r0001973,33679,cz2,cz2
r0001974,33684,cz2,cz2
r0001975,33689,cz2,cz2
r0001976,33693,cz2,cz2
r0001977,33698,cz2,cz2
r0001978,33702,cz2,cz2
r0001979,33707,cz2,cz2
r0001980,33712,cz2,cz2
r0001981,33716,cz2,cz2
r0001982,33721,cz2,cz2
r0001983,33726,cz2,cz2
r0001984,33730,cz2,cz2
r0001985,33735,cz2,cz2
r0001986,33740,cz2,cz2
r0001987,33744,cz2,cz2
r0001988,33749,cz2,cz2
r0001989,33754,cz2,cz2
r0001990,33758,cz2,cz2
r0001991,33763,cz2,cz2
r0001992,33768,cz2,cz2
r0001993,33772,cz2,cz2
r0001994,33777,cz2,cz2
r0001995,33781,cz2,cz2
r0001996,33786,cz2,cz2
r0001997,33791,cz2,cz2
r0001998,33795,cz2,cz2
r0001999,33800,cz2,cz2
r0002000,33805,cz2,cz2
r0002001,33809,cz2,cz2
r0002002,33814,cz2,cz2
r0002003,33819,cz2,cz2
r0002004,33823,cz2,cz2
r0002005,33828,cz2,cz2
r0002006,33833,cz2,cz2
r0002007,33837,cz2,cz2
r0002008,33842,cz2,cz2
r0002009,33846,cz2,cz2
r0002010,33851,cz2,cz2
r0002011,33856,cz2,cz3
r0002012,33860,cz2,cz3
r0002013,33865,cz2,cz3
r0002014,33870,cz2,cz3
r0002015,33874,cz2,cz3
r0002016,33879,cz2,cz3
r0002017,33884,cz2,cz3
r0002018,33888,cz2,cz3
r0002019,33893,cz2,cz3
r0002020,33898,cz2,cz3
r0002021,33902,cz2,cz3
r0002022,33907,cz2,cz3
r0002023,33912,cz2,cz3
r0002024,33916,cz2,cz3
r0002025,33921,cz2,cz3
r0002026,33925,cz2,cz3
r0002027,33930,cz2,cz3
r0002028,33935,cz2,cz3
r0002029,33939,cz2,cz3
r0002030,33944,cz2,cz3
r0002031,33949,cz2,cz3
r0002032,33953,cz2,cz3
r0002033,33958,cz2,cz3
r0002034,33963,cz2,cz3
r0002035,33967,cz2,cz3
r0002036,33972,cz2,cz3
r0002037,33977,cz2,cz3
r0002038,33981,cz2,cz3
r0002039,33986,cz2,cz3
r0002040,33990,cz2,cz3
r0002041,33995,cz2,cz3
r0002042,34000,cz2,cz3
r0002043,34004,cz2,cz3
r0002044,34009,cz2,cz3
r0002045,34014,cz2,cz3
r0002046,34018,cz2,cz3
r0002047,34023,cz2,cz3
r0002048,34028,cz2,cz3
r0002049,34032,cz2,cz3
r0002050,34037,cz2,cz3
r0002051,34042,cz2,cz3
r0002052,34046,cz2,cz3
r0002053,34051,cz2,cz3
r0002054,34056,cz2,cz3
r0002055,34060,cz2,cz3
r0002056,34065,cz2,cz3
r0002057,34069,cz2,cz3
r0002058,34074,cz2,cz4
r0002059,34079,cz2,cz4
r0002060,34083,cz2,cz4
r0002061,34088,cz2,cz4
r0002062,34093,cz2,cz4
r0002063,34097,cz2,cz4
r0002064,34102,cz2,cz4
r0002065,34107,cz2,cz4
r0002066,34111,cz2,cz4
r0002067,34116,cz2,cz4
r0002068,34121,cz2,cz4
r0002069,34125,cz2,cz4
r0002070,34130,cz2,cz4
r0002071,34134,cz2,cz4
r0002072,34139,cz2,cz4
r0002073,34144,cz2,cz4
r0002074,34148,cz2,cz4
r0002075,34153,cz2,cz4
r0002076,34158,cz2,cz4
r0002077,34162,cz2,cz4
r0002078,34167,cz2,cz4
r0002079,34172,cz2,cz4
r0002080,34176,cz2,cz4
r0002081,34181,cz2,cz4
r0002082,34186,cz2,cz4
r0002083,34190,cz2,cz4
r0002084,34195,cz2,cz4
r0002085,34200,cz2,cz4
r0002086,34204,cz2,cz4
r0002087,34209,cz2,cz4
r0002088,34213,cz2,cz4
r0002089,34218,cz2,cz4
r0002090,34223,cz2,cz4
r0002091,34227,cz2,cz4
r0002092,34232,cz3,cz1
r0002093,34237,cz3,cz1
r0002094,34241,cz3,cz1
r0002095,34246,cz3,cz1
r0002096,34251,cz3,cz1
r0002097,34255,cz3,cz1
r0002098,34260,cz3,cz1
r0002099,34265,cz3,cz1
r0002100,34269,cz3,cz1
r0002101,34274,cz3,cz1
r0002102,34278,cz3,cz1
r0002103,34283,cz3,cz1
r0002104,34288,cz3,cz1
r0002105,34292,cz3,cz1
r0002106,34297,cz3,cz1
r0002107,34302,cz3,cz1
r0002108,34306,cz3,cz1
r0002109,34311,cz3,cz1
r0002110,34316,cz3,cz1
r0002111,34320,cz3,cz1
r0002112,34325,cz3,cz1
r0002113,34330,cz3,cz1
r0002114,34334,cz3,cz1
r0002115,34339,cz3,cz1
r0002116,34344,cz3,cz1
r0002117,34348,cz3,cz1
r0002118,34353,cz3,cz1
r0002119,34357,cz3,cz1
r0002120,34362,cz3,cz1
r0002121,34367,cz3,cz1
r0002122,34371,cz3,cz1
r0002123,34376,cz3,cz1
r0002124,34381,cz3,cz1
r0002125,34385,cz3,cz1
r0002126,34390,cz3,cz1
r0002127,34395,cz3,cz1
r0002128,34399,cz3,cz1
r0002129,34404,cz3,cz1
r0002130,34409,cz3,cz1
r0002131,34413,cz3,cz1
r0002132,34418,cz3,cz1
r0002133,34422,cz3,cz1
r0002134,34427,cz3,cz1
r0002135,34432,cz3,cz1
r0002136,34436,cz3,cz1
r0002137,34441,cz3,cz1
r0002138,34446,cz3,cz1
r0002139,34450,cz3,cz1
r0002140,34455,cz3,cz1
r0002141,34460,cz3,cz1
r0002142,34464,cz3,cz1
r0002143,34469,cz3,cz1
r0002144,34474,cz3,cz1
r0002145,34478,cz3,cz1
r0002146,34483,cz3,cz1
r0002147,34488,cz3,cz1
r0002148,34492,cz3,cz1
r0002149,34497,cz3,cz1
r0002150,34501,cz3,cz1
r0002151,34506,cz3,cz1
r0002152,34511,cz3,cz1
r0002153,34515,cz3,cz1
r0002154,34520,cz3,cz1
r0002155,34525,cz3,cz1
r0002156,34529,cz3,cz2
r0002157,34534,cz3,cz2
r0002158,34539,cz3,cz2
r0002159,34543,cz3,cz2
r0002160,34548,cz3,cz2
r0002161,34553,cz3,cz2
r0002162,34557,cz3,cz2
r0002163,34562,cz3,cz2
r0002164,34566,cz3,cz2
r0002165,34571,cz3,cz2
r0002166,34576,cz3,cz2
r0002167,34580,cz3,cz2
r0002168,34585,cz3,cz2
r0002169,34590,cz3,cz2
r0002170,34594,cz3,cz2
r0002171,34599,cz3,cz2
r0002172,34604,cz3,cz2
r0002173,34608,cz3,cz2
r0002174,34613,cz3,cz2
r0002175,34618,cz3,cz2
r0002176,34622,cz3,cz2
r0002177,34627,cz3,cz2
r0002178,34632,cz3,cz2
r0002179,34636,cz3,cz2
r0002180,34641,cz3,cz2
r0002181,34645,cz3,cz2
r0002182,34650,cz3,cz2
r0002183,34655,cz3,cz2
r0002184,34659,cz3,cz2
r0002185,34664,cz3,cz2
r0002186,34669,cz3,cz2
r0002187,34673,cz3,cz2
r0002188,34678,cz3,cz2
r0002189,34683,cz3,cz2
r0002190,34687,cz3,cz2
r0002191,34692,cz3,cz2
r0002192,34697,cz3,cz2
r0002193,34701,cz3,cz2
r0002194,34706,cz3,cz2
r0002195,34710,cz3,cz2
r0002196,34715,cz3,cz2
r0002197,34720,cz3,cz2
r0002198,34724,cz3,cz2
r0002199,34729,cz3,cz2
r0002200,34734,cz3,cz2
r0002201,34738,cz3,cz3
r0002202,34743,cz3,cz3
r0002203,34748,cz3,cz3
r0002204,34752,cz3,cz3
r0002205,34757,cz3,cz3
r0002206,34762,cz3,cz3
r0002207,34766,cz3,cz3
r0002208,34771,cz3,cz3
r0002209,34776,cz3,cz3
r0002210,34780,cz3,cz3
r0002211,34785,cz3,cz3
r0002212,34789,cz3,cz3
r0002213,34794,cz3,cz3
r0002214,34799,cz3,cz3
r0002215,34803,cz3,cz3
r0002216,34808,cz3,cz3
r0002217,34813,cz3,cz3
r0002218,34817,cz3,cz3
r0002219,34822,cz3,cz3
r0002220,34827,cz3,cz3
r0002221,34831,cz3,cz3
r0002222,34836,cz3,cz3
r0002223,34841,cz3,cz3
r0002224,34845,cz3,cz3
r0002225,34850,cz3,cz3
r0002226,34854,cz3,cz3
r0002227,34859,cz3,cz3
r0002228,34864,cz3,cz3
r0002229,34868,cz3,cz3
r0002230,34873,cz3,cz3
r0002231,34878,cz3,cz3
r0002232,34882,cz3,cz3
r0002233,34887,cz3,cz3
r0002234,34892,cz3,cz3
r0002235,34896,cz3,cz3
r0002236,34901,cz3,cz3
r0002237,34906,cz3,cz3
r0002238,34910,cz3,cz3
r0002239,34915,cz3,cz3
r0002240,34920,cz3,cz3
r0002241,34924,cz3,cz3
r0002242,34929,cz3,cz3
r0002243,34933,cz3,cz3
r0002244,34938,cz3,cz3
r0002245,34943,cz3,cz3
r0002246,34947,cz3,cz3
r0002247,34952,cz3,cz3
r0002248,34957,cz3,cz3
r0002249,34961,cz3,cz3
r0002250,34966,cz3,cz3
r0002251,34971,cz3,cz3
r0002252,34975,cz3,cz3
r0002253,34980,cz3,cz3
r0002254,34985,cz3,cz3
r0002255,34989,cz3,cz3
r0002256,34994,cz3,cz3
r0002257,34998,cz3,cz3
r0002258,35003,cz3,cz3
r0002259,35008,cz3,cz3
r0002260,35012,cz3,cz3
r0002261,35017,cz3,cz3
r0002262,35022,cz3,cz3
r0002263,35026,cz3,cz3
r0002264,35031,cz3,cz3
r0002265,35036,cz3,cz3
r0002266,35040,cz3,cz3
r0002267,35045,cz3,cz3
r0002268,35050,cz3,cz3
r0002269,35054,cz3,cz4
r0002270,35059,cz3,cz4
r0002271,35064,cz3,cz4
r0002272,35068,cz3,cz4
r0002273,35073,cz3,cz4
r0002274,35077,cz3,cz4
r0002275,35082,cz3,cz4
r0002276,35087,cz3,cz4
r0002277,35091,cz3,cz4
r0002278,35096,cz3,cz4
r0002279,35101,cz3,cz4
r0002280,35105,cz3,cz4
r0002281,35110,cz3,cz4
r0002282,35115,cz3,cz4
r0002283,35119,cz3,cz4
r0002284,35124,cz3,cz4
r0002285,35129,cz3,cz4
r0002286,35133,cz3,cz4
r0002287,35138,cz3,cz4
r0002288,35142,cz3,cz4
r0002289,35147,cz3,cz4
r0002290,35152,cz3,cz4
r0002291,35156,cz3,cz4
r0002292,35161,cz3,cz4
r0002293,35166,cz3,cz4
r0002294,35170,cz3,cz4
r0002295,35175,cz3,cz4
r0002296,35180,cz3,cz4
r0002297,35184,cz3,cz4
r0002298,35189,cz3,cz4
r0002299,35194,cz3,cz4
r0002300,35198,cz3,cz4
r0002301,35203,cz3,cz4
r0002302,35208,cz3,cz4
r0002303,35212,cz3,cz4
r0002304,35217,cz3,cz4
r0002305,35221,cz3,cz4
r0002306,35226,cz3,cz4
r0002307,35231,cz3,cz4
r0002308,35235,cz3,cz4
r0002309,35240,cz3,cz4
r0002310,35245,cz3,cz4
r0002311,35249,cz3,cz4
r0002312,35254,cz3,cz4
r0002313,35259,cz3,cz4
r0002314,35263,cz3,cz4
r0002315,35268,cz4,cz1
r0002316,35273,cz4,cz1
r0002317,35277,cz4,cz1
r0002318,35282,cz4,cz1
r0002319,35286,cz4,cz1
r0002320,35291,cz4,cz1
r0002321,35296,cz4,cz1
r0002322,35300,cz4,cz1
r0002323,35305,cz4,cz1
r0002324,35310,cz4,cz1
r0002325,35314,cz4,cz1
r0002326,35319,cz4,cz1
r0002327,35324,cz4,cz1
r0002328,35328,cz4,cz1
r0002329,35333,cz4,cz1
r0002330,35338,cz4,cz1
r0002331,35342,cz4,cz1
r0002332,35347,cz4,cz1
r0002333,35352,cz4,cz1
r0002334,35356,cz4,cz1
r0002335,35361,cz4,cz1
r0002336,35365,cz4,cz1
r0002337,35370,cz4,cz1
r0002338,35375,cz4,cz1
r0002339,35379,cz4,cz1
r0002340,35384,cz4,cz1
r0002341,35389,cz4,cz1
r0002342,35393,cz4,cz1
r0002343,35398,cz4,cz1
r0002344,35403,cz4,cz1
r0002345,35407,cz4,cz1
r0002346,35412,cz4,cz1
r0002347,35417,cz4,cz1
r0002348,35421,cz4,cz1
r0002349,35426,cz4,cz1
r0002350,35430,cz4,cz1
r0002351,35435,cz4,cz1
r0002352,35440,cz4,cz1
r0002353,35444,cz4,cz1
r0002354,35449,cz4,cz1
r0002355,35454,cz4,cz1
r0002356,35458,cz4,cz1
r0002357,35463,cz4,cz1
r0002358,35468,cz4,cz1
r0002359,35472,cz4,cz1
r0002360,35477,cz4,cz2
r0002361,35482,cz4,cz2
r0002362,35486,cz4,cz2
r0002363,35491,cz4,cz2
r0002364,35496,cz4,cz2
r0002365,35500,cz4,cz2
r0002366,35505,cz4,cz2
r0002367,35509,cz4,cz2
r0002368,35514,cz4,cz2
r0002369,35519,cz4,cz2
r0002370,35523,cz4,cz2
r0002371,35528,cz4,cz2
r0002372,35533,cz4,cz2
r0002373,35537,cz4,cz2
r0002374,35542,cz4,cz2
r0002375,35547,cz4,cz2
r0002376,35551,cz4,cz2
r0002377,35556,cz4,cz2
r0002378,35561,cz4,cz2
r0002379,35565,cz4,cz2
r0002380,35570,cz4,cz2
r0002381,35574,cz4,cz2
r0002382,35579,cz4,cz2
r0002383,35584,cz4,cz2
r0002384,35588,cz4,cz2
r0002385,35593,cz4,cz2
r0002386,35598,cz4,cz2
r0002387,35602,cz4,cz2
r0002388,35607,cz4,cz2
r0002389,35612,cz4,cz2
r0002390,35616,cz4,cz2
r0002391,35621,cz4,cz2
r0002392,35626,cz4,cz2
r0002393,35630,cz4,cz2
r0002394,35635,cz4,cz3
r0002395,35640,cz4,cz3
r0002396,35644,cz4,cz3
r0002397,35649,cz4,cz3
r0002398,35653,cz4,cz3
r0002399,35658,cz4,cz3
r0002400,35663,cz4,cz3
r0002401,35667,cz4,cz3
r0002402,35672,cz4,cz3
r0002403,35677,cz4,cz3
r0002404,35681,cz4,cz3
r0002405,35686,cz4,cz3
r0002406,35691,cz4,cz3
r0002407,35695,cz4,cz3
r0002408,35700,cz4,cz3
r0002409,35705,cz4,cz3
r0002410,35709,cz4,cz3
r0002411,35714,cz4,cz3
r0002412,35718,cz4,cz3
r0002413,35723,cz4,cz3
r0002414,35728,cz4,cz3
r0002415,35732,cz4,cz3
r0002416,35737,cz4,cz3
r0002417,35742,cz4,cz3
r0002418,35746,cz4,cz3
r0002419,35751,cz4,cz3
r0002420,35756,cz4,cz3
r0002421,35760,cz4,cz3
r0002422,35765,cz4,cz3
r0002423,35770,cz4,cz3
r0002424,35774,cz4,cz3
r0002425,35779,cz4,cz3
r0002426,35784,cz4,cz3
r0002427,35788,cz4,cz3
r0002428,35793,cz4,cz3
r0002429,35797,cz4,cz3
r0002430,35802,cz4,cz3
r0002431,35807,cz4,cz3
r0002432,35811,cz4,cz3
r0002433,35816,cz4,cz3
r0002434,35821,cz4,cz3
r0002435,35825,cz4,cz3
r0002436,35830,cz4,cz3
r0002437,35835,cz4,cz3
r0002438,35839,cz4,cz3
r0002439,35844,cz4,cz3
r0002440,35849,cz4,cz3
r0002441,35853,cz4,cz4
r0002442,35858,cz4,cz4
r0002443,35862,cz4,cz4
r0002444,35867,cz4,cz4
r0002445,35872,cz4,cz4
r0002446,35876,cz4,cz4
r0002447,35881,cz4,cz4
r0002448,35886,cz4,cz4
r0002449,35890,cz4,cz4
r0002450,35895,cz4,cz4
r0002451,35900,cz4,cz4
r0002452,35904,cz4,cz4
r0002453,35909,cz4,cz4
r0002454,35914,cz4,cz4
r0002455,35918,cz4,cz4
r0002456,35923,cz4,cz4
r0002457,35928,cz4,cz4
r0002458,35932,cz4,cz4
r0002459,35937,cz4,cz4
r0002460,35941,cz4,cz4
r0002461,35946,cz4,cz4
r0002462,35951,cz4,cz4
r0002463,35955,cz4,cz4
r0002464,35960,cz4,cz4
r0002465,35965,cz4,cz4
r0002466,35969,cz4,cz4
r0002467,35974,cz4,cz4
r0002468,35979,cz4,cz4
r0002469,35983,cz4,cz4
r0002470,35988,cz4,cz4
r0002471,35993,cz4,cz4
r0002472,35997,cz4,cz4
r0002473,36002,cz1,cz1
r0002474,36008,cz1,cz1
r0002475,36014,cz1,cz1
r0002476,36020,cz1,cz1
r0002477,36025,cz1,cz1
r0002478,36031,cz1,cz1
r0002479,36037,cz1,cz1
r0002480,36042,cz1,cz1
r0002481,36048,cz1,cz1
r0002482,36054,cz1,cz1
r0002483,36060,cz1,cz1
r0002484,36065,cz1,cz1
r0002485,36071,cz1,cz1
r0002486,36077,cz1,cz1
r0002487,36083,cz1,cz1
r0002488,36088,cz1,cz1
r0002489,36094,cz1,cz1
r0002490,36100,cz1,cz1
r0002491,36106,cz1,cz1
r0002492,36111,cz1,cz1
r0002493,36117,cz1,cz1
r0002494,36123,cz1,cz1
r0002495,36128,cz1,cz1
r0002496,36134,cz1,cz1
r0002497,36140,cz1,cz1
r0002498,36146,cz1,cz1
r0002499,36151,cz1,cz1
r0002500,36157,cz1,cz1
r0002501,36163,cz1,cz1
r0002502,36169,cz1,cz1
r0002503,36174,cz1,cz1
r0002504,36180,cz1,cz1
r0002505,36186,cz1,cz1
r0002506,36192,cz1,cz1
r0002507,36197,cz1,cz1
r0002508,36203,cz1,cz1
r0002509,36209,cz1,cz1
r0002510,36214,cz1,cz1
r0002511,36220,cz1,cz1
r0002512,36226,cz1,cz1
r0002513,36232,cz1,cz1
r0002514,36237,cz1,cz1
r0002515,36243,cz1,cz1
r0002516,36249,cz1,cz1
r0002517,36255,cz1,cz1
r0002518,36260,cz1,cz1
r0002519,36266,cz1,cz1
r0002520,36272,cz1,cz1
r0002521,36278,cz1,cz1
r0002522,36283,cz1,cz1
r0002523,36289,cz1,cz2
r0002524,36295,cz1,cz2
r0002525,36300,cz1,cz2
r0002526,36306,cz1,cz2
r0002527,36312,cz1,cz2
r0002528,36318,cz1,cz2
r0002529,36323,cz1,cz2
r0002530,36329,cz1,cz2
r0002531,36335,cz1,cz2
r0002532,36341,cz1,cz2
r0002533,36346,cz1,cz2
r0002534,36352,cz1,cz2
r0002535,36358,cz1,cz2
r0002536,36364,cz1,cz2
r0002537,36369,cz1,cz2
r0002538,36375,cz1,cz2
r0002539,36381,cz1,cz2
r0002540,36386,cz1,cz2
r0002541,36392,cz1,cz2
r0002542,36398,cz1,cz2
r0002543,36404,cz1,cz2
r0002544,36409,cz1,cz2
r0002545,36415,cz1,cz2
r0002546,36421,cz1,cz2
r0002547,36427,cz1,cz2
r0002548,36432,cz1,cz2
r0002549,36438,cz1,cz2
r0002550,36444,cz1,cz2
r0002551,36450,cz1,cz2
r0002552,36455,cz1,cz2
r0002553,36461,cz1,cz2
r0002554,36467,cz1,cz2
r0002555,36472,cz1,cz2
r0002556,36478,cz1,cz2
r0002557,36484,cz1,cz2
r0002558,36490,cz1,cz2
r0002559,36495,cz1,cz2
r0002560,36501,cz1,cz2
r0002561,36507,cz1,cz2
r0002562,36513,cz1,cz3
r0002563,36518,cz1,cz3
r0002564,36524,cz1,cz3
r0002565,36530,cz1,cz3
r0002566,36535,cz1,cz3
r0002567,36541,cz1,cz3
r0002568,36547,cz1,cz3
r0002569,36553,cz1,cz3
r0002570,36558,cz1,cz3
r0002571,36564,cz1,cz3
r0002572,36570,cz1,cz3
r0002573,36576,cz1,cz3
r0002574,36581,cz1,cz3
r0002575,36587,cz1,cz3
r0002576,36593,cz1,cz3
r0002577,36599,cz1,cz3
r0002578,36604,cz1,cz3
r0002579,36610,cz1,cz3
r0002580,36616,cz1,cz3
r0002581,36621,cz1,cz3
r0002582,36627,cz1,cz3
r0002583,36633,cz1,cz3
r0002584,36639,cz1,cz3
r0002585,36644,cz1,cz3
r0002586,36650,cz1,cz3
r0002587,36656,cz1,cz3
r0002588,36662,cz1,cz3
r0002589,36667,cz1,cz3
r0002590,36673,cz1,cz3
r0002591,36679,cz1,cz3
r0002592,36685,cz1,cz3
r0002593,36690,cz1,cz3
r0002594,36696,cz1,cz3
r0002595,36702,cz1,cz3
r0002596,36707,cz1,cz3
r0002597,36713,cz1,cz3
r0002598,36719,cz1,cz3
r0002599,36725,cz1,cz3
r0002600,36730,cz1,cz3
r0002601,36736,cz1,cz3
r0002602,36742,cz1,cz3
r0002603,36748,cz1,cz3
r0002604,36753,cz1,cz3
r0002605,36759,cz1,cz3
r0002606,36765,cz1,cz3
r0002607,36771,cz1,cz3
r0002608,36776,cz1,cz3
r0002609,36782,cz1,cz3
r0002610,36788,cz1,cz3
r0002611,36793,cz1,cz3
r0002612,36799,cz1,cz3
r0002613,36805,cz1,cz3
r0002614,36811,cz1,cz4
r0002615,36816,cz1,cz4
r0002616,36822,cz1,cz4
r0002617,36828,cz1,cz4
r0002618,36834,cz1,cz4
r0002619,36839,cz1,cz4
r0002620,36845,cz1,cz4
r0002621,36851,cz1,cz4
r0002622,36857,cz1,cz4
r0002623,36862,cz1,cz4
r0002624,36868,cz1,cz4
r0002625,36874,cz1,cz4
r0002626,36879,cz1,cz4
r0002627,36885,cz1,cz4
r0002628,36891,cz1,cz4
r0002629,36897,cz1,cz4
r0002630,36902,cz1,cz4
r0002631,36908,cz1,cz4
r0002632,36914,cz1,cz4
r0002633,36920,cz1,cz4
r0002634,36925,cz1,cz4
r0002635,36931,cz1,cz4
r0002636,36937,cz1,cz4
r0002637,36942,cz1,cz4
r0002638,36948,cz1,cz4
r0002639,36954,cz1,cz4
r0002640,36960,cz1,cz4
r0002641,36965,cz1,cz4
r0002642,36971,cz1,cz4
r0002643,36977,cz1,cz4
r0002644,36983,cz1,cz4
r0002645,36988,cz1,cz4
r0002646,36994,cz1,cz4
r0002647,37000,cz1,cz4
r0002648,37006,cz1,cz4
r0002649,37011,cz1,cz4
r0002650,37017,cz2,cz1
r0002651,37023,cz2,cz1
r0002652,37028,cz2,cz1
r0002653,37034,cz2,cz1
r0002654,37040,cz2,cz1
r0002655,37046,cz2,cz1
r0002656,37051,cz2,cz1
r0002657,37057,cz2,cz1
r0002658,37063,cz2,cz1
r0002659,37069,cz2,cz1
r0002660,37074,cz2,cz1
r0002661,37080,cz2,cz1
r0002662,37086,cz2,cz1
r0002663,37092,cz2,cz1
r0002664,37097,cz2,cz1
r0002665,37103,cz2,cz1
r0002666,37109,cz2,cz1
r0002667,37114,cz2,cz1
r0002668,37120,cz2,cz1
r0002669,37126,cz2,cz1
r0002670,37132,cz2,cz1
r0002671,37137,cz2,cz1
r0002672,37143,cz2,cz1
r0002673,37149,cz2,cz1
r0002674,37155,cz2,cz1
r0002675,37160,cz2,cz1
r0002676,37166,cz2,cz1
r0002677,37172,cz2,cz1
r0002678,37178,cz2,cz1
r0002679,37183,cz2,cz1
r0002680,37189,cz2,cz1
r0002681,37195,cz2,cz1
r0002682,37200,cz2,cz1
r0002683,37206,cz2,cz1
r0002684,37212,cz2,cz1
r0002685,37218,cz2,cz1
r0002686,37223,cz2,cz1
r0002687,37229,cz2,cz1
r0002688,37235,cz2,cz1
r0002689,37241,cz2,cz2
r0002690,37246,cz2,cz2
r0002691,37252,cz2,cz2
r0002692,37258,cz2,cz2
r0002693,37264,cz2,cz2
r0002694,37269,cz2,cz2
r0002695,37275,cz2,cz2
r0002696,37281,cz2,cz2
r0002697,37286,cz2,cz2
r0002698,37292,cz2,cz2
r0002699,37298,cz2,cz2
r0002700,37304,cz2,cz2
r0002701,37309,cz2,cz2
r0002702,37315,cz2,cz2
r0002703,37321,cz2,cz2
r0002704,37327,cz2,cz2
r0002705,37332,cz2,cz2
r0002706,37338,cz2,cz2
r0002707,37344,cz2,cz2
r0002708,37350,cz2,cz2
r0002709,37355,cz2,cz2
r0002710,37361,cz2,cz2
r0002711,37367,cz2,cz2
r0002712,37372,cz2,cz2
r0002713,37378,cz2,cz2
r0002714,37384,cz2,cz2
r0002715,37390,cz2,cz2
r0002716,37395,cz2,cz2
r0002717,37401,cz2,cz2
r0002718,37407,cz2,cz2
r0002719,37413,cz2,cz2
r0002720,37418,cz2,cz2
r0002721,37424,cz2,cz2
r0002722,37430,cz2,cz2
r0002723,37435,cz2,cz2
r0002724,37441,cz2,cz2
r0002725,37447,cz2,cz2
r0002726,37453,cz2,cz2
r0002727,37458,cz2,cz3
r0002728,37464,cz2,cz3
r0002729,37470,cz2,cz3
r0002730,37476,cz2,cz3
r0002731,37481,cz2,cz3
r0002732,37487,cz2,cz3
r0002733,37493,cz2,cz3
r0002734,37499,cz2,cz3
r0002735,37504,cz2,cz3
r0002736,37510,cz2,cz3
r0002737,37516,cz2,cz3
r0002738,37521,cz2,cz3
r0002739,37527,cz2,cz3
r0002740,37533,cz2,cz3
r0002741,37539,cz2,cz3
r0002742,37544,cz2,cz3
r0002743,37550,cz2,cz3
r0002744,37556,cz2,cz3
r0002745,37562,cz2,cz3
r0002746,37567,cz2,cz3
r0002747,37573,cz2,cz3
r0002748,37579,cz2,cz3
r0002749,37585,cz2,cz3
r0002750,37590,cz2,cz3
r0002751,37596,cz2,cz3
r0002752,37602,cz2,cz3
r0002753,37607,cz2,cz3
r0002754,37613,cz2,cz3
r0002755,37619,cz2,cz3
r0002756,37625,cz2,cz3
r0002757,37630,cz2,cz3
r0002758,37636,cz2,cz3
r0002759,37642,cz2,cz3
r0002760,37648,cz2,cz3
r0002761,37653,cz2,cz3
r0002762,37659,cz2,cz3
r0002763,37665,cz2,cz3
r0002764,37671,cz2,cz3
r0002765,37676,cz2,cz4
r0002766,37682,cz2,cz4
r0002767,37688,cz2,cz4
r0002768,37693,cz2,cz4
r0002769,37699,cz2,cz4
r0002770,37705,cz2,cz4
r0002771,37711,cz2,cz4
r0002772,37716,cz2,cz4
r0002773,37722,cz2,cz4
r0002774,37728,cz2,cz4
r0002775,37734,cz2,cz4
r0002776,37739,cz2,cz4
r0002777,37745,cz2,cz4
r0002778,37751,cz2,cz4
r0002779,37757,cz2,cz4
r0002780,37762,cz2,cz4
r0002781,37768,cz2,cz4
r0002782,37774,cz2,cz4
r0002783,37779,cz2,cz4
r0002784,37785,cz2,cz4
r0002785,37791,cz2,cz4
r0002786,37797,cz2,cz4
r0002787,37802,cz2,cz4
r0002788,37808,cz2,cz4
r0002789,37814,cz2,cz4
r0002790,37820,cz2,cz4
r0002791,37825,cz2,cz4
r0002792,37831,cz3,cz1
r0002793,37837,cz3,cz1
r0002794,37842,cz3,cz1
r0002795,37848,cz3,cz1
r0002796,37854,cz3,cz1
r0002797,37860,cz3,cz1
r0002798,37865,cz3,cz1
r0002799,37871,cz3,cz1
r0002800,37877,cz3,cz1
r0002801,37883,cz3,cz1
r0002802,37888,cz3,cz1
r0002803,37894,cz3,cz1
r0002804,37900,cz3,cz1
r0002805,37906,cz3,cz1
r0002806,37911,cz3,cz1
r0002807,37917,cz3,cz1
r0002808,37923,cz3,cz1
r0002809,37928,cz3,cz1
r0002810,37934,cz3,cz1
r0002811,37940,cz3,cz1
r0002812,37946,cz3,cz1
r0002813,37951,cz3,cz1
r0002814,37957,cz3,cz1
r0002815,37963,cz3,cz1
r0002816,37969,cz3,cz1
r0002817,37974,cz3,cz1
r0002818,37980,cz3,cz1
r0002819,37986,cz3,cz1
r0002820,37992,cz3,cz1
r0002821,37997,cz3,cz1
r0002822,38003,cz3,cz1
r0002823,38009,cz3,cz1
r0002824,38014,cz3,cz1
r0002825,38020,cz3,cz1
r0002826,38026,cz3,cz1
r0002827,38032,cz3,cz1
r0002828,38037,cz3,cz1
r0002829,38043,cz3,cz1
r0002830,38049,cz3,cz1
r0002831,38055,cz3,cz1
r0002832,38060,cz3,cz1
r0002833,38066,cz3,cz1
r0002834,38072,cz3,cz1
r0002835,38078,cz3,cz1
r0002836,38083,cz3,cz1
r0002837,38089,cz3,cz1
r0002838,38095,cz3,cz1
r0002839,38100,cz3,cz1
r0002840,38106,cz3,cz1
r0002841,38112,cz3,cz1
r0002842,38118,cz3,cz1
r0002843,38123,cz3,cz1
r0002844,38129,cz3,cz2
r0002845,38135,cz3,cz2
r0002846,38141,cz3,cz2
r0002847,38146,cz3,cz2
r0002848,38152,cz3,cz2
r0002849,38158,cz3,cz2
r0002850,38164,cz3,cz2
r0002851,38169,cz3,cz2
r0002852,38175,cz3,cz2
r0002853,38181,cz3,cz2
r0002854,38186,cz3,cz2
r0002855,38192,cz3,cz2
r0002856,38198,cz3,cz2
r0002857,38204,cz3,cz2
r0002858,38209,cz3,cz2
r0002859,38215,cz3,cz2
r0002860,38221,cz3,cz2
r0002861,38227,cz3,cz2
r0002862,38232,cz3,cz2
r0002863,38238,cz3,cz2
r0002864,38244,cz3,cz2
r0002865,38250,cz3,cz2
r0002866,38255,cz3,cz2
r0002867,38261,cz3,cz2
r0002868,38267,cz3,cz2
r0002869,38272,cz3,cz2
r0002870,38278,cz3,cz2
r0002871,38284,cz3,cz2
r0002872,38290,cz3,cz2
r0002873,38295,cz3,cz2
r0002874,38301,cz3,cz2
r0002875,38307,cz3,cz2
r0002876,38313,cz3,cz2
r0002877,38318,cz3,cz2
r0002878,38324,cz3,cz2
r0002879,38330,cz3,cz2
r0002880,38335,cz3,cz2
r0002881,38341,cz3,cz3
r0002882,38347,cz3,cz3
r0002883,38353,cz3,cz3
r0002884,38358,cz3,cz3
r0002885,38364,cz3,cz3
r0002886,38370,cz3,cz3
r0002887,38376,cz3,cz3
r0002888,38381,cz3,cz3
r0002889,38387,cz3,cz3
r0002890,38393,cz3,cz3
r0002891,38399,cz3,cz3
r0002892,38404,cz3,cz3
r0002893,38410,cz3,cz3
r0002894,38416,cz3,cz3
r0002895,38421,cz3,cz3
r0002896,38427,cz3,cz3
r0002897,38433,cz3,cz3
r0002898,38439,cz3,cz3
r0002899,38444,cz3,cz3
r0002900,38450,cz3,cz3
r0002901,38456,cz3,cz3
r0002902,38462,cz3,cz3
r0002903,38467,cz3,cz3
r0002904,38473,cz3,cz3
r0002905,38479,cz3,cz3
r0002906,38485,cz3,cz3
r0002907,38490,cz3,cz3
r0002908,38496,cz3,cz3
r0002909,38502,cz3,cz3
r0002910,38507,cz3,cz3
r0002911,38513,cz3,cz3
r0002912,38519,cz3,cz3
r0002913,38525,cz3,cz3
r0002914,38530,cz3,cz3
r0002915,38536,cz3,cz3
r0002916,38542,cz3,cz3
r0002917,38548,cz3,cz3
r0002918,38553,cz3,cz3
r0002919,38559,cz3,cz3
r0002920,38565,cz3,cz3
r0002921,38571,cz3,cz3
r0002922,38576,cz3,cz3
r0002923,38582,cz3,cz3
r0002924,38588,cz3,cz3
r0002925,38593,cz3,cz3
r0002926,38599,cz3,cz3
r0002927,38605,cz3,cz3
r0002928,38611,cz3,cz3
r0002929,38616,cz3,cz3
r0002930,38622,cz3,cz3
r0002931,38628,cz3,cz3
r0002932,38634,cz3,cz3
r0002933,38639,cz3,cz3
r0002934,38645,cz3,cz3
r0002935,38651,cz3,cz3
r0002936,38657,cz3,cz4
r0002937,38662,cz3,cz4
r0002938,38668,cz3,cz4
r0002939,38674,cz3,cz4
r0002940,38679,cz3,cz4
r0002941,38685,cz3,cz4
r0002942,38691,cz3,cz4
r0002943,38697,cz3,cz4
r0002944,38702,cz3,cz4
r0002945,38708,cz3,cz4
r0002946,38714,cz3,cz4
r0002947,38720,cz3,cz4
r0002948,38725,cz3,cz4
r0002949,38731,cz3,cz4
r0002950,38737,cz3,cz4
r0002951,38742,cz3,cz4
r0002952,38748,cz3,cz4
r0002953,38754,cz3,cz4
r0002954,38760,cz3,cz4
r0002955,38765,cz3,cz4
r0002956,38771,cz3,cz4
r0002957,38777,cz3,cz4
r0002958,38783,cz3,cz4
r0002959,38788,cz3,cz4
r0002960,38794,cz3,cz4
r0002961,38800,cz3,cz4
r0002962,38806,cz3,cz4
r0002963,38811,cz3,cz4
r0002964,38817,cz3,cz4
r0002965,38823,cz3,cz4
r0002966,38828,cz3,cz4
r0002967,38834,cz3,cz4
r0002968,38840,cz3,cz4
r0002969,38846,cz3,cz4
r0002970,38851,cz3,cz4
r0002971,38857,cz3,cz4
r0002972,38863,cz3,cz4
r0002973,38869,cz4,cz1
r0002974,38874,cz4,cz1
r0002975,38880,cz4,cz1
r0002976,38886,cz4,cz1
r0002977,38892,cz4,cz1
r0002978,38897,cz4,cz1
r0002979,38903,cz4,cz1
r0002980,38909,cz4,cz1
r0002981,38914,cz4,cz1
r0002982,38920,cz4,cz1
r0002983,38926,cz4,cz1
r0002984,38932,cz4,cz1
r0002985,38937,cz4,cz1
r0002986,38943,cz4,cz1
r0002987,38949,cz4,cz1
r0002988,38955,cz4,cz1
r0002989,38960,cz4,cz1
r0002990,38966,cz4,cz1
r0002991,38972,cz4,cz1
r0002992,38978,cz4,cz1
r0002993,38983,cz4,cz1
r0002994,38989,cz4,cz1
r0002995,38995,cz4,cz1
r0002996,39000,cz4,cz1
r0002997,39006,cz4,cz1
r0002998,39012,cz4,cz1
r0002999,39018,cz4,cz1
r0003000,39023,cz4,cz1
r0003001,39029,cz4,cz1
r0003002,39035,cz4,cz1
r0003003,39041,cz4,cz1
r0003004,39046,cz4,cz1
r0003005,39052,cz4,cz1
r0003006,39058,cz4,cz1
r0003007,39064,cz4,cz1
r0003008,39069,cz4,cz1
r0003009,39075,cz4,cz1
r0003010,39081,cz4,cz2
r0003011,39086,cz4,cz2
r0003012,39092,cz4,cz2
r0003013,39098,cz4,cz2
r0003014,39104,cz4,cz2
r0003015,39109,cz4,cz2
r0003016,39115,cz4,cz2
r0003017,39121,cz4,cz2
r0003018,39127,cz4,cz2
r0003019,39132,cz4,cz2
r0003020,39138,cz4,cz2
r0003021,39144,cz4,cz2
r0003022,39150,cz4,cz2
r0003023,39155,cz4,cz2
r0003024,39161,cz4,cz2
r0003025,39167,cz4,cz2
r0003026,39172,cz4,cz2
r0003027,39178,cz4,cz2
r0003028,39184,cz4,cz2
r0003029,39190,cz4,cz2
r0003030,39195,cz4,cz2
r0003031,39201,cz4,cz2
r0003032,39207,cz4,cz2
r0003033,39213,cz4,cz2
r0003034,39218,cz4,cz2
r0003035,39224,cz4,cz2
r0003036,39230,cz4,cz2
r0003037,39235,cz4,cz3
r0003038,39241,cz4,cz3
r0003039,39247,cz4,cz3
r0003040,39253,cz4,cz3
r0003041,39258,cz4,cz3
r0003042,39264,cz4,cz3
r0003043,39270,cz4,cz3
r0003044,39276,cz4,cz3
r0003045,39281,cz4,cz3
r0003046,39287,cz4,cz3
r0003047,39293,cz4,cz3
r0003048,39299,cz4,cz3
r0003049,39304,cz4,cz3
r0003050,39310,cz4,cz3
r0003051,39316,cz4,cz3
r0003052,39321,cz4,cz3
r0003053,39327,cz4,cz3
r0003054,39333,cz4,cz3
r0003055,39339,cz4,cz3
r0003056,39344,cz4,cz3
r0003057,39350,cz4,cz3
r0003058,39356,cz4,cz3
r0003059,39362,cz4,cz3
r0003060,39367,cz4,cz3
r0003061,39373,cz4,cz3
r0003062,39379,cz4,cz3
r0003063,39385,cz4,cz3
r0003064,39390,cz4,cz3
r0003065,39396,cz4,cz3
r0003066,39402,cz4,cz3
r0003067,39407,cz4,cz3
r0003068,39413,cz4,cz3
r0003069,39419,cz4,cz3
r0003070,39425,cz4,cz3
r0003071,39430,cz4,cz3
r0003072,39436,cz4,cz3
r0003073,39442,cz4,cz3
r0003074,39448,cz4,cz3
r0003075,39453,cz4,cz4
r0003076,39459,cz4,cz4
r0003077,39465,cz4,cz4
r0003078,39471,cz4,cz4
r0003079,39476,cz4,cz4
r0003080,39482,cz4,cz4
r0003081,39488,cz4,cz4
r0003082,39493,cz4,cz4
r0003083,39499,cz4,cz4
r0003084,39505,cz4,cz4
r0003085,39511,cz4,cz4
r0003086,39516,cz4,cz4
r0003087,39522,cz4,cz4
r0003088,39528,cz4,cz4
r0003089,39534,cz4,cz4
r0003090,39539,cz4,cz4
r0003091,39545,cz4,cz4
r0003092,39551,cz4,cz4
r0003093,39557,cz4,cz4
r0003094,39562,cz4,cz4
r0003095,39568,cz4,cz4
r0003096,39574,cz4,cz4
r0003097,39579,cz4,cz4
r0003098,39585,cz4,cz4
r0003099,39591,cz4,cz4
r0003100,39597,cz4,cz4
r0003101,39602,cz1,cz1
r0003102,39608,cz1,cz1
r0003103,39613,cz1,cz1
r0003104,39619,cz1,cz1
r0003105,39624,cz1,cz1
r0003106,39629,cz1,cz1
r0003107,39635,cz1,cz1
r0003108,39640,cz1,cz1
r0003109,39646,cz1,cz1
r0003110,39651,cz1,cz1
r0003111,39657,cz1,cz1
r0003112,39662,cz1,cz1
r0003113,39668,cz1,cz1
r0003114,39673,cz1,cz1
r0003115,39678,cz1,cz1
r0003116,39684,cz1,cz1
r0003117,39689,cz1,cz1
r0003118,39695,cz1,cz1
r0003119,39700,cz1,cz1
r0003120,39706,cz1,cz1
r0003121,39711,cz1,cz1
r0003122,39717,cz1,cz1
r0003123,39722,cz1,cz1
r0003124,39727,cz1,cz1
r0003125,39733,cz1,cz1
r0003126,39738,cz1,cz1
r0003127,39744,cz1,cz1
r0003128,39749,cz1,cz1
r0003129,39755,cz1,cz1
r0003130,39760,cz1,cz1
r0003131,39766,cz1,cz1
r0003132,39771,cz1,cz1
r0003133,39777,cz1,cz1
r0003134,39782,cz1,cz1
r0003135,39787,cz1,cz1
r0003136,39793,cz1,cz1
r0003137,39798,cz1,cz1
r0003138,39804,cz1,cz1
r0003139,39809,cz1,cz1
r0003140,39815,cz1,cz1
r0003141,39820,cz1,cz1
r0003142,39826,cz1,cz1
r0003143,39831,cz1,cz1
r0003144,39836,cz1,cz1
r0003145,39842,cz1,cz1
r0003146,39847,cz1,cz1
r0003147,39853,cz1,cz1
r0003148,39858,cz1,cz1
r0003149,39864,cz1,cz1
r0003150,39869,cz1,cz1
r0003151,39875,cz1,cz1
r0003152,39880,cz1,cz1
r0003153,39885,cz1,cz1
r0003154,39891,cz1,cz2
r0003155,39896,cz1,cz2
r0003156,39902,cz1,cz2
r0003157,39907,cz1,cz2
r0003158,39913,cz1,cz2
r0003159,39918,cz1,cz2
r0003160,39924,cz1,cz2
r0003161,39929,cz1,cz2
r0003162,39934,cz1,cz2
r0003163,39940,cz1,cz2
r0003164,39945,cz1,cz2
r0003165,39951,cz1,cz2
r0003166,39956,cz1,cz2
r0003167,39962,cz1,cz2
r0003168,39967,cz1,cz2
r0003169,39973,cz1,cz2
r0003170,39978,cz1,cz2
r0003171,39983,cz1,cz2
r0003172,39989,cz1,cz2
r0003173,39994,cz1,cz2
r0003174,40000,cz1,cz2
r0003175,40005,cz1,cz2
r0003176,40011,cz1,cz2
r0003177,40016,cz1,cz2
r0003178,40022,cz1,cz2
r0003179,40027,cz1,cz2
r0003180,40032,cz1,cz2
r0003181,40038,cz1,cz2
r0003182,40043,cz1,cz2
r0003183,40049,cz1,cz2
r0003184,40054,cz1,cz2
r0003185,40060,cz1,cz2
r0003186,40065,cz1,cz2
r0003187,40071,cz1,cz2
r0003188,40076,cz1,cz2
r0003189,40081,cz1,cz2
r0003190,40087,cz1,cz2
r0003191,40092,cz1,cz2
r0003192,40098,cz1,cz2
r0003193,40103,cz1,cz2
r0003194,40109,cz1,cz3
r0003195,40114,cz1,cz3
r0003196,40120,cz1,cz3
r0003197,40125,cz1,cz3
r0003198,40131,cz1,cz3
r0003199,40136,cz1,cz3
r0003200,40141,cz1,cz3
r0003201,40147,cz1,cz3
r0003202,40152,cz1,cz3
r0003203,40158,cz1,cz3
r0003204,40163,cz1,cz3
r0003205,40169,cz1,cz3
r0003206,40174,cz1,cz3
r0003207,40180,cz1,cz3
r0003208,40185,cz1,cz3
r0003209,40190,cz1,cz3
r0003210,40196,cz1,cz3
r0003211,40201,cz1,cz3
r0003212,40207,cz1,cz3
r0003213,40212,cz1,cz3
r0003214,40218,cz1,cz3
r0003215,40223,cz1,cz3
r0003216,40229,cz1,cz3
r0003217,40234,cz1,cz3
r0003218,40239,cz1,cz3
r0003219,40245,cz1,cz3
r0003220,40250,cz1,cz3
r0003221,40256,cz1,cz3
r0003222,40261,cz1,cz3
r0003223,40267,cz1,cz3
r0003224,40272,cz1,cz3
r0003225,40278,cz1,cz3
r0003226,40283,cz1,cz3
r0003227,40288,cz1,cz3
r0003228,40294,cz1,cz3
r0003229,40299,cz1,cz3
r0003230,40305,cz1,cz3
r0003231,40310,cz1,cz3
r0003232,40316,cz1,cz3
r0003233,40321,cz1,cz3
r0003234,40327,cz1,cz3
r0003235,40332,cz1,cz3
r0003236,40337,cz1,cz3
r0003237,40343,cz1,cz3
r0003238,40348,cz1,cz3
r0003239,40354,cz1,cz3
r0003240,40359,cz1,cz3
r0003241,40365,cz1,cz3
r0003242,40370,cz1,cz3
r0003243,40376,cz1,cz3
r0003244,40381,cz1,cz3
r0003245,40386,cz1,cz3
r0003246,40392,cz1,cz3
r0003247,40397,cz1,cz3
r0003248,40403,cz1,cz3
r0003249,40408,cz1,cz4
r0003250,40414,cz1,cz4
r0003251,40419,cz1,cz4
r0003252,40425,cz1,cz4
r0003253,40430,cz1,cz4
r0003254,40436,cz1,cz4
r0003255,40441,cz1,cz4
r0003256,40446,cz1,cz4
r0003257,40452,cz1,cz4
r0003258,40457,cz1,cz4
r0003259,40463,cz1,cz4
r0003260,40468,cz1,cz4
r0003261,40474,cz1,cz4
r0003262,40479,cz1,cz4
r0003263,40485,cz1,cz4
r0003264,40490,cz1,cz4
r0003265,40495,cz1,cz4
r0003266,40501,cz1,cz4
r0003267,40506,cz1,cz4
r0003268,40512,cz1,cz4
r0003269,40517,cz1,cz4
r0003270,40523,cz1,cz4
r0003271,40528,cz1,cz4
r0003272,40534,cz1,cz4
r0003273,40539,cz1,cz4
r0003274,40544,cz1,cz4
r0003275,40550,cz1,cz4
r0003276,40555,cz1,cz4
r0003277,40561,cz1,cz4
r0003278,40566,cz1,cz4
r0003279,40572,cz1,cz4
r0003280,40577,cz1,cz4
r0003281,40583,cz1,cz4
r0003282,40588,cz1,cz4
r0003283,40593,cz1,cz4
r0003284,40599,cz1,cz4
r0003285,40604,cz1,cz4
r0003286,40610,cz1,cz4
r0003287,40615,cz2,cz1
r0003288,40621,cz2,cz1
r0003289,40626,cz2,cz1
r0003290,40632,cz2,cz1
r0003291,40637,cz2,cz1
r0003292,40642,cz2,cz1
r0003293,40648,cz2,cz1
r0003294,40653,cz2,cz1
r0003295,40659,cz2,cz1
r0003296,40664,cz2,cz1
r0003297,40670,cz2,cz1
r0003298,40675,cz2,cz1
r0003299,40681,cz2,cz1
r0003300,40686,cz2,cz1
r0003301,40691,cz2,cz1
r0003302,40697,cz2,cz1
r0003303,40702,cz2,cz1
r0003304,40708,cz2,cz1
r0003305,40713,cz2,cz1
r0003306,40719,cz2,cz1
r0003307,40724,cz2,cz1
r0003308,40730,cz2,cz1
r0003309,40735,cz2,cz1
r0003310,40740,cz2,cz1
r0003311,40746,cz2,cz1
r0003312,40751,cz2,cz1
r0003313,40757,cz2,cz1
r0003314,40762,cz2,cz1
r0003315,40768,cz2,cz1
r0003316,40773,cz2,cz1
r0003317,40779,cz2,cz1
r0003318,40784,cz2,cz1
r0003319,40790,cz2,cz1
r0003320,40795,cz2,cz1
r0003321,40800,cz2,cz1
r0003322,40806,cz2,cz1
r0003323,40811,cz2,cz1
r0003324,40817,cz2,cz1
r0003325,40822,cz2,cz1
r0003326,40828,cz2,cz1
r0003327,40833,cz2,cz1
r0003328,40839,cz2,cz2
r0003329,40844,cz2,cz2
r0003330,40849,cz2,cz2
r0003331,40855,cz2,cz2
r0003332,40860,cz2,cz2
r0003333,40866,cz2,cz2
r0003334,40871,cz2,cz2
r0003335,40877,cz2,cz2
r0003336,40882,cz2,cz2
r0003337,40888,cz2,cz2
r0003338,40893,cz2,cz2
r0003339,40898,cz2,cz2
r0003340,40904,cz2,cz2
r0003341,40909,cz2,cz2
r0003342,40915,cz2,cz2
r0003343,40920,cz2,cz2
r0003344,40926,cz2,cz2
r0003345,40931,cz2,cz2
r0003346,40937,cz2,cz2
r0003347,40942,cz2,cz2
r0003348,40947,cz2,cz2
r0003349,40953,cz2,cz2
r0003350,40958,cz2,cz2
r0003351,40964,cz2,cz2
r0003352,40969,cz2,cz2
r0003353,40975,cz2,cz2
r0003354,40980,cz2,cz2
r0003355,40986,cz2,cz2
r0003356,40991,cz2,cz2
r0003357,40996,cz2,cz2
r0003358,41002,cz2,cz2
r0003359,41007,cz2,cz2
r0003360,41013,cz2,cz2
r0003361,41018,cz2,cz2
r0003362,41024,cz2,cz2
r0003363,41029,cz2,cz2
r0003364,41035,cz2,cz2
r0003365,41040,cz2,cz2
r0003366,41045,cz2,cz2
r0003367,41051,cz2,cz2
r0003368,41056,cz2,cz3
r0003369,41062,cz2,cz3
r0003370,41067,cz2,cz3
r0003371,41073,cz2,cz3
r0003372,41078,cz2,cz3
r0003373,41084,cz2,cz3
r0003374,41089,cz2,cz3
r0003375,41095,cz2,cz3
r0003376,41100,cz2,cz3
r0003377,41105,cz2,cz3
r0003378,41111,cz2,cz3
r0003379,41116,cz2,cz3
r0003380,41122,cz2,cz3
r0003381,41127,cz2,cz3
r0003382,41133,cz2,cz3
r0003383,41138,cz2,cz3
r0003384,41144,cz2,cz3
r0003385,41149,cz2,cz3
r0003386,41154,cz2,cz3
r0003387,41160,cz2,cz3
r0003388,41165,cz2,cz3
r0003389,41171,cz2,cz3
r0003390,41176,cz2,cz3
r0003391,41182,cz2,cz3
r0003392,41187,cz2,cz3
r0003393,41193,cz2,cz3
r0003394,41198,cz2,cz3
r0003395,41203,cz2,cz3
r0003396,41209,cz2,cz3
r0003397,41214,cz2,cz3
r0003398,41220,cz2,cz3
r0003399,41225,cz2,cz3
r0003400,41231,cz2,cz3
r0003401,41236,cz2,cz3
r0003402,41242,cz2,cz3
r0003403,41247,cz2,cz3
r0003404,41252,cz2,cz3
r0003405,41258,cz2,cz3
r0003406,41263,cz2,cz3
r0003407,41269,cz2,cz3
r0003408,41274,cz2,cz4
r0003409,41280,cz2,cz4
r0003410,41285,cz2,cz4
r0003411,41291,cz2,cz4
r0003412,41296,cz2,cz4
r0003413,41301,cz2,cz4
r0003414,41307,cz2,cz4
r0003415,41312,cz2,cz4
r0003416,41318,cz2,cz4
r0003417,41323,cz2,cz4
r0003418,41329,cz2,cz4
r0003419,41334,cz2,cz4
r0003420,41340,cz2,cz4
r0003421,41345,cz2,cz4
r0003422,41350,cz2,cz4
r0003423,41356,cz2,cz4
r0003424,41361,cz2,cz4
r0003425,41367,cz2,cz4
r0003426,41372,cz2,cz4
r0003427,41378,cz2,cz4
r0003428,41383,cz2,cz4
r0003429,41389,cz2,cz4
r0003430,41394,cz2,cz4
r0003431,41400,cz2,cz4
r0003432,41405,cz2,cz4
r0003433,41410,cz2,cz4
r0003434,41416,cz2,cz4
r0003435,41421,cz2,cz4
r0003436,41427,cz2,cz4
r0003437,41432,cz3,cz1
r0003438,41438,cz3,cz1
r0003439,41443,cz3,cz1
r0003440,41449,cz3,cz1
r0003441,41454,cz3,cz1
r0003442,41459,cz3,cz1
r0003443,41465,cz3,cz1
r0003444,41470,cz3,cz1
r0003445,41476,cz3,cz1
r0003446,41481,cz3,cz1
r0003447,41487,cz3,cz1
r0003448,41492,cz3,cz1
r0003449,41498,cz3,cz1
r0003450,41503,cz3,cz1
r0003451,41508,cz3,cz1
r0003452,41514,cz3,cz1
r0003453,41519,cz3,cz1
r0003454,41525,cz3,cz1
r0003455,41530,cz3,cz1
r0003456,41536,cz3,cz1
r0003457,41541,cz3,cz1
r0003458,41547,cz3,cz1
r0003459,41552,cz3,cz1
r0003460,41557,cz3,cz1
r0003461,41563,cz3,cz1
r0003462,41568,cz3,cz1
r0003463,41574,cz3,cz1
r0003464,41579,cz3,cz1
r0003465,41585,cz3,cz1
r0003466,41590,cz3,cz1
r0003467,41596,cz3,cz1
r0003468,41601,cz3,cz1
r0003469,41606,cz3,cz1
r0003470,41612,cz3,cz1
r0003471,41617,cz3,cz1
r0003472,41623,cz3,cz1
r0003473,41628,cz3,cz1
r0003474,41634,cz3,cz1
r0003475,41639,cz3,cz1
r0003476,41645,cz3,cz1
r0003477,41650,cz3,cz1
r0003478,41655,cz3,cz1
r0003479,41661,cz3,cz1
r0003480,41666,cz3,cz1
r0003481,41672,cz3,cz1
r0003482,41677,cz3,cz1
r0003483,41683,cz3,cz1
r0003484,41688,cz3,cz1
r0003485,41694,cz3,cz1
r0003486,41699,cz3,cz1
r0003487,41704,cz3,cz1
r0003488,41710,cz3,cz1
r0003489,41715,cz3,cz1
r0003490,41721,cz3,cz1
r0003491,41726,cz3,cz2
r0003492,41732,cz3,cz2
r0003493,41737,cz3,cz2
r0003494,41743,cz3,cz2
r0003495,41748,cz3,cz2
r0003496,41754,cz3,cz2
r0003497,41759,cz3,cz2
r0003498,41764,cz3,cz2
r0003499,41770,cz3,cz2
r0003500,41775,cz3,cz2
r0003501,41781,cz3,cz2
r0003502,41786,cz3,cz2
r0003503,41792,cz3,cz2
r0003504,41797,cz3,cz2
r0003505,41803,cz3,cz2
r0003506,41808,cz3,cz2
r0003507,41813,cz3,cz2
r0003508,41819,cz3,cz2
r0003509,41824,cz3,cz2
r0003510,41830,cz3,cz2
r0003511,41835,cz3,cz2
r0003512,41841,cz3,cz2
r0003513,41846,cz3,cz2
r0003514,41852,cz3,cz2
r0003515,41857,cz3,cz2
r0003516,41862,cz3,cz2
r0003517,41868,cz3,cz2
r0003518,41873,cz3,cz2
r0003519,41879,cz3,cz2
r0003520,41884,cz3,cz2
r0003521,41890,cz3,cz2
r0003522,41895,cz3,cz2
r0003523,41901,cz3,cz2
r0003524,41906,cz3,cz2
r0003525,41911,cz3,cz2
r0003526,41917,cz3,cz2
r0003527,41922,cz3,cz2
r0003528,41928,cz3,cz2
r0003529,41933,cz3,cz2
r0003530,41939,cz3,cz3
r0003531,41944,cz3,cz3
r0003532,41950,cz3,cz3
r0003533,41955,cz3,cz3
r0003534,41960,cz3,cz3
r0003535,41966,cz3,cz3
r0003536,41971,cz3,cz3
r0003537,41977,cz3,cz3
r0003538,41982,cz3,cz3
r0003539,41988,cz3,cz3
r0003540,41993,cz3,cz3
r0003541,41999,cz3,cz3
r0003542,42004,cz3,cz3
r0003543,42009,cz3,cz3
r0003544,42015,cz3,cz3
r0003545,42020,cz3,cz3
r0003546,42026,cz3,cz3
r0003547,42031,cz3,cz3
r0003548,42037,cz3,cz3
r0003549,42042,cz3,cz3
r0003550,42048,cz3,cz3
r0003551,42053,cz3,cz3
r0003552,42059,cz3,cz3
r0003553,42064,cz3,cz3
r0003554,42069,cz3,cz3
r0003555,42075,cz3,cz3
r0003556,42080,cz3,cz3
r0003557,42086,cz3,cz3
r0003558,42091,cz3,cz3
r0003559,42097,cz3,cz3
r0003560,42102,cz3,cz3
r0003561,42108,cz3,cz3
r0003562,42113,cz3,cz3
r0003563,42118,cz3,cz3
r0003564,42124,cz3,cz3
r0003565,42129,cz3,cz3
r0003566,42135,cz3,cz3
r0003567,42140,cz3,cz3
r0003568,42146,cz3,cz3
r0003569,42151,cz3,cz3
r0003570,42157,cz3,cz3
r0003571,42162,cz3,cz3
r0003572,42167,cz3,cz3
r0003573,42173,cz3,cz3
r0003574,42178,cz3,cz3
r0003575,42184,cz3,cz3
r0003576,42189,cz3,cz3
r0003577,42195,cz3,cz3
r0003578,42200,cz3,cz3
r0003579,42206,cz3,cz3
r0003580,42211,cz3,cz3
r0003581,42216,cz3,cz3
r0003582,42222,cz3,cz3
r0003583,42227,cz3,cz3
r0003584,42233,cz3,cz3
r0003585,42238,cz3,cz3
r0003586,42244,cz3,cz3
r0003587,42249,cz3,cz3
r0003588,42255,cz3,cz4
r0003589,42260,cz3,cz4
r0003590,42265,cz3,cz4
r0003591,42271,cz3,cz4
r0003592,42276,cz3,cz4
r0003593,42282,cz3,cz4
r0003594,42287,cz3,cz4
r0003595,42293,cz3,cz4
r0003596,42298,cz3,cz4
r0003597,42304,cz3,cz4
r0003598,42309,cz3,cz4
r0003599,42314,cz3,cz4
r0003600,42320,cz3,cz4
r0003601,42325,cz3,cz4
r0003602,42331,cz3,cz4
r0003603,42336,cz3,cz4
r0003604,42342,cz3,cz4
r0003605,42347,cz3,cz4
r0003606,42353,cz3,cz4
r0003607,42358,cz3,cz4
r0003608,42363,cz3,cz4
r0003609,42369,cz3,cz4
r0003610,42374,cz3,cz4
r0003611,42380,cz3,cz4
r0003612,42385,cz3,cz4
r0003613,42391,cz3,cz4
r0003614,42396,cz3,cz4
r0003615,42402,cz3,cz4
r0003616,42407,cz3,cz4
r0003617,42413,cz3,cz4
r0003618,42418,cz3,cz4
r0003619,42423,cz3,cz4
r0003620,42429,cz3,cz4
r0003621,42434,cz3,cz4
r0003622,42440,cz3,cz4
r0003623,42445,cz3,cz4
r0003624,42451,cz3,cz4
r0003625,42456,cz3,cz4
r0003626,42462,cz3,cz4
r0003627,42467,cz4,cz1
r0003628,42472,cz4,cz1
r0003629,42478,cz4,cz1
r0003630,42483,cz4,cz1
r0003631,42489,cz4,cz1
r0003632,42494,cz4,cz1
r0003633,42500,cz4,cz1
r0003634,42505,cz4,cz1
r0003635,42511,cz4,cz1
r0003636,42516,cz4,cz1
r0003637,42521,cz4,cz1
r0003638,42527,cz4,cz1
r0003639,42532,cz4,cz1
r0003640,42538,cz4,cz1
r0003641,42543,cz4,cz1
r0003642,42549,cz4,cz1
r0003643,42554,cz4,cz1
r0003644,42560,cz4,cz1
r0003645,42565,cz4,cz1
r0003646,42570,cz4,cz1
r0003647,42576,cz4,cz1
r0003648,42581,cz4,cz1
r0003649,42587,cz4,cz1
r0003650,42592,cz4,cz1
r0003651,42598,cz4,cz1
r0003652,42603,cz4,cz1
r0003653,42609,cz4,cz1
r0003654,42614,cz4,cz1
r0003655,42619,cz4,cz1
r0003656,42625,cz4,cz1
r0003657,42630,cz4,cz1
r0003658,42636,cz4,cz1
r0003659,42641,cz4,cz1
r0003660,42647,cz4,cz1
r0003661,42652,cz4,cz1
r0003662,42658,cz4,cz1
r0003663,42663,cz4,cz1
r0003664,42668,cz4,cz1
r0003665,42674,cz4,cz2
r0003666,42679,cz4,cz2
r0003667,42685,cz4,cz2
r0003668,42690,cz4,cz2
r0003669,42696,cz4,cz2
r0003670,42701,cz4,cz2
r0003671,42707,cz4,cz2
r0003672,42712,cz4,cz2
r0003673,42718,cz4,cz2
r0003674,42723,cz4,cz2
r0003675,42728,cz4,cz2
r0003676,42734,cz4,cz2
r0003677,42739,cz4,cz2
r0003678,42745,cz4,cz2
r0003679,42750,cz4,cz2
r0003680,42756,cz4,cz2
r0003681,42761,cz4,cz2
r0003682,42767,cz4,cz2
r0003683,42772,cz4,cz2
r0003684,42777,cz4,cz2
r0003685,42783,cz4,cz2
r0003686,42788,cz4,cz2
r0003687,42794,cz4,cz2
r0003688,42799,cz4,cz2
r0003689,42805,cz4,cz2
r0003690,42810,cz4,cz2
r0003691,42816,cz4,cz2
r0003692,42821,cz4,cz2
r0003693,42826,cz4,cz2
r0003694,42832,cz4,cz3
r0003695,42837,cz4,cz3
r0003696,42843,cz4,cz3
r0003697,42848,cz4,cz3
r0003698,42854,cz4,cz3
r0003699,42859,cz4,cz3
r0003700,42865,cz4,cz3
r0003701,42870,cz4,cz3
r0003702,42875,cz4,cz3
r0003703,42881,cz4,cz3
r0003704,42886,cz4,cz3
r0003705,42892,cz4,cz3
r0003706,42897,cz4,cz3
r0003707,42903,cz4,cz3
r0003708,42908,cz4,cz3
r0003709,42914,cz4,cz3
r0003710,42919,cz4,cz3
r0003711,42924,cz4,cz3
r0003712,42930,cz4,cz3
r0003713,42935,cz4,cz3
r0003714,42941,cz4,cz3
r0003715,42946,cz4,cz3
r0003716,42952,cz4,cz3
r0003717,42957,cz4,cz3
r0003718,42963,cz4,cz3
r0003719,42968,cz4,cz3
r0003720,42973,cz4,cz3
r0003721,42979,cz4,cz3
r0003722,42984,cz4,cz3
r0003723,42990,cz4,cz3
r0003724,42995,cz4,cz3
r0003725,43001,cz4,cz3
r0003726,43006,cz4,cz3
r0003727,43012,cz4,cz3
r0003728,43017,cz4,cz3
r0003729,43022,cz4,cz3
r0003730,43028,cz4,cz3
r0003731,43033,cz4,cz3
r0003732,43039,cz4,cz3
r0003733,43044,cz4,cz3
r0003734,43050,cz4,cz4
r0003735,43055,cz4,cz4
r0003736,43061,cz4,cz4
r0003737,43066,cz4,cz4
r0003738,43072,cz4,cz4
r0003739,43077,cz4,cz4
r0003740,43082,cz4,cz4
r0003741,43088,cz4,cz4
r0003742,43093,cz4,cz4
r0003743,43099,cz4,cz4
r0003744,43104,cz4,cz4
r0003745,43110,cz4,cz4
r0003746,43115,cz4,cz4
r0003747,43121,cz4,cz4
r0003748,43126,cz4,cz4
r0003749,43131,cz4,cz4
r0003750,43137,cz4,cz4
r0003751,43142,cz4,cz4
r0003752,43148,cz4,cz4
r0003753,43153,cz4,cz4
r0003754,43159,cz4,cz4
r0003755,43164,cz4,cz4
r0003756,43170,cz4,cz4
r0003757,43175,cz4,cz4
r0003758,43180,cz4,cz4
r0003759,43186,cz4,cz4
r0003760,43191,cz4,cz4
r0003761,43197,cz4,cz4
r0003762,43202,cz1,cz1
r0003763,43207,cz1,cz1
r0003764,43213,cz1,cz1
r0003765,43218,cz1,cz1
r0003766,43223,cz1,cz1
r0003767,43228,cz1,cz1
r0003768,43234,cz1,cz1
r0003769,43239,cz1,cz1
r0003770,43244,cz1,cz1
r0003771,43250,cz1,cz1
r0003772,43255,cz1,cz1
r0003773,43260,cz1,cz1
r0003774,43265,cz1,cz1
r0003775,43271,cz1,cz1
r0003776,43276,cz1,cz1
r0003777,43281,cz1,cz1
r0003778,43286,cz1,cz1
r0003779,43292,cz1,cz1
r0003780,43297,cz1,cz1
r0003781,43302,cz1,cz1
r0003782,43307,cz1,cz1
r0003783,43313,cz1,cz1
r0003784,43318,cz1,cz1
r0003785,43323,cz1,cz1
r0003786,43328,cz1,cz1
r0003787,43334,cz1,cz1
r0003788,43339,cz1,cz1
r0003789,43344,cz1,cz1
r0003790,43350,cz1,cz1
r0003791,43355,cz1,cz1
r0003792,43360,cz1,cz1
r0003793,43365,cz1,cz1
r0003794,43371,cz1,cz1
r0003795,43376,cz1,cz1
r0003796,43381,cz1,cz1
r0003797,43386,cz1,cz1
r0003798,43392,cz1,cz1
r0003799,43397,cz1,cz1
r0003800,43402,cz1,cz1
r0003801,43407,cz1,cz1
r0003802,43413,cz1,cz1
r0003803,43418,cz1,cz1
r0003804,43423,cz1,cz1
r0003805,43428,cz1,cz1
r0003806,43434,cz1,cz1
r0003807,43439,cz1,cz1
r0003808,43444,cz1,cz1
r0003809,43450,cz1,cz1
r0003810,43455,cz1,cz1
r0003811,43460,cz1,cz1
r0003812,43465,cz1,cz1
r0003813,43471,cz1,cz1
r0003814,43476,cz1,cz1
r0003815,43481,cz1,cz1
r0003816,43486,cz1,cz1
r0003817,43492,cz1,cz2
r0003818,43497,cz1,cz2
r0003819,43502,cz1,cz2
r0003820,43507,cz1,cz2
r0003821,43513,cz1,cz2
r0003822,43518,cz1,cz2
r0003823,43523,cz1,cz2
r0003824,43528,cz1,cz2
r0003825,43534,cz1,cz2
r0003826,43539,cz1,cz2
r0003827,43544,cz1,cz2
r0003828,43550,cz1,cz2
r0003829,43555,cz1,cz2
r0003830,43560,cz1,cz2
r0003831,43565,cz1,cz2
r0003832,43571,cz1,cz2
r0003833,43576,cz1,cz2
r0003834,43581,cz1,cz2
r0003835,43586,cz1,cz2
r0003836,43592,cz1,cz2
r0003837,43597,cz1,cz2
r0003838,43602,cz1,cz2
r0003839,43607,cz1,cz2
r0003840,43613,cz1,cz2
r0003841,43618,cz1,cz2
r0003842,43623,cz1,cz2
r0003843,43628,cz1,cz2
r0003844,43634,cz1,cz2
r0003845,43639,cz1,cz2
r0003846,43644,cz1,cz2
r0003847,43650,cz1,cz2
r0003848,43655,cz1,cz2
r0003849,43660,cz1,cz2
r0003850,43665,cz1,cz2
r0003851,43671,cz1,cz2
r0003852,43676,cz1,cz2
r0003853,43681,cz1,cz2
r0003854,43686,cz1,cz2
r0003855,43692,cz1,cz2
r0003856,43697,cz1,cz2
r0003857,43702,cz1,cz2
r0003858,43707,cz1,cz2
r0003859,43713,cz1,cz3
r0003860,43718,cz1,cz3
r0003861,43723,cz1,cz3
r0003862,43728,cz1,cz3
r0003863,43734,cz1,cz3
r0003864,43739,cz1,cz3
r0003865,43744,cz1,cz3
r0003866,43750,cz1,cz3
r0003867,43755,cz1,cz3
r0003868,43760,cz1,cz3
r0003869,43765,cz1,cz3
r0003870,43771,cz1,cz3
r0003871,43776,cz1,cz3
r0003872,43781,cz1,cz3
r0003873,43786,cz1,cz3
r0003874,43792,cz1,cz3
r0003875,43797,cz1,cz3
r0003876,43802,cz1,cz3
r0003877,43807,cz1,cz3
r0003878,43813,cz1,cz3
r0003879,43818,cz1,cz3
r0003880,43823,cz1,cz3
r0003881,43828,cz1,cz3
r0003882,43834,cz1,cz3
r0003883,43839,cz1,cz3
r0003884,43844,cz1,cz3
r0003885,43850,cz1,cz3
r0003886,43855,cz1,cz3
r0003887,43860,cz1,cz3
r0003888,43865,cz1,cz3
r0003889,43871,cz1,cz3
r0003890,43876,cz1,cz3
r0003891,43881,cz1,cz3
r0003892,43886,cz1,cz3
r0003893,43892,cz1,cz3
r0003894,43897,cz1,cz3
r0003895,43902,cz1,cz3
r0003896,43907,cz1,cz3
r0003897,43913,cz1,cz3
r0003898,43918,cz1,cz3
r0003899,43923,cz1,cz3
r0003900,43928,cz1,cz3
r0003901,43934,cz1,cz3
r0003902,43939,cz1,cz3
r0003903,43944,cz1,cz3
r0003904,43950,cz1,cz3
r0003905,43955,cz1,cz3
r0003906,43960,cz1,cz3
r0003907,43965,cz1,cz3
r0003908,43971,cz1,cz3
r0003909,43976,cz1,cz3
r0003910,43981,cz1,cz3
r0003911,43986,cz1,cz3
r0003912,43992,cz1,cz3
r0003913,43997,cz1,cz3
r0003914,44002,cz1,cz3
r0003915,44007,cz1,cz3
r0003916,44013,cz1,cz4
r0003917,44018,cz1,cz4
r0003918,44023,cz1,cz4
r0003919,44028,cz1,cz4
r0003920,44034,cz1,cz4
r0003921,44039,cz1,cz4
r0003922,44044,cz1,cz4
r0003923,44050,cz1,cz4
r0003924,44055,cz1,cz4
r0003925,44060,cz1,cz4
r0003926,44065,cz1,cz4
r0003927,44071,cz1,cz4
r0003928,44076,cz1,cz4
r0003929,44081,cz1,cz4
r0003930,44086,cz1,cz4
r0003931,44092,cz1,cz4
r0003932,44097,cz1,cz4
r0003933,44102,cz1,cz4
r0003934,44107,cz1,cz4
r0003935,44113,cz1,cz4
r0003936,44118,cz1,cz4
r0003937,44123,cz1,cz4
r0003938,44128,cz1,cz4
r0003939,44134,cz1,cz4
r0003940,44139,cz1,cz4
r0003941,44144,cz1,cz4
r0003942,44150,cz1,cz4
r0003943,44155,cz1,cz4
r0003944,44160,cz1,cz4
r0003945,44165,cz1,cz4
r0003946,44171,cz1,cz4
r0003947,44176,cz1,cz4
r0003948,44181,cz1,cz4
r0003949,44186,cz1,cz4
r0003950,44192,cz1,cz4
r0003951,44197,cz1,cz4
r0003952,44202,cz1,cz4
r0003953,44207,cz1,cz4
r0003954,44213,cz1,cz4
r0003955,44218,cz2,cz1
r0003956,44223,cz2,cz1
r0003957,44228,cz2,cz1
r0003958,44234,cz2,cz1
r0003959,44239,cz2,cz1
r0003960,44244,cz2,cz1
r0003961,44250,cz2,cz1
r0003962,44255,cz2,cz1
r0003963,44260,cz2,cz1
r0003964,44265,cz2,cz1
r0003965,44271,cz2,cz1
r0003966,44276,cz2,cz1
r0003967,44281,cz2,cz1
r0003968,44286,cz2,cz1
r0003969,44292,cz2,cz1
r0003970,44297,cz2,cz1
r0003971,44302,cz2,cz1
r0003972,44307,cz2,cz1
r0003973,44313,cz2,cz1
r0003974,44318,cz2,cz1
r0003975,44323,cz2,cz1
r0003976,44328,cz2,cz1
r0003977,44334,cz2,cz1
r0003978,44339,cz2,cz1
r0003979,44344,cz2,cz1
r0003980,44350,cz2,cz1
r0003981,44355,cz2,cz1
r0003982,44360,cz2,cz1
r0003983,44365,cz2,cz1
r0003984,44371,cz2,cz1
r0003985,44376,cz2,cz1
r0003986,44381,cz2,cz1
r0003987,44386,cz2,cz1
r0003988,44392,cz2,cz1
r0003989,44397,cz2,cz1
r0003990,44402,cz2,cz1
r0003991,44407,cz2,cz1
r0003992,44413,cz2,cz1
r0003993,44418,cz2,cz1
r0003994,44423,cz2,cz1
r0003995,44428,cz2,cz1
r0003996,44434,cz2,cz1
r0003997,44439,cz2,cz1
r0003998,44444,cz2,cz2
r0003999,44450,cz2,cz2
r0004000,44455,cz2,cz2
r0004001,44460,cz2,cz2
r0004002,44465,cz2,cz2
r0004003,44471,cz2,cz2
r0004004,44476,cz2,cz2
r0004005,44481,cz2,cz2
r0004006,44486,cz2,cz2
r0004007,44492,cz2,cz2
r0004008,44497,cz2,cz2
r0004009,44502,cz2,cz2
r0004010,44507,cz2,cz2
r0004011,44513,cz2,cz2
r0004012,44518,cz2,cz2
r0004013,44523,cz2,cz2
r0004014,44528,cz2,cz2
r0004015,44534,cz2,cz2
r0004016,44539,cz2,cz2
r0004017,44544,cz2,cz2
r0004018,44550,cz2,cz2
r0004019,44555,cz2,cz2
r0004020,44560,cz2,cz2
r0004021,44565,cz2,cz2
r0004022,44571,cz2,cz2
r0004023,44576,cz2,cz2
r0004024,44581,cz2,cz2
r0004025,44586,cz2,cz2
r0004026,44592,cz2,cz2
r0004027,44597,cz2,cz2
r0004028,44602,cz2,cz2
r0004029,44607,cz2,cz2
r0004030,44613,cz2,cz2
r0004031,44618,cz2,cz2
r0004032,44623,cz2,cz2
r0004033,44628,cz2,cz2
r0004034,44634,cz2,cz2
r0004035,44639,cz2,cz2
r0004036,44644,cz2,cz2
r0004037,44650,cz2,cz2
r0004038,44655,cz2,cz2
r0004039,44660,cz2,cz3
r0004040,44665,cz2,cz3
r0004041,44671,cz2,cz3
r0004042,44676,cz2,cz3
r0004043,44681,cz2,cz3
r0004044,44686,cz2,cz3
r0004045,44692,cz2,cz3
r0004046,44697,cz2,cz3
r0004047,44702,cz2,cz3
r0004048,44707,cz2,cz3
r0004049,44713,cz2,cz3
r0004050,44718,cz2,cz3
r0004051,44723,cz2,cz3
r0004052,44728,cz2,cz3
r0004053,44734,cz2,cz3
r0004054,44739,cz2,cz3
r0004055,44744,cz2,cz3
r0004056,44750,cz2,cz3
r0004057,44755,cz2,cz3
r0004058,44760,cz2,cz3
r0004059,44765,cz2,cz3
r0004060,44771,cz2,cz3
r0004061,44776,cz2,cz3
r0004062,44781,cz2,cz3
r0004063,44786,cz2,cz3
r0004064,44792,cz2,cz3
r0004065,44797,cz2,cz3
r0004066,44802,cz2,cz3
r0004067,44807,cz2,cz3
r0004068,44813,cz2,cz3
r0004069,44818,cz2,cz3
r0004070,44823,cz2,cz3
r0004071,44828,cz2,cz3
r0004072,44834,cz2,cz3
r0004073,44839,cz2,cz3
r0004074,44844,cz2,cz3
r0004075,44850,cz2,cz3
r0004076,44855,cz2,cz3
r0004077,44860,cz2,cz3
r0004078,44865,cz2,cz3
r0004079,44871,cz2,cz3
r0004080,44876,cz2,cz4
r0004081,44881,cz2,cz4
r0004082,44886,cz2,cz4
r0004083,44892,cz2,cz4
r0004084,44897,cz2,cz4
r0004085,44902,cz2,cz4
r0004086,44907,cz2,cz4
r0004087,44913,cz2,cz4
r0004088,44918,cz2,cz4
r0004089,44923,cz2,cz4
r0004090,44928,cz2,cz4
r0004091,44934,cz2,cz4
r0004092,44939,cz2,cz4
r0004093,44944,cz2,cz4
r0004094,44950,cz2,cz4
r0004095,44955,cz2,cz4
r0004096,44960,cz2,cz4
r0004097,44965,cz2,cz4
r0004098,44971,cz2,cz4
r0004099,44976,cz2,cz4
r0004100,44981,cz2,cz4
r0004101,44986,cz2,cz4
r0004102,44992,cz2,cz4
r0004103,44997,cz2,cz4
r0004104,45002,cz2,cz4
r0004105,45007,cz2,cz4
r0004106,45013,cz2,cz4
r0004107,45018,cz2,cz4
r0004108,45023,cz2,cz4
r0004109,45028,cz2,cz4
r0004110,45034,cz3,cz1
r0004111,45039,cz3,cz1
r0004112,45044,cz3,cz1
r0004113,45049,cz3,cz1
r0004114,45055,cz3,cz1
r0004115,45060,cz3,cz1
r0004116,45065,cz3,cz1
r0004117,45071,cz3,cz1
r0004118,45076,cz3,cz1
r0004119,45081,cz3,cz1
r0004120,45086,cz3,cz1
r0004121,45092,cz3,cz1
r0004122,45097,cz3,cz1
r0004123,45102,cz3,cz1
r0004124,45107,cz3,cz1
r0004125,45113,cz3,cz1
r0004126,45118,cz3,cz1
r0004127,45123,cz3,cz1
r0004128,45128,cz3,cz1
r0004129,45134,cz3,cz1
r0004130,45139,cz3,cz1
r0004131,45144,cz3,cz1
r0004132,45149,cz3,cz1
r0004133,45155,cz3,cz1
r0004134,45160,cz3,cz1
r0004135,45165,cz3,cz1
r0004136,45171,cz3,cz1
r0004137,45176,cz3,cz1
r0004138,45181,cz3,cz1
r0004139,45186,cz3,cz1
r0004140,45192,cz3,cz1
r0004141,45197,cz3,cz1
r0004142,45202,cz3,cz1
r0004143,45207,cz3,cz1
r0004144,45213,cz3,cz1
r0004145,45218,cz3,cz1
r0004146,45223,cz3,cz1
r0004147,45228,cz3,cz1
r0004148,45234,cz3,cz1
r0004149,45239,cz3,cz1
r0004150,45244,cz3,cz1
r0004151,45250,cz3,cz1
r0004152,45255,cz3,cz1
r0004153,45260,cz3,cz1
r0004154,45265,cz3,cz1
r0004155,45271,cz3,cz1
r0004156,45276,cz3,cz1
r0004157,45281,cz3,cz1
r0004158,45286,cz3,cz1
r0004159,45292,cz3,cz1
r0004160,45297,cz3,cz1
r0004161,45302,cz3,cz1
r0004162,45307,cz3,cz1
r0004163,45313,cz3,cz1
r0004164,45318,cz3,cz1
r0004165,45323,cz3,cz1
r0004166,45328,cz3,cz2
r0004167,45334,cz3,cz2
r0004168,45339,cz3,cz2
r0004169,45344,cz3,cz2
r0004170,45350,cz3,cz2
r0004171,45355,cz3,cz2
r0004172,45360,cz3,cz2
r0004173,45365,cz3,cz2
r0004174,45371,cz3,cz2
r0004175,45376,cz3,cz2
r0004176,45381,cz3,cz2
r0004177,45386,cz3,cz2
r0004178,45392,cz3,cz2
r0004179,45397,cz3,cz2
r0004180,45402,cz3,cz2
r0004181,45407,cz3,cz2
r0004182,45413,cz3,cz2
r0004183,45418,cz3,cz2
r0004184,45423,cz3,cz2
r0004185,45428,cz3,cz2
r0004186,45434,cz3,cz2
r0004187,45439,cz3,cz2
r0004188,45444,cz3,cz2
r0004189,45450,cz3,cz2
r0004190,45455,cz3,cz2
r0004191,45460,cz3,cz2
r0004192,45465,cz3,cz2
r0004193,45471,cz3,cz2
r0004194,45476,cz3,cz2
r0004195,45481,cz3,cz2
r0004196,45486,cz3,cz2
r0004197,45492,cz3,cz2
r0004198,45497,cz3,cz2
r0004199,45502,cz3,cz2
r0004200,45507,cz3,cz2
r0004201,45513,cz3,cz2
r0004202,45518,cz3,cz2
r0004203,45523,cz3,cz2
r0004204,45528,cz3,cz2
r0004205,45534,cz3,cz2
r0004206,45539,cz3,cz3
r0004207,45544,cz3,cz3
r0004208,45550,cz3,cz3
r0004209,45555,cz3,cz3
r0004210,45560,cz3,cz3
r0004211,45565,cz3,cz3
r0004212,45571,cz3,cz3
r0004213,45576,cz3,cz3
r0004214,45581,cz3,cz3
r0004215,45586,cz3,cz3
r0004216,45592,cz3,cz3
r0004217,45597,cz3,cz3
r0004218,45602,cz3,cz3
r0004219,45607,cz3,cz3
r0004220,45613,cz3,cz3
r0004221,45618,cz3,cz3
r0004222,45623,cz3,cz3
r0004223,45628,cz3,cz3
r0004224,45634,cz3,cz3
r0004225,45639,cz3,cz3
r0004226,45644,cz3,cz3
r0004227,45650,cz3,cz3
r0004228,45655,cz3,cz3
r0004229,45660,cz3,cz3
r0004230,45665,cz3,cz3
r0004231,45671,cz3,cz3
r0004232,45676,cz3,cz3
r0004233,45681,cz3,cz3
r0004234,45686,cz3,cz3
r0004235,45692,cz3,cz3
r0004236,45697,cz3,cz3
r0004237,45702,cz3,cz3
r0004238,45707,cz3,cz3
r0004239,45713,cz3,cz3
r0004240,45718,cz3,cz3
r0004241,45723,cz3,cz3
r0004242,45728,cz3,cz3
r0004243,45734,cz3,cz3
r0004244,45739,cz3,cz3
r0004245,45744,cz3,cz3
r0004246,45750,cz3,cz3
r0004247,45755,cz3,cz3
r0004248,45760,cz3,cz3
r0004249,45765,cz3,cz3
r0004250,45771,cz3,cz3
r0004251,45776,cz3,cz3
r0004252,45781,cz3,cz3
r0004253,45786,cz3,cz3
r0004254,45792,cz3,cz3
r0004255,45797,cz3,cz3
r0004256,45802,cz3,cz3
r0004257,45807,cz3,cz3
r0004258,45813,cz3,cz3
r0004259,45818,cz3,cz3
r0004260,45823,cz3,cz3
r0004261,45828,cz3,cz3
r0004262,45834,cz3,cz3
r0004263,45839,cz3,cz3
r0004264,45844,cz3,cz3
r0004265,45850,cz3,cz3
r0004266,45855,cz3,cz4
r0004267,45860,cz3,cz4
r0004268,45865,cz3,cz4
r0004269,45871,cz3,cz4
r0004270,45876,cz3,cz4
r0004271,45881,cz3,cz4
r0004272,45886,cz3,cz4
r0004273,45892,cz3,cz4
r0004274,45897,cz3,cz4
r0004275,45902,cz3,cz4
r0004276,45907,cz3,cz4
r0004277,45913,cz3,cz4
r0004278,45918,cz3,cz4
r0004279,45923,cz3,cz4
r0004280,45928,cz3,cz4
r0004281,45934,cz3,cz4
r0004282,45939,cz3,cz4
r0004283,45944,cz3,cz4
r0004284,45950,cz3,cz4
r0004285,45955,cz3,cz4
r0004286,45960,cz3,cz4
r0004287,45965,cz3,cz4
r0004288,45971,cz3,cz4
r0004289,45976,cz3,cz4
r0004290,45981,cz3,cz4
r0004291,45986,cz3,cz4
r0004292,45992,cz3,cz4
r0004293,45997,cz3,cz4
r0004294,46002,cz3,cz4
r0004295,46007,cz3,cz4
r0004296,46013,cz3,cz4
r0004297,46018,cz3,cz4
r0004298,46023,cz3,cz4
r0004299,46028,cz3,cz4
r0004300,46034,cz3,cz4
r0004301,46039,cz3,cz4
r0004302,46044,cz3,cz4
r0004303,46050,cz3,cz4
r0004304,46055,cz3,cz4
r0004305,46060,cz3,cz4
r0004306,46065,cz4,cz1
r0004307,46071,cz4,cz1
r0004308,46076,cz4,cz1
r0004309,46081,cz4,cz1
r0004310,46086,cz4,cz1
r0004311,46092,cz4,cz1
r0004312,46097,cz4,cz1
r0004313,46102,cz4,cz1
r0004314,46107,cz4,cz1
r0004315,46113,cz4,cz1
r0004316,46118,cz4,cz1
r0004317,46123,cz4,cz1
r0004318,46128,cz4,cz1
r0004319,46134,cz4,cz1
r0004320,46139,cz4,cz1
r0004321,46144,cz4,cz1
r0004322,46150,cz4,cz1
r0004323,46155,cz4,cz1
r0004324,46160,cz4,cz1
r0004325,46165,cz4,cz1
r0004326,46171,cz4,cz1
r0004327,46176,cz4,cz1
r0004328,46181,cz4,cz1
r0004329,46186,cz4,cz1
r0004330,46192,cz4,cz1
r0004331,46197,cz4,cz1
r0004332,46202,cz4,cz1
r0004333,46207,cz4,cz1
r0004334,46213,cz4,cz1
r0004335,46218,cz4,cz1
r0004336,46223,cz4,cz1
r0004337,46228,cz4,cz1
r0004338,46234,cz4,cz1
r0004339,46239,cz4,cz1
r0004340,46244,cz4,cz1
r0004341,46250,cz4,cz1
r0004342,46255,cz4,cz1
r0004343,46260,cz4,cz1
r0004344,46265,cz4,cz1
r0004345,46271,cz4,cz1
r0004346,46276,cz4,cz2
r0004347,46281,cz4,cz2
r0004348,46286,cz4,cz2
r0004349,46292,cz4,cz2
r0004350,46297,cz4,cz2
r0004351,46302,cz4,cz2
r0004352,46307,cz4,cz2
r0004353,46313,cz4,cz2
r0004354,46318,cz4,cz2
r0004355,46323,cz4,cz2
r0004356,46328,cz4,cz2
r0004357,46334,cz4,cz2
r0004358,46339,cz4,cz2
r0004359,46344,cz4,cz2
r0004360,46350,cz4,cz2
r0004361,46355,cz4,cz2
r0004362,46360,cz4,cz2
r0004363,46365,cz4,cz2
r0004364,46371,cz4,cz2
r0004365,46376,cz4,cz2
r0004366,46381,cz4,cz2
r0004367,46386,cz4,cz2
r0004368,46392,cz4,cz2
r0004369,46397,cz4,cz2
r0004370,46402,cz4,cz2
r0004371,46407,cz4,cz2
r0004372,46413,cz4,cz2
r0004373,46418,cz4,cz2
r0004374,46423,cz4,cz2
r0004375,46428,cz4,cz2
r0004376,46434,cz4,cz3
r0004377,46439,cz4,cz3
r0004378,46444,cz4,cz3
r0004379,46450,cz4,cz3
r0004380,46455,cz4,cz3
r0004381,46460,cz4,cz3
r0004382,46465,cz4,cz3
r0004383,46471,cz4,cz3
r0004384,46476,cz4,cz3
r0004385,46481,cz4,cz3
r0004386,46486,cz4,cz3
r0004387,46492,cz4,cz3
r0004388,46497,cz4,cz3
r0004389,46502,cz4,cz3
r0004390,46507,cz4,cz3
r0004391,46513,cz4,cz3
r0004392,46518,cz4,cz3
r0004393,46523,cz4,cz3
r0004394,46528,cz4,cz3
r0004395,46534,cz4,cz3
r0004396,46539,cz4,cz3
r0004397,46544,cz4,cz3
r0004398,46550,cz4,cz3
r0004399,46555,cz4,cz3
r0004400,46560,cz4,cz3
r0004401,46565,cz4,cz3
r0004402,46571,cz4,cz3
r0004403,46576,cz4,cz3
r0004404,46581,cz4,cz3
r0004405,46586,cz4,cz3
r0004406,46592,cz4,cz3
r0004407,46597,cz4,cz3
r0004408,46602,cz4,cz3
r0004409,46607,cz4,cz3
r0004410,46613,cz4,cz3
r0004411,46618,cz4,cz3
r0004412,46623,cz4,cz3
r0004413,46628,cz4,cz3
r0004414,46634,cz4,cz3
r0004415,46639,cz4,cz3
r0004416,46644,cz4,cz3
r0004417,46650,cz4,cz3
r0004418,46655,cz4,cz4
r0004419,46660,cz4,cz4
r0004420,46665,cz4,cz4
r0004421,46671,cz4,cz4
r0004422,46676,cz4,cz4
r0004423,46681,cz4,cz4
r0004424,46686,cz4,cz4
r0004425,46692,cz4,cz4
r0004426,46697,cz4,cz4
r0004427,46702,cz4,cz4
r0004428,46707,cz4,cz4
r0004429,46713,cz4,cz4
r0004430,46718,cz4,cz4
r0004431,46723,cz4,cz4
r0004432,46728,cz4,cz4
r0004433,46734,cz4,cz4
r0004434,46739,cz4,cz4
r0004435,46744,cz4,cz4
r0004436,46750,cz4,cz4
r0004437,46755,cz4,cz4
r0004438,46760,cz4,cz4
r0004439,46765,cz4,cz4
r0004440,46771,cz4,cz4
r0004441,46776,cz4,cz4
r0004442,46781,cz4,cz4
r0004443,46786,cz4,cz4
r0004444,46792,cz4,cz4
r0004445,46797,cz4,cz4
r0004446,46802,cz1,cz1
r0004447,46807,cz1,cz1
r0004448,46813,cz1,cz1
r0004449,46818,cz1,cz1
r0004450,46823,cz1,cz1
r0004451,46828,cz1,cz1
r0004452,46834,cz1,cz1
r0004453,46839,cz1,cz1
r0004454,46844,cz1,cz1
r0004455,46849,cz1,cz1
r0004456,46854,cz1,cz1
r0004457,46860,cz1,cz1
r0004458,46865,cz1,cz1
r0004459,46870,cz1,cz1
r0004460,46875,cz1,cz1
r0004461,46881,cz1,cz1
r0004462,46886,cz1,cz1
r0004463,46891,cz1,cz1
r0004464,46896,cz1,cz1
r0004465,46902,cz1,cz1
r0004466,46907,cz1,cz1
r0004467,46912,cz1,cz1
r0004468,46917,cz1,cz1
r0004469,46922,cz1,cz1
r0004470,46928,cz1,cz1
r0004471,46933,cz1,cz1
r0004472,46938,cz1,cz1
r0004473,46943,cz1,cz1
r0004474,46949,cz1,cz1
r0004475,46954,cz1,cz1
r0004476,46959,cz1,cz1
r0004477,46964,cz1,cz1
r0004478,46970,cz1,cz1
r0004479,46975,cz1,cz1
r0004480,46980,cz1,cz1
r0004481,46985,cz1,cz1
r0004482,46990,cz1,cz1
r0004483,46996,cz1,cz1
r0004484,47001,cz1,cz1
r0004485,47006,cz1,cz1
r0004486,47011,cz1,cz1
r0004487,47017,cz1,cz1
r0004488,47022,cz1,cz1
r0004489,47027,cz1,cz1
r0004490,47032,cz1,cz1
r0004491,47038,cz1,cz1
r0004492,47043,cz1,cz1
r0004493,47048,cz1,cz1
r0004494,47053,cz1,cz1
r0004495,47059,cz1,cz1
r0004496,47064,cz1,cz1
r0004497,47069,cz1,cz1
r0004498,47074,cz1,cz1
r0004499,47079,cz1,cz1
r0004500,47085,cz1,cz1
r0004501,47090,cz1,cz2
r0004502,47095,cz1,cz2
r0004503,47100,cz1,cz2
r0004504,47106,cz1,cz2
r0004505,47111,cz1,cz2
r0004506,47116,cz1,cz2
r0004507,47121,cz1,cz2
r0004508,47127,cz1,cz2
r0004509,47132,cz1,cz2
r0004510,47137,cz1,cz2
r0004511,47142,cz1,cz2
r0004512,47147,cz1,cz2
r0004513,47153,cz1,cz2
r0004514,47158,cz1,cz2
r0004515,47163,cz1,cz2
r0004516,47168,cz1,cz2
r0004517,47174,cz1,cz2
r0004518,47179,cz1,cz2
r0004519,47184,cz1,cz2
r0004520,47189,cz1,cz2
r0004521,47195,cz1,cz2
r0004522,47200,cz1,cz2
r0004523,47205,cz1,cz2
r0004524,47210,cz1,cz2
r0004525,47215,cz1,cz2
r0004526,47221,cz1,cz2
r0004527,47226,cz1,cz2
r0004528,47231,cz1,cz2
r0004529,47236,cz1,cz2
r0004530,47242,cz1,cz2
r0004531,47247,cz1,cz2
r0004532,47252,cz1,cz2
r0004533,47257,cz1,cz2
r0004534,47263,cz1,cz2
r0004535,47268,cz1,cz2
r0004536,47273,cz1,cz2
r0004537,47278,cz1,cz2
r0004538,47284,cz1,cz2
r0004539,47289,cz1,cz2
r0004540,47294,cz1,cz2
r0004541,47299,cz1,cz2
r0004542,47304,cz1,cz2
r0004543,47310,cz1,cz3
r0004544,47315,cz1,cz3
r0004545,47320,cz1,cz3
r0004546,47325,cz1,cz3
r0004547,47331,cz1,cz3
r0004548,47336,cz1,cz3
r0004549,47341,cz1,cz3
r0004550,47346,cz1,cz3
r0004551,47352,cz1,cz3
r0004552,47357,cz1,cz3
r0004553,47362,cz1,cz3
r0004554,47367,cz1,cz3
r0004555,47372,cz1,cz3
r0004556,47378,cz1,cz3
r0004557,47383,cz1,cz3
r0004558,47388,cz1,cz3
r0004559,47393,cz1,cz3
r0004560,47399,cz1,cz3
r0004561,47404,cz1,cz3
r0004562,47409,cz1,cz3
r0004563,47414,cz1,cz3
r0004564,47420,cz1,cz3
r0004565,47425,cz1,cz3
r0004566,47430,cz1,cz3
r0004567,47435,cz1,cz3
r0004568,47440,cz1,cz3
r0004569,47446,cz1,cz3
r0004570,47451,cz1,cz3
r0004571,47456,cz1,cz3
r0004572,47461,cz1,cz3
r0004573,47467,cz1,cz3
r0004574,47472,cz1,cz3
r0004575,47477,cz1,cz3
r0004576,47482,cz1,cz3
r0004577,47488,cz1,cz3
r0004578,47493,cz1,cz3
r0004579,47498,cz1,cz3
r0004580,47503,cz1,cz3
r0004581,47509,cz1,cz3
r0004582,47514,cz1,cz3
r0004583,47519,cz1,cz3
r0004584,47524,cz1,cz3
r0004585,47529,cz1,cz3
r0004586,47535,cz1,cz3
r0004587,47540,cz1,cz3
r0004588,47545,cz1,cz3
r0004589,47550,cz1,cz3
r0004590,47556,cz1,cz3
r0004591,47561,cz1,cz3
r0004592,47566,cz1,cz3
r0004593,47571,cz1,cz3
r0004594,47577,cz1,cz3
r0004595,47582,cz1,cz3
r0004596,47587,cz1,cz3
r0004597,47592,cz1,cz3
r0004598,47597,cz1,cz3
r0004599,47603,cz1,cz3
r0004600,47608,cz1,cz4
r0004601,47613,cz1,cz4
r0004602,47618,cz1,cz4
r0004603,47624,cz1,cz4
r0004604,47629,cz1,cz4
r0004605,47634,cz1,cz4
r0004606,47639,cz1,cz4
r0004607,47645,cz1,cz4
r0004608,47650,cz1,cz4
r0004609,47655,cz1,cz4
r0004610,47660,cz1,cz4
r0004611,47665,cz1,cz4
r0004612,47671,cz1,cz4
r0004613,47676,cz1,cz4
r0004614,47681,cz1,cz4
r0004615,47686,cz1,cz4
r0004616,47692,cz1,cz4
r0004617,47697,cz1,cz4
r0004618,47702,cz1,cz4
r0004619,47707,cz1,cz4
r0004620,47713,cz1,cz4
r0004621,47718,cz1,cz4
r0004622,47723,cz1,cz4
r0004623,47728,cz1,cz4
r0004624,47734,cz1,cz4
r0004625,47739,cz1,cz4
r0004626,47744,cz1,cz4
r0004627,47749,cz1,cz4
r0004628,47754,cz1,cz4
r0004629,47760,cz1,cz4
r0004630,47765,cz1,cz4
r0004631,47770,cz1,cz4
r0004632,47775,cz1,cz4
r0004633,47781,cz1,cz4
r0004634,47786,cz1,cz4
r0004635,47791,cz1,cz4
r0004636,47796,cz1,cz4
r0004637,47802,cz1,cz4
r0004638,47807,cz1,cz4
r0004639,47812,cz2,cz1
r0004640,47817,cz2,cz1
r0004641,47822,cz2,cz1
r0004642,47828,cz2,cz1
r0004643,47833,cz2,cz1
r0004644,47838,cz2,cz1
r0004645,47843,cz2,cz1
r0004646,47849,cz2,cz1
r0004647,47854,cz2,cz1
r0004648,47859,cz2,cz1
r0004649,47864,cz2,cz1
r0004650,47870,cz2,cz1
r0004651,47875,cz2,cz1
r0004652,47880,cz2,cz1
r0004653,47885,cz2,cz1
r0004654,47890,cz2,cz1
r0004655,47896,cz2,cz1
r0004656,47901,cz2,cz1
r0004657,47906,cz2,cz1
r0004658,47911,cz2,cz1
r0004659,47917,cz2,cz1
r0004660,47922,cz2,cz1
r0004661,47927,cz2,cz1
r0004662,47932,cz2,cz1
r0004663,47938,cz2,cz1
r0004664,47943,cz2,cz1
r0004665,47948,cz2,cz1
r0004666,47953,cz2,cz1
r0004667,47959,cz2,cz1
r0004668,47964,cz2,cz1
r0004669,47969,cz2,cz1
r0004670,47974,cz2,cz1
r0004671,47979,cz2,cz1
r0004672,47985,cz2,cz1
r0004673,47990,cz2,cz1
r0004674,47995,cz2,cz1
r0004675,48000,cz2,cz1
r0004676,48006,cz2,cz1
r0004677,48011,cz2,cz1
r0004678,48016,cz2,cz1
r0004679,48021,cz2,cz1
r0004680,48027,cz2,cz1
r0004681,48032,cz2,cz1
r0004682,48037,cz2,cz2
r0004683,48042,cz2,cz2
r0004684,48047,cz2,cz2
r0004685,48053,cz2,cz2
r0004686,48058,cz2,cz2
r0004687,48063,cz2,cz2
r0004688,48068,cz2,cz2
r0004689,48074,cz2,cz2
r0004690,48079,cz2,cz2
r0004691,48084,cz2,cz2
r0004692,48089,cz2,cz2
r0004693,48095,cz2,cz2
r0004694,48100,cz2,cz2
r0004695,48105,cz2,cz2
r0004696,48110,cz2,cz2
r0004697,48115,cz2,cz2
r0004698,48121,cz2,cz2
r0004699,48126,cz2,cz2
r0004700,48131,cz2,cz2
r0004701,48136,cz2,cz2
r0004702,48142,cz2,cz2
r0004703,48147,cz2,cz2
r0004704,48152,cz2,cz2
r0004705,48157,cz2,cz2
r0004706,48163,cz2,cz2
r0004707,48168,cz2,cz2
r0004708,48173,cz2,cz2
r0004709,48178,cz2,cz2
r0004710,48184,cz2,cz2
r0004711,48189,cz2,cz2
r0004712,48194,cz2,cz2
r0004713,48199,cz2,cz2
r0004714,48204,cz2,cz2
r0004715,48210,cz2,cz2
r0004716,48215,cz2,cz2
r0004717,48220,cz2,cz2
r0004718,48225,cz2,cz2
r0004719,48231,cz2,cz2
r0004720,48236,cz2,cz2
r0004721,48241,cz2,cz2
r0004722,48246,cz2,cz2
r0004723,48252,cz2,cz2
r0004724,48257,cz2,cz3
r0004725,48262,cz2,cz3
r0004726,48267,cz2,cz3
r0004727,48272,cz2,cz3
r0004728,48278,cz2,cz3
r0004729,48283,cz2,cz3
r0004730,48288,cz2,cz3
r0004731,48293,cz2,cz3
r0004732,48299,cz2,cz3
r0004733,48304,cz2,cz3
r0004734,48309,cz2,cz3
r0004735,48314,cz2,cz3
r0004736,48320,cz2,cz3
r0004737,48325,cz2,cz3
r0004738,48330,cz2,cz3
r0004739,48335,cz2,cz3
r0004740,48340,cz2,cz3
r0004741,48346,cz2,cz3
r0004742,48351,cz2,cz3
r0004743,48356,cz2,cz3
r0004744,48361,cz2,cz3
r0004745,48367,cz2,cz3
r0004746,48372,cz2,cz3
r0004747,48377,cz2,cz3
r0004748,48382,cz2,cz3
r0004749,48388,cz2,cz3
r0004750,48393,cz2,cz3
r0004751,48398,cz2,cz3
r0004752,48403,cz2,cz3
r0004753,48409,cz2,cz3
r0004754,48414,cz2,cz3
r0004755,48419,cz2,cz3
r0004756,48424,cz2,cz3
r0004757,48429,cz2,cz3
r0004758,48435,cz2,cz3
r0004759,48440,cz2,cz3
r0004760,48445,cz2,cz3
r0004761,48450,cz2,cz3
r0004762,48456,cz2,cz3
r0004763,48461,cz2,cz3
r0004764,48466,cz2,cz3
r0004765,48471,cz2,cz3
r0004766,48477,cz2,cz4
r0004767,48482,cz2,cz4
r0004768,48487,cz2,cz4
r0004769,48492,cz2,cz4
r0004770,48497,cz2,cz4
r0004771,48503,cz2,cz4
r0004772,48508,cz2,cz4
r0004773,48513,cz2,cz4
r0004774,48518,cz2,cz4
r0004775,48524,cz2,cz4
r0004776,48529,cz2,cz4
r0004777,48534,cz2,cz4
r0004778,48539,cz2,cz4
r0004779,48545,cz2,cz4
r0004780,48550,cz2,cz4
r0004781,48555,cz2,cz4
r0004782,48560,cz2,cz4
r0004783,48565,cz2,cz4
r0004784,48571,cz2,cz4
r0004785,48576,cz2,cz4
r0004786,48581,cz2,cz4
r0004787,48586,cz2,cz4
r0004788,48592,cz2,cz4
r0004789,48597,cz2,cz4
r0004790,48602,cz2,cz4
r0004791,48607,cz2,cz4
r0004792,48613,cz2,cz4
r0004793,48618,cz2,cz4
r0004794,48623,cz2,cz4
r0004795,48628,cz2,cz4
r0004796,48634,cz3,cz1
r0004797,48639,cz3,cz1
r0004798,48644,cz3,cz1
r0004799,48649,cz3,cz1
r0004800,48654,cz3,cz1
r0004801,48660,cz3,cz1
r0004802,48665,cz3,cz1
r0004803,48670,cz3,cz1
r0004804,48675,cz3,cz1
r0004805,48681,cz3,cz1
r0004806,48686,cz3,cz1
r0004807,48691,cz3,cz1
r0004808,48696,cz3,cz1
r0004809,48702,cz3,cz1
r0004810,48707,cz3,cz1
r0004811,48712,cz3,cz1
r0004812,48717,cz3,cz1
r0004813,48722,cz3,cz1
r0004814,48728,cz3,cz1
r0004815,48733,cz3,cz1
r0004816,48738,cz3,cz1
r0004817,48743,cz3,cz1
r0004818,48749,cz3,cz1
r0004819,48754,cz3,cz1
r0004820,48759,cz3,cz1
r0004821,48764,cz3,cz1
r0004822,48770,cz3,cz1
r0004823,48775,cz3,cz1
r0004824,48780,cz3,cz1
r0004825,48785,cz3,cz1
r0004826,48790,cz3,cz1
r0004827,48796,cz3,cz1
r0004828,48801,cz3,cz1
r0004829,48806,cz3,cz1
r0004830,48811,cz3,cz1
r0004831,48817,cz3,cz1
r0004832,48822,cz3,cz1
r0004833,48827,cz3,cz1
r0004834,48832,cz3,cz1
r0004835,48838,cz3,cz1
r0004836,48843,cz3,cz1
r0004837,48848,cz3,cz1
r0004838,48853,cz3,cz1
r0004839,48859,cz3,cz1
r0004840,48864,cz3,cz1
r0004841,48869,cz3,cz1
r0004842,48874,cz3,cz1
r0004843,48879,cz3,cz1
r0004844,48885,cz3,cz1
r0004845,48890,cz3,cz1
r0004846,48895,cz3,cz1
r0004847,48900,cz3,cz1
r0004848,48906,cz3,cz1
r0004849,48911,cz3,cz1
r0004850,48916,cz3,cz1
r0004851,48921,cz3,cz1
r0004852,48927,cz3,cz2
r0004853,48932,cz3,cz2
r0004854,48937,cz3,cz2
r0004855,48942,cz3,cz2
r0004856,48947,cz3,cz2
r0004857,48953,cz3,cz2
r0004858,48958,cz3,cz2
r0004859,48963,cz3,cz2
r0004860,48968,cz3,cz2
r0004861,48974,cz3,cz2
r0004862,48979,cz3,cz2
r0004863,48984,cz3,cz2
r0004864,48989,cz3,cz2
r0004865,48995,cz3,cz2
r0004866,49000,cz3,cz2
r0004867,49005,cz3,cz2
r0004868,49010,cz3,cz2
r0004869,49015,cz3,cz2
r0004870,49021,cz3,cz2
r0004871,49026,cz3,cz2
r0004872,49031,cz3,cz2
r0004873,49036,cz3,cz2
r0004874,49042,cz3,cz2
r0004875,49047,cz3,cz2
r0004876,49052,cz3,cz2
r0004877,49057,cz3,cz2
r0004878,49063,cz3,cz2
r0004879,49068,cz3,cz2
r0004880,49073,cz3,cz2
r0004881,49078,cz3,cz2
r0004882,49084,cz3,cz2
r0004883,49089,cz3,cz2
r0004884,49094,cz3,cz2
r0004885,49099,cz3,cz2
r0004886,49104,cz3,cz2
r0004887,49110,cz3,cz2
r0004888,49115,cz3,cz2
r0004889,49120,cz3,cz2
r0004890,49125,cz3,cz2
r0004891,49131,cz3,cz2
r0004892,49136,cz3,cz3
r0004893,49141,cz3,cz3
r0004894,49146,cz3,cz3
r0004895,49152,cz3,cz3
r0004896,49157,cz3,cz3
r0004897,49162,cz3,cz3
r0004898,49167,cz3,cz3
r0004899,49172,cz3,cz3
r0004900,49178,cz3,cz3
r0004901,49183,cz3,cz3
r0004902,49188,cz3,cz3
r0004903,49193,cz3,cz3
r0004904,49199,cz3,cz3
r0004905,49204,cz3,cz3
r0004906,49209,cz3,cz3
r0004907,49214,cz3,cz3
r0004908,49220,cz3,cz3
r0004909,49225,cz3,cz3
r0004910,49230,cz3,cz3
r0004911,49235,cz3,cz3
r0004912,49240,cz3,cz3
r0004913,49246,cz3,cz3
r0004914,49251,cz3,cz3
r0004915,49256,cz3,cz3
r0004916,49261,cz3,cz3
r0004917,49267,cz3,cz3
r0004918,49272,cz3,cz3
r0004919,49277,cz3,cz3
r0004920,49282,cz3,cz3
r0004921,49288,cz3,cz3
r0004922,49293,cz3,cz3
r0004923,49298,cz3,cz3
r0004924,49303,cz3,cz3
r0004925,49309,cz3,cz3
r0004926,49314,cz3,cz3
r0004927,49319,cz3,cz3
r0004928,49324,cz3,cz3
r0004929,49329,cz3,cz3
r0004930,49335,cz3,cz3
r0004931,49340,cz3,cz3
r0004932,49345,cz3,cz3
r0004933,49350,cz3,cz3
r0004934,49356,cz3,cz3
r0004935,49361,cz3,cz3
r0004936,49366,cz3,cz3
r0004937,49371,cz3,cz3
r0004938,49377,cz3,cz3
r0004939,49382,cz3,cz3
r0004940,49387,cz3,cz3
r0004941,49392,cz3,cz3
r0004942,49397,cz3,cz3
r0004943,49403,cz3,cz3
r0004944,49408,cz3,cz3
r0004945,49413,cz3,cz3
r0004946,49418,cz3,cz3
r0004947,49424,cz3,cz3
r0004948,49429,cz3,cz3
r0004949,49434,cz3,cz3
r0004950,49439,cz3,cz3
r0004951,49445,cz3,cz3
r0004952,49450,cz3,cz4
r0004953,49455,cz3,cz4
r0004954,49460,cz3,cz4
r0004955,49465,cz3,cz4
r0004956,49471,cz3,cz4
r0004957,49476,cz3,cz4
r0004958,49481,cz3,cz4
r0004959,49486,cz3,cz4
r0004960,49492,cz3,cz4
r0004961,49497,cz3,cz4
r0004962,49502,cz3,cz4
r0004963,49507,cz3,cz4
r0004964,49513,cz3,cz4
r0004965,49518,cz3,cz4
r0004966,49523,cz3,cz4
r0004967,49528,cz3,cz4
r0004968,49534,cz3,cz4
r0004969,49539,cz3,cz4
r0004970,49544,cz3,cz4
r0004971,49549,cz3,cz4
r0004972,49554,cz3,cz4
r0004973,49560,cz3,cz4
r0004974,49565,cz3,cz4
r0004975,49570,cz3,cz4
r0004976,49575,cz3,cz4
r0004977,49581,cz3,cz4
r0004978,49586,cz3,cz4
r0004979,49591,cz3,cz4
r0004980,49596,cz3,cz4
r0004981,49602,cz3,cz4
r0004982,49607,cz3,cz4
r0004983,49612,cz3,cz4
r0004984,49617,cz3,cz4
r0004985,49622,cz3,cz4
r0004986,49628,cz3,cz4
r0004987,49633,cz3,cz4
r0004988,49638,cz3,cz4
r0004989,49643,cz3,cz4
r0004990,49649,cz3,cz4
r0004991,49654,cz3,cz4
r0004992,49659,cz3,cz4
r0004993,49664,cz4,cz1
r0004994,49670,cz4,cz1
r0004995,49675,cz4,cz1
r0004996,49680,cz4,cz1
r0004997,49685,cz4,cz1
r0004998,49690,cz4,cz1
r0004999,49696,cz4,cz1
r0005000,49701,cz4,cz1
r0005001,49706,cz4,cz1
r0005002,49711,cz4,cz1
r0005003,49717,cz4,cz1
r0005004,49722,cz4,cz1
r0005005,49727,cz4,cz1
r0005006,49732,cz4,cz1
r0005007,49738,cz4,cz1
r0005008,49743,cz4,cz1
r0005009,49748,cz4,cz1
r0005010,49753,cz4,cz1
r0005011,49759,cz4,cz1
r0005012,49764,cz4,cz1
r0005013,49769,cz4,cz1
r0005014,49774,cz4,cz1
r0005015,49779,cz4,cz1
r0005016,49785,cz4,cz1
r0005017,49790,cz4,cz1
r0005018,49795,cz4,cz1
r0005019,49800,cz4,cz1
r0005020,49806,cz4,cz1
r0005021,49811,cz4,cz1
r0005022,49816,cz4,cz1
r0005023,49821,cz4,cz1
r0005024,49827,cz4,cz1
r0005025,49832,cz4,cz1
r0005026,49837,cz4,cz1
r0005027,49842,cz4,cz1
r0005028,49847,cz4,cz1
r0005029,49853,cz4,cz1
r0005030,49858,cz4,cz1
r0005031,49863,cz4,cz1
r0005032,49868,cz4,cz1
r0005033,49874,cz4,cz2
r0005034,49879,cz4,cz2
r0005035,49884,cz4,cz2
r0005036,49889,cz4,cz2
r0005037,49895,cz4,cz2
r0005038,49900,cz4,cz2
r0005039,49905,cz4,cz2
r0005040,49910,cz4,cz2
r0005041,49915,cz4,cz2
r0005042,49921,cz4,cz2
r0005043,49926,cz4,cz2
r0005044,49931,cz4,cz2
r0005045,49936,cz4,cz2
r0005046,49942,cz4,cz2
r0005047,49947,cz4,cz2
r0005048,49952,cz4,cz2
r0005049,49957,cz4,cz2
r0005050,49963,cz4,cz2
r0005051,49968,cz4,cz2
r0005052,49973,cz4,cz2
r0005053,49978,cz4,cz2
r0005054,49984,cz4,cz2
r0005055,49989,cz4,cz2
r0005056,49994,cz4,cz2
r0005057,49999,cz4,cz2
r0005058,50004,cz4,cz2
r0005059,50010,cz4,cz2
r0005060,50015,cz4,cz2
r0005061,50020,cz4,cz2
r0005062,50025,cz4,cz2
r0005063,50031,cz4,cz3
r0005064,50036,cz4,cz3
r0005065,50041,cz4,cz3
r0005066,50046,cz4,cz3
r0005067,50052,cz4,cz3
r0005068,50057,cz4,cz3
r0005069,50062,cz4,cz3
r0005070,50067,cz4,cz3
r0005071,50072,cz4,cz3
r0005072,50078,cz4,cz3
r0005073,50083,cz4,cz3
r0005074,50088,cz4,cz3
r0005075,50093,cz4,cz3
r0005076,50099,cz4,cz3
r0005077,50104,cz4,cz3
r0005078,50109,cz4,cz3
r0005079,50114,cz4,cz3
r0005080,50120,cz4,cz3
r0005081,50125,cz4,cz3
r0005082,50130,cz4,cz3
r0005083,50135,cz4,cz3
r0005084,50140,cz4,cz3
r0005085,50146,cz4,cz3
r0005086,50151,cz4,cz3
r0005087,50156,cz4,cz3
r0005088,50161,cz4,cz3
r0005089,50167,cz4,cz3
r0005090,50172,cz4,cz3
r0005091,50177,cz4,cz3
r0005092,50182,cz4,cz3
r0005093,50188,cz4,cz3
r0005094,50193,cz4,cz3
r0005095,50198,cz4,cz3
r0005096,50203,cz4,cz3
r0005097,50209,cz4,cz3
r0005098,50214,cz4,cz3
r0005099,50219,cz4,cz3
r0005100,50224,cz4,cz3
r0005101,50229,cz4,cz3
r0005102,50235,cz4,cz3
r0005103,50240,cz4,cz3
r0005104,50245,cz4,cz3
r0005105,50250,cz4,cz4
r0005106,50256,cz4,cz4
r0005107,50261,cz4,cz4
r0005108,50266,cz4,cz4
r0005109,50271,cz4,cz4
r0005110,50277,cz4,cz4
r0005111,50282,cz4,cz4
r0005112,50287,cz4,cz4
r0005113,50292,cz4,cz4
r0005114,50297,cz4,cz4
r0005115,50303,cz4,cz4
r0005116,50308,cz4,cz4
r0005117,50313,cz4,cz4
r0005118,50318,cz4,cz4
r0005119,50324,cz4,cz4
r0005120,50329,cz4,cz4
r0005121,50334,cz4,cz4
r0005122,50339,cz4,cz4
r0005123,50345,cz4,cz4
r0005124,50350,cz4,cz4
r0005125,50355,cz4,cz4
r0005126,50360,cz4,cz4
r0005127,50365,cz4,cz4
r0005128,50371,cz4,cz4
r0005129,50376,cz4,cz4
r0005130,50381,cz4,cz4
r0005131,50386,cz4,cz4
r0005132,50392,cz4,cz4
r0005133,50397,cz4,cz4
r0005134,50402,cz1,cz1
r0005135,50407,cz1,cz1
r0005136,50412,cz1,cz1
r0005137,50417,cz1,cz1
r0005138,50422,cz1,cz1
r0005139,50428,cz1,cz1
r0005140,50433,cz1,cz1
r0005141,50438,cz1,cz1
r0005142,50443,cz1,cz1
r0005143,50448,cz1,cz1
r0005144,50453,cz1,cz1
r0005145,50458,cz1,cz1
r0005146,50463,cz1,cz1
r0005147,50468,cz1,cz1
r0005148,50474,cz1,cz1
r0005149,50479,cz1,cz1
r0005150,50484,cz1,cz1
r0005151,50489,cz1,cz1
r0005152,50494,cz1,cz1
r0005153,50499,cz1,cz1
r0005154,50504,cz1,cz1
r0005155,50509,cz1,cz1
r0005156,50514,cz1,cz1
r0005157,50520,cz1,cz1
r0005158,50525,cz1,cz1
r0005159,50530,cz1,cz1
r0005160,50535,cz1,cz1
r0005161,50540,cz1,cz1
r0005162,50545,cz1,cz1
r0005163,50550,cz1,cz1
r0005164,50555,cz1,cz1
r0005165,50560,cz1,cz1
r0005166,50565,cz1,cz1
r0005167,50571,cz1,cz1
r0005168,50576,cz1,cz1
r0005169,50581,cz1,cz1
r0005170,50586,cz1,cz1
r0005171,50591,cz1,cz1
r0005172,50596,cz1,cz1
r0005173,50601,cz1,cz1
r0005174,50606,cz1,cz1
r0005175,50611,cz1,cz1
r0005176,50617,cz1,cz1
r0005177,50622,cz1,cz1
r0005178,50627,cz1,cz1
r0005179,50632,cz1,cz1
r0005180,50637,cz1,cz1
r0005181,50642,cz1,cz1
r0005182,50647,cz1,cz1
r0005183,50652,cz1,cz1
r0005184,50657,cz1,cz1
r0005185,50662,cz1,cz1
r0005186,50668,cz1,cz1
r0005187,50673,cz1,cz1
r0005188,50678,cz1,cz1
r0005189,50683,cz1,cz1
r0005190,50688,cz1,cz1
r0005191,50693,cz1,cz2
r0005192,50698,cz1,cz2
r0005193,50703,cz1,cz2
r0005194,50708,cz1,cz2
r0005195,50714,cz1,cz2
r0005196,50719,cz1,cz2
r0005197,50724,cz1,cz2
r0005198,50729,cz1,cz2
r0005199,50734,cz1,cz2
r0005200,50739,cz1,cz2
r0005201,50744,cz1,cz2
r0005202,50749,cz1,cz2
r0005203,50754,cz1,cz2
r0005204,50760,cz1,cz2
r0005205,50765,cz1,cz2
r0005206,50770,cz1,cz2
r0005207,50775,cz1,cz2
r0005208,50780,cz1,cz2
r0005209,50785,cz1,cz2
r0005210,50790,cz1,cz2
r0005211,50795,cz1,cz2
r0005212,50800,cz1,cz2
r0005213,50805,cz1,cz2
r0005214,50811,cz1,cz2
r0005215,50816,cz1,cz2
r0005216,50821,cz1,cz2
r0005217,50826,cz1,cz2
r0005218,50831,cz1,cz2
r0005219,50836,cz1,cz2
r0005220,50841,cz1,cz2
r0005221,50846,cz1,cz2
r0005222,50851,cz1,cz2
r0005223,50857,cz1,cz2
r0005224,50862,cz1,cz2
r0005225,50867,cz1,cz2
r0005226,50872,cz1,cz2
r0005227,50877,cz1,cz2
r0005228,50882,cz1,cz2
r0005229,50887,cz1,cz2
r0005230,50892,cz1,cz2
r0005231,50897,cz1,cz2
r0005232,50902,cz1,cz2
r0005233,50908,cz1,cz2
r0005234,50913,cz1,cz3
r0005235,50918,cz1,cz3
r0005236,50923,cz1,cz3
r0005237,50928,cz1,cz3
r0005238,50933,cz1,cz3
r0005239,50938,cz1,cz3
r0005240,50943,cz1,cz3
r0005241,50948,cz1,cz3
r0005242,50954,cz1,cz3
r0005243,50959,cz1,cz3
r0005244,50964,cz1,cz3
r0005245,50969,cz1,cz3
r0005246,50974,cz1,cz3
r0005247,50979,cz1,cz3
r0005248,50984,cz1,cz3
r0005249,50989,cz1,cz3
r0005250,50994,cz1,cz3
r0005251,51000,cz1,cz3
r0005252,51005,cz1,cz3
r0005253,51010,cz1,cz3
r0005254,51015,cz1,cz3
r0005255,51020,cz1,cz3
r0005256,51025,cz1,cz3
r0005257,51030,cz1,cz3
r0005258,51035,cz1,cz3
r0005259,51040,cz1,cz3
r0005260,51045,cz1,cz3
r0005261,51051,cz1,cz3
r0005262,51056,cz1,cz3
r0005263,51061,cz1,cz3
r0005264,51066,cz1,cz3
r0005265,51071,cz1,cz3
r0005266,51076,cz1,cz3
r0005267,51081,cz1,cz3
r0005268,51086,cz1,cz3
r0005269,51091,cz1,cz3
r0005270,51097,cz1,cz3
r0005271,51102,cz1,cz3
r0005272,51107,cz1,cz3
r0005273,51112,cz1,cz3
r0005274,51117,cz1,cz3
r0005275,51122,cz1,cz3
r0005276,51127,cz1,cz3
r0005277,51132,cz1,cz3
r0005278,51137,cz1,cz3
r0005279,51142,cz1,cz3
r0005280,51148,cz1,cz3
r0005281,51153,cz1,cz3
r0005282,51158,cz1,cz3
r0005283,51163,cz1,cz3
r0005284,51168,cz1,cz3
r0005285,51173,cz1,cz3
r0005286,51178,cz1,cz3
r0005287,51183,cz1,cz3
r0005288,51188,cz1,cz3
r0005289,51194,cz1,cz3
r0005290,51199,cz1,cz3
r0005291,51204,cz1,cz3
r0005292,51209,cz1,cz3
r0005293,51214,cz1,cz4
r0005294,51219,cz1,cz4
r0005295,51224,cz1,cz4
r0005296,51229,cz1,cz4
r0005297,51234,cz1,cz4
r0005298,51240,cz1,cz4
r0005299,51245,cz1,cz4
r0005300,51250,cz1,cz4
r0005301,51255,cz1,cz4
r0005302,51260,cz1,cz4
r0005303,51265,cz1,cz4
r0005304,51270,cz1,cz4
r0005305,51275,cz1,cz4
r0005306,51280,cz1,cz4
r0005307,51285,cz1,cz4
r0005308,51291,cz1,cz4
r0005309,51296,cz1,cz4
r0005310,51301,cz1,cz4
r0005311,51306,cz1,cz4
r0005312,51311,cz1,cz4
r0005313,51316,cz1,cz4
r0005314,51321,cz1,cz4
r0005315,51326,cz1,cz4
r0005316,51331,cz1,cz4
r0005317,51337,cz1,cz4
r0005318,51342,cz1,cz4
r0005319,51347,cz1,cz4
r0005320,51352,cz1,cz4
r0005321,51357,cz1,cz4
r0005322,51362,cz1,cz4
r0005323,51367,cz1,cz4
r0005324,51372,cz1,cz4
r0005325,51377,cz1,cz4
r0005326,51382,cz1,cz4
r0005327,51388,cz1,cz4
r0005328,51393,cz1,cz4
r0005329,51398,cz1,cz4
r0005330,51403,cz1,cz4
r0005331,51408,cz1,cz4
r0005332,51413,cz1,cz4
r0005333,51418,cz2,cz1
r0005334,51423,cz2,cz1
r0005335,51428,cz2,cz1
r0005336,51434,cz2,cz1
r0005337,51439,cz2,cz1
r0005338,51444,cz2,cz1
r0005339,51449,cz2,cz1
r0005340,51454,cz2,cz1
r0005341,51459,cz2,cz1
r0005342,51464,cz2,cz1
r0005343,51469,cz2,cz1
r0005344,51474,cz2,cz1
r0005345,51480,cz2,cz1
r0005346,51485,cz2,cz1
r0005347,51490,cz2,cz1
r0005348,51495,cz2,cz1
r0005349,51500,cz2,cz1
r0005350,51505,cz2,cz1
r0005351,51510,cz2,cz1
r0005352,51515,cz2,cz1
r0005353,51520,cz2,cz1
r0005354,51525,cz2,cz1
r0005355,51531,cz2,cz1
r0005356,51536,cz2,cz1
r0005357,51541,cz2,cz1
r0005358,51546,cz2,cz1
r0005359,51551,cz2,cz1
r0005360,51556,cz2,cz1
r0005361,51561,cz2,cz1
r0005362,51566,cz2,cz1
r0005363,51571,cz2,cz1
r0005364,51577,cz2,cz1
r0005365,51582,cz2,cz1
r0005366,51587,cz2,cz1
r0005367,51592,cz2,cz1
r0005368,51597,cz2,cz1
r0005369,51602,cz2,cz1
r0005370,51607,cz2,cz1
r0005371,51612,cz2,cz1
r0005372,51617,cz2,cz1
r0005373,51622,cz2,cz1
r0005374,51628,cz2,cz1
r0005375,51633,cz2,cz1
r0005376,51638,cz2,cz1
r0005377,51643,cz2,cz2
r0005378,51648,cz2,cz2
r0005379,51653,cz2,cz2
r0005380,51658,cz2,cz2
r0005381,51663,cz2,cz2
r0005382,51668,cz2,cz2
r0005383,51674,cz2,cz2
r0005384,51679,cz2,cz2
r0005385,51684,cz2,cz2
r0005386,51689,cz2,cz2
r0005387,51694,cz2,cz2
r0005388,51699,cz2,cz2
r0005389,51704,cz2,cz2
r0005390,51709,cz2,cz2
r0005391,51714,cz2,cz2
r0005392,51720,cz2,cz2
r0005393,51725,cz2,cz2
r0005394,51730,cz2,cz2
r0005395,51735,cz2,cz2
r0005396,51740,cz2,cz2
r0005397,51745,cz2,cz2
r0005398,51750,cz2,cz2
r0005399,51755,cz2,cz2
r0005400,51760,cz2,cz2
r0005401,51765,cz2,cz2
r0005402,51771,cz2,cz2
r0005403,51776,cz2,cz2
r0005404,51781,cz2,cz2
r0005405,51786,cz2,cz2
r0005406,51791,cz2,cz2
r0005407,51796,cz2,cz2
r0005408,51801,cz2,cz2
r0005409,51806,cz2,cz2
r0005410,51811,cz2,cz2
r0005411,51817,cz2,cz2
r0005412,51822,cz2,cz2
r0005413,51827,cz2,cz2
r0005414,51832,cz2,cz2
r0005415,51837,cz2,cz2
r0005416,51842,cz2,cz2
r0005417,51847,cz2,cz2
r0005418,51852,cz2,cz2
r0005419,51857,cz2,cz2
r0005420,51862,cz2,cz3
r0005421,51868,cz2,cz3
r0005422,51873,cz2,cz3
r0005423,51878,cz2,cz3
r0005424,51883,cz2,cz3
r0005425,51888,cz2,cz3
r0005426,51893,cz2,cz3
r0005427,51898,cz2,cz3
r0005428,51903,cz2,cz3
r0005429,51908,cz2,cz3
r0005430,51914,cz2,cz3
r0005431,51919,cz2,cz3
r0005432,51924,cz2,cz3
r0005433,51929,cz2,cz3
r0005434,51934,cz2,cz3
r0005435,51939,cz2,cz3
r0005436,51944,cz2,cz3
r0005437,51949,cz2,cz3
r0005438,51954,cz2,cz3
r0005439,51960,cz2,cz3
r0005440,51965,cz2,cz3
r0005441,51970,cz2,cz3
r0005442,51975,cz2,cz3
r0005443,51980,cz2,cz3
r0005444,51985,cz2,cz3
r0005445,51990,cz2,cz3
r0005446,51995,cz2,cz3
r0005447,52000,cz2,cz3
r0005448,52005,cz2,cz3
r0005449,52011,cz2,cz3
r0005450,52016,cz2,cz3
r0005451,52021,cz2,cz3
r0005452,52026,cz2,cz3
r0005453,52031,cz2,cz3
r0005454,52036,cz2,cz3
r0005455,52041,cz2,cz3
r0005456,52046,cz2,cz3
r0005457,52051,cz2,cz3
r0005458,52057,cz2,cz3
r0005459,52062,cz2,cz3
r0005460,52067,cz2,cz3
r0005461,52072,cz2,cz3
r0005462,52077,cz2,cz4
r0005463,52082,cz2,cz4
r0005464,52087,cz2,cz4
r0005465,52092,cz2,cz4
r0005466,52097,cz2,cz4
r0005467,52102,cz2,cz4
r0005468,52108,cz2,cz4
r0005469,52113,cz2,cz4
r0005470,52118,cz2,cz4
r0005471,52123,cz2,cz4
r0005472,52128,cz2,cz4
r0005473,52133,cz2,cz4
r0005474,52138,cz2,cz4
r0005475,52143,cz2,cz4
r0005476,52148,cz2,cz4
r0005477,52154,cz2,cz4
r0005478,52159,cz2,cz4
r0005479,52164,cz2,cz4
r0005480,52169,cz2,cz4
r0005481,52174,cz2,cz4
r0005482,52179,cz2,cz4
r0005483,52184,cz2,cz4
r0005484,52189,cz2,cz4
r0005485,52194,cz2,cz4
r0005486,52200,cz2,cz4
r0005487,52205,cz2,cz4
r0005488,52210,cz2,cz4
r0005489,52215,cz2,cz4
r0005490,52220,cz2,cz4
r0005491,52225,cz2,cz4
r0005492,52230,cz2,cz4
r0005493,52235,cz3,cz1
r0005494,52240,cz3,cz1
r0005495,52245,cz3,cz1
r0005496,52251,cz3,cz1
r0005497,52256,cz3,cz1
r0005498,52261,cz3,cz1
r0005499,52266,cz3,cz1
r0005500,52271,cz3,cz1
r0005501,52276,cz3,cz1
r0005502,52281,cz3,cz1
r0005503,52286,cz3,cz1
r0005504,52291,cz3,cz1
r0005505,52297,cz3,cz1
r0005506,52302,cz3,cz1
r0005507,52307,cz3,cz1
r0005508,52312,cz3,cz1
r0005509,52317,cz3,cz1
r0005510,52322,cz3,cz1
r0005511,52327,cz3,cz1
r0005512,52332,cz3,cz1
r0005513,52337,cz3,cz1
r0005514,52342,cz3,cz1
r0005515,52348,cz3,cz1
r0005516,52353,cz3,cz1
r0005517,52358,cz3,cz1
r0005518,52363,cz3,cz1
r0005519,52368,cz3,cz1
r0005520,52373,cz3,cz1
r0005521,52378,cz3,cz1
r0005522,52383,cz3,cz1
r0005523,52388,cz3,cz1
r0005524,52394,cz3,cz1
r0005525,52399,cz3,cz1
r0005526,52404,cz3,cz1
r0005527,52409,cz3,cz1
r0005528,52414,cz3,cz1
r0005529,52419,cz3,cz1
r0005530,52424,cz3,cz1
r0005531,52429,cz3,cz1
r0005532,52434,cz3,cz1
r0005533,52440,cz3,cz1
r0005534,52445,cz3,cz1
r0005535,52450,cz3,cz1
r0005536,52455,cz3,cz1
r0005537,52460,cz3,cz1
r0005538,52465,cz3,cz1
r0005539,52470,cz3,cz1
r0005540,52475,cz3,cz1
r0005541,52480,cz3,cz1
r0005542,52485,cz3,cz1
r0005543,52491,cz3,cz1
r0005544,52496,cz3,cz1
r0005545,52501,cz3,cz1
r0005546,52506,cz3,cz1
r0005547,52511,cz3,cz1
r0005548,52516,cz3,cz1
r0005549,52521,cz3,cz1
r0005550,52526,cz3,cz1
r0005551,52531,cz3,cz2
r0005552,52537,cz3,cz2
r0005553,52542,cz3,cz2
r0005554,52547,cz3,cz2
r0005555,52552,cz3,cz2
r0005556,52557,cz3,cz2
r0005557,52562,cz3,cz2
r0005558,52567,cz3,cz2
r0005559,52572,cz3,cz2
r0005560,52577,cz3,cz2
r0005561,52582,cz3,cz2
r0005562,52588,cz3,cz2
r0005563,52593,cz3,cz2
r0005564,52598,cz3,cz2
r0005565,52603,cz3,cz2
r0005566,52608,cz3,cz2
r0005567,52613,cz3,cz2
r0005568,52618,cz3,cz2
r0005569,52623,cz3,cz2
r0005570,52628,cz3,cz2
r0005571,52634,cz3,cz2
r0005572,52639,cz3,cz2
r0005573,52644,cz3,cz2
r0005574,52649,cz3,cz2
r0005575,52654,cz3,cz2
r0005576,52659,cz3,cz2
r0005577,52664,cz3,cz2
r0005578,52669,cz3,cz2
r0005579,52674,cz3,cz2
r0005580,52680,cz3,cz2
r0005581,52685,cz3,cz2
r0005582,52690,cz3,cz2
r0005583,52695,cz3,cz2
r0005584,52700,cz3,cz2
r0005585,52705,cz3,cz2
r0005586,52710,cz3,cz2
r0005587,52715,cz3,cz2
r0005588,52720,cz3,cz2
r0005589,52725,cz3,cz2
r0005590,52731,cz3,cz2
r0005591,52736,cz3,cz2
r0005592,52741,cz3,cz3
r0005593,52746,cz3,cz3
r0005594,52751,cz3,cz3
r0005595,52756,cz3,cz3
r0005596,52761,cz3,cz3
r0005597,52766,cz3,cz3
r0005598,52771,cz3,cz3
r0005599,52777,cz3,cz3
r0005600,52782,cz3,cz3
r0005601,52787,cz3,cz3
r0005602,52792,cz3,cz3
r0005603,52797,cz3,cz3
r0005604,52802,cz3,cz3
r0005605,52807,cz3,cz3
r0005606,52812,cz3,cz3
r0005607,52817,cz3,cz3
r0005608,52822,cz3,cz3
r0005609,52828,cz3,cz3
r0005610,52833,cz3,cz3
r0005611,52838,cz3,cz3
r0005612,52843,cz3,cz3
r0005613,52848,cz3,cz3
r0005614,52853,cz3,cz3
r0005615,52858,cz3,cz3
r0005616,52863,cz3,cz3
r0005617,52868,cz3,cz3
r0005618,52874,cz3,cz3
r0005619,52879,cz3,cz3
r0005620,52884,cz3,cz3
r0005621,52889,cz3,cz3
r0005622,52894,cz3,cz3
r0005623,52899,cz3,cz3
r0005624,52904,cz3,cz3
r0005625,52909,cz3,cz3
r0005626,52914,cz3,cz3
r0005627,52920,cz3,cz3
r0005628,52925,cz3,cz3
r0005629,52930,cz3,cz3
r0005630,52935,cz3,cz3
r0005631,52940,cz3,cz3
r0005632,52945,cz3,cz3
r0005633,52950,cz3,cz3
r0005634,52955,cz3,cz3
r0005635,52960,cz3,cz3
r0005636,52965,cz3,cz3
r0005637,52971,cz3,cz3
r0005638,52976,cz3,cz3
r0005639,52981,cz3,cz3
r0005640,52986,cz3,cz3
r0005641,52991,cz3,cz3
r0005642,52996,cz3,cz3
r0005643,53001,cz3,cz3
r0005644,53006,cz3,cz3
r0005645,53011,cz3,cz3
r0005646,53017,cz3,cz3
r0005647,53022,cz3,cz3
r0005648,53027,cz3,cz3
r0005649,53032,cz3,cz3
r0005650,53037,cz3,cz3
r0005651,53042,cz3,cz3
r0005652,53047,cz3,cz3
r0005653,53052,cz3,cz3
r0005654,53057,cz3,cz4
r0005655,53062,cz3,cz4
r0005656,53068,cz3,cz4
r0005657,53073,cz3,cz4
r0005658,53078,cz3,cz4
r0005659,53083,cz3,cz4
r0005660,53088,cz3,cz4
r0005661,53093,cz3,cz4
r0005662,53098,cz3,cz4
r0005663,53103,cz3,cz4
r0005664,53108,cz3,cz4
r0005665,53114,cz3,cz4
r0005666,53119,cz3,cz4
r0005667,53124,cz3,cz4
r0005668,53129,cz3,cz4
r0005669,53134,cz3,cz4
r0005670,53139,cz3,cz4
r0005671,53144,cz3,cz4
r0005672,53149,cz3,cz4
r0005673,53154,cz3,cz4
r0005674,53160,cz3,cz4
r0005675,53165,cz3,cz4
r0005676,53170,cz3,cz4
r0005677,53175,cz3,cz4
r0005678,53180,cz3,cz4
r0005679,53185,cz3,cz4
r0005680,53190,cz3,cz4
r0005681,53195,cz3,cz4
r0005682,53200,cz3,cz4
r0005683,53205,cz3,cz4
r0005684,53211,cz3,cz4
r0005685,53216,cz3,cz4
r0005686,53221,cz3,cz4
r0005687,53226,cz3,cz4
r0005688,53231,cz3,cz4
r0005689,53236,cz3,cz4
r0005690,53241,cz3,cz4
r0005691,53246,cz3,cz4
r0005692,53251,cz3,cz4
r0005693,53257,cz3,cz4
r0005694,53262,cz3,cz4
r0005695,53267,cz4,cz1
r0005696,53272,cz4,cz1
r0005697,53277,cz4,cz1
r0005698,53282,cz4,cz1
r0005699,53287,cz4,cz1
r0005700,53292,cz4,cz1
r0005701,53297,cz4,cz1
r0005702,53302,cz4,cz1
r0005703,53308,cz4,cz1
r0005704,53313,cz4,cz1
r0005705,53318,cz4,cz1
r0005706,53323,cz4,cz1
r0005707,53328,cz4,cz1
r0005708,53333,cz4,cz1
r0005709,53338,cz4,cz1
r0005710,53343,cz4,cz1
r0005711,53348,cz4,cz1
r0005712,53354,cz4,cz1
r0005713,53359,cz4,cz1
r0005714,53364,cz4,cz1
r0005715,53369,cz4,cz1
r0005716,53374,cz4,cz1
r0005717,53379,cz4,cz1
r0005718,53384,cz4,cz1
r0005719,53389,cz4,cz1
r0005720,53394,cz4,cz1
r0005721,53400,cz4,cz1
r0005722,53405,cz4,cz1
r0005723,53410,cz4,cz1
r0005724,53415,cz4,cz1
r0005725,53420,cz4,cz1
r0005726,53425,cz4,cz1
r0005727,53430,cz4,cz1
r0005728,53435,cz4,cz1
r0005729,53440,cz4,cz1
r0005730,53445,cz4,cz1
r0005731,53451,cz4,cz1
r0005732,53456,cz4,cz1
r0005733,53461,cz4,cz1
r0005734,53466,cz4,cz1
r0005735,53471,cz4,cz1
r0005736,53476,cz4,cz2
r0005737,53481,cz4,cz2
r0005738,53486,cz4,cz2
r0005739,53491,cz4,cz2
r0005740,53497,cz4,cz2
r0005741,53502,cz4,cz2
r0005742,53507,cz4,cz2
r0005743,53512,cz4,cz2
r0005744,53517,cz4,cz2
r0005745,53522,cz4,cz2
r0005746,53527,cz4,cz2
r0005747,53532,cz4,cz2
r0005748,53537,cz4,cz2
r0005749,53542,cz4,cz2
r0005750,53548,cz4,cz2
r0005751,53553,cz4,cz2
r0005752,53558,cz4,cz2
r0005753,53563,cz4,cz2
r0005754,53568,cz4,cz2
r0005755,53573,cz4,cz2
r0005756,53578,cz4,cz2
r0005757,53583,cz4,cz2
r0005758,53588,cz4,cz2
r0005759,53594,cz4,cz2
r0005760,53599,cz4,cz2
r0005761,53604,cz4,cz2
r0005762,53609,cz4,cz2
r0005763,53614,cz4,cz2
r0005764,53619,cz4,cz2
r0005765,53624,cz4,cz2
r0005766,53629,cz4,cz2
r0005767,53634,cz4,cz3
r0005768,53640,cz4,cz3
r0005769,53645,cz4,cz3
r0005770,53650,cz4,cz3
r0005771,53655,cz4,cz3
r0005772,53660,cz4,cz3
r0005773,53665,cz4,cz3
r0005774,53670,cz4,cz3
r0005775,53675,cz4,cz3
r0005776,53680,cz4,cz3
r0005777,53685,cz4,cz3
r0005778,53691,cz4,cz3
r0005779,53696,cz4,cz3
r0005780,53701,cz4,cz3
r0005781,53706,cz4,cz3
r0005782,53711,cz4,cz3
r0005783,53716,cz4,cz3
r0005784,53721,cz4,cz3
r0005785,53726,cz4,cz3
r0005786,53731,cz4,cz3
r0005787,53737,cz4,cz3
r0005788,53742,cz4,cz3
r0005789,53747,cz4,cz3
r0005790,53752,cz4,cz3
r0005791,53757,cz4,cz3
r0005792,53762,cz4,cz3
r0005793,53767,cz4,cz3
r0005794,53772,cz4,cz3
r0005795,53777,cz4,cz3
r0005796,53782,cz4,cz3
r0005797,53788,cz4,cz3
r0005798,53793,cz4,cz3
r0005799,53798,cz4,cz3
r0005800,53803,cz4,cz3
r0005801,53808,cz4,cz3
r0005802,53813,cz4,cz3
r0005803,53818,cz4,cz3
r0005804,53823,cz4,cz3
r0005805,53828,cz4,cz3
r0005806,53834,cz4,cz3
r0005807,53839,cz4,cz3
r0005808,53844,cz4,cz3
r0005809,53849,cz4,cz3
r0005810,53854,cz4,cz4
r0005811,53859,cz4,cz4
r0005812,53864,cz4,cz4
r0005813,53869,cz4,cz4
r0005814,53874,cz4,cz4
r0005815,53880,cz4,cz4
r0005816,53885,cz4,cz4
r0005817,53890,cz4,cz4
r0005818,53895,cz4,cz4
r0005819,53900,cz4,cz4
r0005820,53905,cz4,cz4
r0005821,53910,cz4,cz4
r0005822,53915,cz4,cz4
r0005823,53920,cz4,cz4
r0005824,53925,cz4,cz4
r0005825,53931,cz4,cz4
r0005826,53936,cz4,cz4
r0005827,53941,cz4,cz4
r0005828,53946,cz4,cz4
r0005829,53951,cz4,cz4
r0005830,53956,cz4,cz4
r0005831,53961,cz4,cz4
r0005832,53966,cz4,cz4
r0005833,53971,cz4,cz4
r0005834,53977,cz4,cz4
r0005835,53982,cz4,cz4
r0005836,53987,cz4,cz4
r0005837,53992,cz4,cz4
r0005838,53997,cz4,cz4
r0005839,54002,cz1,cz1
r0005840,54006,cz1,cz1
r0005841,54011,cz1,cz1
r0005842,54015,cz1,cz1
r0005843,54020,cz1,cz1
r0005844,54025,cz1,cz1
r0005845,54029,cz1,cz1
r0005846,54034,cz1,cz1
r0005847,54038,cz1,cz1
r0005848,54043,cz1,cz1
r0005849,54047,cz1,cz1
r0005850,54052,cz1,cz1
r0005851,54056,cz1,cz1
r0005852,54061,cz1,cz1
r0005853,54066,cz1,cz1
r0005854,54070,cz1,cz1
r0005855,54075,cz1,cz1
r0005856,54079,cz1,cz1
r0005857,54084,cz1,cz1
r0005858,54088,cz1,cz1
r0005859,54093,cz1,cz1
r0005860,54097,cz1,cz1
r0005861,54102,cz1,cz1
r0005862,54107,cz1,cz1
r0005863,54111,cz1,cz1
r0005864,54116,cz1,cz1
r0005865,54120,cz1,cz1
r0005866,54125,cz1,cz1
r0005867,54129,cz1,cz1
r0005868,54134,cz1,cz1
r0005869,54138,cz1,cz1
r0005870,54143,cz1,cz1
r0005871,54148,cz1,cz1
r0005872,54152,cz1,cz1
r0005873,54157,cz1,cz1
r0005874,54161,cz1,cz1
r0005875,54166,cz1,cz1
r0005876,54170,cz1,cz1
r0005877,54175,cz1,cz1
r0005878,54180,cz1,cz1
r0005879,54184,cz1,cz1
r0005880,54189,cz1,cz1
r0005881,54193,cz1,cz1
r0005882,54198,cz1,cz1
r0005883,54202,cz1,cz1
r0005884,54207,cz1,cz1
r0005885,54211,cz1,cz1
r0005886,54216,cz1,cz1
r0005887,54221,cz1,cz1
r0005888,54225,cz1,cz1
r0005889,54230,cz1,cz1
r0005890,54234,cz1,cz1
r0005891,54239,cz1,cz1
r0005892,54243,cz1,cz1
r0005893,54248,cz1,cz1
r0005894,54252,cz1,cz1
r0005895,54257,cz1,cz1
r0005896,54262,cz1,cz1
r0005897,54266,cz1,cz1
r0005898,54271,cz1,cz1
r0005899,54275,cz1,cz1
r0005900,54280,cz1,cz1
r0005901,54284,cz1,cz1
r0005902,54289,cz1,cz2
r0005903,54293,cz1,cz2
r0005904,54298,cz1,cz2
r0005905,54303,cz1,cz2
r0005906,54307,cz1,cz2
r0005907,54312,cz1,cz2
r0005908,54316,cz1,cz2
r0005909,54321,cz1,cz2
r0005910,54325,cz1,cz2
r0005911,54330,cz1,cz2
r0005912,54334,cz1,cz2
r0005913,54339,cz1,cz2
r0005914,54344,cz1,cz2
r0005915,54348,cz1,cz2
r0005916,54353,cz1,cz2
r0005917,54357,cz1,cz2
r0005918,54362,cz1,cz2
r0005919,54366,cz1,cz2
r0005920,54371,cz1,cz2
r0005921,54375,cz1,cz2
r0005922,54380,cz1,cz2
r0005923,54385,cz1,cz2
r0005924,54389,cz1,cz2
r0005925,54394,cz1,cz2
r0005926,54398,cz1,cz2
r0005927,54403,cz1,cz2
r0005928,54407,cz1,cz2
r0005929,54412,cz1,cz2
r0005930,54416,cz1,cz2
r0005931,54421,cz1,cz2
r0005932,54426,cz1,cz2
r0005933,54430,cz1,cz2
r0005934,54435,cz1,cz2
r0005935,54439,cz1,cz2
r0005936,54444,cz1,cz2
r0005937,54448,cz1,cz2
r0005938,54453,cz1,cz2
r0005939,54457,cz1,cz2
r0005940,54462,cz1,cz2
r0005941,54467,cz1,cz2
r0005942,54471,cz1,cz2
r0005943,54476,cz1,cz2
r0005944,54480,cz1,cz2
r0005945,54485,cz1,cz2
r0005946,54489,cz1,cz2
r0005947,54494,cz1,cz2
r0005948,54498,cz1,cz2
r0005949,54503,cz1,cz2
r0005950,54508,cz1,cz3
r0005951,54512,cz1,cz3
r0005952,54517,cz1,cz3
r0005953,54521,cz1,cz3
r0005954,54526,cz1,cz3
r0005955,54530,cz1,cz3
r0005956,54535,cz1,cz3
r0005957,54540,cz1,cz3
r0005958,54544,cz1,cz3
r0005959,54549,cz1,cz3
r0005960,54553,cz1,cz3
r0005961,54558,cz1,cz3
r0005962,54562,cz1,cz3
r0005963,54567,cz1,cz3
r0005964,54571,cz1,cz3
r0005965,54576,cz1,cz3
r0005966,54581,cz1,cz3
r0005967,54585,cz1,cz3
r0005968,54590,cz1,cz3
r0005969,54594,cz1,cz3
r0005970,54599,cz1,cz3
r0005971,54603,cz1,cz3
r0005972,54608,cz1,cz3
r0005973,54612,cz1,cz3
r0005974,54617,cz1,cz3
r0005975,54622,cz1,cz3
r0005976,54626,cz1,cz3
r0005977,54631,cz1,cz3
r0005978,54635,cz1,cz3
r0005979,54640,cz1,cz3
r0005980,54644,cz1,cz3
r0005981,54649,cz1,cz3
r0005982,54653,cz1,cz3
r0005983,54658,cz1,cz3
r0005984,54663,cz1,cz3
r0005985,54667,cz1,cz3
r0005986,54672,cz1,cz3
r0005987,54676,cz1,cz3
r0005988,54681,cz1,cz3
r0005989,54685,cz1,cz3
r0005990,54690,cz1,cz3
r0005991,54694,cz1,cz3
r0005992,54699,cz1,cz3
r0005993,54704,cz1,cz3
r0005994,54708,cz1,cz3
r0005995,54713,cz1,cz3
r0005996,54717,cz1,cz3
r0005997,54722,cz1,cz3
r0005998,54726,cz1,cz3
r0005999,54731,cz1,cz3
r0006000,54735,cz1,cz3
r0006001,54740,cz1,cz3
r0006002,54745,cz1,cz3
r0006003,54749,cz1,cz3
r0006004,54754,cz1,cz3
r0006005,54758,cz1,cz3
r0006006,54763,cz1,cz3
r0006007,54767,cz1,cz3
r0006008,54772,cz1,cz3
r0006009,54776,cz1,cz3
r0006010,54781,cz1,cz3
r0006011,54786,cz1,cz3
r0006012,54790,cz1,cz3
r0006013,54795,cz1,cz3
r0006014,54799,cz1,cz3
r0006015,54804,cz1,cz3
r0006016,54808,cz1,cz4
r0006017,54813,cz1,cz4
r0006018,54817,cz1,cz4
r0006019,54822,cz1,cz4
r0006020,54827,cz1,cz4
r0006021,54831,cz1,cz4
r0006022,54836,cz1,cz4
r0006023,54840,cz1,cz4
r0006024,54845,cz1,cz4
r0006025,54849,cz1,cz4
r0006026,54854,cz1,cz4
r0006027,54858,cz1,cz4
r0006028,54863,cz1,cz4
r0006029,54868,cz1,cz4
r0006030,54872,cz1,cz4
r0006031,54877,cz1,cz4
r0006032,54881,cz1,cz4
r0006033,54886,cz1,cz4
r0006034,54890,cz1,cz4
r0006035,54895,cz1,cz4
r0006036,54900,cz1,cz4
r0006037,54904,cz1,cz4
r0006038,54909,cz1,cz4
r0006039,54913,cz1,cz4
r0006040,54918,cz1,cz4
r0006041,54922,cz1,cz4
r0006042,54927,cz1,cz4
r0006043,54931,cz1,cz4
r0006044,54936,cz1,cz4
r0006045,54941,cz1,cz4
r0006046,54945,cz1,cz4
r0006047,54950,cz1,cz4
r0006048,54954,cz1,cz4
r0006049,54959,cz1,cz4
r0006050,54963,cz1,cz4
r0006051,54968,cz1,cz4
r0006052,54972,cz1,cz4
r0006053,54977,cz1,cz4
r0006054,54982,cz1,cz4
r0006055,54986,cz1,cz4
r0006056,54991,cz1,cz4
r0006057,54995,cz1,cz4
r0006058,55000,cz1,cz4
r0006059,55004,cz1,cz4
r0006060,55009,cz1,cz4
r0006061,55013,cz2,cz1
r0006062,55018,cz2,cz1
r0006063,55023,cz2,cz1
r0006064,55027,cz2,cz1
r0006065,55032,cz2,cz1
r0006066,55036,cz2,cz1
r0006067,55041,cz2,cz1
r0006068,55045,cz2,cz1
r0006069,55050,cz2,cz1
r0006070,55054,cz2,cz1
r0006071,55059,cz2,cz1
r0006072,55064,cz2,cz1
r0006073,55068,cz2,cz1
r0006074,55073,cz2,cz1
r0006075,55077,cz2,cz1
r0006076,55082,cz2,cz1
r0006077,55086,cz2,cz1
r0006078,55091,cz2,cz1
r0006079,55095,cz2,cz1
r0006080,55100,cz2,cz1
r0006081,55105,cz2,cz1
r0006082,55109,cz2,cz1
r0006083,55114,cz2,cz1
r0006084,55118,cz2,cz1
r0006085,55123,cz2,cz1
r0006086,55127,cz2,cz1
r0006087,55132,cz2,cz1
r0006088,55136,cz2,cz1
r0006089,55141,cz2,cz1
r0006090,55146,cz2,cz1
r0006091,55150,cz2,cz1
r0006092,55155,cz2,cz1
r0006093,55159,cz2,cz1
r0006094,55164,cz2,cz1
r0006095,55168,cz2,cz1
r0006096,55173,cz2,cz1
r0006097,55177,cz2,cz1
r0006098,55182,cz2,cz1
r0006099,55187,cz2,cz1
r0006100,55191,cz2,cz1
r0006101,55196,cz2,cz1
r0006102,55200,cz2,cz1
r0006103,55205,cz2,cz1
r0006104,55209,cz2,cz1
r0006105,55214,cz2,cz1
r0006106,55218,cz2,cz1
r0006107,55223,cz2,cz1
r0006108,55228,cz2,cz1
r0006109,55232,cz2,cz1
r0006110,55237,cz2,cz2
r0006111,55241,cz2,cz2
r0006112,55246,cz2,cz2
r0006113,55250,cz2,cz2
r0006114,55255,cz2,cz2
r0006115,55260,cz2,cz2
r0006116,55264,cz2,cz2
r0006117,55269,cz2,cz2
r0006118,55273,cz2,cz2
r0006119,55278,cz2,cz2
r0006120,55282,cz2,cz2
r0006121,55287,cz2,cz2
r0006122,55291,cz2,cz2
r0006123,55296,cz2,cz2
r0006124,55301,cz2,cz2
r0006125,55305,cz2,cz2
r0006126,55310,cz2,cz2
r0006127,55314,cz2,cz2
r0006128,55319,cz2,cz2
r0006129,55323,cz2,cz2
r0006130,55328,cz2,cz2
r0006131,55332,cz2,cz2
r0006132,55337,cz2,cz2
r0006133,55342,cz2,cz2
r0006134,55346,cz2,cz2
r0006135,55351,cz2,cz2
r0006136,55355,cz2,cz2
r0006137,55360,cz2,cz2
r0006138,55364,cz2,cz2
r0006139,55369,cz2,cz2
r0006140,55373,cz2,cz2
r0006141,55378,cz2,cz2
r0006142,55383,cz2,cz2
r0006143,55387,cz2,cz2
r0006144,55392,cz2,cz2
r0006145,55396,cz2,cz2
r0006146,55401,cz2,cz2
r0006147,55405,cz2,cz2
r0006148,55410,cz2,cz2
r0006149,55414,cz2,cz2
r0006150,55419,cz2,cz2
r0006151,55424,cz2,cz2
r0006152,55428,cz2,cz2
r0006153,55433,cz2,cz2
r0006154,55437,cz2,cz2
r0006155,55442,cz2,cz2
r0006156,55446,cz2,cz2
r0006157,55451,cz2,cz2
r0006158,55455,cz2,cz3
r0006159,55460,cz2,cz3
r0006160,55465,cz2,cz3
r0006161,55469,cz2,cz3
r0006162,55474,cz2,cz3
r0006163,55478,cz2,cz3
r0006164,55483,cz2,cz3
r0006165,55487,cz2,cz3
r0006166,55492,cz2,cz3
r0006167,55496,cz2,cz3
r0006168,55501,cz2,cz3
r0006169,55506,cz2,cz3
r0006170,55510,cz2,cz3
r0006171,55515,cz2,cz3
r0006172,55519,cz2,cz3
r0006173,55524,cz2,cz3
r0006174,55528,cz2,cz3
r0006175,55533,cz2,cz3
r0006176,55537,cz2,cz3
r0006177,55542,cz2,cz3
r0006178,55547,cz2,cz3
r0006179,55551,cz2,cz3
r0006180,55556,cz2,cz3
r0006181,55560,cz2,cz3
r0006182,55565,cz2,cz3
r0006183,55569,cz2,cz3
r0006184,55574,cz2,cz3
r0006185,55578,cz2,cz3
r0006186,55583,cz2,cz3
r0006187,55588,cz2,cz3
r0006188,55592,cz2,cz3
r0006189,55597,cz2,cz3
r0006190,55601,cz2,cz3
r0006191,55606,cz2,cz3
r0006192,55610,cz2,cz3
r0006193,55615,cz2,cz3
r0006194,55620,cz2,cz3
r0006195,55624,cz2,cz3
r0006196,55629,cz2,cz3
r0006197,55633,cz2,cz3
r0006198,55638,cz2,cz3
r0006199,55642,cz2,cz3
r0006200,55647,cz2,cz3
r0006201,55651,cz2,cz3
r0006202,55656,cz2,cz3
r0006203,55661,cz2,cz3
r0006204,55665,cz2,cz3
r0006205,55670,cz2,cz3
r0006206,55674,cz2,cz4
r0006207,55679,cz2,cz4
r0006208,55683,cz2,cz4
r0006209,55688,cz2,cz4
r0006210,55692,cz2,cz4
r0006211,55697,cz2,cz4
r0006212,55702,cz2,cz4
r0006213,55706,cz2,cz4
r0006214,55711,cz2,cz4
r0006215,55715,cz2,cz4
r0006216,55720,cz2,cz4
r0006217,55724,cz2,cz4
r0006218,55729,cz2,cz4
r0006219,55733,cz2,cz4
r0006220,55738,cz2,cz4
r0006221,55743,cz2,cz4
r0006222,55747,cz2,cz4
r0006223,55752,cz2,cz4
r0006224,55756,cz2,cz4
r0006225,55761,cz2,cz4
r0006226,55765,cz2,cz4
r0006227,55770,cz2,cz4
r0006228,55774,cz2,cz4
r0006229,55779,cz2,cz4
r0006230,55784,cz2,cz4
r0006231,55788,cz2,cz4
r0006232,55793,cz2,cz4
r0006233,55797,cz2,cz4
r0006234,55802,cz2,cz4
r0006235,55806,cz2,cz4
r0006236,55811,cz2,cz4
r0006237,55815,cz2,cz4
r0006238,55820,cz2,cz4
r0006239,55825,cz2,cz4
r0006240,55829,cz2,cz4
r0006241,55834,cz3,cz1
r0006242,55838,cz3,cz1
r0006243,55843,cz3,cz1
r0006244,55847,cz3,cz1
r0006245,55852,cz3,cz1
r0006246,55856,cz3,cz1
r0006247,55861,cz3,cz1
r0006248,55866,cz3,cz1
r0006249,55870,cz3,cz1
r0006250,55875,cz3,cz1
r0006251,55879,cz3,cz1
r0006252,55884,cz3,cz1
r0006253,55888,cz3,cz1
r0006254,55893,cz3,cz1
r0006255,55897,cz3,cz1
r0006256,55902,cz3,cz1
r0006257,55907,cz3,cz1
r0006258,55911,cz3,cz1
r0006259,55916,cz3,cz1
r0006260,55920,cz3,cz1
r0006261,55925,cz3,cz1
r0006262,55929,cz3,cz1
r0006263,55934,cz3,cz1
r0006264,55938,cz3,cz1
r0006265,55943,cz3,cz1
r0006266,55948,cz3,cz1
r0006267,55952,cz3,cz1
r0006268,55957,cz3,cz1
r0006269,55961,cz3,cz1
r0006270,55966,cz3,cz1
r0006271,55970,cz3,cz1
r0006272,55975,cz3,cz1
r0006273,55980,cz3,cz1
r0006274,55984,cz3,cz1
r0006275,55989,cz3,cz1
r0006276,55993,cz3,cz1
r0006277,55998,cz3,cz1
r0006278,56002,cz3,cz1
r0006279,56007,cz3,cz1
r0006280,56011,cz3,cz1
r0006281,56016,cz3,cz1
r0006282,56021,cz3,cz1
r0006283,56025,cz3,cz1
r0006284,56030,cz3,cz1
r0006285,56034,cz3,cz1
r0006286,56039,cz3,cz1
r0006287,56043,cz3,cz1
r0006288,56048,cz3,cz1
r0006289,56052,cz3,cz1
r0006290,56057,cz3,cz1
r0006291,56062,cz3,cz1
r0006292,56066,cz3,cz1
r0006293,56071,cz3,cz1
r0006294,56075,cz3,cz1
r0006295,56080,cz3,cz1
r0006296,56084,cz3,cz1
r0006297,56089,cz3,cz1
r0006298,56093,cz3,cz1
r0006299,56098,cz3,cz1
r0006300,56103,cz3,cz1
r0006301,56107,cz3,cz1
r0006302,56112,cz3,cz1
r0006303,56116,cz3,cz1
r0006304,56121,cz3,cz1
r0006305,56125,cz3,cz1
r0006306,56130,cz3,cz2
r0006307,56134,cz3,cz2
r0006308,56139,cz3,cz2
r0006309,56144,cz3,cz2
r0006310,56148,cz3,cz2
r0006311,56153,cz3,cz2
r0006312,56157,cz3,cz2
r0006313,56162,cz3,cz2
r0006314,56166,cz3,cz2
r0006315,56171,cz3,cz2
r0006316,56175,cz3,cz2
r0006317,56180,cz3,cz2
r0006318,56185,cz3,cz2
r0006319,56189,cz3,cz2
r0006320,56194,cz3,cz2
r0006321,56198,cz3,cz2
r0006322,56203,cz3,cz2
r0006323,56207,cz3,cz2
r0006324,56212,cz3,cz2
r0006325,56216,cz3,cz2
r0006326,56221,cz3,cz2
r0006327,56226,cz3,cz2
r0006328,56230,cz3,cz2
r0006329,56235,cz3,cz2
r0006330,56239,cz3,cz2
r0006331,56244,cz3,cz2
r0006332,56248,cz3,cz2
r0006333,56253,cz3,cz2
r0006334,56257,cz3,cz2
r0006335,56262,cz3,cz2
r0006336,56267,cz3,cz2
r0006337,56271,cz3,cz2
r0006338,56276,cz3,cz2
r0006339,56280,cz3,cz2
r0006340,56285,cz3,cz2
r0006341,56289,cz3,cz2
r0006342,56294,cz3,cz2
r0006343,56298,cz3,cz2
r0006344,56303,cz3,cz2
r0006345,56308,cz3,cz2
r0006346,56312,cz3,cz2
r0006347,56317,cz3,cz2
r0006348,56321,cz3,cz2
r0006349,56326,cz3,cz2
r0006350,56330,cz3,cz2
r0006351,56335,cz3,cz2
r0006352,56340,cz3,cz3
r0006353,56344,cz3,cz3
r0006354,56349,cz3,cz3
r0006355,56353,cz3,cz3
r0006356,56358,cz3,cz3
r0006357,56362,cz3,cz3
r0006358,56367,cz3,cz3
r0006359,56371,cz3,cz3
r0006360,56376,cz3,cz3
r0006361,56381,cz3,cz3
r0006362,56385,cz3,cz3
r0006363,56390,cz3,cz3
r0006364,56394,cz3,cz3
r0006365,56399,cz3,cz3
r0006366,56403,cz3,cz3
r0006367,56408,cz3,cz3
r0006368,56412,cz3,cz3
r0006369,56417,cz3,cz3
r0006370,56422,cz3,cz3
r0006371,56426,cz3,cz3
r0006372,56431,cz3,cz3
r0006373,56435,cz3,cz3
r0006374,56440,cz3,cz3
r0006375,56444,cz3,cz3
r0006376,56449,cz3,cz3
r0006377,56453,cz3,cz3
r0006378,56458,cz3,cz3
r0006379,56463,cz3,cz3
r0006380,56467,cz3,cz3
r0006381,56472,cz3,cz3
r0006382,56476,cz3,cz3
r0006383,56481,cz3,cz3
r0006384,56485,cz3,cz3
r0006385,56490,cz3,cz3
r0006386,56494,cz3,cz3
r0006387,56499,cz3,cz3
r0006388,56504,cz3,cz3
r0006389,56508,cz3,cz3
r0006390,56513,cz3,cz3
r0006391,56517,cz3,cz3
r0006392,56522,cz3,cz3
r0006393,56526,cz3,cz3
r0006394,56531,cz3,cz3
r0006395,56535,cz3,cz3
r0006396,56540,cz3,cz3
r0006397,56545,cz3,cz3
r0006398,56549,cz3,cz3
r0006399,56554,cz3,cz3
r0006400,56558,cz3,cz3
r0006401,56563,cz3,cz3
r0006402,56567,cz3,cz3
r0006403,56572,cz3,cz3
r0006404,56576,cz3,cz3
r0006405,56581,cz3,cz3
r0006406,56586,cz3,cz3
r0006407,56590,cz3,cz3
r0006408,56595,cz3,cz3
r0006409,56599,cz3,cz3
r0006410,56604,cz3,cz3
r0006411,56608,cz3,cz3
r0006412,56613,cz3,cz3
r0006413,56617,cz3,cz3
r0006414,56622,cz3,cz3
r0006415,56627,cz3,cz3
r0006416,56631,cz3,cz3
r0006417,56636,cz3,cz3
r0006418,56640,cz3,cz3
r0006419,56645,cz3,cz3
r0006420,56649,cz3,cz3
r0006421,56654,cz3,cz4
r0006422,56658,cz3,cz4
r0006423,56663,cz3,cz4
r0006424,56668,cz3,cz4
r0006425,56672,cz3,cz4
r0006426,56677,cz3,cz4
r0006427,56681,cz3,cz4
r0006428,56686,cz3,cz4
r0006429,56690,cz3,cz4
r0006430,56695,cz3,cz4
r0006431,56700,cz3,cz4
r0006432,56704,cz3,cz4
r0006433,56709,cz3,cz4
r0006434,56713,cz3,cz4
r0006435,56718,cz3,cz4
r0006436,56722,cz3,cz4
r0006437,56727,cz3,cz4
r0006438,56731,cz3,cz4
r0006439,56736,cz3,cz4
r0006440,56741,cz3,cz4
r0006441,56745,cz3,cz4
r0006442,56750,cz3,cz4
r0006443,56754,cz3,cz4
r0006444,56759,cz3,cz4
r0006445,56763,cz3,cz4
r0006446,56768,cz3,cz4
r0006447,56772,cz3,cz4
r0006448,56777,cz3,cz4
r0006449,56782,cz3,cz4
r0006450,56786,cz3,cz4
r0006451,56791,cz3,cz4
r0006452,56795,cz3,cz4
r0006453,56800,cz3,cz4
r0006454,56804,cz3,cz4
r0006455,56809,cz3,cz4
r0006456,56813,cz3,cz4
r0006457,56818,cz3,cz4
r0006458,56823,cz3,cz4
r0006459,56827,cz3,cz4
r0006460,56832,cz3,cz4
r0006461,56836,cz3,cz4
r0006462,56841,cz3,cz4
r0006463,56845,cz3,cz4
r0006464,56850,cz3,cz4
r0006465,56854,cz3,cz4
r0006466,56859,cz3,cz4
r0006467,56864,cz3,cz4
r0006468,56868,cz4,cz1
r0006469,56873,cz4,cz1
r0006470,56877,cz4,cz1
r0006471,56882,cz4,cz1
r0006472,56886,cz4,cz1
r0006473,56891,cz4,cz1
r0006474,56895,cz4,cz1
r0006475,56900,cz4,cz1
r0006476,56905,cz4,cz1
r0006477,56909,cz4,cz1
r0006478,56914,cz4,cz1
r0006479,56918,cz4,cz1
r0006480,56923,cz4,cz1
r0006481,56927,cz4,cz1
r0006482,56932,cz4,cz1
r0006483,56936,cz4,cz1
r0006484,56941,cz4,cz1
r0006485,56946,cz4,cz1
r0006486,56950,cz4,cz1
r0006487,56955,cz4,cz1
r0006488,56959,cz4,cz1
r0006489,56964,cz4,cz1
r0006490,56968,cz4,cz1
r0006491,56973,cz4,cz1
r0006492,56977,cz4,cz1
r0006493,56982,cz4,cz1
r0006494,56987,cz4,cz1
r0006495,56991,cz4,cz1
r0006496,56996,cz4,cz1
r0006497,57000,cz4,cz1
r0006498,57005,cz4,cz1
r0006499,57009,cz4,cz1
r0006500,57014,cz4,cz1
r0006501,57018,cz4,cz1
r0006502,57023,cz4,cz1
r0006503,57028,cz4,cz1
r0006504,57032,cz4,cz1
r0006505,57037,cz4,cz1
r0006506,57041,cz4,cz1
r0006507,57046,cz4,cz1
r0006508,57050,cz4,cz1
r0006509,57055,cz4,cz1
r0006510,57060,cz4,cz1
r0006511,57064,cz4,cz1
r0006512,57069,cz4,cz1
r0006513,57073,cz4,cz1
r0006514,57078,cz4,cz2
r0006515,57082,cz4,cz2
r0006516,57087,cz4,cz2
r0006517,57091,cz4,cz2
r0006518,57096,cz4,cz2
r0006519,57101,cz4,cz2
r0006520,57105,cz4,cz2
r0006521,57110,cz4,cz2
r0006522,57114,cz4,cz2
r0006523,57119,cz4,cz2
r0006524,57123,cz4,cz2
r0006525,57128,cz4,cz2
r0006526,57132,cz4,cz2
r0006527,57137,cz4,cz2
r0006528,57142,cz4,cz2
r0006529,57146,cz4,cz2
r0006530,57151,cz4,cz2
r0006531,57155,cz4,cz2
r0006532,57160,cz4,cz2
r0006533,57164,cz4,cz2
r0006534,57169,cz4,cz2
r0006535,57173,cz4,cz2
r0006536,57178,cz4,cz2
r0006537,57183,cz4,cz2
r0006538,57187,cz4,cz2
r0006539,57192,cz4,cz2
r0006540,57196,cz4,cz2
r0006541,57201,cz4,cz2
r0006542,57205,cz4,cz2
r0006543,57210,cz4,cz2
r0006544,57214,cz4,cz2
r0006545,57219,cz4,cz2
r0006546,57224,cz4,cz2
r0006547,57228,cz4,cz2
r0006548,57233,cz4,cz3
r0006549,57237,cz4,cz3
r0006550,57242,cz4,cz3
r0006551,57246,cz4,cz3
r0006552,57251,cz4,cz3
r0006553,57255,cz4,cz3
r0006554,57260,cz4,cz3
r0006555,57265,cz4,cz3
r0006556,57269,cz4,cz3
r0006557,57274,cz4,cz3
r0006558,57278,cz4,cz3
r0006559,57283,cz4,cz3
r0006560,57287,cz4,cz3
r0006561,57292,cz4,cz3
r0006562,57296,cz4,cz3
r0006563,57301,cz4,cz3
r0006564,57306,cz4,cz3
r0006565,57310,cz4,cz3
r0006566,57315,cz4,cz3
r0006567,57319,cz4,cz3
r0006568,57324,cz4,cz3
r0006569,57328,cz4,cz3
r0006570,57333,cz4,cz3
r0006571,57337,cz4,cz3
r0006572,57342,cz4,cz3
r0006573,57347,cz4,cz3
r0006574,57351,cz4,cz3
r0006575,57356,cz4,cz3
r0006576,57360,cz4,cz3
r0006577,57365,cz4,cz3
r0006578,57369,cz4,cz3
r0006579,57374,cz4,cz3
r0006580,57378,cz4,cz3
r0006581,57383,cz4,cz3
r0006582,57388,cz4,cz3
r0006583,57392,cz4,cz3
r0006584,57397,cz4,cz3
r0006585,57401,cz4,cz3
r0006586,57406,cz4,cz3
r0006587,57410,cz4,cz3
r0006588,57415,cz4,cz3
r0006589,57420,cz4,cz3
r0006590,57424,cz4,cz3
r0006591,57429,cz4,cz3
r0006592,57433,cz4,cz3
r0006593,57438,cz4,cz3
r0006594,57442,cz4,cz3
r0006595,57447,cz4,cz3
r0006596,57451,cz4,cz4
r0006597,57456,cz4,cz4
r0006598,57461,cz4,cz4
r0006599,57465,cz4,cz4
r0006600,57470,cz4,cz4
r0006601,57474,cz4,cz4
r0006602,57479,cz4,cz4
r0006603,57483,cz4,cz4
r0006604,57488,cz4,cz4
r0006605,57492,cz4,cz4
r0006606,57497,cz4,cz4
r0006607,57502,cz4,cz4
r0006608,57506,cz4,cz4
r0006609,57511,cz4,cz4
r0006610,57515,cz4,cz4
r0006611,57520,cz4,cz4
r0006612,57524,cz4,cz4
r0006613,57529,cz4,cz4
r0006614,57533,cz4,cz4
r0006615,57538,cz4,cz4
r0006616,57543,cz4,cz4
r0006617,57547,cz4,cz4
r0006618,57552,cz4,cz4
r0006619,57556,cz4,cz4
r0006620,57561,cz4,cz4
r0006621,57565,cz4,cz4
r0006622,57570,cz4,cz4
r0006623,57574,cz4,cz4
r0006624,57579,cz4,cz4
r0006625,57584,cz4,cz4
r0006626,57588,cz4,cz4
r0006627,57593,cz4,cz4
r0006628,57597,cz4,cz4
r0006629,57602,cz1,cz1
r0006630,57606,cz1,cz1
r0006631,57610,cz1,cz1
r0006632,57614,cz1,cz1
r0006633,57619,cz1,cz1
r0006634,57623,cz1,cz1
r0006635,57627,cz1,cz1
r0006636,57631,cz1,cz1
r0006637,57636,cz1,cz1
r0006638,57640,cz1,cz1
r0006639,57644,cz1,cz1
r0006640,57648,cz1,cz1
r0006641,57652,cz1,cz1
r0006642,57657,cz1,cz1
r0006643,57661,cz1,cz1
r0006644,57665,cz1,cz1
r0006645,57669,cz1,cz1
r0006646,57674,cz1,cz1
r0006647,57678,cz1,cz1
r0006648,57682,cz1,cz1
r0006649,57686,cz1,cz1
r0006650,57691,cz1,cz1
r0006651,57695,cz1,cz1
r0006652,57699,cz1,cz1
r0006653,57703,cz1,cz1
r0006654,57708,cz1,cz1
r0006655,57712,cz1,cz1
r0006656,57716,cz1,cz1
r0006657,57720,cz1,cz1
r0006658,57724,cz1,cz1
r0006659,57729,cz1,cz1
r0006660,57733,cz1,cz1
r0006661,57737,cz1,cz1
r0006662,57741,cz1,cz1
r0006663,57746,cz1,cz1
r0006664,57750,cz1,cz1
r0006665,57754,cz1,cz1
r0006666,57758,cz1,cz1
r0006667,57763,cz1,cz1
r0006668,57767,cz1,cz1
r0006669,57771,cz1,cz1
r0006670,57775,cz1,cz1
r0006671,57780,cz1,cz1
r0006672,57784,cz1,cz1
r0006673,57788,cz1,cz1
r0006674,57792,cz1,cz1
r0006675,57796,cz1,cz1
r0006676,57801,cz1,cz1
r0006677,57805,cz1,cz1
r0006678,57809,cz1,cz1
r0006679,57813,cz1,cz1
r0006680,57818,cz1,cz1
r0006681,57822,cz1,cz1
r0006682,57826,cz1,cz1
r0006683,57830,cz1,cz1
r0006684,57835,cz1,cz1
r0006685,57839,cz1,cz1
r0006686,57843,cz1,cz1
r0006687,57847,cz1,cz1
r0006688,57852,cz1,cz1
r0006689,57856,cz1,cz1
r0006690,57860,cz1,cz1
r0006691,57864,cz1,cz1
r0006692,57868,cz1,cz1
r0006693,57873,cz1,cz1
r0006694,57877,cz1,cz1
r0006695,57881,cz1,cz1
r0006696,57885,cz1,cz1
r0006697,57890,cz1,cz2
r0006698,57894,cz1,cz2
r0006699,57898,cz1,cz2
r0006700,57902,cz1,cz2
r0006701,57907,cz1,cz2
r0006702,57911,cz1,cz2
r0006703,57915,cz1,cz2
r0006704,57919,cz1,cz2
r0006705,57924,cz1,cz2
r0006706,57928,cz1,cz2
r0006707,57932,cz1,cz2
r0006708,57936,cz1,cz2
r0006709,57940,cz1,cz2
r0006710,57945,cz1,cz2
r0006711,57949,cz1,cz2
r0006712,57953,cz1,cz2
r0006713,57957,cz1,cz2
r0006714,57962,cz1,cz2
r0006715,57966,cz1,cz2
r0006716,57970,cz1,cz2
r0006717,57974,cz1,cz2
r0006718,57979,cz1,cz2
r0006719,57983,cz1,cz2
r0006720,57987,cz1,cz2
r0006721,57991,cz1,cz2
r0006722,57996,cz1,cz2
r0006723,58000,cz1,cz2
r0006724,58004,cz1,cz2
r0006725,58008,cz1,cz2
r0006726,58012,cz1,cz2
r0006727,58017,cz1,cz2
r0006728,58021,cz1,cz2
r0006729,58025,cz1,cz2
r0006730,58029,cz1,cz2
r0006731,58034,cz1,cz2
r0006732,58038,cz1,cz2
r0006733,58042,cz1,cz2
r0006734,58046,cz1,cz2
r0006735,58051,cz1,cz2
r0006736,58055,cz1,cz2
r0006737,58059,cz1,cz2
r0006738,58063,cz1,cz2
r0006739,58068,cz1,cz2
r0006740,58072,cz1,cz2
r0006741,58076,cz1,cz2
r0006742,58080,cz1,cz2
r0006743,58084,cz1,cz2
r0006744,58089,cz1,cz2
r0006745,58093,cz1,cz2
r0006746,58097,cz1,cz2
r0006747,58101,cz1,cz2
r0006748,58106,cz1,cz2
r0006749,58110,cz1,cz3
r0006750,58114,cz1,cz3
r0006751,58118,cz1,cz3
r0006752,58123,cz1,cz3
r0006753,58127,cz1,cz3
r0006754,58131,cz1,cz3
r0006755,58135,cz1,cz3
r0006756,58140,cz1,cz3
r0006757,58144,cz1,cz3
r0006758,58148,cz1,cz3
r0006759,58152,cz1,cz3
r0006760,58156,cz1,cz3
r0006761,58161,cz1,cz3
r0006762,58165,cz1,cz3
r0006763,58169,cz1,cz3
r0006764,58173,cz1,cz3
r0006765,58178,cz1,cz3
r0006766,58182,cz1,cz3
r0006767,58186,cz1,cz3
r0006768,58190,cz1,cz3
r0006769,58195,cz1,cz3
r0006770,58199,cz1,cz3
r0006771,58203,cz1,cz3
r0006772,58207,cz1,cz3
r0006773,58212,cz1,cz3
r0006774,58216,cz1,cz3
r0006775,58220,cz1,cz3
r0006776,58224,cz1,cz3
r0006777,58228,cz1,cz3
r0006778,58233,cz1,cz3
r0006779,58237,cz1,cz3
r0006780,58241,cz1,cz3
r0006781,58245,cz1,cz3
r0006782,58250,cz1,cz3
r0006783,58254,cz1,cz3
r0006784,58258,cz1,cz3
r0006785,58262,cz1,cz3
r0006786,58267,cz1,cz3
r0006787,58271,cz1,cz3
r0006788,58275,cz1,cz3
r0006789,58279,cz1,cz3
r0006790,58284,cz1,cz3
r0006791,58288,cz1,cz3
r0006792,58292,cz1,cz3
r0006793,58296,cz1,cz3
r0006794,58300,cz1,cz3
r0006795,58305,cz1,cz3
r0006796,58309,cz1,cz3
r0006797,58313,cz1,cz3
r0006798,58317,cz1,cz3
r0006799,58322,cz1,cz3
r0006800,58326,cz1,cz3
r0006801,58330,cz1,cz3
r0006802,58334,cz1,cz3
r0006803,58339,cz1,cz3
r0006804,58343,cz1,cz3
r0006805,58347,cz1,cz3
r0006806,58351,cz1,cz3
r0006807,58356,cz1,cz3
r0006808,58360,cz1,cz3
r0006809,58364,cz1,cz3
r0006810,58368,cz1,cz3
r0006811,58372,cz1,cz3
r0006812,58377,cz1,cz3
r0006813,58381,cz1,cz3
r0006814,58385,cz1,cz3
r0006815,58389,cz1,cz3
r0006816,58394,cz1,cz3
r0006817,58398,cz1,cz3
r0006818,58402,cz1,cz3
r0006819,58406,cz1,cz3
r0006820,58411,cz1,cz4
r0006821,58415,cz1,cz4
r0006822,58419,cz1,cz4
r0006823,58423,cz1,cz4
r0006824,58428,cz1,cz4
r0006825,58432,cz1,cz4
r0006826,58436,cz1,cz4
r0006827,58440,cz1,cz4
r0006828,58444,cz1,cz4
r0006829,58449,cz1,cz4
r0006830,58453,cz1,cz4
r0006831,58457,cz1,cz4
r0006832,58461,cz1,cz4
r0006833,58466,cz1,cz4
r0006834,58470,cz1,cz4
r0006835,58474,cz1,cz4
r0006836,58478,cz1,cz4
r0006837,58483,cz1,cz4
r0006838,58487,cz1,cz4
r0006839,58491,cz1,cz4
r0006840,58495,cz1,cz4
r0006841,58500,cz1,cz4
r0006842,58504,cz1,cz4
r0006843,58508,cz1,cz4
r0006844,58512,cz1,cz4
r0006845,58516,cz1,cz4
r0006846,58521,cz1,cz4
r0006847,58525,cz1,cz4
r0006848,58529,cz1,cz4
r0006849,58533,cz1,cz4
r0006850,58538,cz1,cz4
r0006851,58542,cz1,cz4
r0006852,58546,cz1,cz4
r0006853,58550,cz1,cz4
r0006854,58555,cz1,cz4
r0006855,58559,cz1,cz4
r0006856,58563,cz1,cz4
r0006857,58567,cz1,cz4
r0006858,58572,cz1,cz4
r0006859,58576,cz1,cz4
r0006860,58580,cz1,cz4
r0006861,58584,cz1,cz4
r0006862,58588,cz1,cz4
r0006863,58593,cz1,cz4
r0006864,58597,cz1,cz4
r0006865,58601,cz1,cz4
r0006866,58605,cz1,cz4
r0006867,58610,cz1,cz4
r0006868,58614,cz2,cz1
r0006869,58618,cz2,cz1
r0006870,58622,cz2,cz1
r0006871,58627,cz2,cz1
r0006872,58631,cz2,cz1
r0006873,58635,cz2,cz1
r0006874,58639,cz2,cz1
r0006875,58644,cz2,cz1
r0006876,58648,cz2,cz1
r0006877,58652,cz2,cz1
r0006878,58656,cz2,cz1
r0006879,58660,cz2,cz1
r0006880,58665,cz2,cz1
r0006881,58669,cz2,cz1
r0006882,58673,cz2,cz1
r0006883,58677,cz2,cz1
r0006884,58682,cz2,cz1
r0006885,58686,cz2,cz1
r0006886,58690,cz2,cz1
r0006887,58694,cz2,cz1
r0006888,58699,cz2,cz1
r0006889,58703,cz2,cz1
r0006890,58707,cz2,cz1
r0006891,58711,cz2,cz1
r0006892,58716,cz2,cz1
r0006893,58720,cz2,cz1
r0006894,58724,cz2,cz1
r0006895,58728,cz2,cz1
r0006896,58732,cz2,cz1
r0006897,58737,cz2,cz1
r0006898,58741,cz2,cz1
r0006899,58745,cz2,cz1
r0006900,58749,cz2,cz1
r0006901,58754,cz2,cz1
r0006902,58758,cz2,cz1
r0006903,58762,cz2,cz1
r0006904,58766,cz2,cz1
r0006905,58771,cz2,cz1
r0006906,58775,cz2,cz1
r0006907,58779,cz2,cz1
r0006908,58783,cz2,cz1
r0006909,58788,cz2,cz1
r0006910,58792,cz2,cz1
r0006911,58796,cz2,cz1
r0006912,58800,cz2,cz1
r0006913,58804,cz2,cz1
r0006914,58809,cz2,cz1
r0006915,58813,cz2,cz1
r0006916,58817,cz2,cz1
r0006917,58821,cz2,cz1
r0006918,58826,cz2,cz1
r0006919,58830,cz2,cz1
r0006920,58834,cz2,cz1
r0006921,58838,cz2,cz2
r0006922,58843,cz2,cz2
r0006923,58847,cz2,cz2
r0006924,58851,cz2,cz2
r0006925,58855,cz2,cz2
r0006926,58860,cz2,cz2
r0006927,58864,cz2,cz2
r0006928,58868,cz2,cz2
r0006929,58872,cz2,cz2
r0006930,58876,cz2,cz2
r0006931,58881,cz2,cz2
r0006932,58885,cz2,cz2
r0006933,58889,cz2,cz2
r0006934,58893,cz2,cz2
r0006935,58898,cz2,cz2
r0006936,58902,cz2,cz2
r0006937,58906,cz2,cz2
r0006938,58910,cz2,cz2
r0006939,58915,cz2,cz2
r0006940,58919,cz2,cz2
r0006941,58923,cz2,cz2
r0006942,58927,cz2,cz2
r0006943,58932,cz2,cz2
r0006944,58936,cz2,cz2
r0006945,58940,cz2,cz2
r0006946,58944,cz2,cz2
r0006947,58948,cz2,cz2
r0006948,58953,cz2,cz2
r0006949,58957,cz2,cz2
r0006950,58961,cz2,cz2
r0006951,58965,cz2,cz2
r0006952,58970,cz2,cz2
r0006953,58974,cz2,cz2
r0006954,58978,cz2,cz2
r0006955,58982,cz2,cz2
r0006956,58987,cz2,cz2
r0006957,58991,cz2,cz2
r0006958,58995,cz2,cz2
r0006959,58999,cz2,cz2
r0006960,59004,cz2,cz2
r0006961,59008,cz2,cz2
r0006962,59012,cz2,cz2
r0006963,59016,cz2,cz2
r0006964,59020,cz2,cz2
r0006965,59025,cz2,cz2
r0006966,59029,cz2,cz2
r0006967,59033,cz2,cz2
r0006968,59037,cz2,cz2
r0006969,59042,cz2,cz2
r0006970,59046,cz2,cz2
r0006971,59050,cz2,cz2
r0006972,59054,cz2,cz3
r0006973,59059,cz2,cz3
r0006974,59063,cz2,cz3
r0006975,59067,cz2,cz3
r0006976,59071,cz2,cz3
r0006977,59076,cz2,cz3
r0006978,59080,cz2,cz3
r0006979,59084,cz2,cz3
r0006980,59088,cz2,cz3
r0006981,59092,cz2,cz3
r0006982,59097,cz2,cz3
r0006983,59101,cz2,cz3
r0006984,59105,cz2,cz3
r0006985,59109,cz2,cz3
r0006986,59114,cz2,cz3
r0006987,59118,cz2,cz3
r0006988,59122,cz2,cz3
r0006989,59126,cz2,cz3
r0006990,59131,cz2,cz3
r0006991,59135,cz2,cz3
r0006992,59139,cz2,cz3
r0006993,59143,cz2,cz3
r0006994,59148,cz2,cz3
r0006995,59152,cz2,cz3
r0006996,59156,cz2,cz3
r0006997,59160,cz2,cz3
r0006998,59164,cz2,cz3
r0006999,59169,cz2,cz3
r0007000,59173,cz2,cz3
r0007001,59177,cz2,cz3
r0007002,59181,cz2,cz3
r0007003,59186,cz2,cz3
r0007004,59190,cz2,cz3
r0007005,59194,cz2,cz3
r0007006,59198,cz2,cz3
r0007007,59203,cz2,cz3
r0007008,59207,cz2,cz3
r0007009,59211,cz2,cz3
r0007010,59215,cz2,cz3
r0007011,59220,cz2,cz3
r0007012,59224,cz2,cz3
r0007013,59228,cz2,cz3
r0007014,59232,cz2,cz3
r0007015,59236,cz2,cz3
r0007016,59241,cz2,cz3
r0007017,59245,cz2,cz3
r0007018,59249,cz2,cz3
r0007019,59253,cz2,cz3
r0007020,59258,cz2,cz3
r0007021,59262,cz2,cz3
r0007022,59266,cz2,cz3
r0007023,59270,cz2,cz4
r0007024,59275,cz2,cz4
r0007025,59279,cz2,cz4
r0007026,59283,cz2,cz4
r0007027,59287,cz2,cz4
r0007028,59292,cz2,cz4
r0007029,59296,cz2,cz4
r0007030,59300,cz2,cz4
r0007031,59304,cz2,cz4
r0007032,59308,cz2,cz4
r0007033,59313,cz2,cz4
r0007034,59317,cz2,cz4
r0007035,59321,cz2,cz4
r0007036,59325,cz2,cz4
r0007037,59330,cz2,cz4
r0007038,59334,cz2,cz4
r0007039,59338,cz2,cz4
r0007040,59342,cz2,cz4
r0007041,59347,cz2,cz4
r0007042,59351,cz2,cz4
r0007043,59355,cz2,cz4
r0007044,59359,cz2,cz4
r0007045,59364,cz2,cz4
r0007046,59368,cz2,cz4
r0007047,59372,cz2,cz4
r0007048,59376,cz2,cz4
r0007049,59380,cz2,cz4
r0007050,59385,cz2,cz4
r0007051,59389,cz2,cz4
r0007052,59393,cz2,cz4
r0007053,59397,cz2,cz4
r0007054,59402,cz2,cz4
r0007055,59406,cz2,cz4
r0007056,59410,cz2,cz4
r0007057,59414,cz2,cz4
r0007058,59419,cz2,cz4
r0007059,59423,cz2,cz4
r0007060,59427,cz3,cz1
r0007061,59431,cz3,cz1
r0007062,59436,cz3,cz1
r0007063,59440,cz3,cz1
r0007064,59444,cz3,cz1
r0007065,59448,cz3,cz1
r0007066,59452,cz3,cz1
r0007067,59457,cz3,cz1
r0007068,59461,cz3,cz1
r0007069,59465,cz3,cz1
r0007070,59469,cz3,cz1
r0007071,59474,cz3,cz1
r0007072,59478,cz3,cz1
r0007073,59482,cz3,cz1
r0007074,59486,cz3,cz1
r0007075,59491,cz3,cz1
r0007076,59495,cz3,cz1
r0007077,59499,cz3,cz1
r0007078,59503,cz3,cz1
r0007079,59508,cz3,cz1
r0007080,59512,cz3,cz1
r0007081,59516,cz3,cz1
r0007082,59520,cz3,cz1
r0007083,59524,cz3,cz1
r0007084,59529,cz3,cz1
r0007085,59533,cz3,cz1
r0007086,59537,cz3,cz1
r0007087,59541,cz3,cz1
r0007088,59546,cz3,cz1
r0007089,59550,cz3,cz1
r0007090,59554,cz3,cz1
r0007091,59558,cz3,cz1
r0007092,59563,cz3,cz1
r0007093,59567,cz3,cz1
r0007094,59571,cz3,cz1
r0007095,59575,cz3,cz1
r0007096,59580,cz3,cz1
r0007097,59584,cz3,cz1
r0007098,59588,cz3,cz1
r0007099,59592,cz3,cz1
r0007100,59596,cz3,cz1
r0007101,59601,cz3,cz1
r0007102,59605,cz3,cz1
r0007103,59609,cz3,cz1
r0007104,59613,cz3,cz1
r0007105,59618,cz3,cz1
r0007106,59622,cz3,cz1
r0007107,59626,cz3,cz1
r0007108,59630,cz3,cz1
r0007109,59635,cz3,cz1
r0007110,59639,cz3,cz1
r0007111,59643,cz3,cz1
r0007112,59647,cz3,cz1
r0007113,59652,cz3,cz1
r0007114,59656,cz3,cz1
r0007115,59660,cz3,cz1
r0007116,59664,cz3,cz1
r0007117,59668,cz3,cz1
r0007118,59673,cz3,cz1
r0007119,59677,cz3,cz1
r0007120,59681,cz3,cz1
r0007121,59685,cz3,cz1
r0007122,59690,cz3,cz1
r0007123,59694,cz3,cz1
r0007124,59698,cz3,cz1
r0007125,59702,cz3,cz1
r0007126,59707,cz3,cz1
r0007127,59711,cz3,cz1
r0007128,59715,cz3,cz1
r0007129,59719,cz3,cz1
r0007130,59724,cz3,cz2
r0007131,59728,cz3,cz2
r0007132,59732,cz3,cz2
r0007133,59736,cz3,cz2
r0007134,59740,cz3,cz2
r0007135,59745,cz3,cz2
r0007136,59749,cz3,cz2
r0007137,59753,cz3,cz2
r0007138,59757,cz3,cz2
r0007139,59762,cz3,cz2
r0007140,59766,cz3,cz2
r0007141,59770,cz3,cz2
r0007142,59774,cz3,cz2
r0007143,59779,cz3,cz2
r0007144,59783,cz3,cz2
r0007145,59787,cz3,cz2
r0007146,59791,cz3,cz2
r0007147,59796,cz3,cz2
r0007148,59800,cz3,cz2
r0007149,59804,cz3,cz2
r0007150,59808,cz3,cz2
r0007151,59812,cz3,cz2
r0007152,59817,cz3,cz2
r0007153,59821,cz3,cz2
r0007154,59825,cz3,cz2
r0007155,59829,cz3,cz2
r0007156,59834,cz3,cz2
r0007157,59838,cz3,cz2
r0007158,59842,cz3,cz2
r0007159,59846,cz3,cz2
r0007160,59851,cz3,cz2
r0007161,59855,cz3,cz2
r0007162,59859,cz3,cz2
r0007163,59863,cz3,cz2
r0007164,59868,cz3,cz2
r0007165,59872,cz3,cz2
r0007166,59876,cz3,cz2
r0007167,59880,cz3,cz2
r0007168,59884,cz3,cz2
r0007169,59889,cz3,cz2
r0007170,59893,cz3,cz2
r0007171,59897,cz3,cz2
r0007172,59901,cz3,cz2
r0007173,59906,cz3,cz2
r0007174,59910,cz3,cz2
r0007175,59914,cz3,cz2
r0007176,59918,cz3,cz2
r0007177,59923,cz3,cz2
r0007178,59927,cz3,cz2
r0007179,59931,cz3,cz2
r0007180,59935,cz3,cz3
r0007181,59940,cz3,cz3
r0007182,59944,cz3,cz3
r0007183,59948,cz3,cz3
r0007184,59952,cz3,cz3
r0007185,59956,cz3,cz3
r0007186,59961,cz3,cz3
r0007187,59965,cz3,cz3
r0007188,59969,cz3,cz3
r0007189,59973,cz3,cz3
r0007190,59978,cz3,cz3
r0007191,59982,cz3,cz3
r0007192,59986,cz3,cz3
r0007193,59990,cz3,cz3
r0007194,59995,cz3,cz3
r0007195,59999,cz3,cz3
r0007196,60003,cz3,cz3
r0007197,60007,cz3,cz3
r0007198,60012,cz3,cz3
r0007199,60016,cz3,cz3
r0007200,60020,cz3,cz3
r0007201,60024,cz3,cz3
r0007202,60028,cz3,cz3
r0007203,60033,cz3,cz3
r0007204,60037,cz3,cz3
r0007205,60041,cz3,cz3
r0007206,60045,cz3,cz3
r0007207,60050,cz3,cz3
r0007208,60054,cz3,cz3
r0007209,60058,cz3,cz3
r0007210,60062,cz3,cz3
r0007211,60067,cz3,cz3
r0007212,60071,cz3,cz3
r0007213,60075,cz3,cz3
r0007214,60079,cz3,cz3
r0007215,60084,cz3,cz3
r0007216,60088,cz3,cz3
r0007217,60092,cz3,cz3
r0007218,60096,cz3,cz3
r0007219,60100,cz3,cz3
r0007220,60105,cz3,cz3
r0007221,60109,cz3,cz3
r0007222,60113,cz3,cz3
r0007223,60117,cz3,cz3
r0007224,60122,cz3,cz3
r0007225,60126,cz3,cz3
r0007226,60130,cz3,cz3
r0007227,60134,cz3,cz3
r0007228,60139,cz3,cz3
r0007229,60143,cz3,cz3
r0007230,60147,cz3,cz3
r0007231,60151,cz3,cz3
r0007232,60156,cz3,cz3
r0007233,60160,cz3,cz3
r0007234,60164,cz3,cz3
r0007235,60168,cz3,cz3
r0007236,60172,cz3,cz3
r0007237,60177,cz3,cz3
r0007238,60181,cz3,cz3
r0007239,60185,cz3,cz3
r0007240,60189,cz3,cz3
r0007241,60194,cz3,cz3
r0007242,60198,cz3,cz3
r0007243,60202,cz3,cz3
r0007244,60206,cz3,cz3
r0007245,60211,cz3,cz3
r0007246,60215,cz3,cz3
r0007247,60219,cz3,cz3
r0007248,60223,cz3,cz3
r0007249,60228,cz3,cz3
r0007250,60232,cz3,cz3
r0007251,60236,cz3,cz3
r0007252,60240,cz3,cz3
r0007253,60244,cz3,cz3
r0007254,60249,cz3,cz3
r0007255,60253,cz3,cz4
r0007256,60257,cz3,cz4
r0007257,60261,cz3,cz4
r0007258,60266,cz3,cz4
r0007259,60270,cz3,cz4
r0007260,60274,cz3,cz4
r0007261,60278,cz3,cz4
r0007262,60283,cz3,cz4
r0007263,60287,cz3,cz4
r0007264,60291,cz3,cz4
r0007265,60295,cz3,cz4
r0007266,60300,cz3,cz4
r0007267,60304,cz3,cz4
r0007268,60308,cz3,cz4
r0007269,60312,cz3,cz4
r0007270,60316,cz3,cz4
r0007271,60321,cz3,cz4
r0007272,60325,cz3,cz4
r0007273,60329,cz3,cz4
r0007274,60333,cz3,cz4
r0007275,60338,cz3,cz4
r0007276,60342,cz3,cz4
r0007277,60346,cz3,cz4
r0007278,60350,cz3,cz4
r0007279,60355,cz3,cz4
r0007280,60359,cz3,cz4
r0007281,60363,cz3,cz4
r0007282,60367,cz3,cz4
r0007283,60372,cz3,cz4
r0007284,60376,cz3,cz4
r0007285,60380,cz3,cz4
r0007286,60384,cz3,cz4
r0007287,60388,cz3,cz4
r0007288,60393,cz3,cz4
r0007289,60397,cz3,cz4
r0007290,60401,cz3,cz4
r0007291,60405,cz3,cz4
r0007292,60410,cz3,cz4
r0007293,60414,cz3,cz4
r0007294,60418,cz3,cz4
r0007295,60422,cz3,cz4
r0007296,60427,cz3,cz4
r0007297,60431,cz3,cz4
r0007298,60435,cz3,cz4
r0007299,60439,cz3,cz4
r0007300,60444,cz3,cz4
r0007301,60448,cz3,cz4
r0007302,60452,cz3,cz4
r0007303,60456,cz3,cz4
r0007304,60460,cz3,cz4
r0007305,60465,cz4,cz1
r0007306,60469,cz4,cz1
r0007307,60473,cz4,cz1
r0007308,60477,cz4,cz1
r0007309,60482,cz4,cz1
r0007310,60486,cz4,cz1
r0007311,60490,cz4,cz1
r0007312,60494,cz4,cz1
r0007313,60499,cz4,cz1
r0007314,60503,cz4,cz1
r0007315,60507,cz4,cz1
r0007316,60511,cz4,cz1
r0007317,60516,cz4,cz1
r0007318,60520,cz4,cz1
r0007319,60524,cz4,cz1
r0007320,60528,cz4,cz1
r0007321,60532,cz4,cz1
r0007322,60537,cz4,cz1
r0007323,60541,cz4,cz1
r0007324,60545,cz4,cz1
r0007325,60549,cz4,cz1
r0007326,60554,cz4,cz1
r0007327,60558,cz4,cz1
r0007328,60562,cz4,cz1
r0007329,60566,cz4,cz1
r0007330,60571,cz4,cz1
r0007331,60575,cz4,cz1
r0007332,60579,cz4,cz1
r0007333,60583,cz4,cz1
r0007334,60588,cz4,cz1
r0007335,60592,cz4,cz1
r0007336,60596,cz4,cz1
r0007337,60600,cz4,cz1
r0007338,60604,cz4,cz1
r0007339,60609,cz4,cz1
r0007340,60613,cz4,cz1
r0007341,60617,cz4,cz1
r0007342,60621,cz4,cz1
r0007343,60626,cz4,cz1
r0007344,60630,cz4,cz1
r0007345,60634,cz4,cz1
r0007346,60638,cz4,cz1
r0007347,60643,cz4,cz1
r0007348,60647,cz4,cz1
r0007349,60651,cz4,cz1
r0007350,60655,cz4,cz1
r0007351,60660,cz4,cz1
r0007352,60664,cz4,cz1
r0007353,60668,cz4,cz1
r0007354,60672,cz4,cz2
r0007355,60676,cz4,cz2
r0007356,60681,cz4,cz2
r0007357,60685,cz4,cz2
r0007358,60689,cz4,cz2
r0007359,60693,cz4,cz2
r0007360,60698,cz4,cz2
r0007361,60702,cz4,cz2
r0007362,60706,cz4,cz2
r0007363,60710,cz4,cz2
r0007364,60715,cz4,cz2
r0007365,60719,cz4,cz2
r0007366,60723,cz4,cz2
r0007367,60727,cz4,cz2
r0007368,60732,cz4,cz2
r0007369,60736,cz4,cz2
r0007370,60740,cz4,cz2
r0007371,60744,cz4,cz2
r0007372,60748,cz4,cz2
r0007373,60753,cz4,cz2
r0007374,60757,cz4,cz2
r0007375,60761,cz4,cz2
r0007376,60765,cz4,cz2
r0007377,60770,cz4,cz2
r0007378,60774,cz4,cz2
r0007379,60778,cz4,cz2
r0007380,60782,cz4,cz2
r0007381,60787,cz4,cz2
r0007382,60791,cz4,cz2
r0007383,60795,cz4,cz2
r0007384,60799,cz4,cz2
r0007385,60804,cz4,cz2
r0007386,60808,cz4,cz2
r0007387,60812,cz4,cz2
r0007388,60816,cz4,cz2
r0007389,60820,cz4,cz2
r0007390,60825,cz4,cz2
r0007391,60829,cz4,cz3
r0007392,60833,cz4,cz3
r0007393,60837,cz4,cz3
r0007394,60842,cz4,cz3
r0007395,60846,cz4,cz3
r0007396,60850,cz4,cz3
r0007397,60854,cz4,cz3
r0007398,60859,cz4,cz3
r0007399,60863,cz4,cz3
r0007400,60867,cz4,cz3
r0007401,60871,cz4,cz3
r0007402,60876,cz4,cz3
r0007403,60880,cz4,cz3
r0007404,60884,cz4,cz3
r0007405,60888,cz4,cz3
r0007406,60892,cz4,cz3
r0007407,60897,cz4,cz3
r0007408,60901,cz4,cz3
r0007409,60905,cz4,cz3
r0007410,60909,cz4,cz3
r0007411,60914,cz4,cz3
r0007412,60918,cz4,cz3
r0007413,60922,cz4,cz3
r0007414,60926,cz4,cz3
r0007415,60931,cz4,cz3
r0007416,60935,cz4,cz3
r0007417,60939,cz4,cz3
r0007418,60943,cz4,cz3
r0007419,60948,cz4,cz3
r0007420,60952,cz4,cz3
r0007421,60956,cz4,cz3
r0007422,60960,cz4,cz3
r0007423,60964,cz4,cz3
r0007424,60969,cz4,cz3
r0007425,60973,cz4,cz3
r0007426,60977,cz4,cz3
r0007427,60981,cz4,cz3
r0007428,60986,cz4,cz3
r0007429,60990,cz4,cz3
r0007430,60994,cz4,cz3
r0007431,60998,cz4,cz3
r0007432,61003,cz4,cz3
r0007433,61007,cz4,cz3
r0007434,61011,cz4,cz3
r0007435,61015,cz4,cz3
r0007436,61020,cz4,cz3
r0007437,61024,cz4,cz3
r0007438,61028,cz4,cz3
r0007439,61032,cz4,cz3
r0007440,61036,cz4,cz3
r0007441,61041,cz4,cz3
r0007442,61045,cz4,cz3
r0007443,61049,cz4,cz4
r0007444,61053,cz4,cz4
r0007445,61058,cz4,cz4
r0007446,61062,cz4,cz4
r0007447,61066,cz4,cz4
r0007448,61070,cz4,cz4
r0007449,61075,cz4,cz4
r0007450,61079,cz4,cz4
r0007451,61083,cz4,cz4
r0007452,61087,cz4,cz4
r0007453,61092,cz4,cz4
r0007454,61096,cz4,cz4
r0007455,61100,cz4,cz4
r0007456,61104,cz4,cz4
r0007457,61108,cz4,cz4
r0007458,61113,cz4,cz4
r0007459,61117,cz4,cz4
r0007460,61121,cz4,cz4
r0007461,61125,cz4,cz4
r0007462,61130,cz4,cz4
r0007463,61134,cz4,cz4
r0007464,61138,cz4,cz4
r0007465,61142,cz4,cz4
r0007466,61147,cz4,cz4
r0007467,61151,cz4,cz4
r0007468,61155,cz4,cz4
r0007469,61159,cz4,cz4
r0007470,61164,cz4,cz4
r0007471,61168,cz4,cz4
r0007472,61172,cz4,cz4
r0007473,61176,cz4,cz4
r0007474,61180,cz4,cz4
r0007475,61185,cz4,cz4
r0007476,61189,cz4,cz4
r0007477,61193,cz4,cz4
r0007478,61197,cz4,cz4
r0007479,61202,cz1,cz1
r0007480,61206,cz1,cz1
r0007481,61210,cz1,cz1
r0007482,61214,cz1,cz1
r0007483,61218,cz1,cz1
r0007484,61222,cz1,cz1
r0007485,61226,cz1,cz1
r0007486,61230,cz1,cz1
r0007487,61234,cz1,cz1
r0007488,61238,cz1,cz1
r0007489,61242,cz1,cz1
r0007490,61246,cz1,cz1
r0007491,61250,cz1,cz1
r0007492,61254,cz1,cz1
r0007493,61258,cz1,cz1
r0007494,61262,cz1,cz1
r0007495,61266,cz1,cz1
r0007496,61270,cz1,cz1
r0007497,61274,cz1,cz1
r0007498,61278,cz1,cz1
r0007499,61282,cz1,cz1
r0007500,61286,cz1,cz1
r0007501,61290,cz1,cz1
r0007502,61294,cz1,cz1
r0007503,61298,cz1,cz1
r0007504,61302,cz1,cz1
r0007505,61306,cz1,cz1
r0007506,61310,cz1,cz1
r0007507,61314,cz1,cz1
r0007508,61318,cz1,cz1
r0007509,61322,cz1,cz1
r0007510,61326,cz1,cz1
r0007511,61330,cz1,cz1
r0007512,61334,cz1,cz1
r0007513,61338,cz1,cz1
r0007514,61342,cz1,cz1
r0007515,61346,cz1,cz1
r0007516,61350,cz1,cz1
r0007517,61354,cz1,cz1
r0007518,61358,cz1,cz1
r0007519,61362,cz1,cz1
r0007520,61366,cz1,cz1
r0007521,61370,cz1,cz1
r0007522,61374,cz1,cz1
r0007523,61378,cz1,cz1
r0007524,61382,cz1,cz1
r0007525,61386,cz1,cz1
r0007526,61390,cz1,cz1
r0007527,61394,cz1,cz1
r0007528,61398,cz1,cz1
r0007529,61402,cz1,cz1
r0007530,61406,cz1,cz1
r0007531,61410,cz1,cz1
r0007532,61414,cz1,cz1
r0007533,61418,cz1,cz1
r0007534,61422,cz1,cz1
r0007535,61426,cz1,cz1
r0007536,61430,cz1,cz1
r0007537,61434,cz1,cz1
r0007538,61438,cz1,cz1
r0007539,61442,cz1,cz1
r0007540,61446,cz1,cz1
r0007541,61450,cz1,cz1
r0007542,61454,cz1,cz1
r0007543,61458,cz1,cz1
r0007544,61462,cz1,cz1
r0007545,61466,cz1,cz1
r0007546,61470,cz1,cz1
r0007547,61474,cz1,cz1
r0007548,61478,cz1,cz1
r0007549,61482,cz1,cz1
r0007550,61486,cz1,cz1
r0007551,61490,cz1,cz2
r0007552,61494,cz1,cz2
r0007553,61498,cz1,cz2
r0007554,61502,cz1,cz2
r0007555,61506,cz1,cz2
r0007556,61510,cz1,cz2
r0007557,61514,cz1,cz2
r0007558,61518,cz1,cz2
r0007559,61522,cz1,cz2
r0007560,61526,cz1,cz2
r0007561,61530,cz1,cz2
r0007562,61534,cz1,cz2
r0007563,61538,cz1,cz2
r0007564,61542,cz1,cz2
r0007565,61546,cz1,cz2
r0007566,61550,cz1,cz2
r0007567,61554,cz1,cz2
r0007568,61558,cz1,cz2
r0007569,61562,cz1,cz2
r0007570,61566,cz1,cz2
r0007571,61570,cz1,cz2
r0007572,61574,cz1,cz2
r0007573,61578,cz1,cz2
r0007574,61582,cz1,cz2
r0007575,61586,cz1,cz2
r0007576,61590,cz1,cz2
r0007577,61594,cz1,cz2
r0007578,61598,cz1,cz2
r0007579,61602,cz1,cz2
r0007580,61606,cz1,cz2
r0007581,61610,cz1,cz2
r0007582,61614,cz1,cz2
r0007583,61618,cz1,cz2
r0007584,61622,cz1,cz2
r0007585,61626,cz1,cz2
r0007586,61630,cz1,cz2
r0007587,61634,cz1,cz2
r0007588,61638,cz1,cz2
r0007589,61642,cz1,cz2
r0007590,61646,cz1,cz2
r0007591,61650,cz1,cz2
r0007592,61654,cz1,cz2
r0007593,61658,cz1,cz2
r0007594,61662,cz1,cz2
r0007595,61666,cz1,cz2
r0007596,61670,cz1,cz2
r0007597,61674,cz1,cz2
r0007598,61678,cz1,cz2
r0007599,61682,cz1,cz2
r0007600,61686,cz1,cz2
r0007601,61690,cz1,cz2
r0007602,61694,cz1,cz2
r0007603,61698,cz1,cz2
r0007604,61702,cz1,cz2
r0007605,61706,cz1,cz2
r0007606,61710,cz1,cz3
r0007607,61714,cz1,cz3
r0007608,61718,cz1,cz3
r0007609,61722,cz1,cz3
r0007610,61726,cz1,cz3
r0007611,61730,cz1,cz3
r0007612,61734,cz1,cz3
r0007613,61738,cz1,cz3
r0007614,61742,cz1,cz3
r0007615,61746,cz1,cz3
r0007616,61750,cz1,cz3
r0007617,61754,cz1,cz3
r0007618,61758,cz1,cz3
r0007619,61762,cz1,cz3
r0007620,61766,cz1,cz3
r0007621,61770,cz1,cz3
r0007622,61774,cz1,cz3
r0007623,61778,cz1,cz3
r0007624,61782,cz1,cz3
r0007625,61786,cz1,cz3
r0007626,61790,cz1,cz3
r0007627,61794,cz1,cz3
r0007628,61798,cz1,cz3
r0007629,61802,cz1,cz3
r0007630,61806,cz1,cz3
r0007631,61810,cz1,cz3
r0007632,61814,cz1,cz3
r0007633,61818,cz1,cz3
r0007634,61822,cz1,cz3
r0007635,61826,cz1,cz3
r0007636,61830,cz1,cz3
r0007637,61834,cz1,cz3
r0007638,61838,cz1,cz3
r0007639,61842,cz1,cz3
r0007640,61846,cz1,cz3
r0007641,61850,cz1,cz3
r0007642,61854,cz1,cz3
r0007643,61858,cz1,cz3
r0007644,61862,cz1,cz3
r0007645,61866,cz1,cz3
r0007646,61870,cz1,cz3
r0007647,61874,cz1,cz3
r0007648,61878,cz1,cz3
r0007649,61882,cz1,cz3
r0007650,61886,cz1,cz3
r0007651,61890,cz1,cz3
r0007652,61894,cz1,cz3
r0007653,61898,cz1,cz3
r0007654,61902,cz1,cz3
r0007655,61906,cz1,cz3
r0007656,61910,cz1,cz3
r0007657,61914,cz1,cz3
r0007658,61918,cz1,cz3
r0007659,61922,cz1,cz3
r0007660,61926,cz1,cz3
r0007661,61930,cz1,cz3
r0007662,61934,cz1,cz3
r0007663,61938,cz1,cz3
r0007664,61942,cz1,cz3
r0007665,61946,cz1,cz3
r0007666,61950,cz1,cz3
r0007667,61954,cz1,cz3
r0007668,61958,cz1,cz3
r0007669,61962,cz1,cz3
r0007670,61966,cz1,cz3
r0007671,61970,cz1,cz3
r0007672,61974,cz1,cz3
r0007673,61978,cz1,cz3
r0007674,61982,cz1,cz3
r0007675,61986,cz1,cz3
r0007676,61990,cz1,cz3
r0007677,61994,cz1,cz3
r0007678,61998,cz1,cz3
r0007679,62002,cz1,cz3
r0007680,62006,cz1,cz3
r0007681,62010,cz1,cz4
r0007682,62014,cz1,cz4
r0007683,62018,cz1,cz4
r0007684,62022,cz1,cz4
r0007685,62026,cz1,cz4
r0007686,62030,cz1,cz4
r0007687,62034,cz1,cz4
r0007688,62038,cz1,cz4
r0007689,62042,cz1,cz4
r0007690,62046,cz1,cz4
r0007691,62050,cz1,cz4
r0007692,62054,cz1,cz4
r0007693,62058,cz1,cz4
r0007694,62062,cz1,cz4
r0007695,62066,cz1,cz4
r0007696,62070,cz1,cz4
r0007697,62074,cz1,cz4
r0007698,62078,cz1,cz4
r0007699,62082,cz1,cz4
r0007700,62086,cz1,cz4
r0007701,62090,cz1,cz4
r0007702,62094,cz1,cz4
r0007703,62098,cz1,cz4
r0007704,62103,cz1,cz4
r0007705,62107,cz1,cz4
r0007706,62111,cz1,cz4
r0007707,62115,cz1,cz4
r0007708,62119,cz1,cz4
r0007709,62123,cz1,cz4
r0007710,62127,cz1,cz4
r0007711,62131,cz1,cz4
r0007712,62135,cz1,cz4
r0007713,62139,cz1,cz4
r0007714,62143,cz1,cz4
r0007715,62147,cz1,cz4
r0007716,62151,cz1,cz4
r0007717,62155,cz1,cz4
r0007718,62159,cz1,cz4
r0007719,62163,cz1,cz4
r0007720,62167,cz1,cz4
r0007721,62171,cz1,cz4
r0007722,62175,cz1,cz4
r0007723,62179,cz1,cz4
r0007724,62183,cz1,cz4
r0007725,62187,cz1,cz4
r0007726,62191,cz1,cz4
r0007727,62195,cz1,cz4
r0007728,62199,cz1,cz4
r0007729,62203,cz1,cz4
r0007730,62207,cz1,cz4
r0007731,62211,cz1,cz4
r0007732,62215,cz2,cz1
r0007733,62219,cz2,cz1
r0007734,62223,cz2,cz1
r0007735,62227,cz2,cz1
r0007736,62231,cz2,cz1
r0007737,62235,cz2,cz1
r0007738,62239,cz2,cz1
r0007739,62243,cz2,cz1
r0007740,62247,cz2,cz1
r0007741,62251,cz2,cz1
r0007742,62255,cz2,cz1
r0007743,62259,cz2,cz1
r0007744,62263,cz2,cz1
r0007745,62267,cz2,cz1
r0007746,62271,cz2,cz1
r0007747,62275,cz2,cz1
r0007748,62279,cz2,cz1
r0007749,62283,cz2,cz1
r0007750,62287,cz2,cz1
r0007751,62291,cz2,cz1
r0007752,62295,cz2,cz1
r0007753,62299,cz2,cz1
r0007754,62303,cz2,cz1
r0007755,62307,cz2,cz1
r0007756,62311,cz2,cz1
r0007757,62315,cz2,cz1
r0007758,62319,cz2,cz1
r0007759,62323,cz2,cz1
r0007760,62327,cz2,cz1
r0007761,62331,cz2,cz1
r0007762,62335,cz2,cz1
r0007763,62339,cz2,cz1
r0007764,62343,cz2,cz1
r0007765,62347,cz2,cz1
r0007766,62351,cz2,cz1
r0007767,62355,cz2,cz1
r0007768,62359,cz2,cz1
r0007769,62363,cz2,cz1
r0007770,62367,cz2,cz1
r0007771,62371,cz2,cz1
r0007772,62375,cz2,cz1
r0007773,62379,cz2,cz1
r0007774,62383,cz2,cz1
r0007775,62387,cz2,cz1
r0007776,62391,cz2,cz1
r0007777,62395,cz2,cz1
r0007778,62399,cz2,cz1
r0007779,62403,cz2,cz1
r0007780,62407,cz2,cz1
r0007781,62411,cz2,cz1
r0007782,62415,cz2,cz1
r0007783,62419,cz2,cz1
r0007784,62423,cz2,cz1
r0007785,62427,cz2,cz1
r0007786,62431,cz2,cz1
r0007787,62435,cz2,cz1
r0007788,62439,cz2,cz2
r0007789,62443,cz2,cz2
r0007790,62447,cz2,cz2
r0007791,62451,cz2,cz2
r0007792,62455,cz2,cz2
r0007793,62459,cz2,cz2
r0007794,62463,cz2,cz2
r0007795,62467,cz2,cz2
r0007796,62471,cz2,cz2
r0007797,62475,cz2,cz2
r0007798,62479,cz2,cz2
r0007799,62483,cz2,cz2
r0007800,62487,cz2,cz2
r0007801,62491,cz2,cz2
r0007802,62495,cz2,cz2
r0007803,62499,cz2,cz2
r0007804,62503,cz2,cz2
r0007805,62507,cz2,cz2
r0007806,62511,cz2,cz2
r0007807,62515,cz2,cz2
r0007808,62519,cz2,cz2
r0007809,62523,cz2,cz2
r0007810,62527,cz2,cz2
r0007811,62531,cz2,cz2
r0007812,62535,cz2,cz2
r0007813,62539,cz2,cz2
r0007814,62543,cz2,cz2
r0007815,62547,cz2,cz2
r0007816,62551,cz2,cz2
r0007817,62555,cz2,cz2
r0007818,62559,cz2,cz2
r0007819,62563,cz2,cz2
r0007820,62567,cz2,cz2
r0007821,62571,cz2,cz2
r0007822,62575,cz2,cz2
r0007823,62579,cz2,cz2
r0007824,62583,cz2,cz2
r0007825,62587,cz2,cz2
r0007826,62591,cz2,cz2
r0007827,62595,cz2,cz2
r0007828,62599,cz2,cz2
r0007829,62603,cz2,cz2
r0007830,62607,cz2,cz2
r0007831,62611,cz2,cz2
r0007832,62615,cz2,cz2
r0007833,62619,cz2,cz2
r0007834,62623,cz2,cz2
r0007835,62627,cz2,cz2
r0007836,62631,cz2,cz2
r0007837,62635,cz2,cz2
r0007838,62639,cz2,cz2
r0007839,62643,cz2,cz2
r0007840,62647,cz2,cz2
r0007841,62651,cz2,cz2
r0007842,62655,cz2,cz3
r0007843,62659,cz2,cz3
r0007844,62663,cz2,cz3
r0007845,62667,cz2,cz3
r0007846,62671,cz2,cz3
r0007847,62675,cz2,cz3
r0007848,62679,cz2,cz3
r0007849,62683,cz2,cz3
r0007850,62687,cz2,cz3
r0007851,62691,cz2,cz3
r0007852,62695,cz2,cz3
r0007853,62699,cz2,cz3
r0007854,62703,cz2,cz3
r0007855,62707,cz2,cz3
r0007856,62711,cz2,cz3
r0007857,62715,cz2,cz3
r0007858,62719,cz2,cz3
r0007859,62723,cz2,cz3
r0007860,62727,cz2,cz3
r0007861,62731,cz2,cz3
r0007862,62735,cz2,cz3
r0007863,62739,cz2,cz3
r0007864,62743,cz2,cz3
r0007865,62747,cz2,cz3
r0007866,62751,cz2,cz3
r0007867,62755,cz2,cz3
r0007868,62759,cz2,cz3
r0007869,62763,cz2,cz3
r0007870,62767,cz2,cz3
r0007871,62771,cz2,cz3
r0007872,62775,cz2,cz3
r0007873,62779,cz2,cz3
r0007874,62783,cz2,cz3
r0007875,62787,cz2,cz3
r0007876,62791,cz2,cz3
r0007877,62795,cz2,cz3
r0007878,62799,cz2,cz3
r0007879,62803,cz2,cz3
r0007880,62807,cz2,cz3
r0007881,62811,cz2,cz3
r0007882,62815,cz2,cz3
r0007883,62819,cz2,cz3
r0007884,62823,cz2,cz3
r0007885,62827,cz2,cz3
r0007886,62831,cz2,cz3
r0007887,62835,cz2,cz3
r0007888,62839,cz2,cz3
r0007889,62843,cz2,cz3
r0007890,62847,cz2,cz3
r0007891,62851,cz2,cz3
r0007892,62855,cz2,cz3
r0007893,62859,cz2,cz3
r0007894,62863,cz2,cz3
r0007895,62867,cz2,cz3
r0007896,62871,cz2,cz4
r0007897,62875,cz2,cz4
r0007898,62879,cz2,cz4
r0007899,62883,cz2,cz4
r0007900,62887,cz2,cz4
r0007901,62891,cz2,cz4
r0007902,62895,cz2,cz4
r0007903,62899,cz2,cz4
r0007904,62903,cz2,cz4
r0007905,62907,cz2,cz4
r0007906,62911,cz2,cz4
r0007907,62915,cz2,cz4
r0007908,62919,cz2,cz4
r0007909,62923,cz2,cz4
r0007910,62927,cz2,cz4
r0007911,62931,cz2,cz4
r0007912,62935,cz2,cz4
r0007913,62939,cz2,cz4
r0007914,62943,cz2,cz4
r0007915,62947,cz2,cz4
r0007916,62951,cz2,cz4
r0007917,62955,cz2,cz4
r0007918,62959,cz2,cz4
r0007919,62963,cz2,cz4
r0007920,62967,cz2,cz4
r0007921,62971,cz2,cz4
r0007922,62975,cz2,cz4
r0007923,62979,cz2,cz4
r0007924,62983,cz2,cz4
r0007925,62987,cz2,cz4
r0007926,62991,cz2,cz4
r0007927,62995,cz2,cz4
r0007928,63000,cz2,cz4
r0007929,63004,cz2,cz4
r0007930,63008,cz2,cz4
r0007931,63012,cz2,cz4
r0007932,63016,cz2,cz4
r0007933,63020,cz2,cz4
r0007934,63024,cz2,cz4
r0007935,63028,cz3,cz1
r0007936,63032,cz3,cz1
r0007937,63036,cz3,cz1
r0007938,63040,cz3,cz1
r0007939,63044,cz3,cz1
r0007940,63048,cz3,cz1
r0007941,63052,cz3,cz1
r0007942,63056,cz3,cz1
r0007943,63060,cz3,cz1
r0007944,63064,cz3,cz1
r0007945,63068,cz3,cz1
r0007946,63072,cz3,cz1
r0007947,63076,cz3,cz1
r0007948,63080,cz3,cz1
r0007949,63084,cz3,cz1
r0007950,63088,cz3,cz1
r0007951,63092,cz3,cz1
r0007952,63096,cz3,cz1
r0007953,63100,cz3,cz1
r0007954,63104,cz3,cz1
r0007955,63108,cz3,cz1
r0007956,63112,cz3,cz1
r0007957,63116,cz3,cz1
r0007958,63120,cz3,cz1
r0007959,63124,cz3,cz1
r0007960,63128,cz3,cz1
r0007961,63132,cz3,cz1
r0007962,63136,cz3,cz1
r0007963,63140,cz3,cz1
r0007964,63144,cz3,cz1
r0007965,63148,cz3,cz1
r0007966,63152,cz3,cz1
r0007967,63156,cz3,cz1
r0007968,63160,cz3,cz1
r0007969,63164,cz3,cz1
r0007970,63168,cz3,cz1
r0007971,63172,cz3,cz1
r0007972,63176,cz3,cz1
r0007973,63180,cz3,cz1
r0007974,63184,cz3,cz1
r0007975,63188,cz3,cz1
r0007976,63192,cz3,cz1
r0007977,63196,cz3,cz1
r0007978,63200,cz3,cz1
r0007979,63204,cz3,cz1
r0007980,63208,cz3,cz1
r0007981,63212,cz3,cz1
r0007982,63216,cz3,cz1
r0007983,63220,cz3,cz1
r0007984,63224,cz3,cz1
r0007985,63228,cz3,cz1
r0007986,63232,cz3,cz1
r0007987,63236,cz3,cz1
r0007988,63240,cz3,cz1
r0007989,63244,cz3,cz1
r0007990,63248,cz3,cz1
r0007991,63252,cz3,cz1
r0007992,63256,cz3,cz1
r0007993,63260,cz3,cz1
r0007994,63264,cz3,cz1
r0007995,63268,cz3,cz1
r0007996,63272,cz3,cz1
r0007997,63276,cz3,cz1
r0007998,63280,cz3,cz1
r0007999,63284,cz3,cz1
r0008000,63288,cz3,cz1
r0008001,63292,cz3,cz1
r0008002,63296,cz3,cz1
r0008003,63300,cz3,cz1
r0008004,63304,cz3,cz1
r0008005,63308,cz3,cz1
r0008006,63312,cz3,cz1
r0008007,63316,cz3,cz1
r0008008,63320,cz3,cz1
r0008009,63324,cz3,cz2
r0008010,63328,cz3,cz2
r0008011,63332,cz3,cz2
r0008012,63336,cz3,cz2
r0008013,63340,cz3,cz2
r0008014,63344,cz3,cz2
r0008015,63348,cz3,cz2
r0008016,63352,cz3,cz2
r0008017,63356,cz3,cz2
r0008018,63360,cz3,cz2
r0008019,63364,cz3,cz2
r0008020,63368,cz3,cz2
r0008021,63372,cz3,cz2
r0008022,63376,cz3,cz2
r0008023,63380,cz3,cz2
r0008024,63384,cz3,cz2
r0008025,63388,cz3,cz2
r0008026,63392,cz3,cz2
r0008027,63396,cz3,cz2
r0008028,63400,cz3,cz2
r0008029,63404,cz3,cz2
r0008030,63408,cz3,cz2
r0008031,63412,cz3,cz2
r0008032,63416,cz3,cz2
r0008033,63420,cz3,cz2
r0008034,63424,cz3,cz2
r0008035,63428,cz3,cz2
r0008036,63432,cz3,cz2
r0008037,63436,cz3,cz2
r0008038,63440,cz3,cz2
r0008039,63444,cz3,cz2
r0008040,63448,cz3,cz2
r0008041,63452,cz3,cz2
r0008042,63456,cz3,cz2
r0008043,63460,cz3,cz2
r0008044,63464,cz3,cz2
r0008045,63468,cz3,cz2
r0008046,63472,cz3,cz2
r0008047,63476,cz3,cz2
r0008048,63480,cz3,cz2
r0008049,63484,cz3,cz2
r0008050,63488,cz3,cz2
r0008051,63492,cz3,cz2
r0008052,63496,cz3,cz2
r0008053,63500,cz3,cz2
r0008054,63504,cz3,cz2
r0008055,63508,cz3,cz2
r0008056,63512,cz3,cz2
r0008057,63516,cz3,cz2
r0008058,63520,cz3,cz2
r0008059,63524,cz3,cz2
r0008060,63528,cz3,cz2
r0008061,63532,cz3,cz2
r0008062,63536,cz3,cz3
r0008063,63540,cz3,cz3
r0008064,63544,cz3,cz3
r0008065,63548,cz3,cz3
r0008066,63552,cz3,cz3
r0008067,63556,cz3,cz3
r0008068,63560,cz3,cz3
r0008069,63564,cz3,cz3
r0008070,63568,cz3,cz3
r0008071,63572,cz3,cz3
r0008072,63576,cz3,cz3
r0008073,63580,cz3,cz3
r0008074,63584,cz3,cz3
r0008075,63588,cz3,cz3
r0008076,63592,cz3,cz3
r0008077,63596,cz3,cz3
r0008078,63600,cz3,cz3
r0008079,63604,cz3,cz3
r0008080,63608,cz3,cz3
r0008081,63612,cz3,cz3
r0008082,63616,cz3,cz3
r0008083,63620,cz3,cz3
r0008084,63624,cz3,cz3
r0008085,63628,cz3,cz3
r0008086,63632,cz3,cz3
r0008087,63636,cz3,cz3
r0008088,63640,cz3,cz3
r0008089,63644,cz3,cz3
r0008090,63648,cz3,cz3
r0008091,63652,cz3,cz3
r0008092,63656,cz3,cz3
r0008093,63660,cz3,cz3
r0008094,63664,cz3,cz3
r0008095,63668,cz3,cz3
r0008096,63672,cz3,cz3
r0008097,63676,cz3,cz3
r0008098,63680,cz3,cz3
r0008099,63684,cz3,cz3
r0008100,63688,cz3,cz3
r0008101,63692,cz3,cz3
r0008102,63696,cz3,cz3
r0008103,63700,cz3,cz3
r0008104,63704,cz3,cz3
r0008105,63708,cz3,cz3
r0008106,63712,cz3,cz3
r0008107,63716,cz3,cz3
r0008108,63720,cz3,cz3
r0008109,63724,cz3,cz3
r0008110,63728,cz3,cz3
r0008111,63732,cz3,cz3
r0008112,63736,cz3,cz3
r0008113,63740,cz3,cz3
r0008114,63744,cz3,cz3
r0008115,63748,cz3,cz3
r0008116,63752,cz3,cz3
r0008117,63756,cz3,cz3
r0008118,63760,cz3,cz3
r0008119,63764,cz3,cz3
r0008120,63768,cz3,cz3
r0008121,63772,cz3,cz3
r0008122,63776,cz3,cz3
r0008123,63780,cz3,cz3
r0008124,63784,cz3,cz3
r0008125,63788,cz3,cz3
r0008126,63792,cz3,cz3
r0008127,63796,cz3,cz3
r0008128,63800,cz3,cz3
r0008129,63804,cz3,cz3
r0008130,63808,cz3,cz3
r0008131,63812,cz3,cz3
r0008132,63816,cz3,cz3
r0008133,63820,cz3,cz3
r0008134,63824,cz3,cz3
r0008135,63828,cz3,cz3
r0008136,63832,cz3,cz3
r0008137,63836,cz3,cz3
r0008138,63840,cz3,cz3
r0008139,63844,cz3,cz3
r0008140,63848,cz3,cz3
r0008141,63852,cz3,cz4
r0008142,63856,cz3,cz4
r0008143,63860,cz3,cz4
r0008144,63864,cz3,cz4
r0008145,63868,cz3,cz4
r0008146,63872,cz3,cz4
r0008147,63876,cz3,cz4
r0008148,63880,cz3,cz4
r0008149,63884,cz3,cz4
r0008150,63888,cz3,cz4
r0008151,63892,cz3,cz4
r0008152,63896,cz3,cz4
r0008153,63901,cz3,cz4
r0008154,63905,cz3,cz4
r0008155,63909,cz3,cz4
r0008156,63913,cz3,cz4
r0008157,63917,cz3,cz4
r0008158,63921,cz3,cz4
r0008159,63925,cz3,cz4
r0008160,63929,cz3,cz4
r0008161,63933,cz3,cz4
r0008162,63937,cz3,cz4
r0008163,63941,cz3,cz4
r0008164,63945,cz3,cz4
r0008165,63949,cz3,cz4
r0008166,63953,cz3,cz4
r0008167,63957,cz3,cz4
r0008168,63961,cz3,cz4
r0008169,63965,cz3,cz4
r0008170,63969,cz3,cz4
r0008171,63973,cz3,cz4
r0008172,63977,cz3,cz4
r0008173,63981,cz3,cz4
r0008174,63985,cz3,cz4
r0008175,63989,cz3,cz4
r0008176,63993,cz3,cz4
r0008177,63997,cz3,cz4
r0008178,64001,cz3,cz4
r0008179,64005,cz3,cz4
r0008180,64009,cz3,cz4
r0008181,64013,cz3,cz4
r0008182,64017,cz3,cz4
r0008183,64021,cz3,cz4
r0008184,64025,cz3,cz4
r0008185,64029,cz3,cz4
r0008186,64033,cz3,cz4
r0008187,64037,cz3,cz4
r0008188,64041,cz3,cz4
r0008189,64045,cz3,cz4
r0008190,64049,cz3,cz4
r0008191,64053,cz3,cz4
r0008192,64057,cz3,cz4
r0008193,64061,cz3,cz4
r0008194,64065,cz4,cz1
r0008195,64069,cz4,cz1
r0008196,64073,cz4,cz1
r0008197,64077,cz4,cz1
r0008198,64081,cz4,cz1
r0008199,64085,cz4,cz1
r0008200,64089,cz4,cz1
r0008201,64093,cz4,cz1
r0008202,64097,cz4,cz1
r0008203,64101,cz4,cz1
r0008204,64105,cz4,cz1
r0008205,64109,cz4,cz1
r0008206,64113,cz4,cz1
r0008207,64117,cz4,cz1
r0008208,64121,cz4,cz1
r0008209,64125,cz4,cz1
r0008210,64129,cz4,cz1
r0008211,64133,cz4,cz1
r0008212,64137,cz4,cz1
r0008213,64141,cz4,cz1
r0008214,64145,cz4,cz1
r0008215,64149,cz4,cz1
r0008216,64153,cz4,cz1
r0008217,64157,cz4,cz1
r0008218,64161,cz4,cz1
r0008219,64165,cz4,cz1
r0008220,64169,cz4,cz1
r0008221,64173,cz4,cz1
r0008222,64177,cz4,cz1
r0008223,64181,cz4,cz1
r0008224,64185,cz4,cz1
r0008225,64189,cz4,cz1
r0008226,64193,cz4,cz1
r0008227,64197,cz4,cz1
r0008228,64201,cz4,cz1
r0008229,64205,cz4,cz1
r0008230,64209,cz4,cz1
r0008231,64213,cz4,cz1
r0008232,64217,cz4,cz1
r0008233,64221,cz4,cz1
r0008234,64225,cz4,cz1
r0008235,64229,cz4,cz1
r0008236,64233,cz4,cz1
r0008237,64237,cz4,cz1
r0008238,64241,cz4,cz1
r0008239,64245,cz4,cz1
r0008240,64249,cz4,cz1
r0008241,64253,cz4,cz1
r0008242,64257,cz4,cz1
r0008243,64261,cz4,cz1
r0008244,64265,cz4,cz1
r0008245,64269,cz4,cz1
r0008246,64273,cz4,cz2
r0008247,64277,cz4,cz2
r0008248,64281,cz4,cz2
r0008249,64285,cz4,cz2
r0008250,64289,cz4,cz2
r0008251,64293,cz4,cz2
r0008252,64297,cz4,cz2
r0008253,64301,cz4,cz2
r0008254,64305,cz4,cz2
r0008255,64309,cz4,cz2
r0008256,64313,cz4,cz2
r0008257,64317,cz4,cz2
r0008258,64321,cz4,cz2
r0008259,64325,cz4,cz2
r0008260,64329,cz4,cz2
r0008261,64333,cz4,cz2
r0008262,64337,cz4,cz2
r0008263,64341,cz4,cz2
r0008264,64345,cz4,cz2
r0008265,64349,cz4,cz2
r0008266,64353,cz4,cz2
r0008267,64357,cz4,cz2
r0008268,64361,cz4,cz2
r0008269,64365,cz4,cz2
r0008270,64369,cz4,cz2
r0008271,64373,cz4,cz2
r0008272,64377,cz4,cz2
r0008273,64381,cz4,cz2
r0008274,64385,cz4,cz2
r0008275,64389,cz4,cz2
r0008276,64393,cz4,cz2
r0008277,64397,cz4,cz2
r0008278,64401,cz4,cz2
r0008279,64405,cz4,cz2
r0008280,64409,cz4,cz2
r0008281,64413,cz4,cz2
r0008282,64417,cz4,cz2
r0008283,64421,cz4,cz2
r0008284,64425,cz4,cz2
r0008285,64429,cz4,cz3
r0008286,64433,cz4,cz3
r0008287,64437,cz4,cz3
r0008288,64441,cz4,cz3
r0008289,64445,cz4,cz3
r0008290,64449,cz4,cz3
r0008291,64453,cz4,cz3
r0008292,64457,cz4,cz3
r0008293,64461,cz4,cz3
r0008294,64465,cz4,cz3
r0008295,64469,cz4,cz3
r0008296,64473,cz4,cz3
r0008297,64477,cz4,cz3
r0008298,64481,cz4,cz3
r0008299,64485,cz4,cz3
r0008300,64489,cz4,cz3
r0008301,64493,cz4,cz3
r0008302,64497,cz4,cz3
r0008303,64501,cz4,cz3
r0008304,64505,cz4,cz3
r0008305,64509,cz4,cz3
r0008306,64513,cz4,cz3
r0008307,64517,cz4,cz3
r0008308,64521,cz4,cz3
r0008309,64525,cz4,cz3
r0008310,64529,cz4,cz3
r0008311,64533,cz4,cz3
r0008312,64537,cz4,cz3
r0008313,64541,cz4,cz3
r0008314,64545,cz4,cz3
r0008315,64549,cz4,cz3
r0008316,64553,cz4,cz3
r0008317,64557,cz4,cz3
r0008318,64561,cz4,cz3
r0008319,64565,cz4,cz3
r0008320,64569,cz4,cz3
r0008321,64573,cz4,cz3
r0008322,64577,cz4,cz3
r0008323,64581,cz4,cz3
r0008324,64585,cz4,cz3
r0008325,64589,cz4,cz3
r0008326,64593,cz4,cz3
r0008327,64597,cz4,cz3
r0008328,64601,cz4,cz3
r0008329,64605,cz4,cz3
r0008330,64609,cz4,cz3
r0008331,64613,cz4,cz3
r0008332,64617,cz4,cz3
r0008333,64621,cz4,cz3
r0008334,64625,cz4,cz3
r0008335,64629,cz4,cz3
r0008336,64633,cz4,cz3
r0008337,64637,cz4,cz3
r0008338,64641,cz4,cz3
r0008339,64645,cz4,cz3
r0008340,64649,cz4,cz4
r0008341,64653,cz4,cz4
r0008342,64657,cz4,cz4
r0008343,64661,cz4,cz4
r0008344,64665,cz4,cz4
r0008345,64669,cz4,cz4
r0008346,64673,cz4,cz4
r0008347,64677,cz4,cz4
r0008348,64681,cz4,cz4
r0008349,64685,cz4,cz4
r0008350,64689,cz4,cz4
r0008351,64693,cz4,cz4
r0008352,64697,cz4,cz4
r0008353,64701,cz4,cz4
r0008354,64705,cz4,cz4
r0008355,64709,cz4,cz4
r0008356,64713,cz4,cz4
r0008357,64717,cz4,cz4
r0008358,64721,cz4,cz4
r0008359,64725,cz4,cz4
r0008360,64729,cz4,cz4
r0008361,64733,cz4,cz4
r0008362,64737,cz4,cz4
r0008363,64741,cz4,cz4
r0008364,64745,cz4,cz4
r0008365,64749,cz4,cz4
r0008366,64753,cz4,cz4
r0008367,64757,cz4,cz4
r0008368,64761,cz4,cz4
r0008369,64765,cz4,cz4
r0008370,64769,cz4,cz4
r0008371,64773,cz4,cz4
r0008372,64777,cz4,cz4
r0008373,64781,cz4,cz4
r0008374,64785,cz4,cz4
r0008375,64789,cz4,cz4
r0008376,64793,cz4,cz4
r0008377,64797,cz4,cz4
r0008378,64802,cz1,cz1
r0008379,64806,cz1,cz1
r0008380,64810,cz1,cz1
r0008381,64815,cz1,cz1
r0008382,64819,cz1,cz1
r0008383,64823,cz1,cz1
r0008384,64828,cz1,cz1
r0008385,64832,cz1,cz1
r0008386,64836,cz1,cz1
r0008387,64841,cz1,cz1
r0008388,64845,cz1,cz1
r0008389,64849,cz1,cz1
r0008390,64853,cz1,cz1
r0008391,64858,cz1,cz1
r0008392,64862,cz1,cz1
r0008393,64866,cz1,cz1
r0008394,64871,cz1,cz1
r0008395,64875,cz1,cz1
r0008396,64879,cz1,cz1
r0008397,64884,cz1,cz1
r0008398,64888,cz1,cz1
r0008399,64892,cz1,cz1
r0008400,64897,cz1,cz1
r0008401,64901,cz1,cz1
r0008402,64905,cz1,cz1
r0008403,64910,cz1,cz1
r0008404,64914,cz1,cz1
r0008405,64918,cz1,cz1
r0008406,64923,cz1,cz1
r0008407,64927,cz1,cz1
r0008408,64931,cz1,cz1
r0008409,64935,cz1,cz1
r0008410,64940,cz1,cz1
r0008411,64944,cz1,cz1
r0008412,64948,cz1,cz1
r0008413,64953,cz1,cz1
r0008414,64957,cz1,cz1
r0008415,64961,cz1,cz1
r0008416,64966,cz1,cz1
r0008417,64970,cz1,cz1
r0008418,64974,cz1,cz1
r0008419,64979,cz1,cz1
r0008420,64983,cz1,cz1
r0008421,64987,cz1,cz1
r0008422,64992,cz1,cz1
r0008423,64996,cz1,cz1
r0008424,65000,cz1,cz1
r0008425,65005,cz1,cz1
r0008426,65009,cz1,cz1
r0008427,65013,cz1,cz1
r0008428,65017,cz1,cz1
r0008429,65022,cz1,cz1
r0008430,65026,cz1,cz1
r0008431,65030,cz1,cz1
r0008432,65035,cz1,cz1
r0008433,65039,cz1,cz1
r0008434,65043,cz1,cz1
r0008435,65048,cz1,cz1
r0008436,65052,cz1,cz1
r0008437,65056,cz1,cz1
r0008438,65061,cz1,cz1
r0008439,65065,cz1,cz1
r0008440,65069,cz1,cz1
r0008441,65074,cz1,cz1
r0008442,65078,cz1,cz1
r0008443,65082,cz1,cz1
r0008444,65087,cz1,cz1
r0008445,65091,cz1,cz2
r0008446,65095,cz1,cz2
r0008447,65100,cz1,cz2
r0008448,65104,cz1,cz2
r0008449,65108,cz1,cz2
r0008450,65112,cz1,cz2
r0008451,65117,cz1,cz2
r0008452,65121,cz1,cz2
r0008453,65125,cz1,cz2
r0008454,65130,cz1,cz2
r0008455,65134,cz1,cz2
r0008456,65138,cz1,cz2
r0008457,65143,cz1,cz2
r0008458,65147,cz1,cz2
r0008459,65151,cz1,cz2
r0008460,65156,cz1,cz2
r0008461,65160,cz1,cz2
r0008462,65164,cz1,cz2
r0008463,65169,cz1,cz2
r0008464,65173,cz1,cz2
r0008465,65177,cz1,cz2
r0008466,65182,cz1,cz2
r0008467,65186,cz1,cz2
r0008468,65190,cz1,cz2
r0008469,65194,cz1,cz2
r0008470,65199,cz1,cz2
r0008471,65203,cz1,cz2
r0008472,65207,cz1,cz2
r0008473,65212,cz1,cz2
r0008474,65216,cz1,cz2
r0008475,65220,cz1,cz2
r0008476,65225,cz1,cz2
r0008477,65229,cz1,cz2
r0008478,65233,cz1,cz2
r0008479,65238,cz1,cz2
r0008480,65242,cz1,cz2
r0008481,65246,cz1,cz2
r0008482,65251,cz1,cz2
r0008483,65255,cz1,cz2
r0008484,65259,cz1,cz2
r0008485,65264,cz1,cz2
r0008486,65268,cz1,cz2
r0008487,65272,cz1,cz2
r0008488,65276,cz1,cz2
r0008489,65281,cz1,cz2
r0008490,65285,cz1,cz2
r0008491,65289,cz1,cz2
r0008492,65294,cz1,cz2
r0008493,65298,cz1,cz2
r0008494,65302,cz1,cz2
r0008495,65307,cz1,cz2
r0008496,65311,cz1,cz3
r0008497,65315,cz1,cz3
r0008498,65320,cz1,cz3
r0008499,65324,cz1,cz3
r0008500,65328,cz1,cz3
r0008501,65333,cz1,cz3
r0008502,65337,cz1,cz3
r0008503,65341,cz1,cz3
r0008504,65346,cz1,cz3
r0008505,65350,cz1,cz3
r0008506,65354,cz1,cz3
r0008507,65358,cz1,cz3
r0008508,65363,cz1,cz3
r0008509,65367,cz1,cz3
r0008510,65371,cz1,cz3
r0008511,65376,cz1,cz3
r0008512,65380,cz1,cz3
r0008513,65384,cz1,cz3
r0008514,65389,cz1,cz3
r0008515,65393,cz1,cz3
r0008516,65397,cz1,cz3
r0008517,65402,cz1,cz3
r0008518,65406,cz1,cz3
r0008519,65410,cz1,cz3
r0008520,65415,cz1,cz3
r0008521,65419,cz1,cz3
r0008522,65423,cz1,cz3
r0008523,65428,cz1,cz3
r0008524,65432,cz1,cz3
r0008525,65436,cz1,cz3
r0008526,65441,cz1,cz3
r0008527,65445,cz1,cz3
r0008528,65449,cz1,cz3
r0008529,65453,cz1,cz3
r0008530,65458,cz1,cz3
r0008531,65462,cz1,cz3
r0008532,65466,cz1,cz3
r0008533,65471,cz1,cz3
r0008534,65475,cz1,cz3
r0008535,65479,cz1,cz3
r0008536,65484,cz1,cz3
r0008537,65488,cz1,cz3
r0008538,65492,cz1,cz3
r0008539,65497,cz1,cz3
r0008540,65501,cz1,cz3
r0008541,65505,cz1,cz3
r0008542,65510,cz1,cz3
r0008543,65514,cz1,cz3
r0008544,65518,cz1,cz3
r0008545,65523,cz1,cz3
r0008546,65527,cz1,cz3
r0008547,65531,cz1,cz3
r0008548,65535,cz1,cz3
r0008549,65540,cz1,cz3
r0008550,65544,cz1,cz3
r0008551,65548,cz1,cz3
r0008552,65553,cz1,cz3
r0008553,65557,cz1,cz3
r0008554,65561,cz1,cz3
r0008555,65566,cz1,cz3
r0008556,65570,cz1,cz3
r0008557,65574,cz1,cz3
r0008558,65579,cz1,cz3
r0008559,65583,cz1,cz3
r0008560,65587,cz1,cz3
r0008561,65592,cz1,cz3
r0008562,65596,cz1,cz3
r0008563,65600,cz1,cz3
r0008564,65605,cz1,cz3
r0008565,65609,cz1,cz3
r0008566,65613,cz1,cz4
r0008567,65617,cz1,cz4
r0008568,65622,cz1,cz4
r0008569,65626,cz1,cz4
r0008570,65630,cz1,cz4
r0008571,65635,cz1,cz4
r0008572,65639,cz1,cz4
r0008573,65643,cz1,cz4
r0008574,65648,cz1,cz4
r0008575,65652,cz1,cz4
r0008576,65656,cz1,cz4
r0008577,65661,cz1,cz4
r0008578,65665,cz1,cz4
r0008579,65669,cz1,cz4
r0008580,65674,cz1,cz4
r0008581,65678,cz1,cz4
r0008582,65682,cz1,cz4
r0008583,65687,cz1,cz4
r0008584,65691,cz1,cz4
r0008585,65695,cz1,cz4
r0008586,65700,cz1,cz4
r0008587,65704,cz1,cz4
r0008588,65708,cz1,cz4
r0008589,65712,cz1,cz4
r0008590,65717,cz1,cz4
r0008591,65721,cz1,cz4
r0008592,65725,cz1,cz4
r0008593,65730,cz1,cz4
r0008594,65734,cz1,cz4
r0008595,65738,cz1,cz4
r0008596,65743,cz1,cz4
r0008597,65747,cz1,cz4
r0008598,65751,cz1,cz4
r0008599,65756,cz1,cz4
r0008600,65760,cz1,cz4
r0008601,65764,cz1,cz4
r0008602,65769,cz1,cz4
r0008603,65773,cz1,cz4
r0008604,65777,cz1,cz4
r0008605,65782,cz1,cz4
r0008606,65786,cz1,cz4
r0008607,65790,cz1,cz4
r0008608,65794,cz1,cz4
r0008609,65799,cz1,cz4
r0008610,65803,cz1,cz4
r0008611,65807,cz1,cz4
r0008612,65812,cz1,cz4
r0008613,65816,cz1,cz4
r0008614,65820,cz2,cz1
r0008615,65825,cz2,cz1
r0008616,65829,cz2,cz1
r0008617,65833,cz2,cz1
r0008618,65838,cz2,cz1
r0008619,65842,cz2,cz1
r0008620,65846,cz2,cz1
r0008621,65851,cz2,cz1
r0008622,65855,cz2,cz1
r0008623,65859,cz2,cz1
r0008624,65864,cz2,cz1
r0008625,65868,cz2,cz1
r0008626,65872,cz2,cz1
r0008627,65876,cz2,cz1
r0008628,65881,cz2,cz1
r0008629,65885,cz2,cz1
r0008630,65889,cz2,cz1
r0008631,65894,cz2,cz1
r0008632,65898,cz2,cz1
r0008633,65902,cz2,cz1
r0008634,65907,cz2,cz1
r0008635,65911,cz2,cz1
r0008636,65915,cz2,cz1
r0008637,65920,cz2,cz1
r0008638,65924,cz2,cz1
r0008639,65928,cz2,cz1
r0008640,65933,cz2,cz1
r0008641,65937,cz2,cz1
r0008642,65941,cz2,cz1
r0008643,65946,cz2,cz1
r0008644,65950,cz2,cz1
r0008645,65954,cz2,cz1
r0008646,65958,cz2,cz1
r0008647,65963,cz2,cz1
r0008648,65967,cz2,cz1
r0008649,65971,cz2,cz1
r0008650,65976,cz2,cz1
r0008651,65980,cz2,cz1
r0008652,65984,cz2,cz1
r0008653,65989,cz2,cz1
r0008654,65993,cz2,cz1
r0008655,65997,cz2,cz1
r0008656,66002,cz2,cz1
r0008657,66006,cz2,cz1
r0008658,66010,cz2,cz1
r0008659,66015,cz2,cz1
r0008660,66019,cz2,cz1
r0008661,66023,cz2,cz1
r0008662,66028,cz2,cz1
r0008663,66032,cz2,cz1
r0008664,66036,cz2,cz1
r0008665,66041,cz2,cz1
r0008666,66045,cz2,cz2
r0008667,66049,cz2,cz2
r0008668,66053,cz2,cz2
r0008669,66058,cz2,cz2
r0008670,66062,cz2,cz2
r0008671,66066,cz2,cz2
r0008672,66071,cz2,cz2
r0008673,66075,cz2,cz2
r0008674,66079,cz2,cz2
r0008675,66084,cz2,cz2
r0008676,66088,cz2,cz2
r0008677,66092,cz2,cz2
r0008678,66097,cz2,cz2
r0008679,66101,cz2,cz2
r0008680,66105,cz2,cz2
r0008681,66110,cz2,cz2
r0008682,66114,cz2,cz2
r0008683,66118,cz2,cz2
r0008684,66123,cz2,cz2
r0008685,66127,cz2,cz2
r0008686,66131,cz2,cz2
r0008687,66135,cz2,cz2
r0008688,66140,cz2,cz2
r0008689,66144,cz2,cz2
r0008690,66148,cz2,cz2
r0008691,66153,cz2,cz2
r0008692,66157,cz2,cz2
r0008693,66161,cz2,cz2
r0008694,66166,cz2,cz2
r0008695,66170,cz2,cz2
r0008696,66174,cz2,cz2
r0008697,66179,cz2,cz2
r0008698,66183,cz2,cz2
r0008699,66187,cz2,cz2
r0008700,66192,cz2,cz2
r0008701,66196,cz2,cz2
r0008702,66200,cz2,cz2
r0008703,66205,cz2,cz2
r0008704,66209,cz2,cz2
r0008705,66213,cz2,cz2
r0008706,66217,cz2,cz2
r0008707,66222,cz2,cz2
r0008708,66226,cz2,cz2
r0008709,66230,cz2,cz2
r0008710,66235,cz2,cz2
r0008711,66239,cz2,cz2
r0008712,66243,cz2,cz2
r0008713,66248,cz2,cz2
r0008714,66252,cz2,cz2
r0008715,66256,cz2,cz2
r0008716,66261,cz2,cz3
r0008717,66265,cz2,cz3
r0008718,66269,cz2,cz3
r0008719,66274,cz2,cz3
r0008720,66278,cz2,cz3
r0008721,66282,cz2,cz3
r0008722,66287,cz2,cz3
r0008723,66291,cz2,cz3
r0008724,66295,cz2,cz3
r0008725,66300,cz2,cz3
r0008726,66304,cz2,cz3
r0008727,66308,cz2,cz3
r0008728,66312,cz2,cz3
r0008729,66317,cz2,cz3
r0008730,66321,cz2,cz3
r0008731,66325,cz2,cz3
r0008732,66330,cz2,cz3
r0008733,66334,cz2,cz3
r0008734,66338,cz2,cz3
r0008735,66343,cz2,cz3
r0008736,66347,cz2,cz3
r0008737,66351,cz2,cz3
r0008738,66356,cz2,cz3
r0008739,66360,cz2,cz3
r0008740,66364,cz2,cz3
r0008741,66369,cz2,cz3
r0008742,66373,cz2,cz3
r0008743,66377,cz2,cz3
r0008744,66382,cz2,cz3
r0008745,66386,cz2,cz3
r0008746,66390,cz2,cz3
r0008747,66394,cz2,cz3
r0008748,66399,cz2,cz3
r0008749,66403,cz2,cz3
r0008750,66407,cz2,cz3
r0008751,66412,cz2,cz3
r0008752,66416,cz2,cz3
r0008753,66420,cz2,cz3
r0008754,66425,cz2,cz3
r0008755,66429,cz2,cz3
r0008756,66433,cz2,cz3
r0008757,66438,cz2,cz3
r0008758,66442,cz2,cz3
r0008759,66446,cz2,cz3
r0008760,66451,cz2,cz3
r0008761,66455,cz2,cz3
r0008762,66459,cz2,cz3
r0008763,66464,cz2,cz3
r0008764,66468,cz2,cz3
r0008765,66472,cz2,cz3
r0008766,66476,cz2,cz4
r0008767,66481,cz2,cz4
r0008768,66485,cz2,cz4
r0008769,66489,cz2,cz4
r0008770,66494,cz2,cz4
r0008771,66498,cz2,cz4
r0008772,66502,cz2,cz4
r0008773,66507,cz2,cz4
r0008774,66511,cz2,cz4
r0008775,66515,cz2,cz4
r0008776,66520,cz2,cz4
r0008777,66524,cz2,cz4
r0008778,66528,cz2,cz4
r0008779,66533,cz2,cz4
r0008780,66537,cz2,cz4
r0008781,66541,cz2,cz4
r0008782,66546,cz2,cz4
r0008783,66550,cz2,cz4
r0008784,66554,cz2,cz4
r0008785,66558,cz2,cz4
r0008786,66563,cz2,cz4
r0008787,66567,cz2,cz4
r0008788,66571,cz2,cz4
r0008789,66576,cz2,cz4
r0008790,66580,cz2,cz4
r0008791,66584,cz2,cz4
r0008792,66589,cz2,cz4
r0008793,66593,cz2,cz4
r0008794,66597,cz2,cz4
r0008795,66602,cz2,cz4
r0008796,66606,cz2,cz4
r0008797,66610,cz2,cz4
r0008798,66615,cz2,cz4
r0008799,66619,cz2,cz4
r0008800,66623,cz2,cz4
r0008801,66628,cz2,cz4
r0008802,66632,cz2,cz4
r0008803,66636,cz3,cz1
r0008804,66641,cz3,cz1
r0008805,66645,cz3,cz1
r0008806,66649,cz3,cz1
r0008807,66653,cz3,cz1
r0008808,66658,cz3,cz1
r0008809,66662,cz3,cz1
r0008810,66666,cz3,cz1
r0008811,66671,cz3,cz1
r0008812,66675,cz3,cz1
r0008813,66679,cz3,cz1
r0008814,66684,cz3,cz1
r0008815,66688,cz3,cz1
r0008816,66692,cz3,cz1
r0008817,66697,cz3,cz1
r0008818,66701,cz3,cz1
r0008819,66705,cz3,cz1
r0008820,66710,cz3,cz1
r0008821,66714,cz3,cz1
r0008822,66718,cz3,cz1
r0008823,66723,cz3,cz1
r0008824,66727,cz3,cz1
r0008825,66731,cz3,cz1
r0008826,66735,cz3,cz1
r0008827,66740,cz3,cz1
r0008828,66744,cz3,cz1
r0008829,66748,cz3,cz1
r0008830,66753,cz3,cz1
r0008831,66757,cz3,cz1
r0008832,66761,cz3,cz1
r0008833,66766,cz3,cz1
r0008834,66770,cz3,cz1
r0008835,66774,cz3,cz1
r0008836,66779,cz3,cz1
r0008837,66783,cz3,cz1
r0008838,66787,cz3,cz1
r0008839,66792,cz3,cz1
r0008840,66796,cz3,cz1
r0008841,66800,cz3,cz1
r0008842,66805,cz3,cz1
r0008843,66809,cz3,cz1
r0008844,66813,cz3,cz1
r0008845,66817,cz3,cz1
r0008846,66822,cz3,cz1
r0008847,66826,cz3,cz1
r0008848,66830,cz3,cz1
r0008849,66835,cz3,cz1
r0008850,66839,cz3,cz1
r0008851,66843,cz3,cz1
r0008852,66848,cz3,cz1
r0008853,66852,cz3,cz1
r0008854,66856,cz3,cz1
r0008855,66861,cz3,cz1
r0008856,66865,cz3,cz1
r0008857,66869,cz3,cz1
r0008858,66874,cz3,cz1
r0008859,66878,cz3,cz1
r0008860,66882,cz3,cz1
r0008861,66887,cz3,cz1
r0008862,66891,cz3,cz1
r0008863,66895,cz3,cz1
r0008864,66900,cz3,cz1
r0008865,66904,cz3,cz1
r0008866,66908,cz3,cz1
r0008867,66912,cz3,cz1
r0008868,66917,cz3,cz1
r0008869,66921,cz3,cz1
r0008870,66925,cz3,cz1
r0008871,66930,cz3,cz2
r0008872,66934,cz3,cz2
r0008873,66938,cz3,cz2
r0008874,66943,cz3,cz2
r0008875,66947,cz3,cz2
r0008876,66951,cz3,cz2
r0008877,66956,cz3,cz2
r0008878,66960,cz3,cz2
r0008879,66964,cz3,cz2
r0008880,66969,cz3,cz2
r0008881,66973,cz3,cz2
r0008882,66977,cz3,cz2
r0008883,66982,cz3,cz2
r0008884,66986,cz3,cz2
r0008885,66990,cz3,cz2
r0008886,66994,cz3,cz2
r0008887,66999,cz3,cz2
r0008888,67003,cz3,cz2
r0008889,67007,cz3,cz2
r0008890,67012,cz3,cz2
r0008891,67016,cz3,cz2
r0008892,67020,cz3,cz2
r0008893,67025,cz3,cz2
r0008894,67029,cz3,cz2
r0008895,67033,cz3,cz2
r0008896,67038,cz3,cz2
r0008897,67042,cz3,cz2
r0008898,67046,cz3,cz2
r0008899,67051,cz3,cz2
r0008900,67055,cz3,cz2
r0008901,67059,cz3,cz2
r0008902,67064,cz3,cz2
r0008903,67068,cz3,cz2
r0008904,67072,cz3,cz2
r0008905,67076,cz3,cz2
r0008906,67081,cz3,cz2
r0008907,67085,cz3,cz2
r0008908,67089,cz3,cz2
r0008909,67094,cz3,cz2
r0008910,67098,cz3,cz2
r0008911,67102,cz3,cz2
r0008912,67107,cz3,cz2
r0008913,67111,cz3,cz2
r0008914,67115,cz3,cz2
r0008915,67120,cz3,cz2
r0008916,67124,cz3,cz2
r0008917,67128,cz3,cz2
r0008918,67133,cz3,cz2
r0008919,67137,cz3,cz2
r0008920,67141,cz3,cz3
r0008921,67146,cz3,cz3
r0008922,67150,cz3,cz3
r0008923,67154,cz3,cz3
r0008924,67158,cz3,cz3
r0008925,67163,cz3,cz3
r0008926,67167,cz3,cz3
r0008927,67171,cz3,cz3
r0008928,67176,cz3,cz3
r0008929,67180,cz3,cz3
r0008930,67184,cz3,cz3
r0008931,67189,cz3,cz3
r0008932,67193,cz3,cz3
r0008933,67197,cz3,cz3
r0008934,67202,cz3,cz3
r0008935,67206,cz3,cz3
r0008936,67210,cz3,cz3
r0008937,67215,cz3,cz3
r0008938,67219,cz3,cz3
r0008939,67223,cz3,cz3
r0008940,67228,cz3,cz3
r0008941,67232,cz3,cz3
r0008942,67236,cz3,cz3
r0008943,67241,cz3,cz3
r0008944,67245,cz3,cz3
r0008945,67249,cz3,cz3
r0008946,67253,cz3,cz3
r0008947,67258,cz3,cz3
r0008948,67262,cz3,cz3
r0008949,67266,cz3,cz3
r0008950,67271,cz3,cz3
r0008951,67275,cz3,cz3
r0008952,67279,cz3,cz3
r0008953,67284,cz3,cz3
r0008954,67288,cz3,cz3
r0008955,67292,cz3,cz3
r0008956,67297,cz3,cz3
r0008957,67301,cz3,cz3
r0008958,67305,cz3,cz3
r0008959,67310,cz3,cz3
r0008960,67314,cz3,cz3
r0008961,67318,cz3,cz3
r0008962,67323,cz3,cz3
r0008963,67327,cz3,cz3
r0008964,67331,cz3,cz3
r0008965,67335,cz3,cz3
r0008966,67340,cz3,cz3
r0008967,67344,cz3,cz3
r0008968,67348,cz3,cz3
r0008969,67353,cz3,cz3
r0008970,67357,cz3,cz3
r0008971,67361,cz3,cz3
r0008972,67366,cz3,cz3
r0008973,67370,cz3,cz3
r0008974,67374,cz3,cz3
r0008975,67379,cz3,cz3
r0008976,67383,cz3,cz3
r0008977,67387,cz3,cz3
r0008978,67392,cz3,cz3
r0008979,67396,cz3,cz3
r0008980,67400,cz3,cz3
r0008981,67405,cz3,cz3
r0008982,67409,cz3,cz3
r0008983,67413,cz3,cz3
r0008984,67417,cz3,cz3
r0008985,67422,cz3,cz3
r0008986,67426,cz3,cz3
r0008987,67430,cz3,cz3
r0008988,67435,cz3,cz3
r0008989,67439,cz3,cz3
r0008990,67443,cz3,cz3
r0008991,67448,cz3,cz3
r0008992,67452,cz3,cz3
r0008993,67456,cz3,cz4
r0008994,67461,cz3,cz4
r0008995,67465,cz3,cz4
r0008996,67469,cz3,cz4
r0008997,67474,cz3,cz4
r0008998,67478,cz3,cz4
r0008999,67482,cz3,cz4
r0009000,67487,cz3,cz4
r0009001,67491,cz3,cz4
r0009002,67495,cz3,cz4
r0009003,67500,cz3,cz4
r0009004,67504,cz3,cz4
r0009005,67508,cz3,cz4
r0009006,67512,cz3,cz4
r0009007,67517,cz3,cz4
r0009008,67521,cz3,cz4
r0009009,67525,cz3,cz4
r0009010,67530,cz3,cz4
r0009011,67534,cz3,cz4
r0009012,67538,cz3,cz4
r0009013,67543,cz3,cz4
r0009014,67547,cz3,cz4
r0009015,67551,cz3,cz4
r0009016,67556,cz3,cz4
r0009017,67560,cz3,cz4
r0009018,67564,cz3,cz4
r0009019,67569,cz3,cz4
r0009020,67573,cz3,cz4
r0009021,67577,cz3,cz4
r0009022,67582,cz3,cz4
r0009023,67586,cz3,cz4
r0009024,67590,cz3,cz4
r0009025,67594,cz3,cz4
r0009026,67599,cz3,cz4
r0009027,67603,cz3,cz4
r0009028,67607,cz3,cz4
r0009029,67612,cz3,cz4
r0009030,67616,cz3,cz4
r0009031,67620,cz3,cz4
r0009032,67625,cz3,cz4
r0009033,67629,cz3,cz4
r0009034,67633,cz3,cz4
r0009035,67638,cz3,cz4
r0009036,67642,cz3,cz4
r0009037,67646,cz3,cz4
r0009038,67651,cz3,cz4
r0009039,67655,cz3,cz4
r0009040,67659,cz3,cz4
r0009041,67664,cz3,cz4
r0009042,67668,cz4,cz1
r0009043,67672,cz4,cz1
r0009044,67676,cz4,cz1
r0009045,67681,cz4,cz1
r0009046,67685,cz4,cz1
r0009047,67689,cz4,cz1
r0009048,67694,cz4,cz1
r0009049,67698,cz4,cz1
r0009050,67702,cz4,cz1
r0009051,67707,cz4,cz1
r0009052,67711,cz4,cz1
r0009053,67715,cz4,cz1
r0009054,67720,cz4,cz1
r0009055,67724,cz4,cz1
r0009056,67728,cz4,cz1
r0009057,67733,cz4,cz1
r0009058,67737,cz4,cz1
r0009059,67741,cz4,cz1
r0009060,67746,cz4,cz1
r0009061,67750,cz4,cz1
r0009062,67754,cz4,cz1
r0009063,67758,cz4,cz1
r0009064,67763,cz4,cz1
r0009065,67767,cz4,cz1
r0009066,67771,cz4,cz1
r0009067,67776,cz4,cz1
r0009068,67780,cz4,cz1
r0009069,67784,cz4,cz1
r0009070,67789,cz4,cz1
r0009071,67793,cz4,cz1
r0009072,67797,cz4,cz1
r0009073,67802,cz4,cz1
r0009074,67806,cz4,cz1
r0009075,67810,cz4,cz1
r0009076,67815,cz4,cz1
r0009077,67819,cz4,cz1
r0009078,67823,cz4,cz1
r0009079,67828,cz4,cz1
r0009080,67832,cz4,cz1
r0009081,67836,cz4,cz1
r0009082,67841,cz4,cz1
r0009083,67845,cz4,cz1
r0009084,67849,cz4,cz1
r0009085,67853,cz4,cz1
r0009086,67858,cz4,cz1
r0009087,67862,cz4,cz1
r0009088,67866,cz4,cz1
r0009089,67871,cz4,cz1
r0009090,67875,cz4,cz2
r0009091,67879,cz4,cz2
r0009092,67884,cz4,cz2
r0009093,67888,cz4,cz2
r0009094,67892,cz4,cz2
r0009095,67897,cz4,cz2
r0009096,67901,cz4,cz2
r0009097,67905,cz4,cz2
r0009098,67910,cz4,cz2
r0009099,67914,cz4,cz2
r0009100,67918,cz4,cz2
r0009101,67923,cz4,cz2
r0009102,67927,cz4,cz2
r0009103,67931,cz4,cz2
r0009104,67935,cz4,cz2
r0009105,67940,cz4,cz2
r0009106,67944,cz4,cz2
r0009107,67948,cz4,cz2
r0009108,67953,cz4,cz2
r0009109,67957,cz4,cz2
r0009110,67961,cz4,cz2
r0009111,67966,cz4,cz2
r0009112,67970,cz4,cz2
r0009113,67974,cz4,cz2
r0009114,67979,cz4,cz2
r0009115,67983,cz4,cz2
r0009116,67987,cz4,cz2
r0009117,67992,cz4,cz2
r0009118,67996,cz4,cz2
r0009119,68000,cz4,cz2
r0009120,68005,cz4,cz2
r0009121,68009,cz4,cz2
r0009122,68013,cz4,cz2
r0009123,68017,cz4,cz2
r0009124,68022,cz4,cz2
r0009125,68026,cz4,cz2
r0009126,68030,cz4,cz3
r0009127,68035,cz4,cz3
r0009128,68039,cz4,cz3
r0009129,68043,cz4,cz3
r0009130,68048,cz4,cz3
r0009131,68052,cz4,cz3
r0009132,68056,cz4,cz3
r0009133,68061,cz4,cz3
r0009134,68065,cz4,cz3
r0009135,68069,cz4,cz3
r0009136,68074,cz4,cz3
r0009137,68078,cz4,cz3
r0009138,68082,cz4,cz3
r0009139,68087,cz4,cz3
r0009140,68091,cz4,cz3
r0009141,68095,cz4,cz3
r0009142,68100,cz4,cz3
r0009143,68104,cz4,cz3
r0009144,68108,cz4,cz3
r0009145,68112,cz4,cz3
r0009146,68117,cz4,cz3
r0009147,68121,cz4,cz3
r0009148,68125,cz4,cz3
r0009149,68130,cz4,cz3
r0009150,68134,cz4,cz3
r0009151,68138,cz4,cz3
r0009152,68143,cz4,cz3
r0009153,68147,cz4,cz3
r0009154,68151,cz4,cz3
r0009155,68156,cz4,cz3
r0009156,68160,cz4,cz3
r0009157,68164,cz4,cz3
r0009158,68169,cz4,cz3
r0009159,68173,cz4,cz3
r0009160,68177,cz4,cz3
r0009161,68182,cz4,cz3
r0009162,68186,cz4,cz3
r0009163,68190,cz4,cz3
r0009164,68194,cz4,cz3
r0009165,68199,cz4,cz3
r0009166,68203,cz4,cz3
r0009167,68207,cz4,cz3
r0009168,68212,cz4,cz3
r0009169,68216,cz4,cz3
r0009170,68220,cz4,cz3
r0009171,68225,cz4,cz3
r0009172,68229,cz4,cz3
r0009173,68233,cz4,cz3
r0009174,68238,cz4,cz3
r0009175,68242,cz4,cz3
r0009176,68246,cz4,cz3
r0009177,68251,cz4,cz4
r0009178,68255,cz4,cz4
r0009179,68259,cz4,cz4
r0009180,68264,cz4,cz4
r0009181,68268,cz4,cz4
r0009182,68272,cz4,cz4
r0009183,68276,cz4,cz4
r0009184,68281,cz4,cz4
r0009185,68285,cz4,cz4
r0009186,68289,cz4,cz4
r0009187,68294,cz4,cz4
r0009188,68298,cz4,cz4
r0009189,68302,cz4,cz4
r0009190,68307,cz4,cz4
r0009191,68311,cz4,cz4
r0009192,68315,cz4,cz4
r0009193,68320,cz4,cz4
r0009194,68324,cz4,cz4
r0009195,68328,cz4,cz4
r0009196,68333,cz4,cz4
r0009197,68337,cz4,cz4
r0009198,68341,cz4,cz4
r0009199,68346,cz4,cz4
r0009200,68350,cz4,cz4
r0009201,68354,cz4,cz4
r0009202,68358,cz4,cz4
r0009203,68363,cz4,cz4
r0009204,68367,cz4,cz4
r0009205,68371,cz4,cz4
r0009206,68376,cz4,cz4
r0009207,68380,cz4,cz4
r0009208,68384,cz4,cz4
r0009209,68389,cz4,cz4
r0009210,68393,cz4,cz4
r0009211,68397,cz4,cz4
r0009212,68402,cz1,cz1
r0009213,68408,cz1,cz1
r0009214,68414,cz1,cz1
r0009215,68420,cz1,cz1
r0009216,68425,cz1,cz1
r0009217,68431,cz1,cz1
r0009218,68437,cz1,cz1
r0009219,68442,cz1,cz1
r0009220,68448,cz1,cz1
r0009221,68454,cz1,cz1
r0009222,68460,cz1,cz1
r0009223,68465,cz1,cz1
r0009224,68471,cz1,cz1
r0009225,68477,cz1,cz1
r0009226,68482,cz1,cz1
r0009227,68488,cz1,cz1
r0009228,68494,cz1,cz1
r0009229,68500,cz1,cz1
r0009230,68505,cz1,cz1
r0009231,68511,cz1,cz1
r0009232,68517,cz1,cz1
r0009233,68522,cz1,cz1
r0009234,68528,cz1,cz1
r0009235,68534,cz1,cz1
r0009236,68540,cz1,cz1
r0009237,68545,cz1,cz1
r0009238,68551,cz1,cz1
r0009239,68557,cz1,cz1
r0009240,68562,cz1,cz1
r0009241,68568,cz1,cz1
r0009242,68574,cz1,cz1
r0009243,68580,cz1,cz1
r0009244,68585,cz1,cz1
r0009245,68591,cz1,cz1
r0009246,68597,cz1,cz1
r0009247,68602,cz1,cz1
r0009248,68608,cz1,cz1
r0009249,68614,cz1,cz1
r0009250,68620,cz1,cz1
r0009251,68625,cz1,cz1
r0009252,68631,cz1,cz1
r0009253,68637,cz1,cz1
r0009254,68642,cz1,cz1
r0009255,68648,cz1,cz1
r0009256,68654,cz1,cz1
r0009257,68660,cz1,cz1
r0009258,68665,cz1,cz1
r0009259,68671,cz1,cz1
r0009260,68677,cz1,cz1
r0009261,68682,cz1,cz1
r0009262,68688,cz1,cz2
r0009263,68694,cz1,cz2
r0009264,68700,cz1,cz2
r0009265,68705,cz1,cz2
r0009266,68711,cz1,cz2
r0009267,68717,cz1,cz2
r0009268,68722,cz1,cz2
r0009269,68728,cz1,cz2
r0009270,68734,cz1,cz2
r0009271,68740,cz1,cz2
r0009272,68745,cz1,cz2
r0009273,68751,cz1,cz2
r0009274,68757,cz1,cz2
r0009275,68762,cz1,cz2
r0009276,68768,cz1,cz2
r0009277,68774,cz1,cz2
r0009278,68780,cz1,cz2
r0009279,68785,cz1,cz2
r0009280,68791,cz1,cz2
r0009281,68797,cz1,cz2
r0009282,68802,cz1,cz2
r0009283,68808,cz1,cz2
r0009284,68814,cz1,cz2
r0009285,68820,cz1,cz2
r0009286,68825,cz1,cz2
r0009287,68831,cz1,cz2
r0009288,68837,cz1,cz2
r0009289,68842,cz1,cz2
r0009290,68848,cz1,cz2
r0009291,68854,cz1,cz2
r0009292,68859,cz1,cz2
r0009293,68865,cz1,cz2
r0009294,68871,cz1,cz2
r0009295,68877,cz1,cz2
r0009296,68882,cz1,cz2
r0009297,68888,cz1,cz2
r0009298,68894,cz1,cz2
r0009299,68900,cz1,cz2
r0009300,68905,cz1,cz2
r0009301,68911,cz1,cz3
r0009302,68917,cz1,cz3
r0009303,68922,cz1,cz3
r0009304,68928,cz1,cz3
r0009305,68934,cz1,cz3
r0009306,68940,cz1,cz3
r0009307,68945,cz1,cz3
r0009308,68951,cz1,cz3
r0009309,68957,cz1,cz3
r0009310,68962,cz1,cz3
r0009311,68968,cz1,cz3
r0009312,68974,cz1,cz3
r0009313,68980,cz1,cz3
r0009314,68985,cz1,cz3
r0009315,68991,cz1,cz3
r0009316,68997,cz1,cz3
r0009317,69002,cz1,cz3
r0009318,69008,cz1,cz3
r0009319,69014,cz1,cz3
r0009320,69020,cz1,cz3
r0009321,69025,cz1,cz3
r0009322,69031,cz1,cz3
r0009323,69037,cz1,cz3
r0009324,69042,cz1,cz3
r0009325,69048,cz1,cz3
r0009326,69054,cz1,cz3
r0009327,69060,cz1,cz3
r0009328,69065,cz1,cz3
r0009329,69071,cz1,cz3
r0009330,69077,cz1,cz3
r0009331,69082,cz1,cz3
r0009332,69088,cz1,cz3
r0009333,69094,cz1,cz3
r0009334,69100,cz1,cz3
r0009335,69105,cz1,cz3
r0009336,69111,cz1,cz3
r0009337,69117,cz1,cz3
r0009338,69122,cz1,cz3
r0009339,69128,cz1,cz3
r0009340,69134,cz1,cz3
r0009341,69140,cz1,cz3
r0009342,69145,cz1,cz3
r0009343,69151,cz1,cz3
r0009344,69157,cz1,cz3
r0009345,69162,cz1,cz3
r0009346,69168,cz1,cz3
r0009347,69174,cz1,cz3
r0009348,69180,cz1,cz3
r0009349,69185,cz1,cz3
r0009350,69191,cz1,cz3
r0009351,69197,cz1,cz3
r0009352,69202,cz1,cz3
r0009353,69208,cz1,cz3
r0009354,69214,cz1,cz4
r0009355,69220,cz1,cz4
r0009356,69225,cz1,cz4
r0009357,69231,cz1,cz4
r0009358,69237,cz1,cz4
r0009359,69242,cz1,cz4
r0009360,69248,cz1,cz4
r0009361,69254,cz1,cz4
r0009362,69260,cz1,cz4
r0009363,69265,cz1,cz4
r0009364,69271,cz1,cz4
r0009365,69277,cz1,cz4
r0009366,69282,cz1,cz4
r0009367,69288,cz1,cz4
r0009368,69294,cz1,cz4
r0009369,69300,cz1,cz4
r0009370,69305,cz1,cz4
r0009371,69311,cz1,cz4
r0009372,69317,cz1,cz4
r0009373,69322,cz1,cz4
r0009374,69328,cz1,cz4
r0009375,69334,cz1,cz4
r0009376,69340,cz1,cz4
r0009377,69345,cz1,cz4
r0009378,69351,cz1,cz4
r0009379,69357,cz1,cz4
r0009380,69362,cz1,cz4
r0009381,69368,cz1,cz4
r0009382,69374,cz1,cz4
r0009383,69379,cz1,cz4
r0009384,69385,cz1,cz4
r0009385,69391,cz1,cz4
r0009386,69397,cz1,cz4
r0009387,69402,cz1,cz4
r0009388,69408,cz1,cz4
r0009389,69414,cz1,cz4
r0009390,69420,cz2,cz1
r0009391,69425,cz2,cz1
r0009392,69431,cz2,cz1
r0009393,69437,cz2,cz1
r0009394,69442,cz2,cz1
r0009395,69448,cz2,cz1
r0009396,69454,cz2,cz1
r0009397,69460,cz2,cz1
r0009398,69465,cz2,cz1
r0009399,69471,cz2,cz1
r0009400,69477,cz2,cz1
r0009401,69482,cz2,cz1
r0009402,69488,cz2,cz1
r0009403,69494,cz2,cz1
r0009404,69500,cz2,cz1
r0009405,69505,cz2,cz1
r0009406,69511,cz2,cz1
r0009407,69517,cz2,cz1
r0009408,69522,cz2,cz1
r0009409,69528,cz2,cz1
r0009410,69534,cz2,cz1
r0009411,69540,cz2,cz1
r0009412,69545,cz2,cz1
r0009413,69551,cz2,cz1
r0009414,69557,cz2,cz1
r0009415,69562,cz2,cz1
r0009416,69568,cz2,cz1
r0009417,69574,cz2,cz1
r0009418,69580,cz2,cz1
r0009419,69585,cz2,cz1
r0009420,69591,cz2,cz1
r0009421,69597,cz2,cz1
r0009422,69602,cz2,cz1
r0009423,69608,cz2,cz1
r0009424,69614,cz2,cz1
r0009425,69620,cz2,cz1
r0009426,69625,cz2,cz1
r0009427,69631,cz2,cz1
r0009428,69637,cz2,cz1
r0009429,69642,cz2,cz2
r0009430,69648,cz2,cz2
r0009431,69654,cz2,cz2
r0009432,69660,cz2,cz2
r0009433,69665,cz2,cz2
r0009434,69671,cz2,cz2
r0009435,69677,cz2,cz2
r0009436,69682,cz2,cz2
r0009437,69688,cz2,cz2
r0009438,69694,cz2,cz2
r0009439,69700,cz2,cz2
r0009440,69705,cz2,cz2
r0009441,69711,cz2,cz2
r0009442,69717,cz2,cz2
r0009443,69722,cz2,cz2
r0009444,69728,cz2,cz2
r0009445,69734,cz2,cz2
r0009446,69740,cz2,cz2
r0009447,69745,cz2,cz2
r0009448,69751,cz2,cz2
r0009449,69757,cz2,cz2
r0009450,69762,cz2,cz2
r0009451,69768,cz2,cz2
r0009452,69774,cz2,cz2
r0009453,69780,cz2,cz2
r0009454,69785,cz2,cz2
r0009455,69791,cz2,cz2
r0009456,69797,cz2,cz2
r0009457,69802,cz2,cz2
r0009458,69808,cz2,cz2
r0009459,69814,cz2,cz2
r0009460,69820,cz2,cz2
r0009461,69825,cz2,cz2
r0009462,69831,cz2,cz2
r0009463,69837,cz2,cz2
r0009464,69842,cz2,cz2
r0009465,69848,cz2,cz2
r0009466,69854,cz2,cz2
r0009467,69860,cz2,cz3
r0009468,69865,cz2,cz3
r0009469,69871,cz2,cz3
r0009470,69877,cz2,cz3
r0009471,69882,cz2,cz3
r0009472,69888,cz2,cz3
r0009473,69894,cz2,cz3
r0009474,69900,cz2,cz3
r0009475,69905,cz2,cz3
r0009476,69911,cz2,cz3
r0009477,69917,cz2,cz3
r0009478,69922,cz2,cz3
r0009479,69928,cz2,cz3
r0009480,69934,cz2,cz3
r0009481,69940,cz2,cz3
r0009482,69945,cz2,cz3
r0009483,69951,cz2,cz3
r0009484,69957,cz2,cz3
r0009485,69962,cz2,cz3
r0009486,69968,cz2,cz3
r0009487,69974,cz2,cz3
r0009488,69980,cz2,cz3
r0009489,69985,cz2,cz3
r0009490,69991,cz2,cz3
r0009491,69997,cz2,cz3
r0009492,70002,cz2,cz3
r0009493,70008,cz2,cz3
r0009494,70014,cz2,cz3
r0009495,70020,cz2,cz3
r0009496,70025,cz2,cz3
r0009497,70031,cz2,cz3
r0009498,70037,cz2,cz3
r0009499,70042,cz2,cz3
r0009500,70048,cz2,cz3
r0009501,70054,cz2,cz3
r0009502,70060,cz2,cz3
r0009503,70065,cz2,cz3
r0009504,70071,cz2,cz3
r0009505,70077,cz2,cz4
r0009506,70082,cz2,cz4
r0009507,70088,cz2,cz4
r0009508,70094,cz2,cz4
r0009509,70100,cz2,cz4
r0009510,70105,cz2,cz4
r0009511,70111,cz2,cz4
r0009512,70117,cz2,cz4
r0009513,70122,cz2,cz4
r0009514,70128,cz2,cz4
r0009515,70134,cz2,cz4
r0009516,70140,cz2,cz4
r0009517,70145,cz2,cz4
r0009518,70151,cz2,cz4
r0009519,70157,cz2,cz4
r0009520,70162,cz2,cz4
r0009521,70168,cz2,cz4
r0009522,70174,cz2,cz4
r0009523,70180,cz2,cz4
r0009524,70185,cz2,cz4
r0009525,70191,cz2,cz4
r0009526,70197,cz2,cz4
r0009527,70202,cz2,cz4
r0009528,70208,cz2,cz4
r0009529,70214,cz2,cz4
r0009530,70220,cz2,cz4
r0009531,70225,cz2,cz4
r0009532,70231,cz2,cz4
r0009533,70237,cz3,cz1
r0009534,70242,cz3,cz1
r0009535,70248,cz3,cz1
r0009536,70254,cz3,cz1
r0009537,70260,cz3,cz1
r0009538,70265,cz3,cz1
r0009539,70271,cz3,cz1
r0009540,70277,cz3,cz1
r0009541,70282,cz3,cz1
r0009542,70288,cz3,cz1
r0009543,70294,cz3,cz1
r0009544,70300,cz3,cz1
r0009545,70305,cz3,cz1
r0009546,70311,cz3,cz1
r0009547,70317,cz3,cz1
r0009548,70322,cz3,cz1
r0009549,70328,cz3,cz1
r0009550,70334,cz3,cz1
r0009551,70340,cz3,cz1
r0009552,70345,cz3,cz1
r0009553,70351,cz3,cz1
r0009554,70357,cz3,cz1
r0009555,70362,cz3,cz1
r0009556,70368,cz3,cz1
r0009557,70374,cz3,cz1
r0009558,70380,cz3,cz1
r0009559,70385,cz3,cz1
r0009560,70391,cz3,cz1
r0009561,70397,cz3,cz1
r0009562,70402,cz3,cz1
r0009563,70408,cz3,cz1
r0009564,70414,cz3,cz1
r0009565,70420,cz3,cz1
r0009566,70425,cz3,cz1
r0009567,70431,cz3,cz1
r0009568,70437,cz3,cz1
r0009569,70442,cz3,cz1
r0009570,70448,cz3,cz1
r0009571,70454,cz3,cz1
r0009572,70460,cz3,cz1
r0009573,70465,cz3,cz1
r0009574,70471,cz3,cz1
r0009575,70477,cz3,cz1
r0009576,70482,cz3,cz1
r0009577,70488,cz3,cz1
r0009578,70494,cz3,cz1
r0009579,70500,cz3,cz1
r0009580,70505,cz3,cz1
r0009581,70511,cz3,cz1
r0009582,70517,cz3,cz1
r0009583,70522,cz3,cz1
r0009584,70528,cz3,cz1
r0009585,70534,cz3,cz2
r0009586,70540,cz3,cz2
r0009587,70545,cz3,cz2
r0009588,70551,cz3,cz2
r0009589,70557,cz3,cz2
r0009590,70562,cz3,cz2
r0009591,70568,cz3,cz2
r0009592,70574,cz3,cz2
r0009593,70580,cz3,cz2
r0009594,70585,cz3,cz2
r0009595,70591,cz3,cz2
r0009596,70597,cz3,cz2
r0009597,70602,cz3,cz2
r0009598,70608,cz3,cz2
r0009599,70614,cz3,cz2
r0009600,70620,cz3,cz2
r0009601,70625,cz3,cz2
r0009602,70631,cz3,cz2
r0009603,70637,cz3,cz2
r0009604,70642,cz3,cz2
r0009605,70648,cz3,cz2
r0009606,70654,cz3,cz2
r0009607,70660,cz3,cz2
r0009608,70665,cz3,cz2
r0009609,70671,cz3,cz2
r0009610,70677,cz3,cz2
r0009611,70682,cz3,cz2
r0009612,70688,cz3,cz2
r0009613,70694,cz3,cz2
r0009614,70700,cz3,cz2
r0009615,70705,cz3,cz2
r0009616,70711,cz3,cz2
r0009617,70717,cz3,cz2
r0009618,70722,cz3,cz2
r0009619,70728,cz3,cz2
r0009620,70734,cz3,cz2
r0009621,70740,cz3,cz2
r0009622,70745,cz3,cz3
r0009623,70751,cz3,cz3
r0009624,70757,cz3,cz3
r0009625,70762,cz3,cz3
r0009626,70768,cz3,cz3
r0009627,70774,cz3,cz3
r0009628,70780,cz3,cz3
r0009629,70785,cz3,cz3
r0009630,70791,cz3,cz3
r0009631,70797,cz3,cz3
r0009632,70802,cz3,cz3
r0009633,70808,cz3,cz3
r0009634,70814,cz3,cz3
r0009635,70820,cz3,cz3
r0009636,70825,cz3,cz3
r0009637,70831,cz3,cz3
r0009638,70837,cz3,cz3
r0009639,70842,cz3,cz3
r0009640,70848,cz3,cz3
r0009641,70854,cz3,cz3
r0009642,70860,cz3,cz3
r0009643,70865,cz3,cz3
r0009644,70871,cz3,cz3
r0009645,70877,cz3,cz3
r0009646,70882,cz3,cz3
r0009647,70888,cz3,cz3
r0009648,70894,cz3,cz3
r0009649,70900,cz3,cz3
r0009650,70905,cz3,cz3
r0009651,70911,cz3,cz3
r0009652,70917,cz3,cz3
r0009653,70922,cz3,cz3
r0009654,70928,cz3,cz3
r0009655,70934,cz3,cz3
r0009656,70940,cz3,cz3
r0009657,70945,cz3,cz3
r0009658,70951,cz3,cz3
r0009659,70957,cz3,cz3
r0009660,70962,cz3,cz3
r0009661,70968,cz3,cz3
r0009662,70974,cz3,cz3
r0009663,70980,cz3,cz3
r0009664,70985,cz3,cz3
r0009665,70991,cz3,cz3
r0009666,70997,cz3,cz3
r0009667,71002,cz3,cz3
r0009668,71008,cz3,cz3
r0009669,71014,cz3,cz3
r0009670,71020,cz3,cz3
r0009671,71025,cz3,cz3
r0009672,71031,cz3,cz3
r0009673,71037,cz3,cz3
r0009674,71042,cz3,cz3
r0009675,71048,cz3,cz3
r0009676,71054,cz3,cz3
r0009677,71060,cz3,cz4
r0009678,71065,cz3,cz4
r0009679,71071,cz3,cz4
r0009680,71077,cz3,cz4
r0009681,71082,cz3,cz4
r0009682,71088,cz3,cz4
r0009683,71094,cz3,cz4
r0009684,71100,cz3,cz4
r0009685,71105,cz3,cz4
r0009686,71111,cz3,cz4
r0009687,71117,cz3,cz4
r0009688,71122,cz3,cz4
r0009689,71128,cz3,cz4
r0009690,71134,cz3,cz4
r0009691,71140,cz3,cz4
r0009692,71145,cz3,cz4
r0009693,71151,cz3,cz4
r0009694,71157,cz3,cz4
r0009695,71162,cz3,cz4
r0009696,71168,cz3,cz4
r0009697,71174,cz3,cz4
r0009698,71180,cz3,cz4
r0009699,71185,cz3,cz4
r0009700,71191,cz3,cz4
r0009701,71197,cz3,cz4
r0009702,71202,cz3,cz4
r0009703,71208,cz3,cz4
r0009704,71214,cz3,cz4
r0009705,71220,cz3,cz4
r0009706,71225,cz3,cz4
r0009707,71231,cz3,cz4
r0009708,71237,cz3,cz4
r0009709,71242,cz3,cz4
r0009710,71248,cz3,cz4
r0009711,71254,cz3,cz4
r0009712,71260,cz3,cz4
r0009713,71265,cz3,cz4
r0009714,71271,cz4,cz1
r0009715,71277,cz4,cz1
r0009716,71282,cz4,cz1
r0009717,71288,cz4,cz1
r0009718,71294,cz4,cz1
r0009719,71300,cz4,cz1
r0009720,71305,cz4,cz1
r0009721,71311,cz4,cz1
r0009722,71317,cz4,cz1
r0009723,71322,cz4,cz1
r0009724,71328,cz4,cz1
r0009725,71334,cz4,cz1
r0009726,71340,cz4,cz1
r0009727,71345,cz4,cz1
r0009728,71351,cz4,cz1
r0009729,71357,cz4,cz1
r0009730,71362,cz4,cz1
r0009731,71368,cz4,cz1
r0009732,71374,cz4,cz1
r0009733,71380,cz4,cz1
r0009734,71385,cz4,cz1
r0009735,71391,cz4,cz1
r0009736,71397,cz4,cz1
r0009737,71402,cz4,cz1
r0009738,71408,cz4,cz1
r0009739,71414,cz4,cz1
r0009740,71420,cz4,cz1
r0009741,71425,cz4,cz1
r0009742,71431,cz4,cz1
r0009743,71437,cz4,cz1
r0009744,71442,cz4,cz1
r0009745,71448,cz4,cz1
r0009746,71454,cz4,cz1
r0009747,71460,cz4,cz1
r0009748,71465,cz4,cz1
r0009749,71471,cz4,cz1
r0009750,71477,cz4,cz1
r0009751,71482,cz4,cz2
r0009752,71488,cz4,cz2
r0009753,71494,cz4,cz2
r0009754,71500,cz4,cz2
r0009755,71505,cz4,cz2
r0009756,71511,cz4,cz2
r0009757,71517,cz4,cz2
r0009758,71522,cz4,cz2
r0009759,71528,cz4,cz2
r0009760,71534,cz4,cz2
r0009761,71540,cz4,cz2
r0009762,71545,cz4,cz2
r0009763,71551,cz4,cz2
r0009764,71557,cz4,cz2
r0009765,71562,cz4,cz2
r0009766,71568,cz4,cz2
r0009767,71574,cz4,cz2
r0009768,71580,cz4,cz2
r0009769,71585,cz4,cz2
r0009770,71591,cz4,cz2
r0009771,71597,cz4,cz2
r0009772,71602,cz4,cz2
r0009773,71608,cz4,cz2
r0009774,71614,cz4,cz2
r0009775,71620,cz4,cz2
r0009776,71625,cz4,cz2
r0009777,71631,cz4,cz2
r0009778,71637,cz4,cz3
r0009779,71642,cz4,cz3
r0009780,71648,cz4,cz3
r0009781,71654,cz4,cz3
r0009782,71660,cz4,cz3
r0009783,71665,cz4,cz3
r0009784,71671,cz4,cz3
r0009785,71677,cz4,cz3
r0009786,71682,cz4,cz3
r0009787,71688,cz4,cz3
r0009788,71694,cz4,cz3
r0009789,71700,cz4,cz3
r0009790,71705,cz4,cz3
r0009791,71711,cz4,cz3
r0009792,71717,cz4,cz3
r0009793,71722,cz4,cz3
r0009794,71728,cz4,cz3
r0009795,71734,cz4,cz3
r0009796,71740,cz4,cz3
r0009797,71745,cz4,cz3
r0009798,71751,cz4,cz3
r0009799,71757,cz4,cz3
r0009800,71762,cz4,cz3
r0009801,71768,cz4,cz3
r0009802,71774,cz4,cz3
r0009803,71780,cz4,cz3
r0009804,71785,cz4,cz3
r0009805,71791,cz4,cz3
r0009806,71797,cz4,cz3
r0009807,71802,cz4,cz3
r0009808,71808,cz4,cz3
r0009809,71814,cz4,cz3
r0009810,71820,cz4,cz3
r0009811,71825,cz4,cz3
r0009812,71831,cz4,cz3
r0009813,71837,cz4,cz3
r0009814,71842,cz4,cz3
r0009815,71848,cz4,cz3
r0009816,71854,cz4,cz4
r0009817,71860,cz4,cz4
r0009818,71865,cz4,cz4
r0009819,71871,cz4,cz4
r0009820,71877,cz4,cz4
r0009821,71882,cz4,cz4
r0009822,71888,cz4,cz4
r0009823,71894,cz4,cz4
r0009824,71900,cz4,cz4
r0009825,71905,cz4,cz4
r0009826,71911,cz4,cz4
r0009827,71917,cz4,cz4
r0009828,71922,cz4,cz4
r0009829,71928,cz4,cz4
r0009830,71934,cz4,cz4
r0009831,71940,cz4,cz4
r0009832,71945,cz4,cz4
r0009833,71951,cz4,cz4
r0009834,71957,cz4,cz4
r0009835,71962,cz4,cz4
r0009836,71968,cz4,cz4
r0009837,71974,cz4,cz4
r0009838,71980,cz4,cz4
r0009839,71985,cz4,cz4
r0009840,71991,cz4,cz4
r0009841,71997,cz4,cz4
r0009842,72004,cz1,cz1
r0009843,72012,cz1,cz1
r0009844,72020,cz1,cz1
r0009845,72028,cz1,cz1
r0009846,72036,cz1,cz1
r0009847,72044,cz1,cz1
r0009848,72052,cz1,cz1
r0009849,72060,cz1,cz1
r0009850,72068,cz1,cz1
r0009851,72077,cz1,cz1
r0009852,72085,cz1,cz1
r0009853,72093,cz1,cz1
r0009854,72101,cz1,cz1
r0009855,72109,cz1,cz1
r0009856,72117,cz1,cz1
r0009857,72125,cz1,cz1
r0009858,72133,cz1,cz1
r0009859,72141,cz1,cz1
r0009860,72150,cz1,cz1
r0009861,72158,cz1,cz1
r0009862,72166,cz1,cz1
r0009863,72174,cz1,cz1
r0009864,72182,cz1,cz1
r0009865,72190,cz1,cz1
r0009866,72198,cz1,cz1
r0009867,72206,cz1,cz1
r0009868,72214,cz1,cz1
r0009869,72222,cz1,cz1
r0009870,72231,cz1,cz1
r0009871,72239,cz1,cz1
r0009872,72247,cz1,cz1
r0009873,72255,cz1,cz1
r0009874,72263,cz1,cz1
r0009875,72271,cz1,cz1
r0009876,72279,cz1,cz1
r0009877,72287,cz1,cz1
r0009878,72295,cz1,cz2
r0009879,72304,cz1,cz2
r0009880,72312,cz1,cz2
r0009881,72320,cz1,cz2
r0009882,72328,cz1,cz2
r0009883,72336,cz1,cz2
r0009884,72344,cz1,cz2
r0009885,72352,cz1,cz2
r0009886,72360,cz1,cz2
r0009887,72368,cz1,cz2
r0009888,72377,cz1,cz2
r0009889,72385,cz1,cz2
r0009890,72393,cz1,cz2
r0009891,72401,cz1,cz2
r0009892,72409,cz1,cz2
r0009893,72417,cz1,cz2
r0009894,72425,cz1,cz2
r0009895,72433,cz1,cz2
r0009896,72441,cz1,cz2
r0009897,72450,cz1,cz2
r0009898,72458,cz1,cz2
r0009899,72466,cz1,cz2
r0009900,72474,cz1,cz2
r0009901,72482,cz1,cz2
r0009902,72490,cz1,cz2
r0009903,72498,cz1,cz2
r0009904,72506,cz1,cz2
r0009905,72514,cz1,cz3
r0009906,72522,cz1,cz3
r0009907,72531,cz1,cz3
r0009908,72539,cz1,cz3
r0009909,72547,cz1,cz3
r0009910,72555,cz1,cz3
r0009911,72563,cz1,cz3
r0009912,72571,cz1,cz3
r0009913,72579,cz1,cz3
r0009914,72587,cz1,cz3
r0009915,72595,cz1,cz3
r0009916,72604,cz1,cz3
r0009917,72612,cz1,cz3
r0009918,72620,cz1,cz3
r0009919,72628,cz1,cz3
r0009920,72636,cz1,cz3
r0009921,72644,cz1,cz3
r0009922,72652,cz1,cz3
r0009923,72660,cz1,cz3
r0009924,72668,cz1,cz3
r0009925,72677,cz1,cz3
r0009926,72685,cz1,cz3
r0009927,72693,cz1,cz3
r0009928,72701,cz1,cz3
r0009929,72709,cz1,cz3
r0009930,72717,cz1,cz3
r0009931,72725,cz1,cz3
r0009932,72733,cz1,cz3
r0009933,72741,cz1,cz3
r0009934,72750,cz1,cz3
r0009935,72758,cz1,cz3
r0009936,72766,cz1,cz3
r0009937,72774,cz1,cz3
r0009938,72782,cz1,cz3
r0009939,72790,cz1,cz3
r0009940,72798,cz1,cz3
r0009941,72806,cz1,cz3
r0009942,72814,cz1,cz4
r0009943,72822,cz1,cz4
r0009944,72831,cz1,cz4
r0009945,72839,cz1,cz4
r0009946,72847,cz1,cz4
r0009947,72855,cz1,cz4
r0009948,72863,cz1,cz4
r0009949,72871,cz1,cz4
r0009950,72879,cz1,cz4
r0009951,72887,cz1,cz4
r0009952,72895,cz1,cz4
r0009953,72904,cz1,cz4
r0009954,72912,cz1,cz4
r0009955,72920,cz1,cz4
r0009956,72928,cz1,cz4
r0009957,72936,cz1,cz4
r0009958,72944,cz1,cz4
r0009959,72952,cz1,cz4
r0009960,72960,cz1,cz4
r0009961,72968,cz1,cz4
r0009962,72977,cz1,cz4
r0009963,72985,cz1,cz4
r0009964,72993,cz1,cz4
r0009965,73001,cz1,cz4
r0009966,73009,cz1,cz4
r0009967,73017,cz2,cz1
r0009968,73025,cz2,cz1
r0009969,73033,cz2,cz1
r0009970,73041,cz2,cz1
r0009971,73050,cz2,cz1
r0009972,73058,cz2,cz1
r0009973,73066,cz2,cz1
r0009974,73074,cz2,cz1
r0009975,73082,cz2,cz1
r0009976,73090,cz2,cz1
r0009977,73098,cz2,cz1
r0009978,73106,cz2,cz1
r0009979,73114,cz2,cz1
r0009980,73122,cz2,cz1
r0009981,73131,cz2,cz1
r0009982,73139,cz2,cz1
r0009983,73147,cz2,cz1
r0009984,73155,cz2,cz1
r0009985,73163,cz2,cz1
r0009986,73171,cz2,cz1
r0009987,73179,cz2,cz1
r0009988,73187,cz2,cz1
r0009989,73195,cz2,cz1
r0009990,73204,cz2,cz1
r0009991,73212,cz2,cz1
r0009992,73220,cz2,cz1
r0009993,73228,cz2,cz1
r0009994,73236,cz2,cz1
r0009995,73244,cz2,cz2
r0009996,73252,cz2,cz2
r0009997,73260,cz2,cz2
r0009998,73268,cz2,cz2
r0009999,73277,cz2,cz2
r0010000,73285,cz2,cz2
r0010001,73293,cz2,cz2
r0010002,73301,cz2,cz2
r0010003,73309,cz2,cz2
r0010004,73317,cz2,cz2
r0010005,73325,cz2,cz2
r0010006,73333,cz2,cz2
r0010007,73341,cz2,cz2
r0010008,73350,cz2,cz2
r0010009,73358,cz2,cz2
r0010010,73366,cz2,cz2
r0010011,73374,cz2,cz2
r0010012,73382,cz2,cz2
r0010013,73390,cz2,cz2
r0010014,73398,cz2,cz2
r0010015,73406,cz2,cz2
r0010016,73414,cz2,cz2
r0010017,73422,cz2,cz2
r0010018,73431,cz2,cz2
r0010019,73439,cz2,cz2
r0010020,73447,cz2,cz2
r0010021,73455,cz2,cz2
r0010022,73463,cz2,cz3
r0010023,73471,cz2,cz3
r0010024,73479,cz2,cz3
r0010025,73487,cz2,cz3
r0010026,73495,cz2,cz3
r0010027,73504,cz2,cz3
r0010028,73512,cz2,cz3
r0010029,73520,cz2,cz3
r0010030,73528,cz2,cz3
r0010031,73536,cz2,cz3
r0010032,73544,cz2,cz3
r0010033,73552,cz2,cz3
r0010034,73560,cz2,cz3
r0010035,73568,cz2,cz3
r0010036,73577,cz2,cz3
r0010037,73585,cz2,cz3
r0010038,73593,cz2,cz3
r0010039,73601,cz2,cz3
r0010040,73609,cz2,cz3
r0010041,73617,cz2,cz3
r0010042,73625,cz2,cz3
r0010043,73633,cz2,cz3
r0010044,73641,cz2,cz3
r0010045,73650,cz2,cz3
r0010046,73658,cz2,cz3
r0010047,73666,cz2,cz3
r0010048,73674,cz2,cz3
r0010049,73682,cz2,cz4
r0010050,73690,cz2,cz4
r0010051,73698,cz2,cz4
r0010052,73706,cz2,cz4
r0010053,73714,cz2,cz4
r0010054,73722,cz2,cz4
r0010055,73731,cz2,cz4
r0010056,73739,cz2,cz4
r0010057,73747,cz2,cz4
r0010058,73755,cz2,cz4
r0010059,73763,cz2,cz4
r0010060,73771,cz2,cz4
r0010061,73779,cz2,cz4
r0010062,73787,cz2,cz4
r0010063,73795,cz2,cz4
r0010064,73804,cz2,cz4
r0010065,73812,cz2,cz4
r0010066,73820,cz2,cz4
r0010067,73828,cz2,cz4
r0010068,73836,cz3,cz1
r0010069,73844,cz3,cz1
r0010070,73852,cz3,cz1
r0010071,73860,cz3,cz1
r0010072,73868,cz3,cz1
r0010073,73877,cz3,cz1
r0010074,73885,cz3,cz1
r0010075,73893,cz3,cz1
r0010076,73901,cz3,cz1
r0010077,73909,cz3,cz1
r0010078,73917,cz3,cz1
r0010079,73925,cz3,cz1
r0010080,73933,cz3,cz1
r0010081,73941,cz3,cz1
r0010082,73949,cz3,cz1
r0010083,73958,cz3,cz1
r0010084,73966,cz3,cz1
r0010085,73974,cz3,cz1
r0010086,73982,cz3,cz1
r0010087,73990,cz3,cz1
r0010088,73998,cz3,cz1
r0010089,74006,cz3,cz1
r0010090,74014,cz3,cz1
r0010091,74022,cz3,cz1
r0010092,74031,cz3,cz1
r0010093,74039,cz3,cz1
r0010094,74047,cz3,cz1
r0010095,74055,cz3,cz1
r0010096,74063,cz3,cz1
r0010097,74071,cz3,cz1
r0010098,74079,cz3,cz1
r0010099,74087,cz3,cz1
r0010100,74095,cz3,cz1
r0010101,74104,cz3,cz1
r0010102,74112,cz3,cz1
r0010103,74120,cz3,cz1
r0010104,74128,cz3,cz2
r0010105,74136,cz3,cz2
r0010106,74144,cz3,cz2
r0010107,74152,cz3,cz2
r0010108,74160,cz3,cz2
r0010109,74168,cz3,cz2
r0010110,74177,cz3,cz2
r0010111,74185,cz3,cz2
r0010112,74193,cz3,cz2
r0010113,74201,cz3,cz2
r0010114,74209,cz3,cz2
r0010115,74217,cz3,cz2
r0010116,74225,cz3,cz2
r0010117,74233,cz3,cz2
r0010118,74241,cz3,cz2
r0010119,74250,cz3,cz2
r0010120,74258,cz3,cz2
r0010121,74266,cz3,cz2
r0010122,74274,cz3,cz2
r0010123,74282,cz3,cz2
r0010124,74290,cz3,cz2
r0010125,74298,cz3,cz2
r0010126,74306,cz3,cz2
r0010127,74314,cz3,cz2
r0010128,74322,cz3,cz2
r0010129,74331,cz3,cz2
r0010130,74339,cz3,cz3
r0010131,74347,cz3,cz3
r0010132,74355,cz3,cz3
r0010133,74363,cz3,cz3
r0010134,74371,cz3,cz3
r0010135,74379,cz3,cz3
r0010136,74387,cz3,cz3
r0010137,74395,cz3,cz3
r0010138,74404,cz3,cz3
r0010139,74412,cz3,cz3
r0010140,74420,cz3,cz3
r0010141,74428,cz3,cz3
r0010142,74436,cz3,cz3
r0010143,74444,cz3,cz3
r0010144,74452,cz3,cz3
r0010145,74460,cz3,cz3
r0010146,74468,cz3,cz3
r0010147,74477,cz3,cz3
r0010148,74485,cz3,cz3
r0010149,74493,cz3,cz3
r0010150,74501,cz3,cz3
r0010151,74509,cz3,cz3
r0010152,74517,cz3,cz3
r0010153,74525,cz3,cz3
r0010154,74533,cz3,cz3
r0010155,74541,cz3,cz3
r0010156,74550,cz3,cz3
r0010157,74558,cz3,cz3
r0010158,74566,cz3,cz3
r0010159,74574,cz3,cz3
r0010160,74582,cz3,cz3
r0010161,74590,cz3,cz3
r0010162,74598,cz3,cz3
r0010163,74606,cz3,cz3
r0010164,74614,cz3,cz3
r0010165,74622,cz3,cz3
r0010166,74631,cz3,cz3
r0010167,74639,cz3,cz3
r0010168,74647,cz3,cz3
r0010169,74655,cz3,cz4
r0010170,74663,cz3,cz4
r0010171,74671,cz3,cz4
r0010172,74679,cz3,cz4
r0010173,74687,cz3,cz4
r0010174,74695,cz3,cz4
r0010175,74704,cz3,cz4
r0010176,74712,cz3,cz4
r0010177,74720,cz3,cz4
r0010178,74728,cz3,cz4
r0010179,74736,cz3,cz4
r0010180,74744,cz3,cz4
r0010181,74752,cz3,cz4
r0010182,74760,cz3,cz4
r0010183,74768,cz3,cz4
r0010184,74777,cz3,cz4
r0010185,74785,cz3,cz4
r0010186,74793,cz3,cz4
r0010187,74801,cz3,cz4
r0010188,74809,cz3,cz4
r0010189,74817,cz3,cz4
r0010190,74825,cz3,cz4
r0010191,74833,cz3,cz4
r0010192,74841,cz3,cz4
r0010193,74850,cz3,cz4
r0010194,74858,cz3,cz4
r0010195,74866,cz4,cz1
r0010196,74874,cz4,cz1
r0010197,74882,cz4,cz1
r0010198,74890,cz4,cz1
r0010199,74898,cz4,cz1
r0010200,74906,cz4,cz1
r0010201,74914,cz4,cz1
r0010202,74922,cz4,cz1
r0010203,74931,cz4,cz1
r0010204,74939,cz4,cz1
r0010205,74947,cz4,cz1
r0010206,74955,cz4,cz1
r0010207,74963,cz4,cz1
r0010208,74971,cz4,cz1
r0010209,74979,cz4,cz1
r0010210,74987,cz4,cz1
r0010211,74995,cz4,cz1
r0010212,75004,cz4,cz1
r0010213,75012,cz4,cz1
r0010214,75020,cz4,cz1
r0010215,75028,cz4,cz1
r0010216,75036,cz4,cz1
r0010217,75044,cz4,cz1
r0010218,75052,cz4,cz1
r0010219,75060,cz4,cz1
r0010220,75068,cz4,cz1
r0010221,75077,cz4,cz2
r0010222,75085,cz4,cz2
r0010223,75093,cz4,cz2
r0010224,75101,cz4,cz2
r0010225,75109,cz4,cz2
r0010226,75117,cz4,cz2
r0010227,75125,cz4,cz2
r0010228,75133,cz4,cz2
r0010229,75141,cz4,cz2
r0010230,75150,cz4,cz2
r0010231,75158,cz4,cz2
r0010232,75166,cz4,cz2
r0010233,75174,cz4,cz2
r0010234,75182,cz4,cz2
r0010235,75190,cz4,cz2
r0010236,75198,cz4,cz2
r0010237,75206,cz4,cz2
r0010238,75214,cz4,cz2
r0010239,75222,cz4,cz2
r0010240,75231,cz4,cz3
r0010241,75239,cz4,cz3
r0010242,75247,cz4,cz3
r0010243,75255,cz4,cz3
r0010244,75263,cz4,cz3
r0010245,75271,cz4,cz3
r0010246,75279,cz4,cz3
r0010247,75287,cz4,cz3
r0010248,75295,cz4,cz3
r0010249,75304,cz4,cz3
r0010250,75312,cz4,cz3
r0010251,75320,cz4,cz3
r0010252,75328,cz4,cz3
r0010253,75336,cz4,cz3
r0010254,75344,cz4,cz3
r0010255,75352,cz4,cz3
r0010256,75360,cz4,cz3
r0010257,75368,cz4,cz3
r0010258,75377,cz4,cz3
r0010259,75385,cz4,cz3
r0010260,75393,cz4,cz3
r0010261,75401,cz4,cz3
r0010262,75409,cz4,cz3
r0010263,75417,cz4,cz3
r0010264,75425,cz4,cz3
r0010265,75433,cz4,cz3
r0010266,75441,cz4,cz3
r0010267,75450,cz4,cz4
r0010268,75458,cz4,cz4
r0010269,75466,cz4,cz4
r0010270,75474,cz4,cz4
r0010271,75482,cz4,cz4
r0010272,75490,cz4,cz4
r0010273,75498,cz4,cz4
r0010274,75506,cz4,cz4
r0010275,75514,cz4,cz4
r0010276,75522,cz4,cz4
r0010277,75531,cz4,cz4
r0010278,75539,cz4,cz4
r0010279,75547,cz4,cz4
r0010280,75555,cz4,cz4
r0010281,75563,cz4,cz4
r0010282,75571,cz4,cz4
r0010283,75579,cz4,cz4
r0010284,75587,cz4,cz4
r0010285,75595,cz4,cz4
r0010286,75604,cz1,cz1
r0010287,75614,cz1,cz1
r0010288,75624,cz1,cz1
r0010289,75634,cz1,cz1
r0010290,75644,cz1,cz1
r0010291,75654,cz1,cz1
r0010292,75664,cz1,cz1
r0010293,75674,cz1,cz1
r0010294,75684,cz1,cz1
r0010295,75694,cz1,cz1
r0010296,75704,cz1,cz1
r0010297,75714,cz1,cz1
r0010298,75724,cz1,cz1
r0010299,75734,cz1,cz1
r0010300,75744,cz1,cz1
r0010301,75754,cz1,cz1
r0010302,75764,cz1,cz1
r0010303,75774,cz1,cz1
r0010304,75783,cz1,cz1
r0010305,75793,cz1,cz1
r0010306,75803,cz1,cz1
r0010307,75813,cz1,cz1
r0010308,75823,cz1,cz1
r0010309,75833,cz1,cz1
r0010310,75843,cz1,cz1
r0010311,75853,cz1,cz1
r0010312,75863,cz1,cz1
r0010313,75873,cz1,cz1
r0010314,75883,cz1,cz1
r0010315,75893,cz1,cz2
r0010316,75903,cz1,cz2
r0010317,75913,cz1,cz2
r0010318,75923,cz1,cz2
r0010319,75933,cz1,cz2
r0010320,75943,cz1,cz2
r0010321,75953,cz1,cz2
r0010322,75962,cz1,cz2
r0010323,75972,cz1,cz2
r0010324,75982,cz1,cz2
r0010325,75992,cz1,cz2
r0010326,76002,cz1,cz2
r0010327,76012,cz1,cz2
r0010328,76022,cz1,cz2
r0010329,76032,cz1,cz2
r0010330,76042,cz1,cz2
r0010331,76052,cz1,cz2
r0010332,76062,cz1,cz2
r0010333,76072,cz1,cz2
r0010334,76082,cz1,cz2
r0010335,76092,cz1,cz2
r0010336,76102,cz1,cz2
r0010337,76112,cz1,cz3
r0010338,76122,cz1,cz3
r0010339,76132,cz1,cz3
r0010340,76141,cz1,cz3
r0010341,76151,cz1,cz3
r0010342,76161,cz1,cz3
r0010343,76171,cz1,cz3
r0010344,76181,cz1,cz3
r0010345,76191,cz1,cz3
r0010346,76201,cz1,cz3
r0010347,76211,cz1,cz3
r0010348,76221,cz1,cz3
r0010349,76231,cz1,cz3
r0010350,76241,cz1,cz3
r0010351,76251,cz1,cz3
r0010352,76261,cz1,cz3
r0010353,76271,cz1,cz3
r0010354,76281,cz1,cz3
r0010355,76291,cz1,cz3
r0010356,76301,cz1,cz3
r0010357,76311,cz1,cz3
r0010358,76320,cz1,cz3
r0010359,76330,cz1,cz3
r0010360,76340,cz1,cz3
r0010361,76350,cz1,cz3
r0010362,76360,cz1,cz3
r0010363,76370,cz1,cz3
r0010364,76380,cz1,cz3
r0010365,76390,cz1,cz3
r0010366,76400,cz1,cz3
r0010367,76410,cz1,cz4
r0010368,76420,cz1,cz4
r0010369,76430,cz1,cz4
r0010370,76440,cz1,cz4
r0010371,76450,cz1,cz4
r0010372,76460,cz1,cz4
r0010373,76470,cz1,cz4
r0010374,76480,cz1,cz4
r0010375,76490,cz1,cz4
r0010376,76500,cz1,cz4
r0010377,76509,cz1,cz4
r0010378,76519,cz1,cz4
r0010379,76529,cz1,cz4
r0010380,76539,cz1,cz4
r0010381,76549,cz1,cz4
r0010382,76559,cz1,cz4
r0010383,76569,cz1,cz4
r0010384,76579,cz1,cz4
r0010385,76589,cz1,cz4
r0010386,76599,cz1,cz4
r0010387,76609,cz2,cz1
r0010388,76619,cz2,cz1
r0010389,76629,cz2,cz1
r0010390,76639,cz2,cz1
r0010391,76649,cz2,cz1
r0010392,76659,cz2,cz1
r0010393,76669,cz2,cz1
r0010394,76679,cz2,cz1
r0010395,76688,cz2,cz1
r0010396,76698,cz2,cz1
r0010397,76708,cz2,cz1
r0010398,76718,cz2,cz1
r0010399,76728,cz2,cz1
r0010400,76738,cz2,cz1
r0010401,76748,cz2,cz1
r0010402,76758,cz2,cz1
r0010403,76768,cz2,cz1
r0010404,76778,cz2,cz1
r0010405,76788,cz2,cz1
r0010406,76798,cz2,cz1
r0010407,76808,cz2,cz1
r0010408,76818,cz2,cz1
r0010409,76828,cz2,cz1
r0010410,76838,cz2,cz2
r0010411,76848,cz2,cz2
r0010412,76858,cz2,cz2
r0010413,76867,cz2,cz2
r0010414,76877,cz2,cz2
r0010415,76887,cz2,cz2
r0010416,76897,cz2,cz2
r0010417,76907,cz2,cz2
r0010418,76917,cz2,cz2
r0010419,76927,cz2,cz2
r0010420,76937,cz2,cz2
r0010421,76947,cz2,cz2
r0010422,76957,cz2,cz2
r0010423,76967,cz2,cz2
r0010424,76977,cz2,cz2
r0010425,76987,cz2,cz2
r0010426,76997,cz2,cz2
r0010427,77007,cz2,cz2
r0010428,77017,cz2,cz2
r0010429,77027,cz2,cz2
r0010430,77037,cz2,cz2
r0010431,77046,cz2,cz2
r0010432,77056,cz2,cz3
r0010433,77066,cz2,cz3
r0010434,77076,cz2,cz3
r0010435,77086,cz2,cz3
r0010436,77096,cz2,cz3
r0010437,77106,cz2,cz3
r0010438,77116,cz2,cz3
r0010439,77126,cz2,cz3
r0010440,77136,cz2,cz3
r0010441,77146,cz2,cz3
r0010442,77156,cz2,cz3
r0010443,77166,cz2,cz3
r0010444,77176,cz2,cz3
r0010445,77186,cz2,cz3
r0010446,77196,cz2,cz3
r0010447,77206,cz2,cz3
r0010448,77216,cz2,cz3
r0010449,77225,cz2,cz3
r0010450,77235,cz2,cz3
r0010451,77245,cz2,cz3
r0010452,77255,cz2,cz3
r0010453,77265,cz2,cz3
r0010454,77275,cz2,cz4
r0010455,77285,cz2,cz4
r0010456,77295,cz2,cz4
r0010457,77305,cz2,cz4
r0010458,77315,cz2,cz4
r0010459,77325,cz2,cz4
r0010460,77335,cz2,cz4
r0010461,77345,cz2,cz4
r0010462,77355,cz2,cz4
r0010463,77365,cz2,cz4
r0010464,77375,cz2,cz4
r0010465,77385,cz2,cz4
r0010466,77395,cz2,cz4
r0010467,77404,cz2,cz4
r0010468,77414,cz2,cz4
r0010469,77424,cz2,cz4
r0010470,77434,cz3,cz1
r0010471,77444,cz3,cz1
r0010472,77454,cz3,cz1
r0010473,77464,cz3,cz1
r0010474,77474,cz3,cz1
r0010475,77484,cz3,cz1
r0010476,77494,cz3,cz1
r0010477,77504,cz3,cz1
r0010478,77514,cz3,cz1
r0010479,77524,cz3,cz1
r0010480,77534,cz3,cz1
r0010481,77544,cz3,cz1
r0010482,77554,cz3,cz1
r0010483,77564,cz3,cz1
r0010484,77574,cz3,cz1
r0010485,77583,cz3,cz1
r0010486,77593,cz3,cz1
r0010487,77603,cz3,cz1
r0010488,77613,cz3,cz1
r0010489,77623,cz3,cz1
r0010490,77633,cz3,cz1
r0010491,77643,cz3,cz1
r0010492,77653,cz3,cz1
r0010493,77663,cz3,cz1
r0010494,77673,cz3,cz1
r0010495,77683,cz3,cz1
r0010496,77693,cz3,cz1
r0010497,77703,cz3,cz1
r0010498,77713,cz3,cz1
r0010499,77723,cz3,cz1
r0010500,77733,cz3,cz2
r0010501,77743,cz3,cz2
r0010502,77753,cz3,cz2
r0010503,77762,cz3,cz2
r0010504,77772,cz3,cz2
r0010505,77782,cz3,cz2
r0010506,77792,cz3,cz2
r0010507,77802,cz3,cz2
r0010508,77812,cz3,cz2
r0010509,77822,cz3,cz2
r0010510,77832,cz3,cz2
r0010511,77842,cz3,cz2
r0010512,77852,cz3,cz2
r0010513,77862,cz3,cz2
r0010514,77872,cz3,cz2
r0010515,77882,cz3,cz2
r0010516,77892,cz3,cz2
r0010517,77902,cz3,cz2
r0010518,77912,cz3,cz2
r0010519,77922,cz3,cz2
r0010520,77932,cz3,cz2
r0010521,77941,cz3,cz3
r0010522,77951,cz3,cz3
r0010523,77961,cz3,cz3
r0010524,77971,cz3,cz3
r0010525,77981,cz3,cz3
r0010526,77991,cz3,cz3
r0010527,78001,cz3,cz3
r0010528,78011,cz3,cz3
r0010529,78021,cz3,cz3
r0010530,78031,cz3,cz3
r0010531,78041,cz3,cz3
r0010532,78051,cz3,cz3
r0010533,78061,cz3,cz3
r0010534,78071,cz3,cz3
r0010535,78081,cz3,cz3
r0010536,78091,cz3,cz3
r0010537,78101,cz3,cz3
r0010538,78111,cz3,cz3
r0010539,78120,cz3,cz3
r0010540,78130,cz3,cz3
r0010541,78140,cz3,cz3
r0010542,78150,cz3,cz3
r0010543,78160,cz3,cz3
r0010544,78170,cz3,cz3
r0010545,78180,cz3,cz3
r0010546,78190,cz3,cz3
r0010547,78200,cz3,cz3
r0010548,78210,cz3,cz3
r0010549,78220,cz3,cz3
r0010550,78230,cz3,cz3
r0010551,78240,cz3,cz3
r0010552,78250,cz3,cz3
r0010553,78260,cz3,cz4
r0010554,78270,cz3,cz4
r0010555,78280,cz3,cz4
r0010556,78290,cz3,cz4
r0010557,78300,cz3,cz4
r0010558,78309,cz3,cz4
r0010559,78319,cz3,cz4
r0010560,78329,cz3,cz4
r0010561,78339,cz3,cz4
r0010562,78349,cz3,cz4
r0010563,78359,cz3,cz4
r0010564,78369,cz3,cz4
r0010565,78379,cz3,cz4
r0010566,78389,cz3,cz4
r0010567,78399,cz3,cz4
r0010568,78409,cz3,cz4
r0010569,78419,cz3,cz4
r0010570,78429,cz3,cz4
r0010571,78439,cz3,cz4
r0010572,78449,cz3,cz4
r0010573,78459,cz3,cz4
r0010574,78469,cz4,cz1
r0010575,78479,cz4,cz1
r0010576,78488,cz4,cz1
r0010577,78498,cz4,cz1
r0010578,78508,cz4,cz1
r0010579,78518,cz4,cz1
r0010580,78528,cz4,cz1
r0010581,78538,cz4,cz1
r0010582,78548,cz4,cz1
r0010583,78558,cz4,cz1
r0010584,78568,cz4,cz1
r0010585,78578,cz4,cz1
r0010586,78588,cz4,cz1
r0010587,78598,cz4,cz1
r0010588,78608,cz4,cz1
r0010589,78618,cz4,cz1
r0010590,78628,cz4,cz1
r0010591,78638,cz4,cz1
r0010592,78648,cz4,cz1
r0010593,78658,cz4,cz1
r0010594,78667,cz4,cz1
r0010595,78677,cz4,cz2
r0010596,78687,cz4,cz2
r0010597,78697,cz4,cz2
r0010598,78707,cz4,cz2
r0010599,78717,cz4,cz2
r0010600,78727,cz4,cz2
r0010601,78737,cz4,cz2
r0010602,78747,cz4,cz2
r0010603,78757,cz4,cz2
r0010604,78767,cz4,cz2
r0010605,78777,cz4,cz2
r0010606,78787,cz4,cz2
r0010607,78797,cz4,cz2
r0010608,78807,cz4,cz2
r0010609,78817,cz4,cz2
r0010610,78827,cz4,cz2
r0010611,78837,cz4,cz3
r0010612,78846,cz4,cz3
r0010613,78856,cz4,cz3
r0010614,78866,cz4,cz3
r0010615,78876,cz4,cz3
r0010616,78886,cz4,cz3
r0010617,78896,cz4,cz3
r0010618,78906,cz4,cz3
r0010619,78916,cz4,cz3
r0010620,78926,cz4,cz3
r0010621,78936,cz4,cz3
r0010622,78946,cz4,cz3
r0010623,78956,cz4,cz3
r0010624,78966,cz4,cz3
r0010625,78976,cz4,cz3
r0010626,78986,cz4,cz3
r0010627,78996,cz4,cz3
r0010628,79006,cz4,cz3
r0010629,79016,cz4,cz3
r0010630,79025,cz4,cz3
r0010631,79035,cz4,cz3
r0010632,79045,cz4,cz3
r0010633,79055,cz4,cz4
r0010634,79065,cz4,cz4
r0010635,79075,cz4,cz4
r0010636,79085,cz4,cz4
r0010637,79095,cz4,cz4
r0010638,79105,cz4,cz4
r0010639,79115,cz4,cz4
r0010640,79125,cz4,cz4
r0010641,79135,cz4,cz4
r0010642,79145,cz4,cz4
r0010643,79155,cz4,cz4
r0010644,79165,cz4,cz4
r0010645,79175,cz4,cz4
r0010646,79185,cz4,cz4
r0010647,79195,cz4,cz4
r0010648,79206,cz1,cz1
r0010649,79220,cz1,cz1
r0010650,79233,cz1,cz1
r0010651,79247,cz1,cz1
r0010652,79260,cz1,cz1
r0010653,79273,cz1,cz1
r0010654,79287,cz1,cz1
r0010655,79300,cz1,cz1
r0010656,79314,cz1,cz1
r0010657,79327,cz1,cz1
r0010658,79341,cz1,cz1
r0010659,79354,cz1,cz1
r0010660,79367,cz1,cz1
r0010661,79381,cz1,cz1
r0010662,79394,cz1,cz1
r0010663,79408,cz1,cz1
r0010664,79421,cz1,cz1
r0010665,79435,cz1,cz1
r0010666,79448,cz1,cz1
r0010667,79461,cz1,cz1
r0010668,79475,cz1,cz1
r0010669,79488,cz1,cz2
r0010670,79502,cz1,cz2
r0010671,79515,cz1,cz2
r0010672,79529,cz1,cz2
r0010673,79542,cz1,cz2
r0010674,79555,cz1,cz2
r0010675,79569,cz1,cz2
r0010676,79582,cz1,cz2
r0010677,79596,cz1,cz2
r0010678,79609,cz1,cz2
r0010679,79623,cz1,cz2
r0010680,79636,cz1,cz2
r0010681,79650,cz1,cz2
r0010682,79663,cz1,cz2
r0010683,79676,cz1,cz2
r0010684,79690,cz1,cz2
r0010685,79703,cz1,cz3
r0010686,79717,cz1,cz3
r0010687,79730,cz1,cz3
r0010688,79744,cz1,cz3
r0010689,79757,cz1,cz3
r0010690,79770,cz1,cz3
r0010691,79784,cz1,cz3
r0010692,79797,cz1,cz3
r0010693,79811,cz1,cz3
r0010694,79824,cz1,cz3
r0010695,79838,cz1,cz3
r0010696,79851,cz1,cz3
r0010697,79864,cz1,cz3
r0010698,79878,cz1,cz3
r0010699,79891,cz1,cz3
r0010700,79905,cz1,cz3
r0010701,79918,cz1,cz3
r0010702,79932,cz1,cz3
r0010703,79945,cz1,cz3
r0010704,79958,cz1,cz3
r0010705,79972,cz1,cz3
r0010706,79985,cz1,cz3
r0010707,79999,cz1,cz4
r0010708,80012,cz1,cz4
r0010709,80026,cz1,cz4
r0010710,80039,cz1,cz4
r0010711,80052,cz1,cz4
r0010712,80066,cz1,cz4
r0010713,80079,cz1,cz4
r0010714,80093,cz1,cz4
r0010715,80106,cz1,cz4
r0010716,80120,cz1,cz4
r0010717,80133,cz1,cz4
r0010718,80147,cz1,cz4
r0010719,80160,cz1,cz4
r0010720,80173,cz1,cz4
r0010721,80187,cz1,cz4
r0010722,80200,cz2,cz1
r0010723,80214,cz2,cz1
r0010724,80227,cz2,cz1
r0010725,80241,cz2,cz1
r0010726,80254,cz2,cz1
r0010727,80267,cz2,cz1
r0010728,80281,cz2,cz1
r0010729,80294,cz2,cz1
r0010730,80308,cz2,cz1
r0010731,80321,cz2,cz1
r0010732,80335,cz2,cz1
r0010733,80348,cz2,cz1
r0010734,80361,cz2,cz1
r0010735,80375,cz2,cz1
r0010736,80388,cz2,cz1
r0010737,80402,cz2,cz1
r0010738,80415,cz2,cz1
r0010739,80429,cz2,cz2
r0010740,80442,cz2,cz2
r0010741,80455,cz2,cz2
r0010742,80469,cz2,cz2
r0010743,80482,cz2,cz2
r0010744,80496,cz2,cz2
r0010745,80509,cz2,cz2
r0010746,80523,cz2,cz2
r0010747,80536,cz2,cz2
r0010748,80550,cz2,cz2
r0010749,80563,cz2,cz2
r0010750,80576,cz2,cz2
r0010751,80590,cz2,cz2
r0010752,80603,cz2,cz2
r0010753,80617,cz2,cz2
r0010754,80630,cz2,cz2
r0010755,80644,cz2,cz3
r0010756,80657,cz2,cz3
r0010757,80670,cz2,cz3
r0010758,80684,cz2,cz3
r0010759,80697,cz2,cz3
r0010760,80711,cz2,cz3
r0010761,80724,cz2,cz3
r0010762,80738,cz2,cz3
r0010763,80751,cz2,cz3
r0010764,80764,cz2,cz3
r0010765,80778,cz2,cz3
r0010766,80791,cz2,cz3
r0010767,80805,cz2,cz3
r0010768,80818,cz2,cz3
r0010769,80832,cz2,cz3
r0010770,80845,cz2,cz3
r0010771,80858,cz2,cz4
r0010772,80872,cz2,cz4
r0010773,80885,cz2,cz4
r0010774,80899,cz2,cz4
r0010775,80912,cz2,cz4
r0010776,80926,cz2,cz4
r0010777,80939,cz2,cz4
r0010778,80952,cz2,cz4
r0010779,80966,cz2,cz4
r0010780,80979,cz2,cz4
r0010781,80993,cz2,cz4
r0010782,81006,cz2,cz4
r0010783,81020,cz3,cz1
r0010784,81033,cz3,cz1
r0010785,81047,cz3,cz1
r0010786,81060,cz3,cz1
r0010787,81073,cz3,cz1
r0010788,81087,cz3,cz1
r0010789,81100,cz3,cz1
r0010790,81114,cz3,cz1
r0010791,81127,cz3,cz1
r0010792,81141,cz3,cz1
r0010793,81154,cz3,cz1
r0010794,81167,cz3,cz1
r0010795,81181,cz3,cz1
r0010796,81194,cz3,cz1
r0010797,81208,cz3,cz1
r0010798,81221,cz3,cz1
r0010799,81235,cz3,cz1
r0010800,81248,cz3,cz1
r0010801,81261,cz3,cz1
r0010802,81275,cz3,cz1
r0010803,81288,cz3,cz1
r0010804,81302,cz3,cz1
r0010805,81315,cz3,cz2
r0010806,81329,cz3,cz2
r0010807,81342,cz3,cz2
r0010808,81355,cz3,cz2
r0010809,81369,cz3,cz2
r0010810,81382,cz3,cz2
r0010811,81396,cz3,cz2
r0010812,81409,cz3,cz2
r0010813,81423,cz3,cz2
r0010814,81436,cz3,cz2
r0010815,81450,cz3,cz2
r0010816,81463,cz3,cz2
r0010817,81476,cz3,cz2
r0010818,81490,cz3,cz2
r0010819,81503,cz3,cz2
r0010820,81517,cz3,cz2
r0010821,81530,cz3,cz3
r0010822,81544,cz3,cz3
r0010823,81557,cz3,cz3
r0010824,81570,cz3,cz3
r0010825,81584,cz3,cz3
r0010826,81597,cz3,cz3
r0010827,81611,cz3,cz3
r0010828,81624,cz3,cz3
r0010829,81638,cz3,cz3
r0010830,81651,cz3,cz3
r0010831,81664,cz3,cz3
r0010832,81678,cz3,cz3
r0010833,81691,cz3,cz3
r0010834,81705,cz3,cz3
r0010835,81718,cz3,cz3
r0010836,81732,cz3,cz3
r0010837,81745,cz3,cz3
r0010838,81758,cz3,cz3
r0010839,81772,cz3,cz3
r0010840,81785,cz3,cz3
r0010841,81799,cz3,cz3
r0010842,81812,cz3,cz3
r0010843,81826,cz3,cz3
r0010844,81839,cz3,cz3
r0010845,81852,cz3,cz4
r0010846,81866,cz3,cz4
r0010847,81879,cz3,cz4
r0010848,81893,cz3,cz4
r0010849,81906,cz3,cz4
r0010850,81920,cz3,cz4
r0010851,81933,cz3,cz4
r0010852,81947,cz3,cz4
r0010853,81960,cz3,cz4
r0010854,81973,cz3,cz4
r0010855,81987,cz3,cz4
r0010856,82000,cz3,cz4
r0010857,82014,cz3,cz4
r0010858,82027,cz3,cz4
r0010859,82041,cz3,cz4
r0010860,82054,cz3,cz4
r0010861,82067,cz4,cz1
r0010862,82081,cz4,cz1
r0010863,82094,cz4,cz1
r0010864,82108,cz4,cz1
r0010865,82121,cz4,cz1
r0010866,82135,cz4,cz1
r0010867,82148,cz4,cz1
r0010868,82161,cz4,cz1
r0010869,82175,cz4,cz1
r0010870,82188,cz4,cz1
r0010871,82202,cz4,cz1
r0010872,82215,cz4,cz1
r0010873,82229,cz4,cz1
r0010874,82242,cz4,cz1
r0010875,82255,cz4,cz1
r0010876,82269,cz4,cz1
r0010877,82282,cz4,cz2
r0010878,82296,cz4,cz2
r0010879,82309,cz4,cz2
r0010880,82323,cz4,cz2
r0010881,82336,cz4,cz2
r0010882,82350,cz4,cz2
r0010883,82363,cz4,cz2
r0010884,82376,cz4,cz2
r0010885,82390,cz4,cz2
r0010886,82403,cz4,cz2
r0010887,82417,cz4,cz2
r0010888,82430,cz4,cz2
r0010889,82444,cz4,cz3
r0010890,82457,cz4,cz3
r0010891,82470,cz4,cz3
r0010892,82484,cz4,cz3
r0010893,82497,cz4,cz3
r0010894,82511,cz4,cz3
r0010895,82524,cz4,cz3
r0010896,82538,cz4,cz3
r0010897,82551,cz4,cz3
r0010898,82564,cz4,cz3
r0010899,82578,cz4,cz3
r0010900,82591,cz4,cz3
r0010901,82605,cz4,cz3
r0010902,82618,cz4,cz3
r0010903,82632,cz4,cz3
r0010904,82645,cz4,cz3
r0010905,82658,cz4,cz4
r0010906,82672,cz4,cz4
r0010907,82685,cz4,cz4
r0010908,82699,cz4,cz4
r0010909,82712,cz4,cz4
r0010910,82726,cz4,cz4
r0010911,82739,cz4,cz4
r0010912,82752,cz4,cz4
r0010913,82766,cz4,cz4
r0010914,82779,cz4,cz4
r0010915,82793,cz4,cz4
r0010916,82811,cz1,cz1
r0010917,82834,cz1,cz1
r0010918,82858,cz1,cz1
r0010919,82881,cz1,cz1
r0010920,82904,cz1,cz1
r0010921,82927,cz1,cz1
r0010922,82950,cz1,cz1
r0010923,82974,cz1,cz1
r0010924,82997,cz1,cz1
r0010925,83020,cz1,cz1
r0010926,83043,cz1,cz1
r0010927,83067,cz1,cz1
r0010928,83090,cz1,cz2
r0010929,83113,cz1,cz2
r0010930,83136,cz1,cz2
r0010931,83160,cz1,cz2
r0010932,83183,cz1,cz2
r0010933,83206,cz1,cz2
r0010934,83229,cz1,cz2
r0010935,83252,cz1,cz2
r0010936,83276,cz1,cz2
r0010937,83299,cz1,cz2
r0010938,83322,cz1,cz3
r0010939,83345,cz1,cz3
r0010940,83369,cz1,cz3
r0010941,83392,cz1,cz3
r0010942,83415,cz1,cz3
r0010943,83438,cz1,cz3
r0010944,83461,cz1,cz3
r0010945,83485,cz1,cz3
r0010946,83508,cz1,cz3
r0010947,83531,cz1,cz3
r0010948,83554,cz1,cz3
r0010949,83578,cz1,cz3
r0010950,83601,cz1,cz3
r0010951,83624,cz1,cz4
r0010952,83647,cz1,cz4
r0010953,83670,cz1,cz4
r0010954,83694,cz1,cz4
r0010955,83717,cz1,cz4
r0010956,83740,cz1,cz4
r0010957,83763,cz1,cz4
r0010958,83787,cz1,cz4
r0010959,83810,cz1,cz4
r0010960,83833,cz2,cz1
r0010961,83856,cz2,cz1
r0010962,83880,cz2,cz1
r0010963,83903,cz2,cz1
r0010964,83926,cz2,cz1
r0010965,83949,cz2,cz1
r0010966,83972,cz2,cz1
r0010967,83996,cz2,cz1
r0010968,84019,cz2,cz1
r0010969,84042,cz2,cz1
r0010970,84065,cz2,cz2
r0010971,84089,cz2,cz2
r0010972,84112,cz2,cz2
r0010973,84135,cz2,cz2
r0010974,84158,cz2,cz2
r0010975,84181,cz2,cz2
r0010976,84205,cz2,cz2
r0010977,84228,cz2,cz2
r0010978,84251,cz2,cz2
r0010979,84274,cz2,cz3
r0010980,84298,cz2,cz3
r0010981,84321,cz2,cz3
r0010982,84344,cz2,cz3
r0010983,84367,cz2,cz3
r0010984,84390,cz2,cz3
r0010985,84414,cz2,cz3
r0010986,84437,cz2,cz3
r0010987,84460,cz2,cz3
r0010988,84483,cz2,cz4
r0010989,84507,cz2,cz4
r0010990,84530,cz2,cz4
r0010991,84553,cz2,cz4
r0010992,84576,cz2,cz4
r0010993,84600,cz2,cz4
r0010994,84623,cz2,cz4
r0010995,84646,cz3,cz1
r0010996,84669,cz3,cz1
r0010997,84692,cz3,cz1
r0010998,84716,cz3,cz1
r0010999,84739,cz3,cz1
r0011000,84762,cz3,cz1
r0011001,84785,cz3,cz1
r0011002,84809,cz3,cz1
r0011003,84832,cz3,cz1
r0011004,84855,cz3,cz1
r0011005,84878,cz3,cz1
r0011006,84901,cz3,cz1
r0011007,84925,cz3,cz1
r0011008,84948,cz3,cz2
r0011009,84971,cz3,cz2
r0011010,84994,cz3,cz2
r0011011,85018,cz3,cz2
r0011012,85041,cz3,cz2
r0011013,85064,cz3,cz2
r0011014,85087,cz3,cz2
r0011015,85110,cz3,cz2
r0011016,85134,cz3,cz2
r0011017,85157,cz3,cz3
r0011018,85180,cz3,cz3
r0011019,85203,cz3,cz3
r0011020,85227,cz3,cz3
r0011021,85250,cz3,cz3
r0011022,85273,cz3,cz3
r0011023,85296,cz3,cz3
r0011024,85320,cz3,cz3
r0011025,85343,cz3,cz3
r0011026,85366,cz3,cz3
r0011027,85389,cz3,cz3
r0011028,85412,cz3,cz3
r0011029,85436,cz3,cz3
r0011030,85459,cz3,cz3
r0011031,85482,cz3,cz4
r0011032,85505,cz3,cz4
r0011033,85529,cz3,cz4
r0011034,85552,cz3,cz4
r0011035,85575,cz3,cz4
r0011036,85598,cz3,cz4
r0011037,85621,cz3,cz4
r0011038,85645,cz3,cz4
r0011039,85668,cz3,cz4
r0011040,85691,cz4,cz1
r0011041,85714,cz4,cz1
r0011042,85738,cz4,cz1
r0011043,85761,cz4,cz1
r0011044,85784,cz4,cz1
r0011045,85807,cz4,cz1
r0011046,85830,cz4,cz1
r0011047,85854,cz4,cz1
r0011048,85877,cz4,cz1
r0011049,85900,cz4,cz2
r0011050,85923,cz4,cz2
r0011051,85947,cz4,cz2
r0011052,85970,cz4,cz2
r0011053,85993,cz4,cz2
r0011054,86016,cz4,cz2
r0011055,86040,cz4,cz2
r0011056,86063,cz4,cz3
r0011057,86086,cz4,cz3
r0011058,86109,cz4,cz3
r0011059,86132,cz4,cz3
r0011060,86156,cz4,cz3
r0011061,86179,cz4,cz3
r0011062,86202,cz4,cz3
r0011063,86225,cz4,cz3
r0011064,86249,cz4,cz3
r0011065,86272,cz4,cz4
r0011066,86295,cz4,cz4
r0011067,86318,cz4,cz4
r0011068,86341,cz4,cz4
r0011069,86365,cz4,cz4
r0011070,86388,cz4,cz4
